run_id,timestamp,backend,scenario,operation,duration_ms,status
7873ed48-006c-4d26-b707-9dd39554b1a2,2026-07-27T14:56:27.589177+00:00,IPFS,startup,initialize_store,0.33316700137220323,SUCCESS
7873ed48-006c-4d26-b707-9dd39554b1a2,2026-07-27T14:56:27.598960+00:00,IPFS,startup,generate_identity_cp,9.461042005568743,SUCCESS
7873ed48-006c-4d26-b707-9dd39554b1a2,2026-07-27T14:56:27.599209+00:00,IPFS,startup,generate_identity_sp,0.19433299894444644,SUCCESS
7873ed48-006c-4d26-b707-9dd39554b1a2,2026-07-27T14:56:27.599435+00:00,IPFS,startup,generate_identity_c1,0.18762500258162618,SUCCESS
7873ed48-006c-4d26-b707-9dd39554b1a2,2026-07-27T14:56:27.599657+00:00,IPFS,startup,generate_identity_s1,0.18600000475998968,SUCCESS
7873ed48-006c-4d26-b707-9dd39554b1a2,2026-07-27T14:56:27.648369+00:00,IPFS,ipfs,ipfs_key_gen,1.3818329898640513,SUCCESS
7873ed48-006c-4d26-b707-9dd39554b1a2,2026-07-27T14:56:27.685048+00:00,IPFS,ipfs,ipfs_add_json,31.35945799294859,SUCCESS
7873ed48-006c-4d26-b707-9dd39554b1a2,2026-07-27T14:56:31.840653+00:00,IPFS,ipfs,ipns_publish,4154.74825000274,SUCCESS
7873ed48-006c-4d26-b707-9dd39554b1a2,2026-07-27T14:56:31.842700+00:00,IPFS,publish,publish_identity_cp,4242.849916990963,SUCCESS
7873ed48-006c-4d26-b707-9dd39554b1a2,2026-07-27T14:56:31.891937+00:00,IPFS,ipfs,ipfs_key_gen,2.019666993874125,SUCCESS
7873ed48-006c-4d26-b707-9dd39554b1a2,2026-07-27T14:56:31.923369+00:00,IPFS,ipfs,ipfs_add_json,28.07174999907147,SUCCESS
7873ed48-006c-4d26-b707-9dd39554b1a2,2026-07-27T14:57:45.345555+00:00,IPFS,ipfs,ipns_publish,73418.784124995,SUCCESS
7873ed48-006c-4d26-b707-9dd39554b1a2,2026-07-27T14:57:45.348868+00:00,IPFS,publish,publish_identity_sp,73505.54637498863,SUCCESS
7873ed48-006c-4d26-b707-9dd39554b1a2,2026-07-27T14:57:45.452604+00:00,IPFS,ipfs,ipfs_key_gen,7.836707998649217,SUCCESS
7873ed48-006c-4d26-b707-9dd39554b1a2,2026-07-27T14:57:45.567078+00:00,IPFS,ipfs,ipfs_add_json,46.618041989859194,SUCCESS
7873ed48-006c-4d26-b707-9dd39554b1a2,2026-07-27T14:57:58.550260+00:00,IPFS,ipfs,ipns_publish,12981.404291000217,SUCCESS
7873ed48-006c-4d26-b707-9dd39554b1a2,2026-07-27T14:57:58.558365+00:00,IPFS,publish,publish_identity_c1,13209.024875002797,SUCCESS
7873ed48-006c-4d26-b707-9dd39554b1a2,2026-07-27T14:57:58.631366+00:00,IPFS,ipfs,ipfs_key_gen,1.394916995195672,SUCCESS
7873ed48-006c-4d26-b707-9dd39554b1a2,2026-07-27T14:57:58.650849+00:00,IPFS,ipfs,ipfs_add_json,18.09004199458286,SUCCESS
7873ed48-006c-4d26-b707-9dd39554b1a2,2026-07-27T14:58:54.946200+00:00,IPFS,ipfs,ipns_publish,56294.6423329995,SUCCESS
7873ed48-006c-4d26-b707-9dd39554b1a2,2026-07-27T14:58:54.947852+00:00,IPFS,publish,publish_identity_s1,56388.834792000125,SUCCESS
7873ed48-006c-4d26-b707-9dd39554b1a2,2026-07-27T14:58:54.993705+00:00,IPFS,ipfs,ipfs_key_gen,3.6585000052582473,SUCCESS
7873ed48-006c-4d26-b707-9dd39554b1a2,2026-07-27T14:58:55.015334+00:00,IPFS,ipfs,ipfs_add_json,20.445999994990416,SUCCESS
7873ed48-006c-4d26-b707-9dd39554b1a2,2026-07-27T14:59:48.788462+00:00,IPFS,ipfs,ipns_publish,53771.93412500492,SUCCESS
7873ed48-006c-4d26-b707-9dd39554b1a2,2026-07-27T14:59:48.792116+00:00,IPFS,publish,publish_service_metadata,53843.67258299608,SUCCESS
7873ed48-006c-4d26-b707-9dd39554b1a2,2026-07-27T14:59:48.868427+00:00,IPFS,ipfs,ipfs_key_gen,2.2880000033183023,SUCCESS
7873ed48-006c-4d26-b707-9dd39554b1a2,2026-07-27T14:59:48.892230+00:00,IPFS,ipfs,ipfs_add_json,19.95724999869708,SUCCESS
7873ed48-006c-4d26-b707-9dd39554b1a2,2026-07-27T15:00:40.496735+00:00,IPFS,ipfs,ipns_publish,51603.37183299998,SUCCESS
7873ed48-006c-4d26-b707-9dd39554b1a2,2026-07-27T15:00:40.498211+00:00,IPFS,publish,publish_provider_registry,51705.46229100728,SUCCESS
7873ed48-006c-4d26-b707-9dd39554b1a2,2026-07-27T15:00:40.501436+00:00,IPFS,ipfs,ipns_resolve,3.0337909993249923,SUCCESS
7873ed48-006c-4d26-b707-9dd39554b1a2,2026-07-27T15:00:40.503075+00:00,IPFS,ipfs,ipfs_cat_json,1.5487499913433567,SUCCESS
7873ed48-006c-4d26-b707-9dd39554b1a2,2026-07-27T15:00:40.514547+00:00,IPFS,ipfs,ipns_resolve,1.2905830080853775,SUCCESS
7873ed48-006c-4d26-b707-9dd39554b1a2,2026-07-27T15:00:40.515583+00:00,IPFS,ipfs,ipfs_cat_json,0.8924170106183738,SUCCESS
7873ed48-006c-4d26-b707-9dd39554b1a2,2026-07-27T15:00:40.517775+00:00,IPFS,ipfs,ipns_resolve,1.4227080100681633,SUCCESS
7873ed48-006c-4d26-b707-9dd39554b1a2,2026-07-27T15:00:40.518864+00:00,IPFS,ipfs,ipfs_cat_json,0.9513749973848462,SUCCESS
7873ed48-006c-4d26-b707-9dd39554b1a2,2026-07-27T15:00:40.520479+00:00,IPFS,discovery,broker_discovery,21.978084012516774,SUCCESS
7873ed48-006c-4d26-b707-9dd39554b1a2,2026-07-27T15:00:40.522463+00:00,IPFS,dap,dap_create_capability,1.2509579973993823,SUCCESS
7873ed48-006c-4d26-b707-9dd39554b1a2,2026-07-27T15:00:40.536658+00:00,IPFS,dap,dap_encrypt_enc_cap,13.675291003892198,SUCCESS
7873ed48-006c-4d26-b707-9dd39554b1a2,2026-07-27T15:00:40.537487+00:00,IPFS,idap,client_session_init,0.6063750042812899,SUCCESS
7873ed48-006c-4d26-b707-9dd39554b1a2,2026-07-27T15:00:40.537663+00:00,IPFS,idap,client_ephemeral_public_key,0.007541995728388429,SUCCESS
7873ed48-006c-4d26-b707-9dd39554b1a2,2026-07-27T15:00:40.538280+00:00,IPFS,idap,client_request_sign,0.5126249889144674,SUCCESS
7873ed48-006c-4d26-b707-9dd39554b1a2,2026-07-27T15:00:40.538393+00:00,IPFS,idap,canonical_request_payload,0.024042004952207208,SUCCESS
7873ed48-006c-4d26-b707-9dd39554b1a2,2026-07-27T15:00:40.540570+00:00,IPFS,ipfs,ipns_resolve,1.4288749953266233,SUCCESS
7873ed48-006c-4d26-b707-9dd39554b1a2,2026-07-27T15:00:40.541794+00:00,IPFS,ipfs,ipfs_cat_json,1.1183750029886141,SUCCESS
7873ed48-006c-4d26-b707-9dd39554b1a2,2026-07-27T15:00:40.543380+00:00,IPFS,ipfs,ipns_resolve,1.0414999997010455,SUCCESS
7873ed48-006c-4d26-b707-9dd39554b1a2,2026-07-27T15:00:40.544400+00:00,IPFS,ipfs,ipfs_cat_json,0.9212919976562262,SUCCESS
7873ed48-006c-4d26-b707-9dd39554b1a2,2026-07-27T15:00:40.546162+00:00,IPFS,ipfs,ipns_resolve,1.2213329900987446,SUCCESS
7873ed48-006c-4d26-b707-9dd39554b1a2,2026-07-27T15:00:40.547511+00:00,IPFS,ipfs,ipfs_cat_json,1.2323330010985956,SUCCESS
7873ed48-006c-4d26-b707-9dd39554b1a2,2026-07-27T15:00:40.549253+00:00,IPFS,ipfs,ipns_resolve,1.1779170017689466,SUCCESS
7873ed48-006c-4d26-b707-9dd39554b1a2,2026-07-27T15:00:40.550488+00:00,IPFS,ipfs,ipfs_cat_json,1.1249999952269718,SUCCESS
7873ed48-006c-4d26-b707-9dd39554b1a2,2026-07-27T15:00:40.553247+00:00,IPFS,idap,idap_authorize,14.751666007214226,SUCCESS
7873ed48-006c-4d26-b707-9dd39554b1a2,2026-07-27T15:00:40.555034+00:00,IPFS,ipfs,ipns_resolve,1.1767919932026416,SUCCESS
7873ed48-006c-4d26-b707-9dd39554b1a2,2026-07-27T15:00:40.556134+00:00,IPFS,ipfs,ipfs_cat_json,0.6451249937526882,SUCCESS
7873ed48-006c-4d26-b707-9dd39554b1a2,2026-07-27T15:00:40.557677+00:00,IPFS,ipfs,ipns_resolve,1.0236249945592135,SUCCESS
7873ed48-006c-4d26-b707-9dd39554b1a2,2026-07-27T15:00:40.568037+00:00,IPFS,ipfs,ipfs_cat_json,10.26566700602416,SUCCESS
7873ed48-006c-4d26-b707-9dd39554b1a2,2026-07-27T15:00:40.569590+00:00,IPFS,ipfs,ipns_resolve,1.0350419906899333,SUCCESS
7873ed48-006c-4d26-b707-9dd39554b1a2,2026-07-27T15:00:40.570489+00:00,IPFS,ipfs,ipfs_cat_json,0.8146670006681234,SUCCESS
7873ed48-006c-4d26-b707-9dd39554b1a2,2026-07-27T15:00:40.572458+00:00,IPFS,ipfs,ipns_resolve,1.4254999987315387,SUCCESS
7873ed48-006c-4d26-b707-9dd39554b1a2,2026-07-27T15:00:40.573265+00:00,IPFS,ipfs,ipfs_cat_json,0.7152909965952858,SUCCESS
7873ed48-006c-4d26-b707-9dd39554b1a2,2026-07-27T15:00:40.574980+00:00,IPFS,idap,idap_replay_check,21.63379199919291,SUCCESS
7873ed48-006c-4d26-b707-9dd39554b1a2,2026-07-27T15:00:40.576121+00:00,IPFS,ipfs,ipns_resolve,1.047083002049476,SUCCESS
7873ed48-006c-4d26-b707-9dd39554b1a2,2026-07-27T15:00:40.576973+00:00,IPFS,ipfs,ipfs_cat_json,0.7670419872738421,SUCCESS
7873ed48-006c-4d26-b707-9dd39554b1a2,2026-07-27T15:00:40.577470+00:00,IPFS,idap,resolve_service_public_key,2.4034999951254576,SUCCESS
7873ed48-006c-4d26-b707-9dd39554b1a2,2026-07-27T15:00:40.577567+00:00,IPFS,idap,compute_transcript,0.020000006770715117,SUCCESS
7873ed48-006c-4d26-b707-9dd39554b1a2,2026-07-27T15:00:40.578039+00:00,IPFS,idap,transcript_verify,0.39604199992027134,SUCCESS
7873ed48-006c-4d26-b707-9dd39554b1a2,2026-07-27T15:00:40.578400+00:00,IPFS,idap,client_shared_secret_derivation,0.2912920026574284,SUCCESS
7873ed48-006c-4d26-b707-9dd39554b1a2,2026-07-27T15:00:40.578577+00:00,IPFS,idap,client_session_key_derivation,0.040583996451459825,SUCCESS
7873ed48-006c-4d26-b707-9dd39554b1a2,2026-07-27T15:00:40.578711+00:00,IPFS,crypto,encrypt_message,0.022334003006108105,SUCCESS
7873ed48-006c-4d26-b707-9dd39554b1a2,2026-07-27T15:00:40.578790+00:00,IPFS,crypto,decrypt_message,0.00925001222640276,SUCCESS
7873ed48-006c-4d26-b707-9dd39554b1a2,2026-07-27T15:00:40.579253+00:00,IPFS,tampering,tampered_request_sign,0.36249999538995326,SUCCESS
7873ed48-006c-4d26-b707-9dd39554b1a2,2026-07-27T15:00:40.580796+00:00,IPFS,ipfs,ipns_resolve,0.9666249970905483,SUCCESS
7873ed48-006c-4d26-b707-9dd39554b1a2,2026-07-27T15:00:40.581982+00:00,IPFS,ipfs,ipfs_cat_json,1.0990839946316555,SUCCESS
7873ed48-006c-4d26-b707-9dd39554b1a2,2026-07-27T15:00:40.583483+00:00,IPFS,ipfs,ipns_resolve,0.9848329937085509,SUCCESS
7873ed48-006c-4d26-b707-9dd39554b1a2,2026-07-27T15:00:40.585285+00:00,IPFS,ipfs,ipfs_cat_json,1.6997499915305525,SUCCESS
7873ed48-006c-4d26-b707-9dd39554b1a2,2026-07-27T15:00:40.587067+00:00,IPFS,ipfs,ipns_resolve,1.2500000011641532,SUCCESS
7873ed48-006c-4d26-b707-9dd39554b1a2,2026-07-27T15:00:40.587790+00:00,IPFS,ipfs,ipfs_cat_json,0.6299579981714487,SUCCESS
7873ed48-006c-4d26-b707-9dd39554b1a2,2026-07-27T15:00:40.589321+00:00,IPFS,ipfs,ipns_resolve,1.0117920028278604,SUCCESS
7873ed48-006c-4d26-b707-9dd39554b1a2,2026-07-27T15:00:40.590013+00:00,IPFS,ipfs,ipfs_cat_json,0.5945409939158708,SUCCESS
7873ed48-006c-4d26-b707-9dd39554b1a2,2026-07-27T15:00:40.591831+00:00,IPFS,tampering,tampering_check,12.491292000049725,SUCCESS
7873ed48-006c-4d26-b707-9dd39554b1a2,2026-07-27T15:00:40.591915+00:00,IPFS,summary,total_flow,253002.48429199564,SUCCESS
2f64b62a-7226-409b-91d2-c1eecc948c30,2026-07-27T15:00:40.889102+00:00,IPFS,startup,initialize_store,0.09520900493953377,SUCCESS
2f64b62a-7226-409b-91d2-c1eecc948c30,2026-07-27T15:00:40.896635+00:00,IPFS,startup,generate_identity_cp,7.1924579970072955,SUCCESS
2f64b62a-7226-409b-91d2-c1eecc948c30,2026-07-27T15:00:40.896886+00:00,IPFS,startup,generate_identity_sp,0.18170899420510978,SUCCESS
2f64b62a-7226-409b-91d2-c1eecc948c30,2026-07-27T15:00:40.897106+00:00,IPFS,startup,generate_identity_c1,0.17254200065508485,SUCCESS
2f64b62a-7226-409b-91d2-c1eecc948c30,2026-07-27T15:00:40.897322+00:00,IPFS,startup,generate_identity_s1,0.1687500043772161,SUCCESS
2f64b62a-7226-409b-91d2-c1eecc948c30,2026-07-27T15:00:40.949158+00:00,IPFS,ipfs,ipfs_key_gen,0.9689589933259413,SUCCESS
2f64b62a-7226-409b-91d2-c1eecc948c30,2026-07-27T15:00:40.982022+00:00,IPFS,ipfs,ipfs_add_json,32.0847500115633,SUCCESS
2f64b62a-7226-409b-91d2-c1eecc948c30,2026-07-27T15:01:34.355001+00:00,IPFS,ipfs,ipns_publish,53371.678541006986,SUCCESS
2f64b62a-7226-409b-91d2-c1eecc948c30,2026-07-27T15:01:34.357309+00:00,IPFS,publish,publish_identity_cp,53459.73795799364,SUCCESS
2f64b62a-7226-409b-91d2-c1eecc948c30,2026-07-27T15:01:34.412623+00:00,IPFS,ipfs,ipfs_key_gen,1.178500009700656,SUCCESS
2f64b62a-7226-409b-91d2-c1eecc948c30,2026-07-27T15:01:34.438661+00:00,IPFS,ipfs,ipfs_add_json,24.83862500230316,SUCCESS
2f64b62a-7226-409b-91d2-c1eecc948c30,2026-07-27T15:02:00.559888+00:00,IPFS,ipfs,ipns_publish,26118.666958005633,SUCCESS
2f64b62a-7226-409b-91d2-c1eecc948c30,2026-07-27T15:02:00.562575+00:00,IPFS,publish,publish_identity_sp,26204.965334007284,SUCCESS
2f64b62a-7226-409b-91d2-c1eecc948c30,2026-07-27T15:02:00.615632+00:00,IPFS,ipfs,ipfs_key_gen,1.4114169898675755,SUCCESS
2f64b62a-7226-409b-91d2-c1eecc948c30,2026-07-27T15:02:00.658704+00:00,IPFS,ipfs,ipfs_add_json,32.6620840060059,SUCCESS
2f64b62a-7226-409b-91d2-c1eecc948c30,2026-07-27T15:02:19.694225+00:00,IPFS,ipfs,ipns_publish,19034.233875005157,SUCCESS
2f64b62a-7226-409b-91d2-c1eecc948c30,2026-07-27T15:02:19.698048+00:00,IPFS,publish,publish_identity_c1,19135.12304100732,SUCCESS
2f64b62a-7226-409b-91d2-c1eecc948c30,2026-07-27T15:02:19.754576+00:00,IPFS,ipfs,ipfs_key_gen,1.6426669899374247,SUCCESS
2f64b62a-7226-409b-91d2-c1eecc948c30,2026-07-27T15:02:19.775765+00:00,IPFS,ipfs,ipfs_add_json,18.263374993694015,SUCCESS
2f64b62a-7226-409b-91d2-c1eecc948c30,2026-07-27T15:02:26.017376+00:00,IPFS,ipfs,ipns_publish,6240.565999993123,SUCCESS
2f64b62a-7226-409b-91d2-c1eecc948c30,2026-07-27T15:02:26.019905+00:00,IPFS,publish,publish_identity_s1,6321.4863749890355,SUCCESS
2f64b62a-7226-409b-91d2-c1eecc948c30,2026-07-27T15:02:26.064533+00:00,IPFS,ipfs,ipfs_key_gen,1.0163749975617975,SUCCESS
2f64b62a-7226-409b-91d2-c1eecc948c30,2026-07-27T15:02:26.083331+00:00,IPFS,ipfs,ipfs_add_json,17.414957997971214,SUCCESS
2f64b62a-7226-409b-91d2-c1eecc948c30,2026-07-27T15:02:45.908640+00:00,IPFS,ipfs,ipns_publish,19824.423459009267,SUCCESS
2f64b62a-7226-409b-91d2-c1eecc948c30,2026-07-27T15:02:45.912514+00:00,IPFS,publish,publish_service_metadata,19891.736833000323,SUCCESS
2f64b62a-7226-409b-91d2-c1eecc948c30,2026-07-27T15:02:45.957052+00:00,IPFS,ipfs,ipfs_key_gen,1.126167000620626,SUCCESS
2f64b62a-7226-409b-91d2-c1eecc948c30,2026-07-27T15:02:45.980653+00:00,IPFS,ipfs,ipfs_add_json,22.523667008499615,SUCCESS
2f64b62a-7226-409b-91d2-c1eecc948c30,2026-07-27T15:03:38.320142+00:00,IPFS,ipfs,ipns_publish,52336.257957998896,SUCCESS
2f64b62a-7226-409b-91d2-c1eecc948c30,2026-07-27T15:03:38.330478+00:00,IPFS,publish,publish_provider_registry,52417.16008300136,SUCCESS
2f64b62a-7226-409b-91d2-c1eecc948c30,2026-07-27T15:03:38.342422+00:00,IPFS,ipfs,ipns_resolve,11.00020800367929,SUCCESS
2f64b62a-7226-409b-91d2-c1eecc948c30,2026-07-27T15:03:38.346210+00:00,IPFS,ipfs,ipfs_cat_json,3.293209010735154,SUCCESS
2f64b62a-7226-409b-91d2-c1eecc948c30,2026-07-27T15:03:38.357360+00:00,IPFS,ipfs,ipns_resolve,1.5697920025559142,SUCCESS
2f64b62a-7226-409b-91d2-c1eecc948c30,2026-07-27T15:03:38.358466+00:00,IPFS,ipfs,ipfs_cat_json,0.9111249964917079,SUCCESS
2f64b62a-7226-409b-91d2-c1eecc948c30,2026-07-27T15:03:38.360202+00:00,IPFS,ipfs,ipns_resolve,1.057834000675939,SUCCESS
2f64b62a-7226-409b-91d2-c1eecc948c30,2026-07-27T15:03:38.361416+00:00,IPFS,ipfs,ipfs_cat_json,1.050957987899892,SUCCESS
2f64b62a-7226-409b-91d2-c1eecc948c30,2026-07-27T15:03:38.362474+00:00,IPFS,discovery,broker_discovery,31.45337499154266,SUCCESS
2f64b62a-7226-409b-91d2-c1eecc948c30,2026-07-27T15:03:38.363314+00:00,IPFS,dap,dap_create_capability,0.7381670002359897,SUCCESS
2f64b62a-7226-409b-91d2-c1eecc948c30,2026-07-27T15:03:38.379306+00:00,IPFS,dap,dap_encrypt_enc_cap,15.626249994966201,SUCCESS
2f64b62a-7226-409b-91d2-c1eecc948c30,2026-07-27T15:03:38.379697+00:00,IPFS,idap,client_session_init,0.18554199778009206,SUCCESS
2f64b62a-7226-409b-91d2-c1eecc948c30,2026-07-27T15:03:38.379815+00:00,IPFS,idap,client_ephemeral_public_key,0.0212500017369166,SUCCESS
2f64b62a-7226-409b-91d2-c1eecc948c30,2026-07-27T15:03:38.380323+00:00,IPFS,idap,client_request_sign,0.27954200049862266,SUCCESS
2f64b62a-7226-409b-91d2-c1eecc948c30,2026-07-27T15:03:38.380397+00:00,IPFS,idap,canonical_request_payload,0.013875003787688911,SUCCESS
2f64b62a-7226-409b-91d2-c1eecc948c30,2026-07-27T15:03:38.382210+00:00,IPFS,ipfs,ipns_resolve,1.3419589959084988,SUCCESS
2f64b62a-7226-409b-91d2-c1eecc948c30,2026-07-27T15:03:38.383345+00:00,IPFS,ipfs,ipfs_cat_json,0.9881659934762865,SUCCESS
2f64b62a-7226-409b-91d2-c1eecc948c30,2026-07-27T15:03:38.384513+00:00,IPFS,ipfs,ipns_resolve,0.7716670079389587,SUCCESS
2f64b62a-7226-409b-91d2-c1eecc948c30,2026-07-27T15:03:38.385563+00:00,IPFS,ipfs,ipfs_cat_json,0.9680840012151748,SUCCESS
2f64b62a-7226-409b-91d2-c1eecc948c30,2026-07-27T15:03:38.386700+00:00,IPFS,ipfs,ipns_resolve,0.7223749998956919,SUCCESS
2f64b62a-7226-409b-91d2-c1eecc948c30,2026-07-27T15:03:38.387564+00:00,IPFS,ipfs,ipfs_cat_json,0.770041995565407,SUCCESS
2f64b62a-7226-409b-91d2-c1eecc948c30,2026-07-27T15:03:38.388634+00:00,IPFS,ipfs,ipns_resolve,0.7057080074446276,SUCCESS
2f64b62a-7226-409b-91d2-c1eecc948c30,2026-07-27T15:03:38.389425+00:00,IPFS,ipfs,ipfs_cat_json,0.6980830075917765,SUCCESS
2f64b62a-7226-409b-91d2-c1eecc948c30,2026-07-27T15:03:38.391043+00:00,IPFS,idap,idap_authorize,10.573749998002313,SUCCESS
2f64b62a-7226-409b-91d2-c1eecc948c30,2026-07-27T15:03:38.392209+00:00,IPFS,ipfs,ipns_resolve,0.7557500066468492,SUCCESS
2f64b62a-7226-409b-91d2-c1eecc948c30,2026-07-27T15:03:38.392744+00:00,IPFS,ipfs,ipfs_cat_json,0.4775409906869754,SUCCESS
2f64b62a-7226-409b-91d2-c1eecc948c30,2026-07-27T15:03:38.393793+00:00,IPFS,ipfs,ipns_resolve,0.7362909964285791,SUCCESS
2f64b62a-7226-409b-91d2-c1eecc948c30,2026-07-27T15:03:38.394242+00:00,IPFS,ipfs,ipfs_cat_json,0.398666990804486,SUCCESS
2f64b62a-7226-409b-91d2-c1eecc948c30,2026-07-27T15:03:38.395145+00:00,IPFS,ipfs,ipns_resolve,0.6021669978508726,SUCCESS
2f64b62a-7226-409b-91d2-c1eecc948c30,2026-07-27T15:03:38.395643+00:00,IPFS,ipfs,ipfs_cat_json,0.4425410006660968,SUCCESS
2f64b62a-7226-409b-91d2-c1eecc948c30,2026-07-27T15:03:38.396673+00:00,IPFS,ipfs,ipns_resolve,0.7272500079125166,SUCCESS
2f64b62a-7226-409b-91d2-c1eecc948c30,2026-07-27T15:03:38.397160+00:00,IPFS,ipfs,ipfs_cat_json,0.437082999269478,SUCCESS
2f64b62a-7226-409b-91d2-c1eecc948c30,2026-07-27T15:03:38.398145+00:00,IPFS,idap,idap_replay_check,7.001332996878773,SUCCESS
2f64b62a-7226-409b-91d2-c1eecc948c30,2026-07-27T15:03:38.398945+00:00,IPFS,ipfs,ipns_resolve,0.7438749889843166,SUCCESS
2f64b62a-7226-409b-91d2-c1eecc948c30,2026-07-27T15:03:38.399393+00:00,IPFS,ipfs,ipfs_cat_json,0.39887499588076025,SUCCESS
2f64b62a-7226-409b-91d2-c1eecc948c30,2026-07-27T15:03:38.399678+00:00,IPFS,idap,resolve_service_public_key,1.4838339993730187,SUCCESS
2f64b62a-7226-409b-91d2-c1eecc948c30,2026-07-27T15:03:38.399737+00:00,IPFS,idap,compute_transcript,0.012916003470309079,SUCCESS
2f64b62a-7226-409b-91d2-c1eecc948c30,2026-07-27T15:03:38.399991+00:00,IPFS,idap,transcript_verify,0.21504200412891805,SUCCESS
2f64b62a-7226-409b-91d2-c1eecc948c30,2026-07-27T15:03:38.400199+00:00,IPFS,idap,client_shared_secret_derivation,0.1687079929979518,SUCCESS
2f64b62a-7226-409b-91d2-c1eecc948c30,2026-07-27T15:03:38.400259+00:00,IPFS,idap,client_session_key_derivation,0.02400000812485814,SUCCESS
2f64b62a-7226-409b-91d2-c1eecc948c30,2026-07-27T15:03:38.400334+00:00,IPFS,crypto,encrypt_message,0.02445800055284053,SUCCESS
2f64b62a-7226-409b-91d2-c1eecc948c30,2026-07-27T15:03:38.400376+00:00,IPFS,crypto,decrypt_message,0.0057910074247047305,SUCCESS
2f64b62a-7226-409b-91d2-c1eecc948c30,2026-07-27T15:03:38.400637+00:00,IPFS,tampering,tampered_request_sign,0.20179100101813674,SUCCESS
2f64b62a-7226-409b-91d2-c1eecc948c30,2026-07-27T15:03:38.401787+00:00,IPFS,ipfs,ipns_resolve,0.824916991405189,SUCCESS
2f64b62a-7226-409b-91d2-c1eecc948c30,2026-07-27T15:03:38.402302+00:00,IPFS,ipfs,ipfs_cat_json,0.4632089985534549,SUCCESS
2f64b62a-7226-409b-91d2-c1eecc948c30,2026-07-27T15:03:38.403340+00:00,IPFS,ipfs,ipns_resolve,0.7514579920098186,SUCCESS
2f64b62a-7226-409b-91d2-c1eecc948c30,2026-07-27T15:03:38.403842+00:00,IPFS,ipfs,ipfs_cat_json,0.456958994618617,SUCCESS
2f64b62a-7226-409b-91d2-c1eecc948c30,2026-07-27T15:03:38.404841+00:00,IPFS,ipfs,ipns_resolve,0.7197080121841282,SUCCESS
2f64b62a-7226-409b-91d2-c1eecc948c30,2026-07-27T15:03:38.405320+00:00,IPFS,ipfs,ipfs_cat_json,0.4345420020399615,SUCCESS
2f64b62a-7226-409b-91d2-c1eecc948c30,2026-07-27T15:03:38.406322+00:00,IPFS,ipfs,ipns_resolve,0.7186250004451722,SUCCESS
2f64b62a-7226-409b-91d2-c1eecc948c30,2026-07-27T15:03:38.406798+00:00,IPFS,ipfs,ipfs_cat_json,0.41941599920392036,SUCCESS
2f64b62a-7226-409b-91d2-c1eecc948c30,2026-07-27T15:03:38.407726+00:00,IPFS,tampering,tampering_check,7.042625002213754,SUCCESS
2f64b62a-7226-409b-91d2-c1eecc948c30,2026-07-27T15:03:38.407775+00:00,IPFS,summary,total_flow,177518.34291699925,SUCCESS
92752e07-d675-413b-aa74-e88dbd5346e6,2026-07-27T15:03:38.662239+00:00,IPFS,startup,initialize_store,0.10095899051520973,SUCCESS
92752e07-d675-413b-aa74-e88dbd5346e6,2026-07-27T15:03:38.668403+00:00,IPFS,startup,generate_identity_cp,5.799083999590948,SUCCESS
92752e07-d675-413b-aa74-e88dbd5346e6,2026-07-27T15:03:38.668652+00:00,IPFS,startup,generate_identity_sp,0.19249999604653567,SUCCESS
92752e07-d675-413b-aa74-e88dbd5346e6,2026-07-27T15:03:38.668876+00:00,IPFS,startup,generate_identity_c1,0.18224999075755477,SUCCESS
92752e07-d675-413b-aa74-e88dbd5346e6,2026-07-27T15:03:38.669118+00:00,IPFS,startup,generate_identity_s1,0.17683400074020028,SUCCESS
92752e07-d675-413b-aa74-e88dbd5346e6,2026-07-27T15:03:38.708929+00:00,IPFS,ipfs,ipfs_key_gen,0.9116250002989545,SUCCESS
92752e07-d675-413b-aa74-e88dbd5346e6,2026-07-27T15:03:38.734151+00:00,IPFS,ipfs,ipfs_add_json,24.363750009797513,SUCCESS
92752e07-d675-413b-aa74-e88dbd5346e6,2026-07-27T15:03:45.114063+00:00,IPFS,ipfs,ipns_publish,6377.644375010277,SUCCESS
92752e07-d675-413b-aa74-e88dbd5346e6,2026-07-27T15:03:45.118256+00:00,IPFS,publish,publish_identity_cp,6448.8270840083715,SUCCESS
92752e07-d675-413b-aa74-e88dbd5346e6,2026-07-27T15:03:45.171583+00:00,IPFS,ipfs,ipfs_key_gen,1.3832499971613288,SUCCESS
92752e07-d675-413b-aa74-e88dbd5346e6,2026-07-27T15:03:45.198645+00:00,IPFS,ipfs,ipfs_add_json,25.662874992121942,SUCCESS
92752e07-d675-413b-aa74-e88dbd5346e6,2026-07-27T15:04:47.899603+00:00,IPFS,ipfs,ipns_publish,62698.177750004106,SUCCESS
92752e07-d675-413b-aa74-e88dbd5346e6,2026-07-27T15:04:47.903413+00:00,IPFS,publish,publish_identity_sp,62784.18779099593,SUCCESS
92752e07-d675-413b-aa74-e88dbd5346e6,2026-07-27T15:04:47.960343+00:00,IPFS,ipfs,ipfs_key_gen,2.080333011690527,SUCCESS
92752e07-d675-413b-aa74-e88dbd5346e6,2026-07-27T15:04:48.002708+00:00,IPFS,ipfs,ipfs_add_json,32.1170829993207,SUCCESS
92752e07-d675-413b-aa74-e88dbd5346e6,2026-07-27T15:05:14.533169+00:00,IPFS,ipfs,ipns_publish,26529.12983299757,SUCCESS
92752e07-d675-413b-aa74-e88dbd5346e6,2026-07-27T15:05:14.535723+00:00,IPFS,publish,publish_identity_c1,26631.945833010832,SUCCESS
92752e07-d675-413b-aa74-e88dbd5346e6,2026-07-27T15:05:14.595300+00:00,IPFS,ipfs,ipfs_key_gen,2.34695800463669,SUCCESS
92752e07-d675-413b-aa74-e88dbd5346e6,2026-07-27T15:05:14.642768+00:00,IPFS,ipfs,ipfs_add_json,37.71108400542289,SUCCESS
92752e07-d675-413b-aa74-e88dbd5346e6,2026-07-27T15:05:21.265876+00:00,IPFS,ipfs,ipns_publish,6622.363500006031,SUCCESS
92752e07-d675-413b-aa74-e88dbd5346e6,2026-07-27T15:05:21.267074+00:00,IPFS,publish,publish_identity_s1,6731.064082996454,SUCCESS
92752e07-d675-413b-aa74-e88dbd5346e6,2026-07-27T15:05:21.306676+00:00,IPFS,ipfs,ipfs_key_gen,1.2553330016089603,SUCCESS
92752e07-d675-413b-aa74-e88dbd5346e6,2026-07-27T15:05:21.334520+00:00,IPFS,ipfs,ipfs_add_json,25.83516600134317,SUCCESS
92752e07-d675-413b-aa74-e88dbd5346e6,2026-07-27T15:06:06.318812+00:00,IPFS,ipfs,ipns_publish,44980.630124991876,SUCCESS
92752e07-d675-413b-aa74-e88dbd5346e6,2026-07-27T15:06:06.323142+00:00,IPFS,publish,publish_service_metadata,45055.73533300776,SUCCESS
92752e07-d675-413b-aa74-e88dbd5346e6,2026-07-27T15:06:06.379596+00:00,IPFS,ipfs,ipfs_key_gen,1.2305419950280339,SUCCESS
92752e07-d675-413b-aa74-e88dbd5346e6,2026-07-27T15:06:06.424401+00:00,IPFS,ipfs,ipfs_add_json,35.14912498940248,SUCCESS
92752e07-d675-413b-aa74-e88dbd5346e6,2026-07-27T15:06:29.151446+00:00,IPFS,ipfs,ipns_publish,22725.84683400055,SUCCESS
92752e07-d675-413b-aa74-e88dbd5346e6,2026-07-27T15:06:29.155271+00:00,IPFS,publish,publish_provider_registry,22831.6945409897,SUCCESS
92752e07-d675-413b-aa74-e88dbd5346e6,2026-07-27T15:06:29.161101+00:00,IPFS,ipfs,ipns_resolve,5.204625005717389,SUCCESS
92752e07-d675-413b-aa74-e88dbd5346e6,2026-07-27T15:06:29.164520+00:00,IPFS,ipfs,ipfs_cat_json,2.913042000727728,SUCCESS
92752e07-d675-413b-aa74-e88dbd5346e6,2026-07-27T15:06:29.174370+00:00,IPFS,ipfs,ipns_resolve,2.882000000681728,SUCCESS
92752e07-d675-413b-aa74-e88dbd5346e6,2026-07-27T15:06:29.176370+00:00,IPFS,ipfs,ipfs_cat_json,1.716375001706183,SUCCESS
92752e07-d675-413b-aa74-e88dbd5346e6,2026-07-27T15:06:29.179493+00:00,IPFS,ipfs,ipns_resolve,1.983541005756706,SUCCESS
92752e07-d675-413b-aa74-e88dbd5346e6,2026-07-27T15:06:29.180981+00:00,IPFS,ipfs,ipfs_cat_json,1.2343340058578178,SUCCESS
92752e07-d675-413b-aa74-e88dbd5346e6,2026-07-27T15:06:29.182393+00:00,IPFS,discovery,broker_discovery,26.772540993988514,SUCCESS
92752e07-d675-413b-aa74-e88dbd5346e6,2026-07-27T15:06:29.183634+00:00,IPFS,dap,dap_create_capability,1.0875840089283884,SUCCESS
92752e07-d675-413b-aa74-e88dbd5346e6,2026-07-27T15:06:29.196499+00:00,IPFS,dap,dap_encrypt_enc_cap,12.555040986626409,SUCCESS
92752e07-d675-413b-aa74-e88dbd5346e6,2026-07-27T15:06:29.197046+00:00,IPFS,idap,client_session_init,0.2537499967729673,SUCCESS
92752e07-d675-413b-aa74-e88dbd5346e6,2026-07-27T15:06:29.197170+00:00,IPFS,idap,client_ephemeral_public_key,0.007875001756474376,SUCCESS
92752e07-d675-413b-aa74-e88dbd5346e6,2026-07-27T15:06:29.197654+00:00,IPFS,idap,client_request_sign,0.39366701093968004,SUCCESS
92752e07-d675-413b-aa74-e88dbd5346e6,2026-07-27T15:06:29.197753+00:00,IPFS,idap,canonical_request_payload,0.020208011846989393,SUCCESS
92752e07-d675-413b-aa74-e88dbd5346e6,2026-07-27T15:06:29.200240+00:00,IPFS,ipfs,ipns_resolve,1.776916004018858,SUCCESS
92752e07-d675-413b-aa74-e88dbd5346e6,2026-07-27T15:06:29.201396+00:00,IPFS,ipfs,ipfs_cat_json,1.0433330025989562,SUCCESS
92752e07-d675-413b-aa74-e88dbd5346e6,2026-07-27T15:06:29.203350+00:00,IPFS,ipfs,ipns_resolve,1.346125005511567,SUCCESS
92752e07-d675-413b-aa74-e88dbd5346e6,2026-07-27T15:06:29.204223+00:00,IPFS,ipfs,ipfs_cat_json,0.7622910052305087,SUCCESS
92752e07-d675-413b-aa74-e88dbd5346e6,2026-07-27T15:06:29.205914+00:00,IPFS,ipfs,ipns_resolve,1.1864999978570268,SUCCESS
92752e07-d675-413b-aa74-e88dbd5346e6,2026-07-27T15:06:29.207045+00:00,IPFS,ipfs,ipfs_cat_json,0.9996669978136197,SUCCESS
92752e07-d675-413b-aa74-e88dbd5346e6,2026-07-27T15:06:29.209484+00:00,IPFS,ipfs,ipns_resolve,1.668750002863817,SUCCESS
92752e07-d675-413b-aa74-e88dbd5346e6,2026-07-27T15:06:29.211495+00:00,IPFS,ipfs,ipfs_cat_json,1.7204580071847886,SUCCESS
92752e07-d675-413b-aa74-e88dbd5346e6,2026-07-27T15:06:29.214139+00:00,IPFS,idap,idap_authorize,16.257499999483116,SUCCESS
92752e07-d675-413b-aa74-e88dbd5346e6,2026-07-27T15:06:29.216330+00:00,IPFS,ipfs,ipns_resolve,1.5772499900776893,SUCCESS
92752e07-d675-413b-aa74-e88dbd5346e6,2026-07-27T15:06:29.217509+00:00,IPFS,ipfs,ipfs_cat_json,1.0289999918313697,SUCCESS
92752e07-d675-413b-aa74-e88dbd5346e6,2026-07-27T15:06:29.221097+00:00,IPFS,ipfs,ipns_resolve,2.1020419953856617,SUCCESS
92752e07-d675-413b-aa74-e88dbd5346e6,2026-07-27T15:06:29.222395+00:00,IPFS,ipfs,ipfs_cat_json,1.1512910132296383,SUCCESS
92752e07-d675-413b-aa74-e88dbd5346e6,2026-07-27T15:06:29.224162+00:00,IPFS,ipfs,ipns_resolve,1.1659589945338666,SUCCESS
92752e07-d675-413b-aa74-e88dbd5346e6,2026-07-27T15:06:29.225040+00:00,IPFS,ipfs,ipfs_cat_json,0.7769170042593032,SUCCESS
92752e07-d675-413b-aa74-e88dbd5346e6,2026-07-27T15:06:29.226577+00:00,IPFS,ipfs,ipns_resolve,1.0723750019678846,SUCCESS
92752e07-d675-413b-aa74-e88dbd5346e6,2026-07-27T15:06:29.227209+00:00,IPFS,ipfs,ipfs_cat_json,0.52375000086613,SUCCESS
92752e07-d675-413b-aa74-e88dbd5346e6,2026-07-27T15:06:29.228380+00:00,IPFS,idap,idap_replay_check,14.098334009759128,SUCCESS
92752e07-d675-413b-aa74-e88dbd5346e6,2026-07-27T15:06:29.229239+00:00,IPFS,ipfs,ipns_resolve,0.7934579916764051,SUCCESS
92752e07-d675-413b-aa74-e88dbd5346e6,2026-07-27T15:06:29.229752+00:00,IPFS,ipfs,ipfs_cat_json,0.4588750016409904,SUCCESS
92752e07-d675-413b-aa74-e88dbd5346e6,2026-07-27T15:06:29.230088+00:00,IPFS,idap,resolve_service_public_key,1.6473750001750886,SUCCESS
92752e07-d675-413b-aa74-e88dbd5346e6,2026-07-27T15:06:29.230151+00:00,IPFS,idap,compute_transcript,0.013084005331620574,SUCCESS
92752e07-d675-413b-aa74-e88dbd5346e6,2026-07-27T15:06:29.230454+00:00,IPFS,idap,transcript_verify,0.2562500012572855,SUCCESS
92752e07-d675-413b-aa74-e88dbd5346e6,2026-07-27T15:06:29.230709+00:00,IPFS,idap,client_shared_secret_derivation,0.20562499412335455,SUCCESS
92752e07-d675-413b-aa74-e88dbd5346e6,2026-07-27T15:06:29.230779+00:00,IPFS,idap,client_session_key_derivation,0.025667002773843706,SUCCESS
92752e07-d675-413b-aa74-e88dbd5346e6,2026-07-27T15:06:29.230868+00:00,IPFS,crypto,encrypt_message,0.02937500539701432,SUCCESS
92752e07-d675-413b-aa74-e88dbd5346e6,2026-07-27T15:06:29.230920+00:00,IPFS,crypto,decrypt_message,0.006833986844867468,SUCCESS
92752e07-d675-413b-aa74-e88dbd5346e6,2026-07-27T15:06:29.231227+00:00,IPFS,tampering,tampered_request_sign,0.24183301138691604,SUCCESS
92752e07-d675-413b-aa74-e88dbd5346e6,2026-07-27T15:06:29.232421+00:00,IPFS,ipfs,ipns_resolve,0.757791000069119,SUCCESS
92752e07-d675-413b-aa74-e88dbd5346e6,2026-07-27T15:06:29.232904+00:00,IPFS,ipfs,ipfs_cat_json,0.41620898991823196,SUCCESS
92752e07-d675-413b-aa74-e88dbd5346e6,2026-07-27T15:06:29.234137+00:00,IPFS,ipfs,ipns_resolve,0.8898750093067065,SUCCESS
92752e07-d675-413b-aa74-e88dbd5346e6,2026-07-27T15:06:29.234708+00:00,IPFS,ipfs,ipfs_cat_json,0.49987500824499875,SUCCESS
92752e07-d675-413b-aa74-e88dbd5346e6,2026-07-27T15:06:29.235845+00:00,IPFS,ipfs,ipns_resolve,0.7645000005140901,SUCCESS
92752e07-d675-413b-aa74-e88dbd5346e6,2026-07-27T15:06:29.236405+00:00,IPFS,ipfs,ipfs_cat_json,0.4732079978566617,SUCCESS
92752e07-d675-413b-aa74-e88dbd5346e6,2026-07-27T15:06:29.237543+00:00,IPFS,ipfs,ipns_resolve,0.7844579959055409,SUCCESS
92752e07-d675-413b-aa74-e88dbd5346e6,2026-07-27T15:06:29.238132+00:00,IPFS,ipfs,ipfs_cat_json,0.5234159907558933,SUCCESS
92752e07-d675-413b-aa74-e88dbd5346e6,2026-07-27T15:06:29.239165+00:00,IPFS,tampering,tampering_check,7.831791997887194,SUCCESS
92752e07-d675-413b-aa74-e88dbd5346e6,2026-07-27T15:06:29.239216+00:00,IPFS,summary,total_flow,170576.65849999466,SUCCESS
f2de19f9-44b3-44cd-af27-587b94bb2fe8,2026-07-27T15:06:29.462029+00:00,IPFS,startup,initialize_store,0.10379200102761388,SUCCESS
f2de19f9-44b3-44cd-af27-587b94bb2fe8,2026-07-27T15:06:29.467673+00:00,IPFS,startup,generate_identity_cp,5.282958009047434,SUCCESS
f2de19f9-44b3-44cd-af27-587b94bb2fe8,2026-07-27T15:06:29.467912+00:00,IPFS,startup,generate_identity_sp,0.18195899610873312,SUCCESS
f2de19f9-44b3-44cd-af27-587b94bb2fe8,2026-07-27T15:06:29.468125+00:00,IPFS,startup,generate_identity_c1,0.17212500097230077,SUCCESS
f2de19f9-44b3-44cd-af27-587b94bb2fe8,2026-07-27T15:06:29.468331+00:00,IPFS,startup,generate_identity_s1,0.16958400374278426,SUCCESS
f2de19f9-44b3-44cd-af27-587b94bb2fe8,2026-07-27T15:06:29.504376+00:00,IPFS,ipfs,ipfs_key_gen,0.7164589915191755,SUCCESS
f2de19f9-44b3-44cd-af27-587b94bb2fe8,2026-07-27T15:06:29.525447+00:00,IPFS,ipfs,ipfs_add_json,20.302249991800636,SUCCESS
f2de19f9-44b3-44cd-af27-587b94bb2fe8,2026-07-27T15:06:53.399867+00:00,IPFS,ipfs,ipns_publish,23872.933916994953,SUCCESS
f2de19f9-44b3-44cd-af27-587b94bb2fe8,2026-07-27T15:06:53.403621+00:00,IPFS,publish,publish_identity_cp,23935.112374994787,SUCCESS
f2de19f9-44b3-44cd-af27-587b94bb2fe8,2026-07-27T15:06:53.444730+00:00,IPFS,ipfs,ipfs_key_gen,1.174584002001211,SUCCESS
f2de19f9-44b3-44cd-af27-587b94bb2fe8,2026-07-27T15:06:53.469351+00:00,IPFS,ipfs,ipfs_add_json,21.359417005442083,SUCCESS
f2de19f9-44b3-44cd-af27-587b94bb2fe8,2026-07-27T15:07:50.582494+00:00,IPFS,ipfs,ipns_publish,57110.282209003344,SUCCESS
f2de19f9-44b3-44cd-af27-587b94bb2fe8,2026-07-27T15:07:50.586064+00:00,IPFS,publish,publish_identity_sp,57182.06150000333,SUCCESS
f2de19f9-44b3-44cd-af27-587b94bb2fe8,2026-07-27T15:07:50.641612+00:00,IPFS,ipfs,ipfs_key_gen,1.7335840093437582,SUCCESS
f2de19f9-44b3-44cd-af27-587b94bb2fe8,2026-07-27T15:07:50.691089+00:00,IPFS,ipfs,ipfs_add_json,39.464582994696684,SUCCESS
f2de19f9-44b3-44cd-af27-587b94bb2fe8,2026-07-27T15:08:04.373012+00:00,IPFS,ipfs,ipns_publish,13679.701125001884,SUCCESS
f2de19f9-44b3-44cd-af27-587b94bb2fe8,2026-07-27T15:08:04.377255+00:00,IPFS,publish,publish_identity_c1,13790.548000004492,SUCCESS
f2de19f9-44b3-44cd-af27-587b94bb2fe8,2026-07-27T15:08:04.421590+00:00,IPFS,ipfs,ipfs_key_gen,1.0098750062752515,SUCCESS
f2de19f9-44b3-44cd-af27-587b94bb2fe8,2026-07-27T15:08:04.446445+00:00,IPFS,ipfs,ipfs_add_json,23.284334005438723,SUCCESS
f2de19f9-44b3-44cd-af27-587b94bb2fe8,2026-07-27T15:08:08.667105+00:00,IPFS,ipfs,ipns_publish,4219.852167007048,SUCCESS
f2de19f9-44b3-44cd-af27-587b94bb2fe8,2026-07-27T15:08:08.671057+00:00,IPFS,publish,publish_identity_s1,4293.292582995491,SUCCESS
f2de19f9-44b3-44cd-af27-587b94bb2fe8,2026-07-27T15:08:08.689919+00:00,IPFS,ipfs,ipfs_key_gen,1.658791006775573,SUCCESS
f2de19f9-44b3-44cd-af27-587b94bb2fe8,2026-07-27T15:08:08.714103+00:00,IPFS,ipfs,ipfs_add_json,21.832708996953443,SUCCESS
f2de19f9-44b3-44cd-af27-587b94bb2fe8,2026-07-27T15:08:58.301575+00:00,IPFS,ipfs,ipns_publish,49586.1078750022,SUCCESS
f2de19f9-44b3-44cd-af27-587b94bb2fe8,2026-07-27T15:08:58.304744+00:00,IPFS,publish,publish_service_metadata,49633.16712499363,SUCCESS
f2de19f9-44b3-44cd-af27-587b94bb2fe8,2026-07-27T15:08:58.353402+00:00,IPFS,ipfs,ipfs_key_gen,1.1147909972351044,SUCCESS
f2de19f9-44b3-44cd-af27-587b94bb2fe8,2026-07-27T15:08:58.378916+00:00,IPFS,ipfs,ipfs_add_json,23.919667000882328,SUCCESS
f2de19f9-44b3-44cd-af27-587b94bb2fe8,2026-07-27T15:09:47.497893+00:00,IPFS,ipfs,ipns_publish,49117.54500000097,SUCCESS
f2de19f9-44b3-44cd-af27-587b94bb2fe8,2026-07-27T15:09:47.503323+00:00,IPFS,publish,publish_provider_registry,49198.00533399393,SUCCESS
f2de19f9-44b3-44cd-af27-587b94bb2fe8,2026-07-27T15:09:47.512963+00:00,IPFS,ipfs,ipns_resolve,8.68333299877122,SUCCESS
f2de19f9-44b3-44cd-af27-587b94bb2fe8,2026-07-27T15:09:47.518229+00:00,IPFS,ipfs,ipfs_cat_json,4.522749994066544,SUCCESS
f2de19f9-44b3-44cd-af27-587b94bb2fe8,2026-07-27T15:09:47.529098+00:00,IPFS,ipfs,ipns_resolve,2.368125002249144,SUCCESS
f2de19f9-44b3-44cd-af27-587b94bb2fe8,2026-07-27T15:09:47.531291+00:00,IPFS,ipfs,ipfs_cat_json,1.9474579894449562,SUCCESS
f2de19f9-44b3-44cd-af27-587b94bb2fe8,2026-07-27T15:09:47.534323+00:00,IPFS,ipfs,ipns_resolve,2.2503749933093786,SUCCESS
f2de19f9-44b3-44cd-af27-587b94bb2fe8,2026-07-27T15:09:47.535903+00:00,IPFS,ipfs,ipfs_cat_json,1.4340000052470714,SUCCESS
f2de19f9-44b3-44cd-af27-587b94bb2fe8,2026-07-27T15:09:47.537062+00:00,IPFS,discovery,broker_discovery,33.29624999605585,SUCCESS
f2de19f9-44b3-44cd-af27-587b94bb2fe8,2026-07-27T15:09:47.538469+00:00,IPFS,dap,dap_create_capability,0.9569579997332767,SUCCESS
f2de19f9-44b3-44cd-af27-587b94bb2fe8,2026-07-27T15:09:47.547809+00:00,IPFS,dap,dap_encrypt_enc_cap,9.173417012789287,SUCCESS
f2de19f9-44b3-44cd-af27-587b94bb2fe8,2026-07-27T15:09:47.549557+00:00,IPFS,idap,client_session_init,0.1888330007204786,SUCCESS
f2de19f9-44b3-44cd-af27-587b94bb2fe8,2026-07-27T15:09:47.549640+00:00,IPFS,idap,client_ephemeral_public_key,0.010666000889614224,SUCCESS
f2de19f9-44b3-44cd-af27-587b94bb2fe8,2026-07-27T15:09:47.550082+00:00,IPFS,idap,client_request_sign,0.3623749944381416,SUCCESS
f2de19f9-44b3-44cd-af27-587b94bb2fe8,2026-07-27T15:09:47.550173+00:00,IPFS,idap,canonical_request_payload,0.01695798709988594,SUCCESS
f2de19f9-44b3-44cd-af27-587b94bb2fe8,2026-07-27T15:09:47.553010+00:00,IPFS,ipfs,ipns_resolve,2.191749998019077,SUCCESS
f2de19f9-44b3-44cd-af27-587b94bb2fe8,2026-07-27T15:09:47.554452+00:00,IPFS,ipfs,ipfs_cat_json,1.2761249963659793,SUCCESS
f2de19f9-44b3-44cd-af27-587b94bb2fe8,2026-07-27T15:09:47.556303+00:00,IPFS,ipfs,ipns_resolve,1.2425840104697272,SUCCESS
f2de19f9-44b3-44cd-af27-587b94bb2fe8,2026-07-27T15:09:47.557098+00:00,IPFS,ipfs,ipfs_cat_json,0.7017500029178336,SUCCESS
f2de19f9-44b3-44cd-af27-587b94bb2fe8,2026-07-27T15:09:47.558915+00:00,IPFS,ipfs,ipns_resolve,1.26599999202881,SUCCESS
f2de19f9-44b3-44cd-af27-587b94bb2fe8,2026-07-27T15:09:47.560180+00:00,IPFS,ipfs,ipfs_cat_json,1.1230000091018155,SUCCESS
f2de19f9-44b3-44cd-af27-587b94bb2fe8,2026-07-27T15:09:47.562095+00:00,IPFS,ipfs,ipns_resolve,1.3806659990223125,SUCCESS
f2de19f9-44b3-44cd-af27-587b94bb2fe8,2026-07-27T15:09:47.563455+00:00,IPFS,ipfs,ipfs_cat_json,1.2526249920483679,SUCCESS
f2de19f9-44b3-44cd-af27-587b94bb2fe8,2026-07-27T15:09:47.566212+00:00,IPFS,idap,idap_authorize,15.953709007590078,SUCCESS
f2de19f9-44b3-44cd-af27-587b94bb2fe8,2026-07-27T15:09:47.568271+00:00,IPFS,ipfs,ipns_resolve,1.443874993128702,SUCCESS
f2de19f9-44b3-44cd-af27-587b94bb2fe8,2026-07-27T15:09:47.569302+00:00,IPFS,ipfs,ipfs_cat_json,0.9330840111942962,SUCCESS
f2de19f9-44b3-44cd-af27-587b94bb2fe8,2026-07-27T15:09:47.571400+00:00,IPFS,ipfs,ipns_resolve,1.5588339883834124,SUCCESS
f2de19f9-44b3-44cd-af27-587b94bb2fe8,2026-07-27T15:09:47.572356+00:00,IPFS,ipfs,ipfs_cat_json,0.8633749966975302,SUCCESS
f2de19f9-44b3-44cd-af27-587b94bb2fe8,2026-07-27T15:09:47.574021+00:00,IPFS,ipfs,ipns_resolve,1.145000001997687,SUCCESS
f2de19f9-44b3-44cd-af27-587b94bb2fe8,2026-07-27T15:09:47.575038+00:00,IPFS,ipfs,ipfs_cat_json,0.84804100333713,SUCCESS
f2de19f9-44b3-44cd-af27-587b94bb2fe8,2026-07-27T15:09:47.576681+00:00,IPFS,ipfs,ipns_resolve,1.1159999994561076,SUCCESS
f2de19f9-44b3-44cd-af27-587b94bb2fe8,2026-07-27T15:09:47.577583+00:00,IPFS,ipfs,ipfs_cat_json,0.8102089923340827,SUCCESS
f2de19f9-44b3-44cd-af27-587b94bb2fe8,2026-07-27T15:09:47.579293+00:00,IPFS,idap,idap_replay_check,12.979624996660277,SUCCESS
f2de19f9-44b3-44cd-af27-587b94bb2fe8,2026-07-27T15:09:47.580730+00:00,IPFS,ipfs,ipns_resolve,1.3400829921010882,SUCCESS
f2de19f9-44b3-44cd-af27-587b94bb2fe8,2026-07-27T15:09:47.581406+00:00,IPFS,ipfs,ipfs_cat_json,0.5908750026719645,SUCCESS
f2de19f9-44b3-44cd-af27-587b94bb2fe8,2026-07-27T15:09:47.581847+00:00,IPFS,idap,resolve_service_public_key,2.4754589976510033,SUCCESS
f2de19f9-44b3-44cd-af27-587b94bb2fe8,2026-07-27T15:09:47.581932+00:00,IPFS,idap,compute_transcript,0.018749997252598405,SUCCESS
f2de19f9-44b3-44cd-af27-587b94bb2fe8,2026-07-27T15:09:47.582332+00:00,IPFS,idap,transcript_verify,0.33916700340341777,SUCCESS
f2de19f9-44b3-44cd-af27-587b94bb2fe8,2026-07-27T15:09:47.582669+00:00,IPFS,idap,client_shared_secret_derivation,0.2639169979374856,SUCCESS
f2de19f9-44b3-44cd-af27-587b94bb2fe8,2026-07-27T15:09:47.582785+00:00,IPFS,idap,client_session_key_derivation,0.051291994168423116,SUCCESS
f2de19f9-44b3-44cd-af27-587b94bb2fe8,2026-07-27T15:09:47.582921+00:00,IPFS,crypto,encrypt_message,0.06004200258757919,SUCCESS
f2de19f9-44b3-44cd-af27-587b94bb2fe8,2026-07-27T15:09:47.582998+00:00,IPFS,crypto,decrypt_message,0.009291994501836598,SUCCESS
f2de19f9-44b3-44cd-af27-587b94bb2fe8,2026-07-27T15:09:47.583417+00:00,IPFS,tampering,tampered_request_sign,0.330084003508091,SUCCESS
f2de19f9-44b3-44cd-af27-587b94bb2fe8,2026-07-27T15:09:47.585249+00:00,IPFS,ipfs,ipns_resolve,1.3250409974716604,SUCCESS
f2de19f9-44b3-44cd-af27-587b94bb2fe8,2026-07-27T15:09:47.586082+00:00,IPFS,ipfs,ipfs_cat_json,0.7392499974230304,SUCCESS
f2de19f9-44b3-44cd-af27-587b94bb2fe8,2026-07-27T15:09:47.589632+00:00,IPFS,ipfs,ipns_resolve,3.0437499954132363,SUCCESS
f2de19f9-44b3-44cd-af27-587b94bb2fe8,2026-07-27T15:09:47.593503+00:00,IPFS,ipfs,ipfs_cat_json,3.7676250067306682,SUCCESS
f2de19f9-44b3-44cd-af27-587b94bb2fe8,2026-07-27T15:09:47.599895+00:00,IPFS,ipfs,ipns_resolve,5.591207998804748,SUCCESS
f2de19f9-44b3-44cd-af27-587b94bb2fe8,2026-07-27T15:09:47.602115+00:00,IPFS,ipfs,ipfs_cat_json,2.099459001328796,SUCCESS
f2de19f9-44b3-44cd-af27-587b94bb2fe8,2026-07-27T15:09:47.604112+00:00,IPFS,ipfs,ipns_resolve,1.5159580070758238,SUCCESS
f2de19f9-44b3-44cd-af27-587b94bb2fe8,2026-07-27T15:09:47.605233+00:00,IPFS,ipfs,ipfs_cat_json,1.0368750081397593,SUCCESS
f2de19f9-44b3-44cd-af27-587b94bb2fe8,2026-07-27T15:09:47.606706+00:00,IPFS,tampering,tampering_check,23.219584007165395,SUCCESS
f2de19f9-44b3-44cd-af27-587b94bb2fe8,2026-07-27T15:09:47.606778+00:00,IPFS,summary,total_flow,198144.77091700246,SUCCESS
70937afa-26ae-47b6-8c7e-f12ff21c967e,2026-07-27T15:09:47.836512+00:00,IPFS,startup,initialize_store,0.09162499918602407,SUCCESS
70937afa-26ae-47b6-8c7e-f12ff21c967e,2026-07-27T15:09:47.841497+00:00,IPFS,startup,generate_identity_cp,4.662417006329633,SUCCESS
70937afa-26ae-47b6-8c7e-f12ff21c967e,2026-07-27T15:09:47.841734+00:00,IPFS,startup,generate_identity_sp,0.18495800031814724,SUCCESS
70937afa-26ae-47b6-8c7e-f12ff21c967e,2026-07-27T15:09:47.841948+00:00,IPFS,startup,generate_identity_c1,0.17658401338849217,SUCCESS
70937afa-26ae-47b6-8c7e-f12ff21c967e,2026-07-27T15:09:47.842151+00:00,IPFS,startup,generate_identity_s1,0.16924999363254756,SUCCESS
70937afa-26ae-47b6-8c7e-f12ff21c967e,2026-07-27T15:09:47.884928+00:00,IPFS,ipfs,ipfs_key_gen,1.0291250073350966,SUCCESS
70937afa-26ae-47b6-8c7e-f12ff21c967e,2026-07-27T15:09:47.908119+00:00,IPFS,ipfs,ipfs_add_json,22.376042004907504,SUCCESS
70937afa-26ae-47b6-8c7e-f12ff21c967e,2026-07-27T15:10:25.692332+00:00,IPFS,ipfs,ipns_publish,37782.72937500151,SUCCESS
70937afa-26ae-47b6-8c7e-f12ff21c967e,2026-07-27T15:10:25.696191+00:00,IPFS,publish,publish_identity_cp,37853.68000000017,SUCCESS
70937afa-26ae-47b6-8c7e-f12ff21c967e,2026-07-27T15:10:25.763479+00:00,IPFS,ipfs,ipfs_key_gen,3.2484999974258244,SUCCESS
70937afa-26ae-47b6-8c7e-f12ff21c967e,2026-07-27T15:10:25.789359+00:00,IPFS,ipfs,ipfs_add_json,24.259041994810104,SUCCESS
70937afa-26ae-47b6-8c7e-f12ff21c967e,2026-07-27T15:10:31.864992+00:00,IPFS,ipfs,ipns_publish,6074.966707994463,SUCCESS
70937afa-26ae-47b6-8c7e-f12ff21c967e,2026-07-27T15:10:31.869002+00:00,IPFS,publish,publish_identity_sp,6171.95950000314,SUCCESS
70937afa-26ae-47b6-8c7e-f12ff21c967e,2026-07-27T15:10:31.902781+00:00,IPFS,ipfs,ipfs_key_gen,2.283750000060536,SUCCESS
70937afa-26ae-47b6-8c7e-f12ff21c967e,2026-07-27T15:10:31.929503+00:00,IPFS,ipfs,ipfs_add_json,24.1295000014361,SUCCESS
70937afa-26ae-47b6-8c7e-f12ff21c967e,2026-07-27T15:11:03.458600+00:00,IPFS,ipfs,ipns_publish,31517.224583003554,SUCCESS
70937afa-26ae-47b6-8c7e-f12ff21c967e,2026-07-27T15:11:03.463866+00:00,IPFS,publish,publish_identity_c1,31593.97795899713,SUCCESS
70937afa-26ae-47b6-8c7e-f12ff21c967e,2026-07-27T15:11:03.532531+00:00,IPFS,ipfs,ipfs_key_gen,1.153375007561408,SUCCESS
70937afa-26ae-47b6-8c7e-f12ff21c967e,2026-07-27T15:11:03.559080+00:00,IPFS,ipfs,ipfs_add_json,23.237999994307756,SUCCESS
70937afa-26ae-47b6-8c7e-f12ff21c967e,2026-07-27T15:11:07.878920+00:00,IPFS,ipfs,ipns_publish,4318.1928749982035,SUCCESS
70937afa-26ae-47b6-8c7e-f12ff21c967e,2026-07-27T15:11:07.894643+00:00,IPFS,publish,publish_identity_s1,4428.21462500433,SUCCESS
70937afa-26ae-47b6-8c7e-f12ff21c967e,2026-07-27T15:11:07.923444+00:00,IPFS,ipfs,ipfs_key_gen,2.0212499948684126,SUCCESS
70937afa-26ae-47b6-8c7e-f12ff21c967e,2026-07-27T15:11:07.960838+00:00,IPFS,ipfs,ipfs_add_json,33.94475000095554,SUCCESS
70937afa-26ae-47b6-8c7e-f12ff21c967e,2026-07-27T15:11:26.824296+00:00,IPFS,ipfs,ipns_publish,18861.380957998335,SUCCESS
70937afa-26ae-47b6-8c7e-f12ff21c967e,2026-07-27T15:11:26.829183+00:00,IPFS,publish,publish_service_metadata,18933.63675000728,SUCCESS
70937afa-26ae-47b6-8c7e-f12ff21c967e,2026-07-27T15:11:26.900166+00:00,IPFS,ipfs,ipfs_key_gen,1.8107920041074976,SUCCESS
70937afa-26ae-47b6-8c7e-f12ff21c967e,2026-07-27T15:11:26.933330+00:00,IPFS,ipfs,ipfs_add_json,28.731166996294633,SUCCESS
70937afa-26ae-47b6-8c7e-f12ff21c967e,2026-07-27T15:12:08.623455+00:00,IPFS,ipfs,ipns_publish,41685.446957999375,SUCCESS
70937afa-26ae-47b6-8c7e-f12ff21c967e,2026-07-27T15:12:08.627517+00:00,IPFS,publish,publish_provider_registry,41797.70208300033,SUCCESS
70937afa-26ae-47b6-8c7e-f12ff21c967e,2026-07-27T15:12:08.641298+00:00,IPFS,ipfs,ipns_resolve,13.432584004476666,SUCCESS
70937afa-26ae-47b6-8c7e-f12ff21c967e,2026-07-27T15:12:08.648499+00:00,IPFS,ipfs,ipfs_cat_json,7.022208999842405,SUCCESS
70937afa-26ae-47b6-8c7e-f12ff21c967e,2026-07-27T15:12:08.664734+00:00,IPFS,ipfs,ipns_resolve,1.723958004731685,SUCCESS
70937afa-26ae-47b6-8c7e-f12ff21c967e,2026-07-27T15:12:08.666030+00:00,IPFS,ipfs,ipfs_cat_json,1.1542499996721745,SUCCESS
70937afa-26ae-47b6-8c7e-f12ff21c967e,2026-07-27T15:12:08.670798+00:00,IPFS,ipfs,ipns_resolve,4.186042002402246,SUCCESS
70937afa-26ae-47b6-8c7e-f12ff21c967e,2026-07-27T15:12:08.672195+00:00,IPFS,ipfs,ipfs_cat_json,1.245416991878301,SUCCESS
70937afa-26ae-47b6-8c7e-f12ff21c967e,2026-07-27T15:12:08.673099+00:00,IPFS,discovery,broker_discovery,45.35958399355877,SUCCESS
70937afa-26ae-47b6-8c7e-f12ff21c967e,2026-07-27T15:12:08.674813+00:00,IPFS,dap,dap_create_capability,1.6182499966816977,SUCCESS
70937afa-26ae-47b6-8c7e-f12ff21c967e,2026-07-27T15:12:08.688267+00:00,IPFS,dap,dap_encrypt_enc_cap,13.181084010284394,SUCCESS
70937afa-26ae-47b6-8c7e-f12ff21c967e,2026-07-27T15:12:08.688612+00:00,IPFS,idap,client_session_init,0.1449169940315187,SUCCESS
70937afa-26ae-47b6-8c7e-f12ff21c967e,2026-07-27T15:12:08.688678+00:00,IPFS,idap,client_ephemeral_public_key,0.00549999822396785,SUCCESS
70937afa-26ae-47b6-8c7e-f12ff21c967e,2026-07-27T15:12:08.689008+00:00,IPFS,idap,client_request_sign,0.27704199601430446,SUCCESS
70937afa-26ae-47b6-8c7e-f12ff21c967e,2026-07-27T15:12:08.689123+00:00,IPFS,idap,canonical_request_payload,0.012957985745742917,SUCCESS
70937afa-26ae-47b6-8c7e-f12ff21c967e,2026-07-27T15:12:08.695316+00:00,IPFS,ipfs,ipns_resolve,5.726500006858259,SUCCESS
70937afa-26ae-47b6-8c7e-f12ff21c967e,2026-07-27T15:12:08.699058+00:00,IPFS,ipfs,ipfs_cat_json,3.623999989940785,SUCCESS
70937afa-26ae-47b6-8c7e-f12ff21c967e,2026-07-27T15:12:08.702635+00:00,IPFS,ipfs,ipns_resolve,3.0176250002114102,SUCCESS
70937afa-26ae-47b6-8c7e-f12ff21c967e,2026-07-27T15:12:08.704516+00:00,IPFS,ipfs,ipfs_cat_json,1.6208330052904785,SUCCESS
70937afa-26ae-47b6-8c7e-f12ff21c967e,2026-07-27T15:12:08.707164+00:00,IPFS,ipfs,ipns_resolve,2.2016250004526228,SUCCESS
70937afa-26ae-47b6-8c7e-f12ff21c967e,2026-07-27T15:12:08.708410+00:00,IPFS,ipfs,ipfs_cat_json,1.1557910038391128,SUCCESS
70937afa-26ae-47b6-8c7e-f12ff21c967e,2026-07-27T15:12:08.710232+00:00,IPFS,ipfs,ipns_resolve,1.4095420046942309,SUCCESS
70937afa-26ae-47b6-8c7e-f12ff21c967e,2026-07-27T15:12:08.712163+00:00,IPFS,ipfs,ipfs_cat_json,1.8343340052524582,SUCCESS
70937afa-26ae-47b6-8c7e-f12ff21c967e,2026-07-27T15:12:08.714068+00:00,IPFS,idap,idap_authorize,24.88650000304915,SUCCESS
70937afa-26ae-47b6-8c7e-f12ff21c967e,2026-07-27T15:12:08.715632+00:00,IPFS,ipfs,ipns_resolve,1.1713749991031364,SUCCESS
70937afa-26ae-47b6-8c7e-f12ff21c967e,2026-07-27T15:12:08.716291+00:00,IPFS,ipfs,ipfs_cat_json,0.5969170015305281,SUCCESS
70937afa-26ae-47b6-8c7e-f12ff21c967e,2026-07-27T15:12:08.717498+00:00,IPFS,ipfs,ipns_resolve,0.873415992828086,SUCCESS
70937afa-26ae-47b6-8c7e-f12ff21c967e,2026-07-27T15:12:08.718140+00:00,IPFS,ipfs,ipfs_cat_json,0.5697919987142086,SUCCESS
70937afa-26ae-47b6-8c7e-f12ff21c967e,2026-07-27T15:12:08.719777+00:00,IPFS,ipfs,ipns_resolve,1.2635419989237562,SUCCESS
70937afa-26ae-47b6-8c7e-f12ff21c967e,2026-07-27T15:12:08.720368+00:00,IPFS,ipfs,ipfs_cat_json,0.5265829968266189,SUCCESS
70937afa-26ae-47b6-8c7e-f12ff21c967e,2026-07-27T15:12:08.721432+00:00,IPFS,ipfs,ipns_resolve,0.7481670036213472,SUCCESS
70937afa-26ae-47b6-8c7e-f12ff21c967e,2026-07-27T15:12:08.721981+00:00,IPFS,ipfs,ipfs_cat_json,0.488125006086193,SUCCESS
70937afa-26ae-47b6-8c7e-f12ff21c967e,2026-07-27T15:12:08.722991+00:00,IPFS,idap,idap_replay_check,8.858208006131463,SUCCESS
70937afa-26ae-47b6-8c7e-f12ff21c967e,2026-07-27T15:12:08.723794+00:00,IPFS,ipfs,ipns_resolve,0.7421670015901327,SUCCESS
70937afa-26ae-47b6-8c7e-f12ff21c967e,2026-07-27T15:12:08.725730+00:00,IPFS,ipfs,ipfs_cat_json,1.8785409920383245,SUCCESS
70937afa-26ae-47b6-8c7e-f12ff21c967e,2026-07-27T15:12:08.726031+00:00,IPFS,idap,resolve_service_public_key,2.984042002935894,SUCCESS
70937afa-26ae-47b6-8c7e-f12ff21c967e,2026-07-27T15:12:08.726090+00:00,IPFS,idap,compute_transcript,0.013290991773828864,SUCCESS
70937afa-26ae-47b6-8c7e-f12ff21c967e,2026-07-27T15:12:08.726356+00:00,IPFS,idap,transcript_verify,0.22408299264498055,SUCCESS
70937afa-26ae-47b6-8c7e-f12ff21c967e,2026-07-27T15:12:08.726572+00:00,IPFS,idap,client_shared_secret_derivation,0.17095799557864666,SUCCESS
70937afa-26ae-47b6-8c7e-f12ff21c967e,2026-07-27T15:12:08.726635+00:00,IPFS,idap,client_session_key_derivation,0.022207997972145677,SUCCESS
70937afa-26ae-47b6-8c7e-f12ff21c967e,2026-07-27T15:12:08.726712+00:00,IPFS,crypto,encrypt_message,0.024666995159350336,SUCCESS
70937afa-26ae-47b6-8c7e-f12ff21c967e,2026-07-27T15:12:08.726760+00:00,IPFS,crypto,decrypt_message,0.0062920007621869445,SUCCESS
70937afa-26ae-47b6-8c7e-f12ff21c967e,2026-07-27T15:12:08.727031+00:00,IPFS,tampering,tampered_request_sign,0.20941700495313853,SUCCESS
70937afa-26ae-47b6-8c7e-f12ff21c967e,2026-07-27T15:12:08.728202+00:00,IPFS,ipfs,ipns_resolve,0.8237080037361011,SUCCESS
70937afa-26ae-47b6-8c7e-f12ff21c967e,2026-07-27T15:12:08.728778+00:00,IPFS,ipfs,ipfs_cat_json,0.5066250014351681,SUCCESS
70937afa-26ae-47b6-8c7e-f12ff21c967e,2026-07-27T15:12:08.729803+00:00,IPFS,ipfs,ipns_resolve,0.7169579912442714,SUCCESS
70937afa-26ae-47b6-8c7e-f12ff21c967e,2026-07-27T15:12:08.730391+00:00,IPFS,ipfs,ipfs_cat_json,0.5266250082058832,SUCCESS
70937afa-26ae-47b6-8c7e-f12ff21c967e,2026-07-27T15:12:08.732158+00:00,IPFS,ipfs,ipns_resolve,1.2247499980730936,SUCCESS
70937afa-26ae-47b6-8c7e-f12ff21c967e,2026-07-27T15:12:08.732763+00:00,IPFS,ipfs,ipfs_cat_json,0.5544579908018932,SUCCESS
70937afa-26ae-47b6-8c7e-f12ff21c967e,2026-07-27T15:12:08.734187+00:00,IPFS,ipfs,ipns_resolve,1.1254580022068694,SUCCESS
70937afa-26ae-47b6-8c7e-f12ff21c967e,2026-07-27T15:12:08.734889+00:00,IPFS,ipfs,ipfs_cat_json,0.6391249917214736,SUCCESS
70937afa-26ae-47b6-8c7e-f12ff21c967e,2026-07-27T15:12:08.735818+00:00,IPFS,tampering,tampering_check,8.72970798809547,SUCCESS
70937afa-26ae-47b6-8c7e-f12ff21c967e,2026-07-27T15:12:08.735862+00:00,IPFS,summary,total_flow,140899.112375002,SUCCESS
586c0e67-1706-4702-b249-2c645680a096,2026-07-27T15:12:08.962977+00:00,IPFS,startup,initialize_store,0.09829200280364603,SUCCESS
586c0e67-1706-4702-b249-2c645680a096,2026-07-27T15:12:08.968405+00:00,IPFS,startup,generate_identity_cp,5.229166999924928,SUCCESS
586c0e67-1706-4702-b249-2c645680a096,2026-07-27T15:12:08.968635+00:00,IPFS,startup,generate_identity_sp,0.1817500015022233,SUCCESS
586c0e67-1706-4702-b249-2c645680a096,2026-07-27T15:12:08.968843+00:00,IPFS,startup,generate_identity_c1,0.17333400319330394,SUCCESS
586c0e67-1706-4702-b249-2c645680a096,2026-07-27T15:12:08.969044+00:00,IPFS,startup,generate_identity_s1,0.1697919942671433,SUCCESS
586c0e67-1706-4702-b249-2c645680a096,2026-07-27T15:12:09.015073+00:00,IPFS,ipfs,ipfs_key_gen,0.9370420011691749,SUCCESS
586c0e67-1706-4702-b249-2c645680a096,2026-07-27T15:12:09.052492+00:00,IPFS,ipfs,ipfs_add_json,36.64204099914059,SUCCESS
586c0e67-1706-4702-b249-2c645680a096,2026-07-27T15:12:16.143002+00:00,IPFS,ipfs,ipns_publish,7089.58045799227,SUCCESS
586c0e67-1706-4702-b249-2c645680a096,2026-07-27T15:12:16.146807+00:00,IPFS,publish,publish_identity_cp,7177.5048339914065,SUCCESS
586c0e67-1706-4702-b249-2c645680a096,2026-07-27T15:12:16.195140+00:00,IPFS,ipfs,ipfs_key_gen,1.8407909956295043,SUCCESS
586c0e67-1706-4702-b249-2c645680a096,2026-07-27T15:12:16.232079+00:00,IPFS,ipfs,ipfs_add_json,35.04995899857022,SUCCESS
586c0e67-1706-4702-b249-2c645680a096,2026-07-27T15:12:19.296798+00:00,IPFS,ipfs,ipns_publish,3063.9822079974692,SUCCESS
586c0e67-1706-4702-b249-2c645680a096,2026-07-27T15:12:19.302603+00:00,IPFS,publish,publish_identity_sp,3155.2442079992034,SUCCESS
586c0e67-1706-4702-b249-2c645680a096,2026-07-27T15:12:19.338095+00:00,IPFS,ipfs,ipfs_key_gen,1.7260409949813038,SUCCESS
586c0e67-1706-4702-b249-2c645680a096,2026-07-27T15:12:19.374608+00:00,IPFS,ipfs,ipfs_add_json,34.60941600496881,SUCCESS
586c0e67-1706-4702-b249-2c645680a096,2026-07-27T15:12:27.567076+00:00,IPFS,ipfs,ipns_publish,8189.298833007342,SUCCESS
586c0e67-1706-4702-b249-2c645680a096,2026-07-27T15:12:27.575187+00:00,IPFS,publish,publish_identity_c1,8271.726082995883,SUCCESS
586c0e67-1706-4702-b249-2c645680a096,2026-07-27T15:12:27.604523+00:00,IPFS,ipfs,ipfs_key_gen,1.788957990356721,SUCCESS
586c0e67-1706-4702-b249-2c645680a096,2026-07-27T15:12:27.629110+00:00,IPFS,ipfs,ipfs_add_json,21.919291000813246,SUCCESS
586c0e67-1706-4702-b249-2c645680a096,2026-07-27T15:12:37.639872+00:00,IPFS,ipfs,ipns_publish,10006.309332995443,SUCCESS
586c0e67-1706-4702-b249-2c645680a096,2026-07-27T15:12:37.644217+00:00,IPFS,publish,publish_identity_s1,10068.380249998881,SUCCESS
586c0e67-1706-4702-b249-2c645680a096,2026-07-27T15:12:37.701059+00:00,IPFS,ipfs,ipfs_key_gen,2.093625007546507,SUCCESS
586c0e67-1706-4702-b249-2c645680a096,2026-07-27T15:12:37.761843+00:00,IPFS,ipfs,ipfs_add_json,50.874666005256586,SUCCESS
586c0e67-1706-4702-b249-2c645680a096,2026-07-27T15:13:10.066330+00:00,IPFS,ipfs,ipns_publish,32301.858583989087,SUCCESS
586c0e67-1706-4702-b249-2c645680a096,2026-07-27T15:13:10.069869+00:00,IPFS,publish,publish_service_metadata,32425.07399999886,SUCCESS
586c0e67-1706-4702-b249-2c645680a096,2026-07-27T15:13:10.116878+00:00,IPFS,ipfs,ipfs_key_gen,0.9897499985527247,SUCCESS
586c0e67-1706-4702-b249-2c645680a096,2026-07-27T15:13:10.168702+00:00,IPFS,ipfs,ipfs_add_json,42.089249996934086,SUCCESS
586c0e67-1706-4702-b249-2c645680a096,2026-07-27T15:14:37.910829+00:00,IPFS,ipfs,ipns_publish,87737.94654200901,SUCCESS
586c0e67-1706-4702-b249-2c645680a096,2026-07-27T15:14:37.913907+00:00,IPFS,publish,publish_provider_registry,87843.30870800477,SUCCESS
586c0e67-1706-4702-b249-2c645680a096,2026-07-27T15:14:37.922905+00:00,IPFS,ipfs,ipns_resolve,8.641084001283161,SUCCESS
586c0e67-1706-4702-b249-2c645680a096,2026-07-27T15:14:37.929358+00:00,IPFS,ipfs,ipfs_cat_json,6.123707993538119,SUCCESS
586c0e67-1706-4702-b249-2c645680a096,2026-07-27T15:14:37.945728+00:00,IPFS,ipfs,ipns_resolve,2.2168339928612113,SUCCESS
586c0e67-1706-4702-b249-2c645680a096,2026-07-27T15:14:37.947565+00:00,IPFS,ipfs,ipfs_cat_json,1.643249997869134,SUCCESS
586c0e67-1706-4702-b249-2c645680a096,2026-07-27T15:14:37.949259+00:00,IPFS,ipfs,ipns_resolve,1.109958000597544,SUCCESS
586c0e67-1706-4702-b249-2c645680a096,2026-07-27T15:14:37.950345+00:00,IPFS,ipfs,ipfs_cat_json,0.9925000049406663,SUCCESS
586c0e67-1706-4702-b249-2c645680a096,2026-07-27T15:14:37.951132+00:00,IPFS,discovery,broker_discovery,37.03216700523626,SUCCESS
586c0e67-1706-4702-b249-2c645680a096,2026-07-27T15:14:37.952224+00:00,IPFS,dap,dap_create_capability,1.0048340045614168,SUCCESS
586c0e67-1706-4702-b249-2c645680a096,2026-07-27T15:14:37.961029+00:00,IPFS,dap,dap_encrypt_enc_cap,8.608290998381563,SUCCESS
586c0e67-1706-4702-b249-2c645680a096,2026-07-27T15:14:37.961385+00:00,IPFS,idap,client_session_init,0.15875000099185854,SUCCESS
586c0e67-1706-4702-b249-2c645680a096,2026-07-27T15:14:37.961471+00:00,IPFS,idap,client_ephemeral_public_key,0.0056249991757795215,SUCCESS
586c0e67-1706-4702-b249-2c645680a096,2026-07-27T15:14:37.961816+00:00,IPFS,idap,client_request_sign,0.28591600130312145,SUCCESS
586c0e67-1706-4702-b249-2c645680a096,2026-07-27T15:14:37.961882+00:00,IPFS,idap,canonical_request_payload,0.01375000283587724,SUCCESS
586c0e67-1706-4702-b249-2c645680a096,2026-07-27T15:14:37.963833+00:00,IPFS,ipfs,ipns_resolve,1.4674999983981252,SUCCESS
586c0e67-1706-4702-b249-2c645680a096,2026-07-27T15:14:37.964935+00:00,IPFS,ipfs,ipfs_cat_json,1.0169169981963933,SUCCESS
586c0e67-1706-4702-b249-2c645680a096,2026-07-27T15:14:37.966176+00:00,IPFS,ipfs,ipns_resolve,0.8137909899232909,SUCCESS
586c0e67-1706-4702-b249-2c645680a096,2026-07-27T15:14:37.966939+00:00,IPFS,ipfs,ipfs_cat_json,0.6944999913685024,SUCCESS
586c0e67-1706-4702-b249-2c645680a096,2026-07-27T15:14:37.968475+00:00,IPFS,ipfs,ipns_resolve,1.132457997300662,SUCCESS
586c0e67-1706-4702-b249-2c645680a096,2026-07-27T15:14:37.969507+00:00,IPFS,ipfs,ipfs_cat_json,0.9150839905487373,SUCCESS
586c0e67-1706-4702-b249-2c645680a096,2026-07-27T15:14:37.970866+00:00,IPFS,ipfs,ipns_resolve,0.957375013967976,SUCCESS
586c0e67-1706-4702-b249-2c645680a096,2026-07-27T15:14:37.971748+00:00,IPFS,ipfs,ipfs_cat_json,0.7843329949537292,SUCCESS
586c0e67-1706-4702-b249-2c645680a096,2026-07-27T15:14:37.973817+00:00,IPFS,idap,idap_authorize,11.85200001054909,SUCCESS
586c0e67-1706-4702-b249-2c645680a096,2026-07-27T15:14:37.975462+00:00,IPFS,ipfs,ipns_resolve,1.196208002511412,SUCCESS
586c0e67-1706-4702-b249-2c645680a096,2026-07-27T15:14:37.976056+00:00,IPFS,ipfs,ipfs_cat_json,0.5225420027272776,SUCCESS
586c0e67-1706-4702-b249-2c645680a096,2026-07-27T15:14:37.977258+00:00,IPFS,ipfs,ipns_resolve,0.8045419963309541,SUCCESS
586c0e67-1706-4702-b249-2c645680a096,2026-07-27T15:14:37.978007+00:00,IPFS,ipfs,ipfs_cat_json,0.6452919915318489,SUCCESS
586c0e67-1706-4702-b249-2c645680a096,2026-07-27T15:14:37.979312+00:00,IPFS,ipfs,ipns_resolve,0.8798749913694337,SUCCESS
586c0e67-1706-4702-b249-2c645680a096,2026-07-27T15:14:37.979901+00:00,IPFS,ipfs,ipfs_cat_json,0.5183750035939738,SUCCESS
586c0e67-1706-4702-b249-2c645680a096,2026-07-27T15:14:37.981235+00:00,IPFS,ipfs,ipns_resolve,0.9813340002438053,SUCCESS
586c0e67-1706-4702-b249-2c645680a096,2026-07-27T15:14:37.981810+00:00,IPFS,ipfs,ipfs_cat_json,0.5025829887017608,SUCCESS
586c0e67-1706-4702-b249-2c645680a096,2026-07-27T15:14:37.982900+00:00,IPFS,idap,idap_replay_check,9.000166988698766,SUCCESS
586c0e67-1706-4702-b249-2c645680a096,2026-07-27T15:14:37.984029+00:00,IPFS,ipfs,ipns_resolve,1.0112079908140004,SUCCESS
586c0e67-1706-4702-b249-2c645680a096,2026-07-27T15:14:37.984654+00:00,IPFS,ipfs,ipfs_cat_json,0.5697500018868595,SUCCESS
586c0e67-1706-4702-b249-2c645680a096,2026-07-27T15:14:37.984956+00:00,IPFS,idap,resolve_service_public_key,1.9444170029601082,SUCCESS
586c0e67-1706-4702-b249-2c645680a096,2026-07-27T15:14:37.985016+00:00,IPFS,idap,compute_transcript,0.014625009498558939,SUCCESS
586c0e67-1706-4702-b249-2c645680a096,2026-07-27T15:14:37.985298+00:00,IPFS,idap,transcript_verify,0.2385420084465295,SUCCESS
586c0e67-1706-4702-b249-2c645680a096,2026-07-27T15:14:37.985562+00:00,IPFS,idap,client_shared_secret_derivation,0.21741600357927382,SUCCESS
586c0e67-1706-4702-b249-2c645680a096,2026-07-27T15:14:37.985642+00:00,IPFS,idap,client_session_key_derivation,0.03545799700077623,SUCCESS
586c0e67-1706-4702-b249-2c645680a096,2026-07-27T15:14:37.985731+00:00,IPFS,crypto,encrypt_message,0.03070798993576318,SUCCESS
586c0e67-1706-4702-b249-2c645680a096,2026-07-27T15:14:38.025372+00:00,IPFS,crypto,decrypt_message,0.037667006836272776,SUCCESS
586c0e67-1706-4702-b249-2c645680a096,2026-07-27T15:14:38.025765+00:00,IPFS,tampering,tampered_request_sign,0.23141599376685917,SUCCESS
586c0e67-1706-4702-b249-2c645680a096,2026-07-27T15:14:38.027419+00:00,IPFS,ipfs,ipns_resolve,1.2557080044643953,SUCCESS
586c0e67-1706-4702-b249-2c645680a096,2026-07-27T15:14:38.028100+00:00,IPFS,ipfs,ipfs_cat_json,0.5810830043628812,SUCCESS
586c0e67-1706-4702-b249-2c645680a096,2026-07-27T15:14:38.030051+00:00,IPFS,ipfs,ipns_resolve,1.5256670012604445,SUCCESS
586c0e67-1706-4702-b249-2c645680a096,2026-07-27T15:14:38.030744+00:00,IPFS,ipfs,ipfs_cat_json,0.5440829991130158,SUCCESS
586c0e67-1706-4702-b249-2c645680a096,2026-07-27T15:14:38.031819+00:00,IPFS,ipfs,ipns_resolve,0.7256249955389649,SUCCESS
586c0e67-1706-4702-b249-2c645680a096,2026-07-27T15:14:38.033463+00:00,IPFS,ipfs,ipfs_cat_json,1.5832499921089038,SUCCESS
586c0e67-1706-4702-b249-2c645680a096,2026-07-27T15:14:38.034619+00:00,IPFS,ipfs,ipns_resolve,0.8209160005208105,SUCCESS
586c0e67-1706-4702-b249-2c645680a096,2026-07-27T15:14:38.035222+00:00,IPFS,ipfs,ipfs_cat_json,0.5202080064918846,SUCCESS
586c0e67-1706-4702-b249-2c645680a096,2026-07-27T15:14:38.036137+00:00,IPFS,tampering,tampering_check,10.305082992999814,SUCCESS
586c0e67-1706-4702-b249-2c645680a096,2026-07-27T15:14:38.036194+00:00,IPFS,summary,total_flow,149072.9686669947,SUCCESS
9ec4d8f5-47f0-4f5b-ad6d-17509dc68dd1,2026-07-27T15:14:38.236321+00:00,IPFS,startup,initialize_store,0.10737500269897282,SUCCESS
9ec4d8f5-47f0-4f5b-ad6d-17509dc68dd1,2026-07-27T15:14:38.242027+00:00,IPFS,startup,generate_identity_cp,5.3780000016558915,SUCCESS
9ec4d8f5-47f0-4f5b-ad6d-17509dc68dd1,2026-07-27T15:14:38.242302+00:00,IPFS,startup,generate_identity_sp,0.20137500541750342,SUCCESS
9ec4d8f5-47f0-4f5b-ad6d-17509dc68dd1,2026-07-27T15:14:38.242517+00:00,IPFS,startup,generate_identity_c1,0.17270799435209483,SUCCESS
9ec4d8f5-47f0-4f5b-ad6d-17509dc68dd1,2026-07-27T15:14:38.242725+00:00,IPFS,startup,generate_identity_s1,0.16933400183916092,SUCCESS
9ec4d8f5-47f0-4f5b-ad6d-17509dc68dd1,2026-07-27T15:14:38.290895+00:00,IPFS,ipfs,ipfs_key_gen,0.8709999965503812,SUCCESS
9ec4d8f5-47f0-4f5b-ad6d-17509dc68dd1,2026-07-27T15:14:38.319517+00:00,IPFS,ipfs,ipfs_add_json,27.63570798560977,SUCCESS
9ec4d8f5-47f0-4f5b-ad6d-17509dc68dd1,2026-07-27T15:15:27.264794+00:00,IPFS,ipfs,ipns_publish,48943.80429200828,SUCCESS
9ec4d8f5-47f0-4f5b-ad6d-17509dc68dd1,2026-07-27T15:15:27.268728+00:00,IPFS,publish,publish_identity_cp,49025.79845899891,SUCCESS
9ec4d8f5-47f0-4f5b-ad6d-17509dc68dd1,2026-07-27T15:15:27.322409+00:00,IPFS,ipfs,ipfs_key_gen,1.522499995189719,SUCCESS
9ec4d8f5-47f0-4f5b-ad6d-17509dc68dd1,2026-07-27T15:15:27.367909+00:00,IPFS,ipfs,ipfs_add_json,36.617000005207956,SUCCESS
9ec4d8f5-47f0-4f5b-ad6d-17509dc68dd1,2026-07-27T15:15:37.510566+00:00,IPFS,ipfs,ipns_publish,10140.688290994149,SUCCESS
9ec4d8f5-47f0-4f5b-ad6d-17509dc68dd1,2026-07-27T15:15:37.514274+00:00,IPFS,publish,publish_identity_sp,10245.145249995403,SUCCESS
9ec4d8f5-47f0-4f5b-ad6d-17509dc68dd1,2026-07-27T15:15:37.573100+00:00,IPFS,ipfs,ipfs_key_gen,0.9657500049797818,SUCCESS
9ec4d8f5-47f0-4f5b-ad6d-17509dc68dd1,2026-07-27T15:15:37.597940+00:00,IPFS,ipfs,ipfs_add_json,23.583707996294834,SUCCESS
9ec4d8f5-47f0-4f5b-ad6d-17509dc68dd1,2026-07-27T15:15:46.964978+00:00,IPFS,ipfs,ipns_publish,9364.531915998668,SUCCESS
9ec4d8f5-47f0-4f5b-ad6d-17509dc68dd1,2026-07-27T15:15:46.967082+00:00,IPFS,publish,publish_identity_c1,9452.344083998469,SUCCESS
9ec4d8f5-47f0-4f5b-ad6d-17509dc68dd1,2026-07-27T15:15:47.019899+00:00,IPFS,ipfs,ipfs_key_gen,1.9004170026164502,SUCCESS
9ec4d8f5-47f0-4f5b-ad6d-17509dc68dd1,2026-07-27T15:15:47.048510+00:00,IPFS,ipfs,ipfs_add_json,26.248791997204535,SUCCESS
9ec4d8f5-47f0-4f5b-ad6d-17509dc68dd1,2026-07-27T15:15:57.565003+00:00,IPFS,ipfs,ipns_publish,10515.248290990712,SUCCESS
9ec4d8f5-47f0-4f5b-ad6d-17509dc68dd1,2026-07-27T15:15:57.568287+00:00,IPFS,publish,publish_identity_s1,10600.905792001868,SUCCESS
9ec4d8f5-47f0-4f5b-ad6d-17509dc68dd1,2026-07-27T15:15:57.621659+00:00,IPFS,ipfs,ipfs_key_gen,1.8101669993484393,SUCCESS
9ec4d8f5-47f0-4f5b-ad6d-17509dc68dd1,2026-07-27T15:15:57.645506+00:00,IPFS,ipfs,ipfs_add_json,21.163333003642038,SUCCESS
9ec4d8f5-47f0-4f5b-ad6d-17509dc68dd1,2026-07-27T15:16:10.036613+00:00,IPFS,ipfs,ipns_publish,12390.285042012692,SUCCESS
9ec4d8f5-47f0-4f5b-ad6d-17509dc68dd1,2026-07-27T15:16:10.038911+00:00,IPFS,publish,publish_service_metadata,12470.179625001037,SUCCESS
9ec4d8f5-47f0-4f5b-ad6d-17509dc68dd1,2026-07-27T15:16:10.094935+00:00,IPFS,ipfs,ipfs_key_gen,1.3664580037584528,SUCCESS
9ec4d8f5-47f0-4f5b-ad6d-17509dc68dd1,2026-07-27T15:16:10.121767+00:00,IPFS,ipfs,ipfs_add_json,24.580083991168067,SUCCESS
9ec4d8f5-47f0-4f5b-ad6d-17509dc68dd1,2026-07-27T15:16:50.917131+00:00,IPFS,ipfs,ipns_publish,40793.991665996145,SUCCESS
9ec4d8f5-47f0-4f5b-ad6d-17509dc68dd1,2026-07-27T15:16:50.920099+00:00,IPFS,publish,publish_provider_registry,40880.8254589967,SUCCESS
9ec4d8f5-47f0-4f5b-ad6d-17509dc68dd1,2026-07-27T15:16:50.924550+00:00,IPFS,ipfs,ipns_resolve,4.095915996003896,SUCCESS
9ec4d8f5-47f0-4f5b-ad6d-17509dc68dd1,2026-07-27T15:16:50.927527+00:00,IPFS,ipfs,ipfs_cat_json,2.6657499984139577,SUCCESS
9ec4d8f5-47f0-4f5b-ad6d-17509dc68dd1,2026-07-27T15:16:50.936573+00:00,IPFS,ipfs,ipns_resolve,2.482957992469892,SUCCESS
9ec4d8f5-47f0-4f5b-ad6d-17509dc68dd1,2026-07-27T15:16:50.937880+00:00,IPFS,ipfs,ipfs_cat_json,1.0840000031748787,SUCCESS
9ec4d8f5-47f0-4f5b-ad6d-17509dc68dd1,2026-07-27T15:16:50.939729+00:00,IPFS,ipfs,ipns_resolve,1.3211670011514798,SUCCESS
9ec4d8f5-47f0-4f5b-ad6d-17509dc68dd1,2026-07-27T15:16:50.940760+00:00,IPFS,ipfs,ipfs_cat_json,0.9447499905945733,SUCCESS
9ec4d8f5-47f0-4f5b-ad6d-17509dc68dd1,2026-07-27T15:16:50.941567+00:00,IPFS,discovery,broker_discovery,21.24758399440907,SUCCESS
9ec4d8f5-47f0-4f5b-ad6d-17509dc68dd1,2026-07-27T15:16:50.942275+00:00,IPFS,dap,dap_create_capability,0.5978749977657571,SUCCESS
9ec4d8f5-47f0-4f5b-ad6d-17509dc68dd1,2026-07-27T15:16:50.951107+00:00,IPFS,dap,dap_encrypt_enc_cap,8.676708006532863,SUCCESS
9ec4d8f5-47f0-4f5b-ad6d-17509dc68dd1,2026-07-27T15:16:50.951383+00:00,IPFS,idap,client_session_init,0.14537500101141632,SUCCESS
9ec4d8f5-47f0-4f5b-ad6d-17509dc68dd1,2026-07-27T15:16:50.951455+00:00,IPFS,idap,client_ephemeral_public_key,0.006583999493159354,SUCCESS
9ec4d8f5-47f0-4f5b-ad6d-17509dc68dd1,2026-07-27T15:16:50.951801+00:00,IPFS,idap,client_request_sign,0.2860420063370839,SUCCESS
9ec4d8f5-47f0-4f5b-ad6d-17509dc68dd1,2026-07-27T15:16:50.951870+00:00,IPFS,idap,canonical_request_payload,0.013208991731517017,SUCCESS
9ec4d8f5-47f0-4f5b-ad6d-17509dc68dd1,2026-07-27T15:16:50.955262+00:00,IPFS,ipfs,ipns_resolve,2.8409579972503707,SUCCESS
9ec4d8f5-47f0-4f5b-ad6d-17509dc68dd1,2026-07-27T15:16:50.956940+00:00,IPFS,ipfs,ipfs_cat_json,1.534875002107583,SUCCESS
9ec4d8f5-47f0-4f5b-ad6d-17509dc68dd1,2026-07-27T15:16:50.958424+00:00,IPFS,ipfs,ipns_resolve,0.9195000020554289,SUCCESS
9ec4d8f5-47f0-4f5b-ad6d-17509dc68dd1,2026-07-27T15:16:50.959323+00:00,IPFS,ipfs,ipfs_cat_json,0.7432919956045225,SUCCESS
9ec4d8f5-47f0-4f5b-ad6d-17509dc68dd1,2026-07-27T15:16:50.960809+00:00,IPFS,ipfs,ipns_resolve,0.9849999914877117,SUCCESS
9ec4d8f5-47f0-4f5b-ad6d-17509dc68dd1,2026-07-27T15:16:50.961897+00:00,IPFS,ipfs,ipfs_cat_json,1.0189169988734648,SUCCESS
9ec4d8f5-47f0-4f5b-ad6d-17509dc68dd1,2026-07-27T15:16:50.965911+00:00,IPFS,ipfs,ipns_resolve,3.5650829959195107,SUCCESS
9ec4d8f5-47f0-4f5b-ad6d-17509dc68dd1,2026-07-27T15:16:50.968361+00:00,IPFS,ipfs,ipfs_cat_json,2.368874993408099,SUCCESS
9ec4d8f5-47f0-4f5b-ad6d-17509dc68dd1,2026-07-27T15:16:50.971760+00:00,IPFS,idap,idap_authorize,19.815874999039806,SUCCESS
9ec4d8f5-47f0-4f5b-ad6d-17509dc68dd1,2026-07-27T15:16:50.973786+00:00,IPFS,ipfs,ipns_resolve,1.5008749905973673,SUCCESS
9ec4d8f5-47f0-4f5b-ad6d-17509dc68dd1,2026-07-27T15:16:50.974584+00:00,IPFS,ipfs,ipfs_cat_json,0.7182500121416524,SUCCESS
9ec4d8f5-47f0-4f5b-ad6d-17509dc68dd1,2026-07-27T15:16:50.976219+00:00,IPFS,ipfs,ipns_resolve,1.1127500038128346,SUCCESS
9ec4d8f5-47f0-4f5b-ad6d-17509dc68dd1,2026-07-27T15:16:50.977555+00:00,IPFS,ipfs,ipfs_cat_json,1.20749999769032,SUCCESS
9ec4d8f5-47f0-4f5b-ad6d-17509dc68dd1,2026-07-27T15:16:50.979246+00:00,IPFS,ipfs,ipns_resolve,1.1309999972581863,SUCCESS
9ec4d8f5-47f0-4f5b-ad6d-17509dc68dd1,2026-07-27T15:16:50.979861+00:00,IPFS,ipfs,ipfs_cat_json,0.5505829903995618,SUCCESS
9ec4d8f5-47f0-4f5b-ad6d-17509dc68dd1,2026-07-27T15:16:50.981281+00:00,IPFS,ipfs,ipns_resolve,0.9811669879127294,SUCCESS
9ec4d8f5-47f0-4f5b-ad6d-17509dc68dd1,2026-07-27T15:16:50.981897+00:00,IPFS,ipfs,ipfs_cat_json,0.5406660056905821,SUCCESS
9ec4d8f5-47f0-4f5b-ad6d-17509dc68dd1,2026-07-27T15:16:50.983227+00:00,IPFS,idap,idap_replay_check,11.389416002202779,SUCCESS
9ec4d8f5-47f0-4f5b-ad6d-17509dc68dd1,2026-07-27T15:16:50.984309+00:00,IPFS,ipfs,ipns_resolve,1.0027500102296472,SUCCESS
9ec4d8f5-47f0-4f5b-ad6d-17509dc68dd1,2026-07-27T15:16:50.985689+00:00,IPFS,ipfs,ipfs_cat_json,1.3037919998168945,SUCCESS
9ec4d8f5-47f0-4f5b-ad6d-17509dc68dd1,2026-07-27T15:16:50.986092+00:00,IPFS,idap,resolve_service_public_key,2.7964589971816167,SUCCESS
9ec4d8f5-47f0-4f5b-ad6d-17509dc68dd1,2026-07-27T15:16:50.986166+00:00,IPFS,idap,compute_transcript,0.016624995623715222,SUCCESS
9ec4d8f5-47f0-4f5b-ad6d-17509dc68dd1,2026-07-27T15:16:50.986519+00:00,IPFS,idap,transcript_verify,0.29845799144823104,SUCCESS
9ec4d8f5-47f0-4f5b-ad6d-17509dc68dd1,2026-07-27T15:16:50.986866+00:00,IPFS,idap,client_shared_secret_derivation,0.26733400591183454,SUCCESS
9ec4d8f5-47f0-4f5b-ad6d-17509dc68dd1,2026-07-27T15:16:50.987012+00:00,IPFS,idap,client_session_key_derivation,0.06795900117140263,SUCCESS
9ec4d8f5-47f0-4f5b-ad6d-17509dc68dd1,2026-07-27T15:16:50.987130+00:00,IPFS,crypto,encrypt_message,0.02649999805726111,SUCCESS
9ec4d8f5-47f0-4f5b-ad6d-17509dc68dd1,2026-07-27T15:16:50.987192+00:00,IPFS,crypto,decrypt_message,0.007916998583823442,SUCCESS
9ec4d8f5-47f0-4f5b-ad6d-17509dc68dd1,2026-07-27T15:16:50.987553+00:00,IPFS,tampering,tampered_request_sign,0.2843750116880983,SUCCESS
9ec4d8f5-47f0-4f5b-ad6d-17509dc68dd1,2026-07-27T15:16:50.991627+00:00,IPFS,ipfs,ipns_resolve,3.5801250051008537,SUCCESS
9ec4d8f5-47f0-4f5b-ad6d-17509dc68dd1,2026-07-27T15:16:50.994586+00:00,IPFS,ipfs,ipfs_cat_json,2.869582996936515,SUCCESS
9ec4d8f5-47f0-4f5b-ad6d-17509dc68dd1,2026-07-27T15:16:50.996062+00:00,IPFS,ipfs,ipns_resolve,1.0241249983664602,SUCCESS
9ec4d8f5-47f0-4f5b-ad6d-17509dc68dd1,2026-07-27T15:16:50.996673+00:00,IPFS,ipfs,ipfs_cat_json,0.5404159892350435,SUCCESS
9ec4d8f5-47f0-4f5b-ad6d-17509dc68dd1,2026-07-27T15:16:50.997788+00:00,IPFS,ipfs,ipns_resolve,0.7081250078044832,SUCCESS
9ec4d8f5-47f0-4f5b-ad6d-17509dc68dd1,2026-07-27T15:16:50.998444+00:00,IPFS,ipfs,ipfs_cat_json,0.5844580009579659,SUCCESS
9ec4d8f5-47f0-4f5b-ad6d-17509dc68dd1,2026-07-27T15:16:50.999686+00:00,IPFS,ipfs,ipns_resolve,0.8498329989379272,SUCCESS
9ec4d8f5-47f0-4f5b-ad6d-17509dc68dd1,2026-07-27T15:16:51.000289+00:00,IPFS,ipfs,ipfs_cat_json,0.5394170002546161,SUCCESS
9ec4d8f5-47f0-4f5b-ad6d-17509dc68dd1,2026-07-27T15:16:51.001774+00:00,IPFS,tampering,tampering_check,14.163750005536713,SUCCESS
9ec4d8f5-47f0-4f5b-ad6d-17509dc68dd1,2026-07-27T15:16:51.001835+00:00,IPFS,summary,total_flow,132765.31033300853,SUCCESS
6a606ccf-3827-4a4b-8a5f-649676908ad8,2026-07-27T15:16:51.218345+00:00,IPFS,startup,initialize_store,0.1068339915946126,SUCCESS
6a606ccf-3827-4a4b-8a5f-649676908ad8,2026-07-27T15:16:51.224669+00:00,IPFS,startup,generate_identity_cp,5.990917008602992,SUCCESS
6a606ccf-3827-4a4b-8a5f-649676908ad8,2026-07-27T15:16:51.224904+00:00,IPFS,startup,generate_identity_sp,0.1841670018620789,SUCCESS
6a606ccf-3827-4a4b-8a5f-649676908ad8,2026-07-27T15:16:51.225109+00:00,IPFS,startup,generate_identity_c1,0.17137499526143074,SUCCESS
6a606ccf-3827-4a4b-8a5f-649676908ad8,2026-07-27T15:16:51.225309+00:00,IPFS,startup,generate_identity_s1,0.16845799109432846,SUCCESS
6a606ccf-3827-4a4b-8a5f-649676908ad8,2026-07-27T15:16:51.271636+00:00,IPFS,ipfs,ipfs_key_gen,0.8070839976426214,SUCCESS
6a606ccf-3827-4a4b-8a5f-649676908ad8,2026-07-27T15:16:51.299307+00:00,IPFS,ipfs,ipfs_add_json,26.827833004062995,SUCCESS
6a606ccf-3827-4a4b-8a5f-649676908ad8,2026-07-27T15:17:23.013302+00:00,IPFS,ipfs,ipns_publish,31712.674207999953,SUCCESS
6a606ccf-3827-4a4b-8a5f-649676908ad8,2026-07-27T15:17:23.018006+00:00,IPFS,publish,publish_identity_cp,31792.46716698981,SUCCESS
6a606ccf-3827-4a4b-8a5f-649676908ad8,2026-07-27T15:17:23.080697+00:00,IPFS,ipfs,ipfs_key_gen,1.5699579962529242,SUCCESS
6a606ccf-3827-4a4b-8a5f-649676908ad8,2026-07-27T15:17:23.106019+00:00,IPFS,ipfs,ipfs_add_json,22.550292007508688,SUCCESS
6a606ccf-3827-4a4b-8a5f-649676908ad8,2026-07-27T15:17:46.320410+00:00,IPFS,ipfs,ipns_publish,23210.979417010094,SUCCESS
6a606ccf-3827-4a4b-8a5f-649676908ad8,2026-07-27T15:17:46.326317+00:00,IPFS,publish,publish_identity_sp,23307.89112500497,SUCCESS
6a606ccf-3827-4a4b-8a5f-649676908ad8,2026-07-27T15:17:46.454049+00:00,IPFS,ipfs,ipfs_key_gen,2.5427910004509613,SUCCESS
6a606ccf-3827-4a4b-8a5f-649676908ad8,2026-07-27T15:17:46.581284+00:00,IPFS,ipfs,ipfs_add_json,107.07416699733585,SUCCESS
6a606ccf-3827-4a4b-8a5f-649676908ad8,2026-07-27T15:18:33.463318+00:00,IPFS,ipfs,ipns_publish,46877.969291992486,SUCCESS
6a606ccf-3827-4a4b-8a5f-649676908ad8,2026-07-27T15:18:33.469075+00:00,IPFS,publish,publish_identity_c1,47142.39529200131,SUCCESS
6a606ccf-3827-4a4b-8a5f-649676908ad8,2026-07-27T15:18:33.523003+00:00,IPFS,ipfs,ipfs_key_gen,1.132416000473313,SUCCESS
6a606ccf-3827-4a4b-8a5f-649676908ad8,2026-07-27T15:18:33.589138+00:00,IPFS,ipfs,ipfs_add_json,48.631917001330294,SUCCESS
6a606ccf-3827-4a4b-8a5f-649676908ad8,2026-07-27T15:19:40.216038+00:00,IPFS,ipfs,ipns_publish,66624.51366698951,SUCCESS
6a606ccf-3827-4a4b-8a5f-649676908ad8,2026-07-27T15:19:40.219789+00:00,IPFS,publish,publish_identity_s1,66750.21100000595,SUCCESS
6a606ccf-3827-4a4b-8a5f-649676908ad8,2026-07-27T15:19:40.293189+00:00,IPFS,ipfs,ipfs_key_gen,1.584792000357993,SUCCESS
6a606ccf-3827-4a4b-8a5f-649676908ad8,2026-07-27T15:19:40.377309+00:00,IPFS,ipfs,ipfs_add_json,68.79350000235718,SUCCESS
6a606ccf-3827-4a4b-8a5f-649676908ad8,2026-07-27T15:19:55.830518+00:00,IPFS,ipfs,ipns_publish,15451.773833003244,SUCCESS
6a606ccf-3827-4a4b-8a5f-649676908ad8,2026-07-27T15:19:55.834715+00:00,IPFS,publish,publish_service_metadata,15614.590333003434,SUCCESS
6a606ccf-3827-4a4b-8a5f-649676908ad8,2026-07-27T15:19:55.900843+00:00,IPFS,ipfs,ipfs_key_gen,1.934667001478374,SUCCESS
6a606ccf-3827-4a4b-8a5f-649676908ad8,2026-07-27T15:19:55.932541+00:00,IPFS,ipfs,ipfs_add_json,27.018583001336083,SUCCESS
6a606ccf-3827-4a4b-8a5f-649676908ad8,2026-07-27T15:20:02.515676+00:00,IPFS,ipfs,ipns_publish,6582.4684589897515,SUCCESS
6a606ccf-3827-4a4b-8a5f-649676908ad8,2026-07-27T15:20:02.520449+00:00,IPFS,publish,publish_provider_registry,6685.200541003724,SUCCESS
6a606ccf-3827-4a4b-8a5f-649676908ad8,2026-07-27T15:20:02.529236+00:00,IPFS,ipfs,ipns_resolve,5.762250002590008,SUCCESS
6a606ccf-3827-4a4b-8a5f-649676908ad8,2026-07-27T15:20:02.533226+00:00,IPFS,ipfs,ipfs_cat_json,3.4489170066080987,SUCCESS
6a606ccf-3827-4a4b-8a5f-649676908ad8,2026-07-27T15:20:02.547970+00:00,IPFS,ipfs,ipns_resolve,2.68491699534934,SUCCESS
6a606ccf-3827-4a4b-8a5f-649676908ad8,2026-07-27T15:20:02.549896+00:00,IPFS,ipfs,ipfs_cat_json,1.552207992062904,SUCCESS
6a606ccf-3827-4a4b-8a5f-649676908ad8,2026-07-27T15:20:02.552998+00:00,IPFS,ipfs,ipns_resolve,1.7982499994104728,SUCCESS
6a606ccf-3827-4a4b-8a5f-649676908ad8,2026-07-27T15:20:02.554597+00:00,IPFS,ipfs,ipfs_cat_json,1.3492919970303774,SUCCESS
6a606ccf-3827-4a4b-8a5f-649676908ad8,2026-07-27T15:20:02.555921+00:00,IPFS,discovery,broker_discovery,35.02287500305101,SUCCESS
6a606ccf-3827-4a4b-8a5f-649676908ad8,2026-07-27T15:20:02.558882+00:00,IPFS,dap,dap_create_capability,2.1230830025160685,SUCCESS
6a606ccf-3827-4a4b-8a5f-649676908ad8,2026-07-27T15:20:02.574063+00:00,IPFS,dap,dap_encrypt_enc_cap,14.372000005096197,SUCCESS
6a606ccf-3827-4a4b-8a5f-649676908ad8,2026-07-27T15:20:02.574880+00:00,IPFS,idap,client_session_init,0.4887910035904497,SUCCESS
6a606ccf-3827-4a4b-8a5f-649676908ad8,2026-07-27T15:20:02.574992+00:00,IPFS,idap,client_ephemeral_public_key,0.007416994776576757,SUCCESS
6a606ccf-3827-4a4b-8a5f-649676908ad8,2026-07-27T15:20:02.575414+00:00,IPFS,idap,client_request_sign,0.34749999758787453,SUCCESS
6a606ccf-3827-4a4b-8a5f-649676908ad8,2026-07-27T15:20:02.575498+00:00,IPFS,idap,canonical_request_payload,0.018417005776427686,SUCCESS
6a606ccf-3827-4a4b-8a5f-649676908ad8,2026-07-27T15:20:02.577995+00:00,IPFS,ipfs,ipns_resolve,1.91274999815505,SUCCESS
6a606ccf-3827-4a4b-8a5f-649676908ad8,2026-07-27T15:20:02.579323+00:00,IPFS,ipfs,ipfs_cat_json,1.2172919959994033,SUCCESS
6a606ccf-3827-4a4b-8a5f-649676908ad8,2026-07-27T15:20:02.581322+00:00,IPFS,ipfs,ipns_resolve,1.4582080038962886,SUCCESS
6a606ccf-3827-4a4b-8a5f-649676908ad8,2026-07-27T15:20:02.582311+00:00,IPFS,ipfs,ipfs_cat_json,0.90562499826774,SUCCESS
6a606ccf-3827-4a4b-8a5f-649676908ad8,2026-07-27T15:20:02.583890+00:00,IPFS,ipfs,ipns_resolve,1.0668330069165677,SUCCESS
6a606ccf-3827-4a4b-8a5f-649676908ad8,2026-07-27T15:20:02.584812+00:00,IPFS,ipfs,ipfs_cat_json,0.8193750109057873,SUCCESS
6a606ccf-3827-4a4b-8a5f-649676908ad8,2026-07-27T15:20:02.586348+00:00,IPFS,ipfs,ipns_resolve,1.027125006658025,SUCCESS
6a606ccf-3827-4a4b-8a5f-649676908ad8,2026-07-27T15:20:02.587551+00:00,IPFS,ipfs,ipfs_cat_json,1.083833005395718,SUCCESS
6a606ccf-3827-4a4b-8a5f-649676908ad8,2026-07-27T15:20:02.590604+00:00,IPFS,idap,idap_authorize,15.007709007477388,SUCCESS
6a606ccf-3827-4a4b-8a5f-649676908ad8,2026-07-27T15:20:02.592145+00:00,IPFS,ipfs,ipns_resolve,1.0304580064257607,SUCCESS
6a606ccf-3827-4a4b-8a5f-649676908ad8,2026-07-27T15:20:02.592786+00:00,IPFS,ipfs,ipfs_cat_json,0.5487089947564527,SUCCESS
6a606ccf-3827-4a4b-8a5f-649676908ad8,2026-07-27T15:20:02.594153+00:00,IPFS,ipfs,ipns_resolve,0.9349589963676408,SUCCESS
6a606ccf-3827-4a4b-8a5f-649676908ad8,2026-07-27T15:20:02.594754+00:00,IPFS,ipfs,ipfs_cat_json,0.5251659895293415,SUCCESS
6a606ccf-3827-4a4b-8a5f-649676908ad8,2026-07-27T15:20:02.596066+00:00,IPFS,ipfs,ipns_resolve,0.9024590108310804,SUCCESS
6a606ccf-3827-4a4b-8a5f-649676908ad8,2026-07-27T15:20:02.596607+00:00,IPFS,ipfs,ipfs_cat_json,0.4776249988935888,SUCCESS
6a606ccf-3827-4a4b-8a5f-649676908ad8,2026-07-27T15:20:02.597858+00:00,IPFS,ipfs,ipns_resolve,0.8804589888313785,SUCCESS
6a606ccf-3827-4a4b-8a5f-649676908ad8,2026-07-27T15:20:02.598408+00:00,IPFS,ipfs,ipfs_cat_json,0.47737499698996544,SUCCESS
6a606ccf-3827-4a4b-8a5f-649676908ad8,2026-07-27T15:20:02.599611+00:00,IPFS,idap,idap_replay_check,8.91458400292322,SUCCESS
6a606ccf-3827-4a4b-8a5f-649676908ad8,2026-07-27T15:20:02.600505+00:00,IPFS,ipfs,ipns_resolve,0.8134579984471202,SUCCESS
6a606ccf-3827-4a4b-8a5f-649676908ad8,2026-07-27T15:20:02.601068+00:00,IPFS,ipfs,ipfs_cat_json,0.49774999206420034,SUCCESS
6a606ccf-3827-4a4b-8a5f-649676908ad8,2026-07-27T15:20:02.601415+00:00,IPFS,idap,resolve_service_public_key,1.7417909984942526,SUCCESS
6a606ccf-3827-4a4b-8a5f-649676908ad8,2026-07-27T15:20:02.601483+00:00,IPFS,idap,compute_transcript,0.015333003830164671,SUCCESS
6a606ccf-3827-4a4b-8a5f-649676908ad8,2026-07-27T15:20:02.601794+00:00,IPFS,idap,transcript_verify,0.2614170080050826,SUCCESS
6a606ccf-3827-4a4b-8a5f-649676908ad8,2026-07-27T15:20:02.602041+00:00,IPFS,idap,client_shared_secret_derivation,0.1981670066015795,SUCCESS
6a606ccf-3827-4a4b-8a5f-649676908ad8,2026-07-27T15:20:02.602113+00:00,IPFS,idap,client_session_key_derivation,0.028290989575907588,SUCCESS
6a606ccf-3827-4a4b-8a5f-649676908ad8,2026-07-27T15:20:02.602212+00:00,IPFS,crypto,encrypt_message,0.030625000363215804,SUCCESS
6a606ccf-3827-4a4b-8a5f-649676908ad8,2026-07-27T15:20:02.602265+00:00,IPFS,crypto,decrypt_message,0.006874994141981006,SUCCESS
6a606ccf-3827-4a4b-8a5f-649676908ad8,2026-07-27T15:20:02.602578+00:00,IPFS,tampering,tampered_request_sign,0.24445900635328144,SUCCESS
6a606ccf-3827-4a4b-8a5f-649676908ad8,2026-07-27T15:20:02.604030+00:00,IPFS,ipfs,ipns_resolve,1.0517089976929128,SUCCESS
6a606ccf-3827-4a4b-8a5f-649676908ad8,2026-07-27T15:20:02.604678+00:00,IPFS,ipfs,ipfs_cat_json,0.5754169978899881,SUCCESS
6a606ccf-3827-4a4b-8a5f-649676908ad8,2026-07-27T15:20:02.605905+00:00,IPFS,ipfs,ipns_resolve,0.8386670087929815,SUCCESS
6a606ccf-3827-4a4b-8a5f-649676908ad8,2026-07-27T15:20:02.606389+00:00,IPFS,ipfs,ipfs_cat_json,0.42799999937415123,SUCCESS
6a606ccf-3827-4a4b-8a5f-649676908ad8,2026-07-27T15:20:02.607549+00:00,IPFS,ipfs,ipns_resolve,0.814375001937151,SUCCESS
6a606ccf-3827-4a4b-8a5f-649676908ad8,2026-07-27T15:20:02.608049+00:00,IPFS,ipfs,ipfs_cat_json,0.4447499959496781,SUCCESS
6a606ccf-3827-4a4b-8a5f-649676908ad8,2026-07-27T15:20:02.609122+00:00,IPFS,ipfs,ipns_resolve,0.7299160060938448,SUCCESS
6a606ccf-3827-4a4b-8a5f-649676908ad8,2026-07-27T15:20:02.609619+00:00,IPFS,ipfs,ipfs_cat_json,0.4378329904284328,SUCCESS
6a606ccf-3827-4a4b-8a5f-649676908ad8,2026-07-27T15:20:02.610736+00:00,IPFS,tampering,tampering_check,8.10670800274238,SUCCESS
6a606ccf-3827-4a4b-8a5f-649676908ad8,2026-07-27T15:20:02.610786+00:00,IPFS,summary,total_flow,191392.09399999527,SUCCESS
707a6258-22c8-4bd9-a078-f6919927e93e,2026-07-27T15:20:02.830314+00:00,IPFS,startup,initialize_store,0.10937500337604433,SUCCESS
707a6258-22c8-4bd9-a078-f6919927e93e,2026-07-27T15:20:02.836601+00:00,IPFS,startup,generate_identity_cp,5.986749994917773,SUCCESS
707a6258-22c8-4bd9-a078-f6919927e93e,2026-07-27T15:20:02.836836+00:00,IPFS,startup,generate_identity_sp,0.18566699873190373,SUCCESS
707a6258-22c8-4bd9-a078-f6919927e93e,2026-07-27T15:20:02.837045+00:00,IPFS,startup,generate_identity_c1,0.17304200446233153,SUCCESS
707a6258-22c8-4bd9-a078-f6919927e93e,2026-07-27T15:20:02.837248+00:00,IPFS,startup,generate_identity_s1,0.17045799177139997,SUCCESS
707a6258-22c8-4bd9-a078-f6919927e93e,2026-07-27T15:20:02.874222+00:00,IPFS,ipfs,ipfs_key_gen,1.0439999896334484,SUCCESS
707a6258-22c8-4bd9-a078-f6919927e93e,2026-07-27T15:20:02.894214+00:00,IPFS,ipfs,ipfs_add_json,19.001666994881816,SUCCESS
707a6258-22c8-4bd9-a078-f6919927e93e,2026-07-27T15:20:53.021307+00:00,IPFS,ipfs,ipns_publish,50124.08150000556,SUCCESS
707a6258-22c8-4bd9-a078-f6919927e93e,2026-07-27T15:20:53.026509+00:00,IPFS,publish,publish_identity_cp,50188.90024999564,SUCCESS
707a6258-22c8-4bd9-a078-f6919927e93e,2026-07-27T15:20:53.096296+00:00,IPFS,ipfs,ipfs_key_gen,1.7074999923352152,SUCCESS
707a6258-22c8-4bd9-a078-f6919927e93e,2026-07-27T15:20:53.141352+00:00,IPFS,ipfs,ipfs_add_json,32.6029580028262,SUCCESS
707a6258-22c8-4bd9-a078-f6919927e93e,2026-07-27T15:21:02.874055+00:00,IPFS,ipfs,ipns_publish,9731.417375005549,SUCCESS
707a6258-22c8-4bd9-a078-f6919927e93e,2026-07-27T15:21:02.893728+00:00,IPFS,publish,publish_identity_sp,9866.783124991343,SUCCESS
707a6258-22c8-4bd9-a078-f6919927e93e,2026-07-27T15:21:02.947059+00:00,IPFS,ipfs,ipfs_key_gen,1.451667005312629,SUCCESS
707a6258-22c8-4bd9-a078-f6919927e93e,2026-07-27T15:21:02.972233+00:00,IPFS,ipfs,ipfs_add_json,23.109750007279217,SUCCESS
707a6258-22c8-4bd9-a078-f6919927e93e,2026-07-27T15:21:23.574470+00:00,IPFS,ipfs,ipns_publish,20600.561332990765,SUCCESS
707a6258-22c8-4bd9-a078-f6919927e93e,2026-07-27T15:21:23.578612+00:00,IPFS,publish,publish_identity_c1,20684.183249992202,SUCCESS
707a6258-22c8-4bd9-a078-f6919927e93e,2026-07-27T15:21:23.628901+00:00,IPFS,ipfs,ipfs_key_gen,1.2569590035127476,SUCCESS
707a6258-22c8-4bd9-a078-f6919927e93e,2026-07-27T15:21:23.654533+00:00,IPFS,ipfs,ipfs_add_json,24.181333006708883,SUCCESS
707a6258-22c8-4bd9-a078-f6919927e93e,2026-07-27T15:21:42.964597+00:00,IPFS,ipfs,ipns_publish,19308.444166992558,SUCCESS
707a6258-22c8-4bd9-a078-f6919927e93e,2026-07-27T15:21:42.969471+00:00,IPFS,publish,publish_identity_s1,19389.87862500653,SUCCESS
707a6258-22c8-4bd9-a078-f6919927e93e,2026-07-27T15:21:43.028939+00:00,IPFS,ipfs,ipfs_key_gen,1.872167005785741,SUCCESS
707a6258-22c8-4bd9-a078-f6919927e93e,2026-07-27T15:21:43.061898+00:00,IPFS,ipfs,ipfs_add_json,27.23100000002887,SUCCESS
707a6258-22c8-4bd9-a078-f6919927e93e,2026-07-27T15:22:35.664660+00:00,IPFS,ipfs,ipns_publish,52600.29737500008,SUCCESS
707a6258-22c8-4bd9-a078-f6919927e93e,2026-07-27T15:22:35.671520+00:00,IPFS,publish,publish_service_metadata,52701.41833399248,SUCCESS
707a6258-22c8-4bd9-a078-f6919927e93e,2026-07-27T15:22:35.742331+00:00,IPFS,ipfs,ipfs_key_gen,2.5516669993521646,SUCCESS
707a6258-22c8-4bd9-a078-f6919927e93e,2026-07-27T15:22:35.770948+00:00,IPFS,ipfs,ipfs_add_json,23.166458995547146,SUCCESS
707a6258-22c8-4bd9-a078-f6919927e93e,2026-07-27T15:23:46.699435+00:00,IPFS,ipfs,ipns_publish,70924.7390840028,SUCCESS
707a6258-22c8-4bd9-a078-f6919927e93e,2026-07-27T15:23:46.707375+00:00,IPFS,publish,publish_provider_registry,71035.25591699872,SUCCESS
707a6258-22c8-4bd9-a078-f6919927e93e,2026-07-27T15:23:46.716877+00:00,IPFS,ipfs,ipns_resolve,8.920583000872284,SUCCESS
707a6258-22c8-4bd9-a078-f6919927e93e,2026-07-27T15:23:46.723538+00:00,IPFS,ipfs,ipfs_cat_json,6.384166990756057,SUCCESS
707a6258-22c8-4bd9-a078-f6919927e93e,2026-07-27T15:23:46.740351+00:00,IPFS,ipfs,ipns_resolve,3.435459002503194,SUCCESS
707a6258-22c8-4bd9-a078-f6919927e93e,2026-07-27T15:23:46.749248+00:00,IPFS,ipfs,ipfs_cat_json,7.971333005116321,SUCCESS
707a6258-22c8-4bd9-a078-f6919927e93e,2026-07-27T15:23:46.751263+00:00,IPFS,ipfs,ipns_resolve,1.3978339993627742,SUCCESS
707a6258-22c8-4bd9-a078-f6919927e93e,2026-07-27T15:23:46.752614+00:00,IPFS,ipfs,ipfs_cat_json,1.2229999992996454,SUCCESS
707a6258-22c8-4bd9-a078-f6919927e93e,2026-07-27T15:23:46.753487+00:00,IPFS,discovery,broker_discovery,45.793249999405816,SUCCESS
707a6258-22c8-4bd9-a078-f6919927e93e,2026-07-27T15:23:46.754460+00:00,IPFS,dap,dap_create_capability,0.8805420075077564,SUCCESS
707a6258-22c8-4bd9-a078-f6919927e93e,2026-07-27T15:23:46.762540+00:00,IPFS,dap,dap_encrypt_enc_cap,7.923166995169595,SUCCESS
707a6258-22c8-4bd9-a078-f6919927e93e,2026-07-27T15:23:46.763629+00:00,IPFS,idap,client_session_init,0.5501249979715794,SUCCESS
707a6258-22c8-4bd9-a078-f6919927e93e,2026-07-27T15:23:46.763748+00:00,IPFS,idap,client_ephemeral_public_key,0.005209003575146198,SUCCESS
707a6258-22c8-4bd9-a078-f6919927e93e,2026-07-27T15:23:46.764102+00:00,IPFS,idap,client_request_sign,0.29150000773370266,SUCCESS
707a6258-22c8-4bd9-a078-f6919927e93e,2026-07-27T15:23:46.764169+00:00,IPFS,idap,canonical_request_payload,0.01404101203661412,SUCCESS
707a6258-22c8-4bd9-a078-f6919927e93e,2026-07-27T15:23:46.766311+00:00,IPFS,ipfs,ipns_resolve,1.679459004662931,SUCCESS
707a6258-22c8-4bd9-a078-f6919927e93e,2026-07-27T15:23:46.767621+00:00,IPFS,ipfs,ipfs_cat_json,1.244250001036562,SUCCESS
707a6258-22c8-4bd9-a078-f6919927e93e,2026-07-27T15:23:46.769487+00:00,IPFS,ipfs,ipns_resolve,1.4457920042332262,SUCCESS
707a6258-22c8-4bd9-a078-f6919927e93e,2026-07-27T15:23:46.770157+00:00,IPFS,ipfs,ipfs_cat_json,0.5888330051675439,SUCCESS
707a6258-22c8-4bd9-a078-f6919927e93e,2026-07-27T15:23:46.771522+00:00,IPFS,ipfs,ipns_resolve,0.9721249953145161,SUCCESS
707a6258-22c8-4bd9-a078-f6919927e93e,2026-07-27T15:23:46.772595+00:00,IPFS,ipfs,ipfs_cat_json,1.0015420120907947,SUCCESS
707a6258-22c8-4bd9-a078-f6919927e93e,2026-07-27T15:23:46.774231+00:00,IPFS,ipfs,ipns_resolve,1.250166998943314,SUCCESS
707a6258-22c8-4bd9-a078-f6919927e93e,2026-07-27T15:23:46.775363+00:00,IPFS,ipfs,ipfs_cat_json,1.0668750037439167,SUCCESS
707a6258-22c8-4bd9-a078-f6919927e93e,2026-07-27T15:23:46.777197+00:00,IPFS,idap,idap_authorize,12.97145799617283,SUCCESS
707a6258-22c8-4bd9-a078-f6919927e93e,2026-07-27T15:23:46.778535+00:00,IPFS,ipfs,ipns_resolve,0.9211249998770654,SUCCESS
707a6258-22c8-4bd9-a078-f6919927e93e,2026-07-27T15:23:46.779103+00:00,IPFS,ipfs,ipfs_cat_json,0.49266600399278104,SUCCESS
707a6258-22c8-4bd9-a078-f6919927e93e,2026-07-27T15:23:46.780470+00:00,IPFS,ipfs,ipns_resolve,0.9788750030566007,SUCCESS
707a6258-22c8-4bd9-a078-f6919927e93e,2026-07-27T15:23:46.780983+00:00,IPFS,ipfs,ipfs_cat_json,0.4571669996948913,SUCCESS
707a6258-22c8-4bd9-a078-f6919927e93e,2026-07-27T15:23:46.782010+00:00,IPFS,ipfs,ipns_resolve,0.674833994708024,SUCCESS
707a6258-22c8-4bd9-a078-f6919927e93e,2026-07-27T15:23:46.782548+00:00,IPFS,ipfs,ipfs_cat_json,0.47395899309776723,SUCCESS
707a6258-22c8-4bd9-a078-f6919927e93e,2026-07-27T15:23:46.783710+00:00,IPFS,ipfs,ipns_resolve,0.8131249924190342,SUCCESS
707a6258-22c8-4bd9-a078-f6919927e93e,2026-07-27T15:23:46.784241+00:00,IPFS,ipfs,ipfs_cat_json,0.46808399201836437,SUCCESS
707a6258-22c8-4bd9-a078-f6919927e93e,2026-07-27T15:23:46.785324+00:00,IPFS,idap,idap_replay_check,8.06499998725485,SUCCESS
707a6258-22c8-4bd9-a078-f6919927e93e,2026-07-27T15:23:46.786579+00:00,IPFS,ipfs,ipns_resolve,1.181375002488494,SUCCESS
707a6258-22c8-4bd9-a078-f6919927e93e,2026-07-27T15:23:46.789152+00:00,IPFS,ipfs,ipfs_cat_json,2.4598330055596307,SUCCESS
707a6258-22c8-4bd9-a078-f6919927e93e,2026-07-27T15:23:46.789642+00:00,IPFS,idap,resolve_service_public_key,4.257708991644904,SUCCESS
707a6258-22c8-4bd9-a078-f6919927e93e,2026-07-27T15:23:46.789708+00:00,IPFS,idap,compute_transcript,0.015249999705702066,SUCCESS
707a6258-22c8-4bd9-a078-f6919927e93e,2026-07-27T15:23:46.789996+00:00,IPFS,idap,transcript_verify,0.24500000290572643,SUCCESS
707a6258-22c8-4bd9-a078-f6919927e93e,2026-07-27T15:23:46.790232+00:00,IPFS,idap,client_shared_secret_derivation,0.19212500774301589,SUCCESS
707a6258-22c8-4bd9-a078-f6919927e93e,2026-07-27T15:23:46.790299+00:00,IPFS,idap,client_session_key_derivation,0.026374997105449438,SUCCESS
707a6258-22c8-4bd9-a078-f6919927e93e,2026-07-27T15:23:46.790374+00:00,IPFS,crypto,encrypt_message,0.022833002731204033,SUCCESS
707a6258-22c8-4bd9-a078-f6919927e93e,2026-07-27T15:23:46.790422+00:00,IPFS,crypto,decrypt_message,0.006374990334734321,SUCCESS
707a6258-22c8-4bd9-a078-f6919927e93e,2026-07-27T15:23:46.790726+00:00,IPFS,tampering,tampered_request_sign,0.24179198953788728,SUCCESS
707a6258-22c8-4bd9-a078-f6919927e93e,2026-07-27T15:23:46.792570+00:00,IPFS,ipfs,ipns_resolve,1.4620829897467047,SUCCESS
707a6258-22c8-4bd9-a078-f6919927e93e,2026-07-27T15:23:46.793378+00:00,IPFS,ipfs,ipfs_cat_json,0.7469999982276931,SUCCESS
707a6258-22c8-4bd9-a078-f6919927e93e,2026-07-27T15:23:46.795176+00:00,IPFS,ipfs,ipns_resolve,1.385708004818298,SUCCESS
707a6258-22c8-4bd9-a078-f6919927e93e,2026-07-27T15:23:46.796350+00:00,IPFS,ipfs,ipfs_cat_json,1.1076250084443018,SUCCESS
707a6258-22c8-4bd9-a078-f6919927e93e,2026-07-27T15:23:46.797767+00:00,IPFS,ipfs,ipns_resolve,1.0960419895127416,SUCCESS
707a6258-22c8-4bd9-a078-f6919927e93e,2026-07-27T15:23:46.798748+00:00,IPFS,ipfs,ipfs_cat_json,0.9197920007864013,SUCCESS
707a6258-22c8-4bd9-a078-f6919927e93e,2026-07-27T15:23:46.799685+00:00,IPFS,ipfs,ipns_resolve,0.6377090030582622,SUCCESS
707a6258-22c8-4bd9-a078-f6919927e93e,2026-07-27T15:23:46.800260+00:00,IPFS,ipfs,ipfs_cat_json,0.5185839982004836,SUCCESS
707a6258-22c8-4bd9-a078-f6919927e93e,2026-07-27T15:23:46.802942+00:00,IPFS,tampering,tampering_check,11.838584003271535,SUCCESS
707a6258-22c8-4bd9-a078-f6919927e93e,2026-07-27T15:23:46.803078+00:00,IPFS,summary,total_flow,223972.3237920116,SUCCESS
9195b5f0-7dd9-40ab-b732-bb776ee3b98b,2026-07-27T15:23:47.036981+00:00,IPFS,startup,initialize_store,0.1128330040955916,SUCCESS
9195b5f0-7dd9-40ab-b732-bb776ee3b98b,2026-07-27T15:23:47.042756+00:00,IPFS,startup,generate_identity_cp,5.42945800407324,SUCCESS
9195b5f0-7dd9-40ab-b732-bb776ee3b98b,2026-07-27T15:23:47.043015+00:00,IPFS,startup,generate_identity_sp,0.20154200319666415,SUCCESS
9195b5f0-7dd9-40ab-b732-bb776ee3b98b,2026-07-27T15:23:47.043236+00:00,IPFS,startup,generate_identity_c1,0.18200000340584666,SUCCESS
9195b5f0-7dd9-40ab-b732-bb776ee3b98b,2026-07-27T15:23:47.043438+00:00,IPFS,startup,generate_identity_s1,0.16900000628083944,SUCCESS
9195b5f0-7dd9-40ab-b732-bb776ee3b98b,2026-07-27T15:23:47.095197+00:00,IPFS,ipfs,ipfs_key_gen,0.9918339928844944,SUCCESS
9195b5f0-7dd9-40ab-b732-bb776ee3b98b,2026-07-27T15:23:47.125966+00:00,IPFS,ipfs,ipfs_add_json,29.42450001137331,SUCCESS
9195b5f0-7dd9-40ab-b732-bb776ee3b98b,2026-07-27T15:24:00.053217+00:00,IPFS,ipfs,ipns_publish,12925.443749991246,SUCCESS
9195b5f0-7dd9-40ab-b732-bb776ee3b98b,2026-07-27T15:24:00.055456+00:00,IPFS,publish,publish_identity_cp,13011.846042005345,SUCCESS
9195b5f0-7dd9-40ab-b732-bb776ee3b98b,2026-07-27T15:24:00.105794+00:00,IPFS,ipfs,ipfs_key_gen,1.9745419995160773,SUCCESS
9195b5f0-7dd9-40ab-b732-bb776ee3b98b,2026-07-27T15:24:00.136124+00:00,IPFS,ipfs,ipfs_add_json,25.785999998333864,SUCCESS
9195b5f0-7dd9-40ab-b732-bb776ee3b98b,2026-07-27T15:24:10.035347+00:00,IPFS,ipfs,ipns_publish,9897.936458000913,SUCCESS
9195b5f0-7dd9-40ab-b732-bb776ee3b98b,2026-07-27T15:24:10.040117+00:00,IPFS,publish,publish_identity_sp,9984.125040995423,SUCCESS
9195b5f0-7dd9-40ab-b732-bb776ee3b98b,2026-07-27T15:24:10.100860+00:00,IPFS,ipfs,ipfs_key_gen,2.6482499961275607,SUCCESS
9195b5f0-7dd9-40ab-b732-bb776ee3b98b,2026-07-27T15:24:10.124448+00:00,IPFS,ipfs,ipfs_add_json,20.871000000624917,SUCCESS
9195b5f0-7dd9-40ab-b732-bb776ee3b98b,2026-07-27T15:24:49.206758+00:00,IPFS,ipfs,ipns_publish,39080.92429098906,SUCCESS
9195b5f0-7dd9-40ab-b732-bb776ee3b98b,2026-07-27T15:24:49.211693+00:00,IPFS,publish,publish_identity_c1,39170.98712499137,SUCCESS
9195b5f0-7dd9-40ab-b732-bb776ee3b98b,2026-07-27T15:24:49.329341+00:00,IPFS,ipfs,ipfs_key_gen,1.0305000032531098,SUCCESS
9195b5f0-7dd9-40ab-b732-bb776ee3b98b,2026-07-27T15:24:49.373780+00:00,IPFS,ipfs,ipfs_add_json,42.44845799985342,SUCCESS
9195b5f0-7dd9-40ab-b732-bb776ee3b98b,2026-07-27T15:25:27.203121+00:00,IPFS,ipfs,ipns_publish,37827.91033299873,SUCCESS
9195b5f0-7dd9-40ab-b732-bb776ee3b98b,2026-07-27T15:25:27.206619+00:00,IPFS,publish,publish_identity_s1,37994.385749989306,SUCCESS
9195b5f0-7dd9-40ab-b732-bb776ee3b98b,2026-07-27T15:25:27.262844+00:00,IPFS,ipfs,ipfs_key_gen,1.4423329994315282,SUCCESS
9195b5f0-7dd9-40ab-b732-bb776ee3b98b,2026-07-27T15:25:27.303813+00:00,IPFS,ipfs,ipfs_add_json,38.150541004142724,SUCCESS
9195b5f0-7dd9-40ab-b732-bb776ee3b98b,2026-07-27T15:25:35.655433+00:00,IPFS,ipfs,ipns_publish,8348.177624997334,SUCCESS
9195b5f0-7dd9-40ab-b732-bb776ee3b98b,2026-07-27T15:25:35.659832+00:00,IPFS,publish,publish_service_metadata,8452.809916998376,SUCCESS
9195b5f0-7dd9-40ab-b732-bb776ee3b98b,2026-07-27T15:25:35.728472+00:00,IPFS,ipfs,ipfs_key_gen,1.3911669957451522,SUCCESS
9195b5f0-7dd9-40ab-b732-bb776ee3b98b,2026-07-27T15:25:35.758991+00:00,IPFS,ipfs,ipfs_add_json,21.834375002072193,SUCCESS
9195b5f0-7dd9-40ab-b732-bb776ee3b98b,2026-07-27T15:25:54.376366+00:00,IPFS,ipfs,ipns_publish,18615.780082996935,SUCCESS
9195b5f0-7dd9-40ab-b732-bb776ee3b98b,2026-07-27T15:25:54.381593+00:00,IPFS,publish,publish_provider_registry,18721.33745800238,SUCCESS
9195b5f0-7dd9-40ab-b732-bb776ee3b98b,2026-07-27T15:25:54.387190+00:00,IPFS,ipfs,ipns_resolve,5.192374999751337,SUCCESS
9195b5f0-7dd9-40ab-b732-bb776ee3b98b,2026-07-27T15:25:54.390006+00:00,IPFS,ipfs,ipfs_cat_json,2.526625001337379,SUCCESS
9195b5f0-7dd9-40ab-b732-bb776ee3b98b,2026-07-27T15:25:54.397239+00:00,IPFS,ipfs,ipns_resolve,1.419124993844889,SUCCESS
9195b5f0-7dd9-40ab-b732-bb776ee3b98b,2026-07-27T15:25:54.398369+00:00,IPFS,ipfs,ipfs_cat_json,0.9474589896854013,SUCCESS
9195b5f0-7dd9-40ab-b732-bb776ee3b98b,2026-07-27T15:25:54.400810+00:00,IPFS,ipfs,ipns_resolve,1.5093749971129,SUCCESS
9195b5f0-7dd9-40ab-b732-bb776ee3b98b,2026-07-27T15:25:54.401847+00:00,IPFS,ipfs,ipfs_cat_json,0.9301249956479296,SUCCESS
9195b5f0-7dd9-40ab-b732-bb776ee3b98b,2026-07-27T15:25:54.402467+00:00,IPFS,discovery,broker_discovery,20.66325000487268,SUCCESS
9195b5f0-7dd9-40ab-b732-bb776ee3b98b,2026-07-27T15:25:54.402974+00:00,IPFS,dap,dap_create_capability,0.4445409867912531,SUCCESS
9195b5f0-7dd9-40ab-b732-bb776ee3b98b,2026-07-27T15:25:54.416082+00:00,IPFS,dap,dap_encrypt_enc_cap,12.94908398995176,SUCCESS
9195b5f0-7dd9-40ab-b732-bb776ee3b98b,2026-07-27T15:25:54.416335+00:00,IPFS,idap,client_session_init,0.11216700659133494,SUCCESS
9195b5f0-7dd9-40ab-b732-bb776ee3b98b,2026-07-27T15:25:54.416392+00:00,IPFS,idap,client_ephemeral_public_key,0.003665991243906319,SUCCESS
9195b5f0-7dd9-40ab-b732-bb776ee3b98b,2026-07-27T15:25:54.416651+00:00,IPFS,idap,client_request_sign,0.21341700630728155,SUCCESS
9195b5f0-7dd9-40ab-b732-bb776ee3b98b,2026-07-27T15:25:54.416700+00:00,IPFS,idap,canonical_request_payload,0.009625000529922545,SUCCESS
9195b5f0-7dd9-40ab-b732-bb776ee3b98b,2026-07-27T15:25:54.418316+00:00,IPFS,ipfs,ipns_resolve,1.2384169967845082,SUCCESS
9195b5f0-7dd9-40ab-b732-bb776ee3b98b,2026-07-27T15:25:54.419318+00:00,IPFS,ipfs,ipfs_cat_json,0.9082500037038699,SUCCESS
9195b5f0-7dd9-40ab-b732-bb776ee3b98b,2026-07-27T15:25:54.420549+00:00,IPFS,ipfs,ipns_resolve,0.8613329991931096,SUCCESS
9195b5f0-7dd9-40ab-b732-bb776ee3b98b,2026-07-27T15:25:54.421145+00:00,IPFS,ipfs,ipfs_cat_json,0.5195419944357127,SUCCESS
9195b5f0-7dd9-40ab-b732-bb776ee3b98b,2026-07-27T15:25:54.423318+00:00,IPFS,ipfs,ipns_resolve,1.8217920005554333,SUCCESS
9195b5f0-7dd9-40ab-b732-bb776ee3b98b,2026-07-27T15:25:54.424188+00:00,IPFS,ipfs,ipfs_cat_json,0.7999579975148663,SUCCESS
9195b5f0-7dd9-40ab-b732-bb776ee3b98b,2026-07-27T15:25:54.425326+00:00,IPFS,ipfs,ipns_resolve,0.8197500137612224,SUCCESS
9195b5f0-7dd9-40ab-b732-bb776ee3b98b,2026-07-27T15:25:54.426076+00:00,IPFS,ipfs,ipfs_cat_json,0.6872499943710864,SUCCESS
9195b5f0-7dd9-40ab-b732-bb776ee3b98b,2026-07-27T15:25:54.427721+00:00,IPFS,idap,idap_authorize,10.971499999868684,SUCCESS
9195b5f0-7dd9-40ab-b732-bb776ee3b98b,2026-07-27T15:25:54.429145+00:00,IPFS,ipfs,ipns_resolve,1.0003750066971406,SUCCESS
9195b5f0-7dd9-40ab-b732-bb776ee3b98b,2026-07-27T15:25:54.429678+00:00,IPFS,ipfs,ipfs_cat_json,0.4596660000970587,SUCCESS
9195b5f0-7dd9-40ab-b732-bb776ee3b98b,2026-07-27T15:25:54.431053+00:00,IPFS,ipfs,ipns_resolve,1.0970000002998859,SUCCESS
9195b5f0-7dd9-40ab-b732-bb776ee3b98b,2026-07-27T15:25:54.431585+00:00,IPFS,ipfs,ipfs_cat_json,0.48720798804424703,SUCCESS
9195b5f0-7dd9-40ab-b732-bb776ee3b98b,2026-07-27T15:25:54.432485+00:00,IPFS,ipfs,ipns_resolve,0.6294170016190037,SUCCESS
9195b5f0-7dd9-40ab-b732-bb776ee3b98b,2026-07-27T15:25:54.433374+00:00,IPFS,ipfs,ipfs_cat_json,0.49608400149736553,SUCCESS
9195b5f0-7dd9-40ab-b732-bb776ee3b98b,2026-07-27T15:25:54.434310+00:00,IPFS,ipfs,ipns_resolve,0.6540830072481185,SUCCESS
9195b5f0-7dd9-40ab-b732-bb776ee3b98b,2026-07-27T15:25:54.434789+00:00,IPFS,ipfs,ipfs_cat_json,0.43162499787285924,SUCCESS
9195b5f0-7dd9-40ab-b732-bb776ee3b98b,2026-07-27T15:25:54.435673+00:00,IPFS,idap,idap_replay_check,7.89420900400728,SUCCESS
9195b5f0-7dd9-40ab-b732-bb776ee3b98b,2026-07-27T15:25:54.437216+00:00,IPFS,ipfs,ipns_resolve,1.4891249884385616,SUCCESS
9195b5f0-7dd9-40ab-b732-bb776ee3b98b,2026-07-27T15:25:54.438444+00:00,IPFS,ipfs,ipfs_cat_json,1.1850420123664662,SUCCESS
9195b5f0-7dd9-40ab-b732-bb776ee3b98b,2026-07-27T15:25:54.438701+00:00,IPFS,idap,resolve_service_public_key,2.980874996865168,SUCCESS
9195b5f0-7dd9-40ab-b732-bb776ee3b98b,2026-07-27T15:25:54.438996+00:00,IPFS,idap,compute_transcript,0.010458999895490706,SUCCESS
9195b5f0-7dd9-40ab-b732-bb776ee3b98b,2026-07-27T15:25:54.439229+00:00,IPFS,idap,transcript_verify,0.1990000018849969,SUCCESS
9195b5f0-7dd9-40ab-b732-bb776ee3b98b,2026-07-27T15:25:54.439429+00:00,IPFS,idap,client_shared_secret_derivation,0.1618329988559708,SUCCESS
9195b5f0-7dd9-40ab-b732-bb776ee3b98b,2026-07-27T15:25:54.439537+00:00,IPFS,idap,client_session_key_derivation,0.06966599903535098,SUCCESS
9195b5f0-7dd9-40ab-b732-bb776ee3b98b,2026-07-27T15:25:54.439600+00:00,IPFS,crypto,encrypt_message,0.019207989680580795,SUCCESS
9195b5f0-7dd9-40ab-b732-bb776ee3b98b,2026-07-27T15:25:54.439651+00:00,IPFS,crypto,decrypt_message,0.0051670067477971315,SUCCESS
9195b5f0-7dd9-40ab-b732-bb776ee3b98b,2026-07-27T15:25:54.439891+00:00,IPFS,tampering,tampered_request_sign,0.18862499564420432,SUCCESS
9195b5f0-7dd9-40ab-b732-bb776ee3b98b,2026-07-27T15:25:54.441367+00:00,IPFS,ipfs,ipns_resolve,1.164082990726456,SUCCESS
9195b5f0-7dd9-40ab-b732-bb776ee3b98b,2026-07-27T15:25:54.442008+00:00,IPFS,ipfs,ipfs_cat_json,0.5732499994337559,SUCCESS
9195b5f0-7dd9-40ab-b732-bb776ee3b98b,2026-07-27T15:25:54.443135+00:00,IPFS,ipfs,ipns_resolve,0.818915999843739,SUCCESS
9195b5f0-7dd9-40ab-b732-bb776ee3b98b,2026-07-27T15:25:54.443685+00:00,IPFS,ipfs,ipfs_cat_json,0.4976659984095022,SUCCESS
9195b5f0-7dd9-40ab-b732-bb776ee3b98b,2026-07-27T15:25:54.444718+00:00,IPFS,ipfs,ipns_resolve,0.760292008635588,SUCCESS
9195b5f0-7dd9-40ab-b732-bb776ee3b98b,2026-07-27T15:25:54.445211+00:00,IPFS,ipfs,ipfs_cat_json,0.44387500383891165,SUCCESS
9195b5f0-7dd9-40ab-b732-bb776ee3b98b,2026-07-27T15:25:54.446511+00:00,IPFS,ipfs,ipns_resolve,1.014333000057377,SUCCESS
9195b5f0-7dd9-40ab-b732-bb776ee3b98b,2026-07-27T15:25:54.447058+00:00,IPFS,ipfs,ipfs_cat_json,0.4936250043101609,SUCCESS
9195b5f0-7dd9-40ab-b732-bb776ee3b98b,2026-07-27T15:25:54.447952+00:00,IPFS,tampering,tampering_check,8.015958999749273,SUCCESS
9195b5f0-7dd9-40ab-b732-bb776ee3b98b,2026-07-27T15:25:54.447996+00:00,IPFS,summary,total_flow,127410.84329099976,SUCCESS
71343fd6-9188-4d4e-a750-c86b6f20bfb6,2026-07-27T15:25:54.655354+00:00,IPFS,startup,initialize_store,0.11062499834224582,SUCCESS
71343fd6-9188-4d4e-a750-c86b6f20bfb6,2026-07-27T15:25:54.660779+00:00,IPFS,startup,generate_identity_cp,5.101249989820644,SUCCESS
71343fd6-9188-4d4e-a750-c86b6f20bfb6,2026-07-27T15:25:54.661033+00:00,IPFS,startup,generate_identity_sp,0.19191698811482638,SUCCESS
71343fd6-9188-4d4e-a750-c86b6f20bfb6,2026-07-27T15:25:54.661245+00:00,IPFS,startup,generate_identity_c1,0.1731249940348789,SUCCESS
71343fd6-9188-4d4e-a750-c86b6f20bfb6,2026-07-27T15:25:54.661450+00:00,IPFS,startup,generate_identity_s1,0.16924999363254756,SUCCESS
71343fd6-9188-4d4e-a750-c86b6f20bfb6,2026-07-27T15:25:54.703867+00:00,IPFS,ipfs,ipfs_key_gen,0.6471249944297597,SUCCESS
71343fd6-9188-4d4e-a750-c86b6f20bfb6,2026-07-27T15:25:54.733649+00:00,IPFS,ipfs,ipfs_add_json,28.534750003018416,SUCCESS
71343fd6-9188-4d4e-a750-c86b6f20bfb6,2026-07-27T15:26:43.776792+00:00,IPFS,ipfs,ipns_publish,49041.84170800727,SUCCESS
71343fd6-9188-4d4e-a750-c86b6f20bfb6,2026-07-27T15:26:43.782934+00:00,IPFS,publish,publish_identity_cp,49121.0565839865,SUCCESS
71343fd6-9188-4d4e-a750-c86b6f20bfb6,2026-07-27T15:26:43.857740+00:00,IPFS,ipfs,ipfs_key_gen,1.5096249990165234,SUCCESS
71343fd6-9188-4d4e-a750-c86b6f20bfb6,2026-07-27T15:26:43.891707+00:00,IPFS,ipfs,ipfs_add_json,30.95620800741017,SUCCESS
71343fd6-9188-4d4e-a750-c86b6f20bfb6,2026-07-27T15:26:51.089056+00:00,IPFS,ipfs,ipns_publish,7196.449417009717,SUCCESS
71343fd6-9188-4d4e-a750-c86b6f20bfb6,2026-07-27T15:26:51.091920+00:00,IPFS,publish,publish_identity_sp,7308.12945899379,SUCCESS
71343fd6-9188-4d4e-a750-c86b6f20bfb6,2026-07-27T15:26:51.142908+00:00,IPFS,ipfs,ipfs_key_gen,1.0725829924922436,SUCCESS
71343fd6-9188-4d4e-a750-c86b6f20bfb6,2026-07-27T15:26:51.165516+00:00,IPFS,ipfs,ipfs_add_json,20.99050000833813,SUCCESS
71343fd6-9188-4d4e-a750-c86b6f20bfb6,2026-07-27T15:28:12.189279+00:00,IPFS,ipfs,ipns_publish,81021.75675000763,SUCCESS
71343fd6-9188-4d4e-a750-c86b6f20bfb6,2026-07-27T15:28:12.193359+00:00,IPFS,publish,publish_identity_c1,81100.91987499618,SUCCESS
71343fd6-9188-4d4e-a750-c86b6f20bfb6,2026-07-27T15:28:12.256302+00:00,IPFS,ipfs,ipfs_key_gen,1.131458004238084,SUCCESS
71343fd6-9188-4d4e-a750-c86b6f20bfb6,2026-07-27T15:28:12.295672+00:00,IPFS,ipfs,ipfs_add_json,29.68541599693708,SUCCESS
71343fd6-9188-4d4e-a750-c86b6f20bfb6,2026-07-27T15:28:29.634892+00:00,IPFS,ipfs,ipns_publish,17327.01962500869,SUCCESS
71343fd6-9188-4d4e-a750-c86b6f20bfb6,2026-07-27T15:28:29.640474+00:00,IPFS,publish,publish_identity_s1,17446.409833006328,SUCCESS
71343fd6-9188-4d4e-a750-c86b6f20bfb6,2026-07-27T15:28:29.712378+00:00,IPFS,ipfs,ipfs_key_gen,4.599874999257736,SUCCESS
71343fd6-9188-4d4e-a750-c86b6f20bfb6,2026-07-27T15:28:29.737447+00:00,IPFS,ipfs,ipfs_add_json,20.554332993924618,SUCCESS
71343fd6-9188-4d4e-a750-c86b6f20bfb6,2026-07-27T15:28:40.234069+00:00,IPFS,ipfs,ipns_publish,10495.161749990075,SUCCESS
71343fd6-9188-4d4e-a750-c86b6f20bfb6,2026-07-27T15:28:40.240707+00:00,IPFS,publish,publish_service_metadata,10599.45041598985,SUCCESS
71343fd6-9188-4d4e-a750-c86b6f20bfb6,2026-07-27T15:28:40.307688+00:00,IPFS,ipfs,ipfs_key_gen,1.1517089878907427,SUCCESS
71343fd6-9188-4d4e-a750-c86b6f20bfb6,2026-07-27T15:28:40.328593+00:00,IPFS,ipfs,ipfs_add_json,19.472250001854263,SUCCESS
71343fd6-9188-4d4e-a750-c86b6f20bfb6,2026-07-27T15:28:52.049837+00:00,IPFS,ipfs,ipns_publish,11719.635750007,SUCCESS
71343fd6-9188-4d4e-a750-c86b6f20bfb6,2026-07-27T15:28:52.056378+00:00,IPFS,publish,publish_provider_registry,11814.908667001873,SUCCESS
71343fd6-9188-4d4e-a750-c86b6f20bfb6,2026-07-27T15:28:52.064598+00:00,IPFS,ipfs,ipns_resolve,7.242166990181431,SUCCESS
71343fd6-9188-4d4e-a750-c86b6f20bfb6,2026-07-27T15:28:52.069118+00:00,IPFS,ipfs,ipfs_cat_json,3.877250012010336,SUCCESS
71343fd6-9188-4d4e-a750-c86b6f20bfb6,2026-07-27T15:28:52.078794+00:00,IPFS,ipfs,ipns_resolve,1.986625007702969,SUCCESS
71343fd6-9188-4d4e-a750-c86b6f20bfb6,2026-07-27T15:28:52.080420+00:00,IPFS,ipfs,ipfs_cat_json,1.3283339940244332,SUCCESS
71343fd6-9188-4d4e-a750-c86b6f20bfb6,2026-07-27T15:28:52.082705+00:00,IPFS,ipfs,ipns_resolve,1.3939999917056412,SUCCESS
71343fd6-9188-4d4e-a750-c86b6f20bfb6,2026-07-27T15:28:52.083997+00:00,IPFS,ipfs,ipfs_cat_json,1.1464590061223134,SUCCESS
71343fd6-9188-4d4e-a750-c86b6f20bfb6,2026-07-27T15:28:52.084965+00:00,IPFS,discovery,broker_discovery,28.127249999670312,SUCCESS
71343fd6-9188-4d4e-a750-c86b6f20bfb6,2026-07-27T15:28:52.085875+00:00,IPFS,dap,dap_create_capability,0.8024579874472693,SUCCESS
71343fd6-9188-4d4e-a750-c86b6f20bfb6,2026-07-27T15:28:52.098213+00:00,IPFS,dap,dap_encrypt_enc_cap,12.154750002082437,SUCCESS
71343fd6-9188-4d4e-a750-c86b6f20bfb6,2026-07-27T15:28:52.098555+00:00,IPFS,idap,client_session_init,0.16758400306571275,SUCCESS
71343fd6-9188-4d4e-a750-c86b6f20bfb6,2026-07-27T15:28:52.098645+00:00,IPFS,idap,client_ephemeral_public_key,0.005875001079402864,SUCCESS
71343fd6-9188-4d4e-a750-c86b6f20bfb6,2026-07-27T15:28:52.099056+00:00,IPFS,idap,client_request_sign,0.34058399614878,SUCCESS
71343fd6-9188-4d4e-a750-c86b6f20bfb6,2026-07-27T15:28:52.099140+00:00,IPFS,idap,canonical_request_payload,0.018042002920992672,SUCCESS
71343fd6-9188-4d4e-a750-c86b6f20bfb6,2026-07-27T15:28:52.101383+00:00,IPFS,ipfs,ipns_resolve,1.6363749891752377,SUCCESS
71343fd6-9188-4d4e-a750-c86b6f20bfb6,2026-07-27T15:28:52.102518+00:00,IPFS,ipfs,ipfs_cat_json,1.0420829930808395,SUCCESS
71343fd6-9188-4d4e-a750-c86b6f20bfb6,2026-07-27T15:28:52.104595+00:00,IPFS,ipfs,ipns_resolve,1.5439160051755607,SUCCESS
71343fd6-9188-4d4e-a750-c86b6f20bfb6,2026-07-27T15:28:52.105524+00:00,IPFS,ipfs,ipfs_cat_json,0.80320899724029,SUCCESS
71343fd6-9188-4d4e-a750-c86b6f20bfb6,2026-07-27T15:28:52.107166+00:00,IPFS,ipfs,ipns_resolve,1.1882090038852766,SUCCESS
71343fd6-9188-4d4e-a750-c86b6f20bfb6,2026-07-27T15:28:52.115868+00:00,IPFS,ipfs,ipfs_cat_json,8.544790995074436,SUCCESS
71343fd6-9188-4d4e-a750-c86b6f20bfb6,2026-07-27T15:28:52.126446+00:00,IPFS,ipfs,ipns_resolve,9.826292007346638,SUCCESS
71343fd6-9188-4d4e-a750-c86b6f20bfb6,2026-07-27T15:28:52.129536+00:00,IPFS,ipfs,ipfs_cat_json,2.7033750084228814,SUCCESS
71343fd6-9188-4d4e-a750-c86b6f20bfb6,2026-07-27T15:28:52.133898+00:00,IPFS,idap,idap_authorize,34.4846670050174,SUCCESS
71343fd6-9188-4d4e-a750-c86b6f20bfb6,2026-07-27T15:28:52.138915+00:00,IPFS,ipfs,ipns_resolve,3.9205409993883222,SUCCESS
71343fd6-9188-4d4e-a750-c86b6f20bfb6,2026-07-27T15:28:52.141960+00:00,IPFS,ipfs,ipfs_cat_json,2.5493330031167716,SUCCESS
71343fd6-9188-4d4e-a750-c86b6f20bfb6,2026-07-27T15:28:52.145001+00:00,IPFS,ipfs,ipns_resolve,2.38641700707376,SUCCESS
71343fd6-9188-4d4e-a750-c86b6f20bfb6,2026-07-27T15:28:52.147046+00:00,IPFS,ipfs,ipfs_cat_json,1.5557919978164136,SUCCESS
71343fd6-9188-4d4e-a750-c86b6f20bfb6,2026-07-27T15:28:52.152335+00:00,IPFS,ipfs,ipns_resolve,4.3731670011766255,SUCCESS
71343fd6-9188-4d4e-a750-c86b6f20bfb6,2026-07-27T15:28:52.153996+00:00,IPFS,ipfs,ipfs_cat_json,1.5140000032261014,SUCCESS
71343fd6-9188-4d4e-a750-c86b6f20bfb6,2026-07-27T15:28:52.158304+00:00,IPFS,ipfs,ipns_resolve,3.0922079895390198,SUCCESS
71343fd6-9188-4d4e-a750-c86b6f20bfb6,2026-07-27T15:28:52.159686+00:00,IPFS,ipfs,ipfs_cat_json,1.2351670011412352,SUCCESS
71343fd6-9188-4d4e-a750-c86b6f20bfb6,2026-07-27T15:28:52.161800+00:00,IPFS,idap,idap_replay_check,27.497582996147685,SUCCESS
71343fd6-9188-4d4e-a750-c86b6f20bfb6,2026-07-27T15:28:52.165065+00:00,IPFS,ipfs,ipns_resolve,2.971875001094304,SUCCESS
71343fd6-9188-4d4e-a750-c86b6f20bfb6,2026-07-27T15:28:52.166422+00:00,IPFS,ipfs,ipfs_cat_json,1.1759170010918751,SUCCESS
71343fd6-9188-4d4e-a750-c86b6f20bfb6,2026-07-27T15:28:52.167477+00:00,IPFS,idap,resolve_service_public_key,5.342749995179474,SUCCESS
71343fd6-9188-4d4e-a750-c86b6f20bfb6,2026-07-27T15:28:52.167735+00:00,IPFS,idap,compute_transcript,0.039709004340693355,SUCCESS
71343fd6-9188-4d4e-a750-c86b6f20bfb6,2026-07-27T15:28:52.168311+00:00,IPFS,idap,transcript_verify,0.42725000821519643,SUCCESS
71343fd6-9188-4d4e-a750-c86b6f20bfb6,2026-07-27T15:28:52.168565+00:00,IPFS,idap,client_shared_secret_derivation,0.17141700664069504,SUCCESS
71343fd6-9188-4d4e-a750-c86b6f20bfb6,2026-07-27T15:28:52.168655+00:00,IPFS,idap,client_session_key_derivation,0.03649998689070344,SUCCESS
71343fd6-9188-4d4e-a750-c86b6f20bfb6,2026-07-27T15:28:52.168754+00:00,IPFS,crypto,encrypt_message,0.041749997762963176,SUCCESS
71343fd6-9188-4d4e-a750-c86b6f20bfb6,2026-07-27T15:28:52.168805+00:00,IPFS,crypto,decrypt_message,0.006582995411008596,SUCCESS
71343fd6-9188-4d4e-a750-c86b6f20bfb6,2026-07-27T15:28:52.169092+00:00,IPFS,tampering,tampered_request_sign,0.21133299742359668,SUCCESS
71343fd6-9188-4d4e-a750-c86b6f20bfb6,2026-07-27T15:28:52.172037+00:00,IPFS,ipfs,ipns_resolve,2.390583002124913,SUCCESS
71343fd6-9188-4d4e-a750-c86b6f20bfb6,2026-07-27T15:28:52.173528+00:00,IPFS,ipfs,ipfs_cat_json,1.2087079958291724,SUCCESS
71343fd6-9188-4d4e-a750-c86b6f20bfb6,2026-07-27T15:28:52.175137+00:00,IPFS,ipfs,ipns_resolve,1.153083998360671,SUCCESS
71343fd6-9188-4d4e-a750-c86b6f20bfb6,2026-07-27T15:28:52.175956+00:00,IPFS,ipfs,ipfs_cat_json,0.7461660134140402,SUCCESS
71343fd6-9188-4d4e-a750-c86b6f20bfb6,2026-07-27T15:28:52.177144+00:00,IPFS,ipfs,ipns_resolve,0.8620830049039796,SUCCESS
71343fd6-9188-4d4e-a750-c86b6f20bfb6,2026-07-27T15:28:52.177719+00:00,IPFS,ipfs,ipfs_cat_json,0.4915839963359758,SUCCESS
71343fd6-9188-4d4e-a750-c86b6f20bfb6,2026-07-27T15:28:52.180431+00:00,IPFS,ipfs,ipns_resolve,2.2379580041160807,SUCCESS
71343fd6-9188-4d4e-a750-c86b6f20bfb6,2026-07-27T15:28:52.181190+00:00,IPFS,ipfs,ipfs_cat_json,0.5671669932780787,SUCCESS
71343fd6-9188-4d4e-a750-c86b6f20bfb6,2026-07-27T15:28:52.182183+00:00,IPFS,tampering,tampering_check,13.024125000811182,SUCCESS
71343fd6-9188-4d4e-a750-c86b6f20bfb6,2026-07-27T15:28:52.182241+00:00,IPFS,summary,total_flow,177526.57783399627,SUCCESS
2ae79a24-e670-46cf-a14d-744387249631,2026-07-27T15:28:52.395475+00:00,IPFS,startup,initialize_store,0.1493749878136441,SUCCESS
2ae79a24-e670-46cf-a14d-744387249631,2026-07-27T15:28:52.401404+00:00,IPFS,startup,generate_identity_cp,5.579582997597754,SUCCESS
2ae79a24-e670-46cf-a14d-744387249631,2026-07-27T15:28:52.401637+00:00,IPFS,startup,generate_identity_sp,0.18491700757294893,SUCCESS
2ae79a24-e670-46cf-a14d-744387249631,2026-07-27T15:28:52.401847+00:00,IPFS,startup,generate_identity_c1,0.17337499593850225,SUCCESS
2ae79a24-e670-46cf-a14d-744387249631,2026-07-27T15:28:52.402049+00:00,IPFS,startup,generate_identity_s1,0.1698749983916059,SUCCESS
2ae79a24-e670-46cf-a14d-744387249631,2026-07-27T15:28:52.444888+00:00,IPFS,ipfs,ipfs_key_gen,1.0102919914061204,SUCCESS
2ae79a24-e670-46cf-a14d-744387249631,2026-07-27T15:28:52.465089+00:00,IPFS,ipfs,ipfs_add_json,18.79650000773836,SUCCESS
2ae79a24-e670-46cf-a14d-744387249631,2026-07-27T15:29:54.036759+00:00,IPFS,ipfs,ipns_publish,61568.662874997244,SUCCESS
2ae79a24-e670-46cf-a14d-744387249631,2026-07-27T15:29:54.042296+00:00,IPFS,publish,publish_identity_cp,61639.842167001916,SUCCESS
2ae79a24-e670-46cf-a14d-744387249631,2026-07-27T15:29:54.112857+00:00,IPFS,ipfs,ipfs_key_gen,1.612207997823134,SUCCESS
2ae79a24-e670-46cf-a14d-744387249631,2026-07-27T15:29:54.159428+00:00,IPFS,ipfs,ipfs_add_json,33.3067920000758,SUCCESS
2ae79a24-e670-46cf-a14d-744387249631,2026-07-27T15:30:06.578134+00:00,IPFS,ipfs,ipns_publish,12441.877833000035,SUCCESS
2ae79a24-e670-46cf-a14d-744387249631,2026-07-27T15:30:06.582255+00:00,IPFS,publish,publish_identity_sp,12563.24049999239,SUCCESS
2ae79a24-e670-46cf-a14d-744387249631,2026-07-27T15:30:06.699404+00:00,IPFS,ipfs,ipfs_key_gen,1.189083995996043,SUCCESS
2ae79a24-e670-46cf-a14d-744387249631,2026-07-27T15:30:06.756381+00:00,IPFS,ipfs,ipfs_add_json,55.173458997160196,SUCCESS
2ae79a24-e670-46cf-a14d-744387249631,2026-07-27T15:31:00.438845+00:00,IPFS,ipfs,ipns_publish,53695.081500001834,SUCCESS
2ae79a24-e670-46cf-a14d-744387249631,2026-07-27T15:31:00.455642+00:00,IPFS,publish,publish_identity_c1,53881.62316699163,SUCCESS
2ae79a24-e670-46cf-a14d-744387249631,2026-07-27T15:31:00.552101+00:00,IPFS,ipfs,ipfs_key_gen,1.2652500008698553,SUCCESS
2ae79a24-e670-46cf-a14d-744387249631,2026-07-27T15:31:00.594124+00:00,IPFS,ipfs,ipfs_add_json,32.19212499971036,SUCCESS
2ae79a24-e670-46cf-a14d-744387249631,2026-07-27T15:31:13.075786+00:00,IPFS,ipfs,ipns_publish,12480.517042000429,SUCCESS
2ae79a24-e670-46cf-a14d-744387249631,2026-07-27T15:31:13.080032+00:00,IPFS,publish,publish_identity_s1,12614.603709007497,SUCCESS
2ae79a24-e670-46cf-a14d-744387249631,2026-07-27T15:31:13.155636+00:00,IPFS,ipfs,ipfs_key_gen,1.3963329984107986,SUCCESS
2ae79a24-e670-46cf-a14d-744387249631,2026-07-27T15:31:13.181314+00:00,IPFS,ipfs,ipfs_add_json,22.99437500187196,SUCCESS
2ae79a24-e670-46cf-a14d-744387249631,2026-07-27T15:31:32.133852+00:00,IPFS,ipfs,ipns_publish,18951.312834004057,SUCCESS
2ae79a24-e670-46cf-a14d-744387249631,2026-07-27T15:31:32.140072+00:00,IPFS,publish,publish_service_metadata,19059.86983299954,SUCCESS
2ae79a24-e670-46cf-a14d-744387249631,2026-07-27T15:31:32.216615+00:00,IPFS,ipfs,ipfs_key_gen,1.0710419883253053,SUCCESS
2ae79a24-e670-46cf-a14d-744387249631,2026-07-27T15:31:32.245406+00:00,IPFS,ipfs,ipfs_add_json,26.349249994382262,SUCCESS
2ae79a24-e670-46cf-a14d-744387249631,2026-07-27T15:31:49.159780+00:00,IPFS,ipfs,ipns_publish,16913.75604199129,SUCCESS
2ae79a24-e670-46cf-a14d-744387249631,2026-07-27T15:31:49.171091+00:00,IPFS,publish,publish_provider_registry,17030.674833004014,SUCCESS
2ae79a24-e670-46cf-a14d-744387249631,2026-07-27T15:31:49.178349+00:00,IPFS,ipfs,ipns_resolve,6.766874997993,SUCCESS
2ae79a24-e670-46cf-a14d-744387249631,2026-07-27T15:31:49.182269+00:00,IPFS,ipfs,ipfs_cat_json,3.279832992120646,SUCCESS
2ae79a24-e670-46cf-a14d-744387249631,2026-07-27T15:31:49.201973+00:00,IPFS,ipfs,ipns_resolve,9.021457997732796,SUCCESS
2ae79a24-e670-46cf-a14d-744387249631,2026-07-27T15:31:49.203641+00:00,IPFS,ipfs,ipfs_cat_json,1.4146660105325282,SUCCESS
2ae79a24-e670-46cf-a14d-744387249631,2026-07-27T15:31:49.205631+00:00,IPFS,ipfs,ipns_resolve,1.3296249962877482,SUCCESS
2ae79a24-e670-46cf-a14d-744387249631,2026-07-27T15:31:49.206568+00:00,IPFS,ipfs,ipfs_cat_json,0.8323329966515303,SUCCESS
2ae79a24-e670-46cf-a14d-744387249631,2026-07-27T15:31:49.207345+00:00,IPFS,discovery,broker_discovery,36.03633299644571,SUCCESS
2ae79a24-e670-46cf-a14d-744387249631,2026-07-27T15:31:49.208120+00:00,IPFS,dap,dap_create_capability,0.680665994877927,SUCCESS
2ae79a24-e670-46cf-a14d-744387249631,2026-07-27T15:31:49.217201+00:00,IPFS,dap,dap_encrypt_enc_cap,8.800000010523945,SUCCESS
2ae79a24-e670-46cf-a14d-744387249631,2026-07-27T15:31:49.217596+00:00,IPFS,idap,client_session_init,0.16691599739715457,SUCCESS
2ae79a24-e670-46cf-a14d-744387249631,2026-07-27T15:31:49.217678+00:00,IPFS,idap,client_ephemeral_public_key,0.007499998901039362,SUCCESS
2ae79a24-e670-46cf-a14d-744387249631,2026-07-27T15:31:49.219294+00:00,IPFS,idap,client_request_sign,0.27291699370834976,SUCCESS
2ae79a24-e670-46cf-a14d-744387249631,2026-07-27T15:31:49.219383+00:00,IPFS,idap,canonical_request_payload,0.018584003555588424,SUCCESS
2ae79a24-e670-46cf-a14d-744387249631,2026-07-27T15:31:49.222099+00:00,IPFS,ipfs,ipns_resolve,2.1030829957453534,SUCCESS
2ae79a24-e670-46cf-a14d-744387249631,2026-07-27T15:31:49.225839+00:00,IPFS,ipfs,ipfs_cat_json,3.358458008733578,SUCCESS
2ae79a24-e670-46cf-a14d-744387249631,2026-07-27T15:31:49.230831+00:00,IPFS,ipfs,ipns_resolve,3.343415999552235,SUCCESS
2ae79a24-e670-46cf-a14d-744387249631,2026-07-27T15:31:49.231980+00:00,IPFS,ipfs,ipfs_cat_json,0.9766670118551701,SUCCESS
2ae79a24-e670-46cf-a14d-744387249631,2026-07-27T15:31:49.233622+00:00,IPFS,ipfs,ipns_resolve,1.1558330006664619,SUCCESS
2ae79a24-e670-46cf-a14d-744387249631,2026-07-27T15:31:49.234472+00:00,IPFS,ipfs,ipfs_cat_json,0.7345000049099326,SUCCESS
2ae79a24-e670-46cf-a14d-744387249631,2026-07-27T15:31:49.235948+00:00,IPFS,ipfs,ipns_resolve,1.0079169878736138,SUCCESS
2ae79a24-e670-46cf-a14d-744387249631,2026-07-27T15:31:49.237021+00:00,IPFS,ipfs,ipfs_cat_json,0.9852919902186841,SUCCESS
2ae79a24-e670-46cf-a14d-744387249631,2026-07-27T15:31:49.238810+00:00,IPFS,idap,idap_authorize,19.311791998916306,SUCCESS
2ae79a24-e670-46cf-a14d-744387249631,2026-07-27T15:31:49.240714+00:00,IPFS,ipfs,ipns_resolve,1.4553330111084506,SUCCESS
2ae79a24-e670-46cf-a14d-744387249631,2026-07-27T15:31:49.242080+00:00,IPFS,ipfs,ipfs_cat_json,1.2604579969774932,SUCCESS
2ae79a24-e670-46cf-a14d-744387249631,2026-07-27T15:31:49.244509+00:00,IPFS,ipfs,ipns_resolve,1.8601250048959628,SUCCESS
2ae79a24-e670-46cf-a14d-744387249631,2026-07-27T15:31:49.245549+00:00,IPFS,ipfs,ipfs_cat_json,0.8989999914774671,SUCCESS
2ae79a24-e670-46cf-a14d-744387249631,2026-07-27T15:31:49.246985+00:00,IPFS,ipfs,ipns_resolve,1.0348750074626878,SUCCESS
2ae79a24-e670-46cf-a14d-744387249631,2026-07-27T15:31:49.248143+00:00,IPFS,ipfs,ipfs_cat_json,0.8452920010313392,SUCCESS
2ae79a24-e670-46cf-a14d-744387249631,2026-07-27T15:31:49.250185+00:00,IPFS,ipfs,ipns_resolve,1.6609580052318051,SUCCESS
2ae79a24-e670-46cf-a14d-744387249631,2026-07-27T15:31:49.251379+00:00,IPFS,ipfs,ipfs_cat_json,1.112415993702598,SUCCESS
2ae79a24-e670-46cf-a14d-744387249631,2026-07-27T15:31:49.252375+00:00,IPFS,idap,idap_replay_check,13.48366700403858,SUCCESS
2ae79a24-e670-46cf-a14d-744387249631,2026-07-27T15:31:49.254502+00:00,IPFS,ipfs,ipns_resolve,1.989124997635372,SUCCESS
2ae79a24-e670-46cf-a14d-744387249631,2026-07-27T15:31:49.255147+00:00,IPFS,ipfs,ipfs_cat_json,0.5423330003395677,SUCCESS
2ae79a24-e670-46cf-a14d-744387249631,2026-07-27T15:31:49.255453+00:00,IPFS,idap,resolve_service_public_key,3.025375001016073,SUCCESS
2ae79a24-e670-46cf-a14d-744387249631,2026-07-27T15:31:49.255505+00:00,IPFS,idap,compute_transcript,0.011083000572398305,SUCCESS
2ae79a24-e670-46cf-a14d-744387249631,2026-07-27T15:31:49.255799+00:00,IPFS,idap,transcript_verify,0.2574160025687888,SUCCESS
2ae79a24-e670-46cf-a14d-744387249631,2026-07-27T15:31:49.256028+00:00,IPFS,idap,client_shared_secret_derivation,0.16891599807422608,SUCCESS
2ae79a24-e670-46cf-a14d-744387249631,2026-07-27T15:31:49.256106+00:00,IPFS,idap,client_session_key_derivation,0.04270799399819225,SUCCESS
2ae79a24-e670-46cf-a14d-744387249631,2026-07-27T15:31:49.256175+00:00,IPFS,crypto,encrypt_message,0.024249995476566255,SUCCESS
2ae79a24-e670-46cf-a14d-744387249631,2026-07-27T15:31:49.256224+00:00,IPFS,crypto,decrypt_message,0.006208007107488811,SUCCESS
2ae79a24-e670-46cf-a14d-744387249631,2026-07-27T15:31:49.256484+00:00,IPFS,tampering,tampered_request_sign,0.2037499943980947,SUCCESS
2ae79a24-e670-46cf-a14d-744387249631,2026-07-27T15:31:49.258254+00:00,IPFS,ipfs,ipns_resolve,1.426666000043042,SUCCESS
2ae79a24-e670-46cf-a14d-744387249631,2026-07-27T15:31:49.260118+00:00,IPFS,ipfs,ipfs_cat_json,1.7978749965550378,SUCCESS
2ae79a24-e670-46cf-a14d-744387249631,2026-07-27T15:31:49.261168+00:00,IPFS,ipfs,ipns_resolve,0.7371670071734115,SUCCESS
2ae79a24-e670-46cf-a14d-744387249631,2026-07-27T15:31:49.261732+00:00,IPFS,ipfs,ipfs_cat_json,0.5014590133214369,SUCCESS
2ae79a24-e670-46cf-a14d-744387249631,2026-07-27T15:31:49.262733+00:00,IPFS,ipfs,ipns_resolve,0.6903750036144629,SUCCESS
2ae79a24-e670-46cf-a14d-744387249631,2026-07-27T15:31:49.263444+00:00,IPFS,ipfs,ipfs_cat_json,0.6539579917443916,SUCCESS
2ae79a24-e670-46cf-a14d-744387249631,2026-07-27T15:31:49.264486+00:00,IPFS,ipfs,ipns_resolve,0.7294579991139472,SUCCESS
2ae79a24-e670-46cf-a14d-744387249631,2026-07-27T15:31:49.264958+00:00,IPFS,ipfs,ipfs_cat_json,0.4219170077703893,SUCCESS
2ae79a24-e670-46cf-a14d-744387249631,2026-07-27T15:31:49.265889+00:00,IPFS,tampering,tampering_check,9.358666997286491,SUCCESS
2ae79a24-e670-46cf-a14d-744387249631,2026-07-27T15:31:49.265937+00:00,IPFS,summary,total_flow,176914.36987499765,SUCCESS
a077c7a0-561f-46d2-9fd7-730383da33e0,2026-07-27T15:31:49.483656+00:00,IPFS,startup,initialize_store,0.12595899170264602,SUCCESS
a077c7a0-561f-46d2-9fd7-730383da33e0,2026-07-27T15:31:49.488727+00:00,IPFS,startup,generate_identity_cp,4.745625003124587,SUCCESS
a077c7a0-561f-46d2-9fd7-730383da33e0,2026-07-27T15:31:49.488955+00:00,IPFS,startup,generate_identity_sp,0.18133400590159,SUCCESS
a077c7a0-561f-46d2-9fd7-730383da33e0,2026-07-27T15:31:49.489162+00:00,IPFS,startup,generate_identity_c1,0.1725409965729341,SUCCESS
a077c7a0-561f-46d2-9fd7-730383da33e0,2026-07-27T15:31:49.489364+00:00,IPFS,startup,generate_identity_s1,0.1703750021988526,SUCCESS
a077c7a0-561f-46d2-9fd7-730383da33e0,2026-07-27T15:31:49.528663+00:00,IPFS,ipfs,ipfs_key_gen,0.7061249925754964,SUCCESS
a077c7a0-561f-46d2-9fd7-730383da33e0,2026-07-27T15:31:49.555306+00:00,IPFS,ipfs,ipfs_add_json,25.42854199418798,SUCCESS
a077c7a0-561f-46d2-9fd7-730383da33e0,2026-07-27T15:31:53.490838+00:00,IPFS,ipfs,ipns_publish,3935.2543749992037,SUCCESS
a077c7a0-561f-46d2-9fd7-730383da33e0,2026-07-27T15:31:53.493578+00:00,IPFS,publish,publish_identity_cp,4003.984541996033,SUCCESS
a077c7a0-561f-46d2-9fd7-730383da33e0,2026-07-27T15:31:53.514928+00:00,IPFS,ipfs,ipfs_key_gen,1.693917001830414,SUCCESS
a077c7a0-561f-46d2-9fd7-730383da33e0,2026-07-27T15:31:53.537939+00:00,IPFS,ipfs,ipfs_add_json,20.56845799961593,SUCCESS
a077c7a0-561f-46d2-9fd7-730383da33e0,2026-07-27T15:32:50.917935+00:00,IPFS,ipfs,ipns_publish,57377.99883300613,SUCCESS
a077c7a0-561f-46d2-9fd7-730383da33e0,2026-07-27T15:32:50.921775+00:00,IPFS,publish,publish_identity_sp,57428.435249996255,SUCCESS
a077c7a0-561f-46d2-9fd7-730383da33e0,2026-07-27T15:32:50.996097+00:00,IPFS,ipfs,ipfs_key_gen,1.4223750040400773,SUCCESS
a077c7a0-561f-46d2-9fd7-730383da33e0,2026-07-27T15:32:51.046085+00:00,IPFS,ipfs,ipfs_add_json,40.51420900213998,SUCCESS
a077c7a0-561f-46d2-9fd7-730383da33e0,2026-07-27T15:32:56.868093+00:00,IPFS,ipfs,ipns_publish,5821.540499993716,SUCCESS
a077c7a0-561f-46d2-9fd7-730383da33e0,2026-07-27T15:32:56.871723+00:00,IPFS,publish,publish_identity_c1,5949.722749995999,SUCCESS
a077c7a0-561f-46d2-9fd7-730383da33e0,2026-07-27T15:32:56.939823+00:00,IPFS,ipfs,ipfs_key_gen,1.3887919922126457,SUCCESS
a077c7a0-561f-46d2-9fd7-730383da33e0,2026-07-27T15:32:56.965043+00:00,IPFS,ipfs,ipfs_add_json,23.510416998760775,SUCCESS
a077c7a0-561f-46d2-9fd7-730383da33e0,2026-07-27T15:33:44.833633+00:00,IPFS,ipfs,ipns_publish,47865.571708010975,SUCCESS
a077c7a0-561f-46d2-9fd7-730383da33e0,2026-07-27T15:33:44.844244+00:00,IPFS,publish,publish_identity_s1,47972.488208004506,SUCCESS
a077c7a0-561f-46d2-9fd7-730383da33e0,2026-07-27T15:33:44.912245+00:00,IPFS,ipfs,ipfs_key_gen,1.381374997436069,SUCCESS
a077c7a0-561f-46d2-9fd7-730383da33e0,2026-07-27T15:33:44.952063+00:00,IPFS,ipfs,ipfs_add_json,30.20616600406356,SUCCESS
a077c7a0-561f-46d2-9fd7-730383da33e0,2026-07-27T15:35:09.029065+00:00,IPFS,ipfs,ipns_publish,84073.54383300117,SUCCESS
a077c7a0-561f-46d2-9fd7-730383da33e0,2026-07-27T15:35:09.035005+00:00,IPFS,publish,publish_service_metadata,84191.21612500749,SUCCESS
a077c7a0-561f-46d2-9fd7-730383da33e0,2026-07-27T15:35:09.132506+00:00,IPFS,ipfs,ipfs_key_gen,1.665167001192458,SUCCESS
a077c7a0-561f-46d2-9fd7-730383da33e0,2026-07-27T15:35:09.178476+00:00,IPFS,ipfs,ipfs_add_json,33.17679099563975,SUCCESS
a077c7a0-561f-46d2-9fd7-730383da33e0,2026-07-27T15:35:33.632689+00:00,IPFS,ipfs,ipns_publish,24453.014999991865,SUCCESS
a077c7a0-561f-46d2-9fd7-730383da33e0,2026-07-27T15:35:33.644359+00:00,IPFS,publish,publish_provider_registry,24609.10391699872,SUCCESS
a077c7a0-561f-46d2-9fd7-730383da33e0,2026-07-27T15:35:33.651113+00:00,IPFS,ipfs,ipns_resolve,5.318915995303541,SUCCESS
a077c7a0-561f-46d2-9fd7-730383da33e0,2026-07-27T15:35:33.655136+00:00,IPFS,ipfs,ipfs_cat_json,3.5419999912846833,SUCCESS
a077c7a0-561f-46d2-9fd7-730383da33e0,2026-07-27T15:35:33.668987+00:00,IPFS,ipfs,ipns_resolve,2.9242920136312023,SUCCESS
a077c7a0-561f-46d2-9fd7-730383da33e0,2026-07-27T15:35:33.671414+00:00,IPFS,ipfs,ipfs_cat_json,1.9107499974779785,SUCCESS
a077c7a0-561f-46d2-9fd7-730383da33e0,2026-07-27T15:35:33.673871+00:00,IPFS,ipfs,ipns_resolve,1.5005000022938475,SUCCESS
a077c7a0-561f-46d2-9fd7-730383da33e0,2026-07-27T15:35:33.675407+00:00,IPFS,ipfs,ipfs_cat_json,1.3787500065518543,SUCCESS
a077c7a0-561f-46d2-9fd7-730383da33e0,2026-07-27T15:35:33.676805+00:00,IPFS,discovery,broker_discovery,31.33954199438449,SUCCESS
a077c7a0-561f-46d2-9fd7-730383da33e0,2026-07-27T15:35:33.677867+00:00,IPFS,dap,dap_create_capability,0.9304159902967513,SUCCESS
a077c7a0-561f-46d2-9fd7-730383da33e0,2026-07-27T15:35:33.691194+00:00,IPFS,dap,dap_encrypt_enc_cap,13.069041990092956,SUCCESS
a077c7a0-561f-46d2-9fd7-730383da33e0,2026-07-27T15:35:33.691669+00:00,IPFS,idap,client_session_init,0.19137500203214586,SUCCESS
a077c7a0-561f-46d2-9fd7-730383da33e0,2026-07-27T15:35:33.691758+00:00,IPFS,idap,client_ephemeral_public_key,0.007333001121878624,SUCCESS
a077c7a0-561f-46d2-9fd7-730383da33e0,2026-07-27T15:35:33.692193+00:00,IPFS,idap,client_request_sign,0.36016599915456027,SUCCESS
a077c7a0-561f-46d2-9fd7-730383da33e0,2026-07-27T15:35:33.692285+00:00,IPFS,idap,canonical_request_payload,0.01979200169444084,SUCCESS
a077c7a0-561f-46d2-9fd7-730383da33e0,2026-07-27T15:35:33.695227+00:00,IPFS,ipfs,ipns_resolve,2.234416999272071,SUCCESS
a077c7a0-561f-46d2-9fd7-730383da33e0,2026-07-27T15:35:33.696594+00:00,IPFS,ipfs,ipfs_cat_json,1.241417005076073,SUCCESS
a077c7a0-561f-46d2-9fd7-730383da33e0,2026-07-27T15:35:33.698639+00:00,IPFS,ipfs,ipns_resolve,1.4435000048251823,SUCCESS
a077c7a0-561f-46d2-9fd7-730383da33e0,2026-07-27T15:35:33.699540+00:00,IPFS,ipfs,ipfs_cat_json,0.7902919896878302,SUCCESS
a077c7a0-561f-46d2-9fd7-730383da33e0,2026-07-27T15:35:33.701110+00:00,IPFS,ipfs,ipns_resolve,1.02879099722486,SUCCESS
a077c7a0-561f-46d2-9fd7-730383da33e0,2026-07-27T15:35:33.702120+00:00,IPFS,ipfs,ipfs_cat_json,0.9299160010414198,SUCCESS
a077c7a0-561f-46d2-9fd7-730383da33e0,2026-07-27T15:35:33.703837+00:00,IPFS,ipfs,ipns_resolve,1.2417079997248948,SUCCESS
a077c7a0-561f-46d2-9fd7-730383da33e0,2026-07-27T15:35:33.706637+00:00,IPFS,ipfs,ipfs_cat_json,2.61970900464803,SUCCESS
a077c7a0-561f-46d2-9fd7-730383da33e0,2026-07-27T15:35:33.709904+00:00,IPFS,idap,idap_authorize,17.532333004055545,SUCCESS
a077c7a0-561f-46d2-9fd7-730383da33e0,2026-07-27T15:35:33.711572+00:00,IPFS,ipfs,ipns_resolve,1.0386669891886413,SUCCESS
a077c7a0-561f-46d2-9fd7-730383da33e0,2026-07-27T15:35:33.712264+00:00,IPFS,ipfs,ipfs_cat_json,0.6171250133775175,SUCCESS
a077c7a0-561f-46d2-9fd7-730383da33e0,2026-07-27T15:35:33.713905+00:00,IPFS,ipfs,ipns_resolve,1.170875009847805,SUCCESS
a077c7a0-561f-46d2-9fd7-730383da33e0,2026-07-27T15:35:33.714811+00:00,IPFS,ipfs,ipfs_cat_json,0.8115829987218603,SUCCESS
a077c7a0-561f-46d2-9fd7-730383da33e0,2026-07-27T15:35:33.717045+00:00,IPFS,ipfs,ipns_resolve,1.7392909940099344,SUCCESS
a077c7a0-561f-46d2-9fd7-730383da33e0,2026-07-27T15:35:33.718159+00:00,IPFS,ipfs,ipfs_cat_json,1.025000005029142,SUCCESS
a077c7a0-561f-46d2-9fd7-730383da33e0,2026-07-27T15:35:33.719477+00:00,IPFS,ipfs,ipns_resolve,0.8621669985586777,SUCCESS
a077c7a0-561f-46d2-9fd7-730383da33e0,2026-07-27T15:35:33.720100+00:00,IPFS,ipfs,ipfs_cat_json,0.5438340012915432,SUCCESS
a077c7a0-561f-46d2-9fd7-730383da33e0,2026-07-27T15:35:33.721562+00:00,IPFS,idap,idap_replay_check,11.574707998079248,SUCCESS
a077c7a0-561f-46d2-9fd7-730383da33e0,2026-07-27T15:35:33.722467+00:00,IPFS,ipfs,ipns_resolve,0.8345420064870268,SUCCESS
a077c7a0-561f-46d2-9fd7-730383da33e0,2026-07-27T15:35:33.723358+00:00,IPFS,ipfs,ipfs_cat_json,0.8285840012831613,SUCCESS
a077c7a0-561f-46d2-9fd7-730383da33e0,2026-07-27T15:35:33.723755+00:00,IPFS,idap,resolve_service_public_key,2.1290839940775186,SUCCESS
a077c7a0-561f-46d2-9fd7-730383da33e0,2026-07-27T15:35:33.723913+00:00,IPFS,idap,compute_transcript,0.019750004867091775,SUCCESS
a077c7a0-561f-46d2-9fd7-730383da33e0,2026-07-27T15:35:33.724280+00:00,IPFS,idap,transcript_verify,0.30879100086167455,SUCCESS
a077c7a0-561f-46d2-9fd7-730383da33e0,2026-07-27T15:35:33.724586+00:00,IPFS,idap,client_shared_secret_derivation,0.24983299954328686,SUCCESS
a077c7a0-561f-46d2-9fd7-730383da33e0,2026-07-27T15:35:33.725108+00:00,IPFS,idap,client_session_key_derivation,0.4687080072471872,SUCCESS
a077c7a0-561f-46d2-9fd7-730383da33e0,2026-07-27T15:35:33.725209+00:00,IPFS,crypto,encrypt_message,0.026541994884610176,SUCCESS
a077c7a0-561f-46d2-9fd7-730383da33e0,2026-07-27T15:35:33.725270+00:00,IPFS,crypto,decrypt_message,0.007584007107652724,SUCCESS
a077c7a0-561f-46d2-9fd7-730383da33e0,2026-07-27T15:35:33.725635+00:00,IPFS,tampering,tampered_request_sign,0.2847920113708824,SUCCESS
a077c7a0-561f-46d2-9fd7-730383da33e0,2026-07-27T15:35:33.727989+00:00,IPFS,ipfs,ipns_resolve,1.911583007313311,SUCCESS
a077c7a0-561f-46d2-9fd7-730383da33e0,2026-07-27T15:35:33.728614+00:00,IPFS,ipfs,ipfs_cat_json,0.5588749918388203,SUCCESS
a077c7a0-561f-46d2-9fd7-730383da33e0,2026-07-27T15:35:33.729782+00:00,IPFS,ipfs,ipns_resolve,0.766083991038613,SUCCESS
a077c7a0-561f-46d2-9fd7-730383da33e0,2026-07-27T15:35:33.732891+00:00,IPFS,ipfs,ipfs_cat_json,3.045834004296921,SUCCESS
a077c7a0-561f-46d2-9fd7-730383da33e0,2026-07-27T15:35:33.734425+00:00,IPFS,ipfs,ipns_resolve,1.1269999959040433,SUCCESS
a077c7a0-561f-46d2-9fd7-730383da33e0,2026-07-27T15:35:33.735047+00:00,IPFS,ipfs,ipfs_cat_json,0.5585000035353005,SUCCESS
a077c7a0-561f-46d2-9fd7-730383da33e0,2026-07-27T15:35:33.736182+00:00,IPFS,ipfs,ipns_resolve,0.7422920025419444,SUCCESS
a077c7a0-561f-46d2-9fd7-730383da33e0,2026-07-27T15:35:33.736774+00:00,IPFS,ipfs,ipfs_cat_json,0.52541600598488,SUCCESS
a077c7a0-561f-46d2-9fd7-730383da33e0,2026-07-27T15:35:33.738091+00:00,IPFS,tampering,tampering_check,12.398334001773037,SUCCESS
a077c7a0-561f-46d2-9fd7-730383da33e0,2026-07-27T15:35:33.738149+00:00,IPFS,summary,total_flow,224256.60875000176,SUCCESS
abe7a2c0-dde5-422d-8286-7d28ad2951eb,2026-07-27T15:35:33.964170+00:00,IPFS,startup,initialize_store,0.12091700045857579,SUCCESS
abe7a2c0-dde5-422d-8286-7d28ad2951eb,2026-07-27T15:35:33.979130+00:00,IPFS,startup,generate_identity_cp,14.575125009287149,SUCCESS
abe7a2c0-dde5-422d-8286-7d28ad2951eb,2026-07-27T15:35:33.979397+00:00,IPFS,startup,generate_identity_sp,0.20175000827293843,SUCCESS
abe7a2c0-dde5-422d-8286-7d28ad2951eb,2026-07-27T15:35:33.979630+00:00,IPFS,startup,generate_identity_c1,0.19141699885949492,SUCCESS
abe7a2c0-dde5-422d-8286-7d28ad2951eb,2026-07-27T15:35:33.979856+00:00,IPFS,startup,generate_identity_s1,0.1882920041680336,SUCCESS
abe7a2c0-dde5-422d-8286-7d28ad2951eb,2026-07-27T15:35:34.024575+00:00,IPFS,ipfs,ipfs_key_gen,0.9612089925212786,SUCCESS
abe7a2c0-dde5-422d-8286-7d28ad2951eb,2026-07-27T15:35:34.042306+00:00,IPFS,ipfs,ipfs_add_json,16.532374997041188,SUCCESS
abe7a2c0-dde5-422d-8286-7d28ad2951eb,2026-07-27T15:36:06.935039+00:00,IPFS,ipfs,ipns_publish,32891.44158399722,SUCCESS
abe7a2c0-dde5-422d-8286-7d28ad2951eb,2026-07-27T15:36:06.944256+00:00,IPFS,publish,publish_identity_cp,32964.26637499826,SUCCESS
abe7a2c0-dde5-422d-8286-7d28ad2951eb,2026-07-27T15:36:07.040220+00:00,IPFS,ipfs,ipfs_key_gen,4.349708993686363,SUCCESS
abe7a2c0-dde5-422d-8286-7d28ad2951eb,2026-07-27T15:36:07.065910+00:00,IPFS,ipfs,ipfs_add_json,23.51454099698458,SUCCESS
abe7a2c0-dde5-422d-8286-7d28ad2951eb,2026-07-27T15:36:50.893949+00:00,IPFS,ipfs,ipns_publish,43824.05333300994,SUCCESS
abe7a2c0-dde5-422d-8286-7d28ad2951eb,2026-07-27T15:36:50.900399+00:00,IPFS,publish,publish_identity_sp,43955.79725000425,SUCCESS
abe7a2c0-dde5-422d-8286-7d28ad2951eb,2026-07-27T15:36:50.990473+00:00,IPFS,ipfs,ipfs_key_gen,1.1845839908346534,SUCCESS
abe7a2c0-dde5-422d-8286-7d28ad2951eb,2026-07-27T15:36:51.012992+00:00,IPFS,ipfs,ipfs_add_json,20.72933300223667,SUCCESS
abe7a2c0-dde5-422d-8286-7d28ad2951eb,2026-07-27T15:36:57.150148+00:00,IPFS,ipfs,ipns_publish,6136.821874999441,SUCCESS
abe7a2c0-dde5-422d-8286-7d28ad2951eb,2026-07-27T15:36:57.153566+00:00,IPFS,publish,publish_identity_c1,6252.656625001691,SUCCESS
abe7a2c0-dde5-422d-8286-7d28ad2951eb,2026-07-27T15:36:57.244822+00:00,IPFS,ipfs,ipfs_key_gen,0.9627909894334152,SUCCESS
abe7a2c0-dde5-422d-8286-7d28ad2951eb,2026-07-27T15:36:57.296642+00:00,IPFS,ipfs,ipfs_add_json,50.57237499568146,SUCCESS
abe7a2c0-dde5-422d-8286-7d28ad2951eb,2026-07-27T15:37:37.013359+00:00,IPFS,ipfs,ipns_publish,39700.77733299695,SUCCESS
abe7a2c0-dde5-422d-8286-7d28ad2951eb,2026-07-27T15:37:37.017432+00:00,IPFS,publish,publish_identity_s1,39863.85683401022,SUCCESS
abe7a2c0-dde5-422d-8286-7d28ad2951eb,2026-07-27T15:37:37.097346+00:00,IPFS,ipfs,ipfs_key_gen,1.2239999923622236,SUCCESS
abe7a2c0-dde5-422d-8286-7d28ad2951eb,2026-07-27T15:37:37.136481+00:00,IPFS,ipfs,ipfs_add_json,37.02891699504107,SUCCESS
abe7a2c0-dde5-422d-8286-7d28ad2951eb,2026-07-27T15:37:40.477907+00:00,IPFS,ipfs,ipns_publish,3340.8529160078615,SUCCESS
abe7a2c0-dde5-422d-8286-7d28ad2951eb,2026-07-27T15:37:40.483237+00:00,IPFS,publish,publish_service_metadata,3465.4439170117257,SUCCESS
abe7a2c0-dde5-422d-8286-7d28ad2951eb,2026-07-27T15:37:40.515694+00:00,IPFS,ipfs,ipfs_key_gen,1.7938329983735457,SUCCESS
abe7a2c0-dde5-422d-8286-7d28ad2951eb,2026-07-27T15:37:40.543403+00:00,IPFS,ipfs,ipfs_add_json,25.101457998971455,SUCCESS
abe7a2c0-dde5-422d-8286-7d28ad2951eb,2026-07-27T15:37:49.590904+00:00,IPFS,ipfs,ipns_publish,9046.45537500619,SUCCESS
abe7a2c0-dde5-422d-8286-7d28ad2951eb,2026-07-27T15:37:49.595108+00:00,IPFS,publish,publish_provider_registry,9111.378417001106,SUCCESS
abe7a2c0-dde5-422d-8286-7d28ad2951eb,2026-07-27T15:37:49.602086+00:00,IPFS,ipfs,ipns_resolve,6.272917002206668,SUCCESS
abe7a2c0-dde5-422d-8286-7d28ad2951eb,2026-07-27T15:37:49.607206+00:00,IPFS,ipfs,ipfs_cat_json,4.102790990145877,SUCCESS
abe7a2c0-dde5-422d-8286-7d28ad2951eb,2026-07-27T15:37:49.630110+00:00,IPFS,ipfs,ipns_resolve,10.938874998828396,SUCCESS
abe7a2c0-dde5-422d-8286-7d28ad2951eb,2026-07-27T15:37:49.634236+00:00,IPFS,ipfs,ipfs_cat_json,2.609083996503614,SUCCESS
abe7a2c0-dde5-422d-8286-7d28ad2951eb,2026-07-27T15:37:49.637458+00:00,IPFS,ipfs,ipns_resolve,2.058625002973713,SUCCESS
abe7a2c0-dde5-422d-8286-7d28ad2951eb,2026-07-27T15:37:49.639049+00:00,IPFS,ipfs,ipfs_cat_json,1.4289170067058876,SUCCESS
abe7a2c0-dde5-422d-8286-7d28ad2951eb,2026-07-27T15:37:49.640324+00:00,IPFS,discovery,broker_discovery,44.87524999422021,SUCCESS
abe7a2c0-dde5-422d-8286-7d28ad2951eb,2026-07-27T15:37:49.641382+00:00,IPFS,dap,dap_create_capability,0.9201659995596856,SUCCESS
abe7a2c0-dde5-422d-8286-7d28ad2951eb,2026-07-27T15:37:49.659674+00:00,IPFS,dap,dap_encrypt_enc_cap,18.12508300645277,SUCCESS
abe7a2c0-dde5-422d-8286-7d28ad2951eb,2026-07-27T15:37:49.660612+00:00,IPFS,idap,client_session_init,0.7632920023752376,SUCCESS
abe7a2c0-dde5-422d-8286-7d28ad2951eb,2026-07-27T15:37:49.660685+00:00,IPFS,idap,client_ephemeral_public_key,0.007334005204029381,SUCCESS
abe7a2c0-dde5-422d-8286-7d28ad2951eb,2026-07-27T15:37:49.661066+00:00,IPFS,idap,client_request_sign,0.32104100682772696,SUCCESS
abe7a2c0-dde5-422d-8286-7d28ad2951eb,2026-07-27T15:37:49.661139+00:00,IPFS,idap,canonical_request_payload,0.016332996892742813,SUCCESS
abe7a2c0-dde5-422d-8286-7d28ad2951eb,2026-07-27T15:37:49.671340+00:00,IPFS,ipfs,ipns_resolve,9.442374997888692,SUCCESS
abe7a2c0-dde5-422d-8286-7d28ad2951eb,2026-07-27T15:37:49.675606+00:00,IPFS,ipfs,ipfs_cat_json,3.3519169955980033,SUCCESS
abe7a2c0-dde5-422d-8286-7d28ad2951eb,2026-07-27T15:37:49.678475+00:00,IPFS,ipfs,ipns_resolve,2.186790996347554,SUCCESS
abe7a2c0-dde5-422d-8286-7d28ad2951eb,2026-07-27T15:37:49.679388+00:00,IPFS,ipfs,ipfs_cat_json,0.7876249874243513,SUCCESS
abe7a2c0-dde5-422d-8286-7d28ad2951eb,2026-07-27T15:37:49.682870+00:00,IPFS,ipfs,ipns_resolve,2.6853750023292378,SUCCESS
abe7a2c0-dde5-422d-8286-7d28ad2951eb,2026-07-27T15:37:49.684724+00:00,IPFS,ipfs,ipfs_cat_json,1.5879999991739169,SUCCESS
abe7a2c0-dde5-422d-8286-7d28ad2951eb,2026-07-27T15:37:49.687803+00:00,IPFS,ipfs,ipns_resolve,2.5047499948414043,SUCCESS
abe7a2c0-dde5-422d-8286-7d28ad2951eb,2026-07-27T15:37:49.689043+00:00,IPFS,ipfs,ipfs_cat_json,1.1289169924566522,SUCCESS
abe7a2c0-dde5-422d-8286-7d28ad2951eb,2026-07-27T15:37:49.694771+00:00,IPFS,idap,idap_authorize,33.538125004270114,SUCCESS
abe7a2c0-dde5-422d-8286-7d28ad2951eb,2026-07-27T15:37:49.697483+00:00,IPFS,ipfs,ipns_resolve,2.1507079945877194,SUCCESS
abe7a2c0-dde5-422d-8286-7d28ad2951eb,2026-07-27T15:37:49.699099+00:00,IPFS,ipfs,ipfs_cat_json,1.5010830102255568,SUCCESS
abe7a2c0-dde5-422d-8286-7d28ad2951eb,2026-07-27T15:37:49.700883+00:00,IPFS,ipfs,ipns_resolve,1.2302909890422598,SUCCESS
abe7a2c0-dde5-422d-8286-7d28ad2951eb,2026-07-27T15:37:49.703510+00:00,IPFS,ipfs,ipfs_cat_json,2.5070830015465617,SUCCESS
abe7a2c0-dde5-422d-8286-7d28ad2951eb,2026-07-27T15:37:49.707309+00:00,IPFS,ipfs,ipns_resolve,3.2732079998822883,SUCCESS
abe7a2c0-dde5-422d-8286-7d28ad2951eb,2026-07-27T15:37:49.708176+00:00,IPFS,ipfs,ipfs_cat_json,0.7712500082561746,SUCCESS
abe7a2c0-dde5-422d-8286-7d28ad2951eb,2026-07-27T15:37:49.709786+00:00,IPFS,ipfs,ipns_resolve,1.0869169927900657,SUCCESS
abe7a2c0-dde5-422d-8286-7d28ad2951eb,2026-07-27T15:37:49.710556+00:00,IPFS,ipfs,ipfs_cat_json,0.6731670000590384,SUCCESS
abe7a2c0-dde5-422d-8286-7d28ad2951eb,2026-07-27T15:37:49.712220+00:00,IPFS,idap,idap_replay_check,17.33079200494103,SUCCESS
abe7a2c0-dde5-422d-8286-7d28ad2951eb,2026-07-27T15:37:49.713440+00:00,IPFS,ipfs,ipns_resolve,1.1114579974673688,SUCCESS
abe7a2c0-dde5-422d-8286-7d28ad2951eb,2026-07-27T15:37:49.714156+00:00,IPFS,ipfs,ipfs_cat_json,0.5996249965392053,SUCCESS
abe7a2c0-dde5-422d-8286-7d28ad2951eb,2026-07-27T15:37:49.714657+00:00,IPFS,idap,resolve_service_public_key,2.3483749973820522,SUCCESS
abe7a2c0-dde5-422d-8286-7d28ad2951eb,2026-07-27T15:37:49.714758+00:00,IPFS,idap,compute_transcript,0.01925000105984509,SUCCESS
abe7a2c0-dde5-422d-8286-7d28ad2951eb,2026-07-27T15:37:49.715214+00:00,IPFS,idap,transcript_verify,0.38454199966508895,SUCCESS
abe7a2c0-dde5-422d-8286-7d28ad2951eb,2026-07-27T15:37:49.715589+00:00,IPFS,idap,client_shared_secret_derivation,0.3022919991053641,SUCCESS
abe7a2c0-dde5-422d-8286-7d28ad2951eb,2026-07-27T15:37:49.715693+00:00,IPFS,idap,client_session_key_derivation,0.03658300556708127,SUCCESS
abe7a2c0-dde5-422d-8286-7d28ad2951eb,2026-07-27T15:37:49.715819+00:00,IPFS,crypto,encrypt_message,0.035375007428228855,SUCCESS
abe7a2c0-dde5-422d-8286-7d28ad2951eb,2026-07-27T15:37:49.715899+00:00,IPFS,crypto,decrypt_message,0.009333001798950136,SUCCESS
abe7a2c0-dde5-422d-8286-7d28ad2951eb,2026-07-27T15:37:49.716365+00:00,IPFS,tampering,tampered_request_sign,0.36395800998434424,SUCCESS
abe7a2c0-dde5-422d-8286-7d28ad2951eb,2026-07-27T15:37:49.718061+00:00,IPFS,ipfs,ipns_resolve,1.1137919937027618,SUCCESS
abe7a2c0-dde5-422d-8286-7d28ad2951eb,2026-07-27T15:37:49.718862+00:00,IPFS,ipfs,ipfs_cat_json,0.7182500121416524,SUCCESS
abe7a2c0-dde5-422d-8286-7d28ad2951eb,2026-07-27T15:37:49.720231+00:00,IPFS,ipfs,ipns_resolve,0.9370420011691749,SUCCESS
abe7a2c0-dde5-422d-8286-7d28ad2951eb,2026-07-27T15:37:49.720973+00:00,IPFS,ipfs,ipfs_cat_json,0.6731670000590384,SUCCESS
abe7a2c0-dde5-422d-8286-7d28ad2951eb,2026-07-27T15:37:49.722471+00:00,IPFS,ipfs,ipns_resolve,1.03870801103767,SUCCESS
abe7a2c0-dde5-422d-8286-7d28ad2951eb,2026-07-27T15:37:49.723245+00:00,IPFS,ipfs,ipfs_cat_json,0.6773749919375405,SUCCESS
abe7a2c0-dde5-422d-8286-7d28ad2951eb,2026-07-27T15:37:49.724596+00:00,IPFS,ipfs,ipns_resolve,0.8884169947123155,SUCCESS
abe7a2c0-dde5-422d-8286-7d28ad2951eb,2026-07-27T15:37:49.725211+00:00,IPFS,ipfs,ipfs_cat_json,0.5335840105544776,SUCCESS
abe7a2c0-dde5-422d-8286-7d28ad2951eb,2026-07-27T15:37:49.726662+00:00,IPFS,tampering,tampering_check,10.224458004813641,SUCCESS
abe7a2c0-dde5-422d-8286-7d28ad2951eb,2026-07-27T15:37:49.726725+00:00,IPFS,summary,total_flow,135763.86824999645,SUCCESS
d562dc28-46db-4cc9-b15c-e592dc64af38,2026-07-27T15:37:49.933989+00:00,IPFS,startup,initialize_store,0.14195800758898258,SUCCESS
d562dc28-46db-4cc9-b15c-e592dc64af38,2026-07-27T15:37:49.940486+00:00,IPFS,startup,generate_identity_cp,6.116249991464429,SUCCESS
d562dc28-46db-4cc9-b15c-e592dc64af38,2026-07-27T15:37:49.940731+00:00,IPFS,startup,generate_identity_sp,0.18849999469239265,SUCCESS
d562dc28-46db-4cc9-b15c-e592dc64af38,2026-07-27T15:37:49.940942+00:00,IPFS,startup,generate_identity_c1,0.17329100228380412,SUCCESS
d562dc28-46db-4cc9-b15c-e592dc64af38,2026-07-27T15:37:49.941163+00:00,IPFS,startup,generate_identity_s1,0.185500000952743,SUCCESS
d562dc28-46db-4cc9-b15c-e592dc64af38,2026-07-27T15:37:49.986683+00:00,IPFS,ipfs,ipfs_key_gen,1.011542000924237,SUCCESS
d562dc28-46db-4cc9-b15c-e592dc64af38,2026-07-27T15:37:50.008861+00:00,IPFS,ipfs,ipfs_add_json,21.095541000249796,SUCCESS
d562dc28-46db-4cc9-b15c-e592dc64af38,2026-07-27T15:37:57.417967+00:00,IPFS,ipfs,ipns_publish,7408.05112500675,SUCCESS
d562dc28-46db-4cc9-b15c-e592dc64af38,2026-07-27T15:37:57.423056+00:00,IPFS,publish,publish_identity_cp,7481.602333005867,SUCCESS
d562dc28-46db-4cc9-b15c-e592dc64af38,2026-07-27T15:37:57.486780+00:00,IPFS,ipfs,ipfs_key_gen,2.1307499991962686,SUCCESS
d562dc28-46db-4cc9-b15c-e592dc64af38,2026-07-27T15:37:57.511852+00:00,IPFS,ipfs,ipfs_add_json,23.56724999845028,SUCCESS
d562dc28-46db-4cc9-b15c-e592dc64af38,2026-07-27T15:38:06.818000+00:00,IPFS,ipfs,ipns_publish,9304.653207989759,SUCCESS
d562dc28-46db-4cc9-b15c-e592dc64af38,2026-07-27T15:38:06.840570+00:00,IPFS,publish,publish_identity_sp,9416.890666994732,SUCCESS
d562dc28-46db-4cc9-b15c-e592dc64af38,2026-07-27T15:38:06.890031+00:00,IPFS,ipfs,ipfs_key_gen,1.4325000083772466,SUCCESS
d562dc28-46db-4cc9-b15c-e592dc64af38,2026-07-27T15:38:06.915649+00:00,IPFS,ipfs,ipfs_add_json,23.562666989164427,SUCCESS
d562dc28-46db-4cc9-b15c-e592dc64af38,2026-07-27T15:38:46.485550+00:00,IPFS,ipfs,ipns_publish,39568.54320799175,SUCCESS
d562dc28-46db-4cc9-b15c-e592dc64af38,2026-07-27T15:38:46.492819+00:00,IPFS,publish,publish_identity_c1,39652.13708400552,SUCCESS
d562dc28-46db-4cc9-b15c-e592dc64af38,2026-07-27T15:38:46.586170+00:00,IPFS,ipfs,ipfs_key_gen,1.8850420019589365,SUCCESS
d562dc28-46db-4cc9-b15c-e592dc64af38,2026-07-27T15:38:46.611058+00:00,IPFS,ipfs,ipfs_add_json,21.437832998344675,SUCCESS
d562dc28-46db-4cc9-b15c-e592dc64af38,2026-07-27T15:38:56.296876+00:00,IPFS,ipfs,ipns_publish,9684.734957991168,SUCCESS
d562dc28-46db-4cc9-b15c-e592dc64af38,2026-07-27T15:38:56.303362+00:00,IPFS,publish,publish_identity_s1,9809.938040998532,SUCCESS
d562dc28-46db-4cc9-b15c-e592dc64af38,2026-07-27T15:38:56.365072+00:00,IPFS,ipfs,ipfs_key_gen,1.3316249969648197,SUCCESS
d562dc28-46db-4cc9-b15c-e592dc64af38,2026-07-27T15:38:56.388033+00:00,IPFS,ipfs,ipfs_add_json,19.25404199573677,SUCCESS
d562dc28-46db-4cc9-b15c-e592dc64af38,2026-07-27T15:39:08.452335+00:00,IPFS,ipfs,ipns_publish,12061.821959010558,SUCCESS
d562dc28-46db-4cc9-b15c-e592dc64af38,2026-07-27T15:39:08.458553+00:00,IPFS,publish,publish_service_metadata,12154.529875013395,SUCCESS
d562dc28-46db-4cc9-b15c-e592dc64af38,2026-07-27T15:39:08.519748+00:00,IPFS,ipfs,ipfs_key_gen,1.233750008395873,SUCCESS
d562dc28-46db-4cc9-b15c-e592dc64af38,2026-07-27T15:39:08.582001+00:00,IPFS,ipfs,ipfs_add_json,52.40208300529048,SUCCESS
d562dc28-46db-4cc9-b15c-e592dc64af38,2026-07-27T15:39:54.353135+00:00,IPFS,ipfs,ipns_publish,45768.64504099649,SUCCESS
d562dc28-46db-4cc9-b15c-e592dc64af38,2026-07-27T15:39:54.358640+00:00,IPFS,publish,publish_provider_registry,45899.87025001028,SUCCESS
d562dc28-46db-4cc9-b15c-e592dc64af38,2026-07-27T15:39:54.364878+00:00,IPFS,ipfs,ipns_resolve,5.703791000996716,SUCCESS
d562dc28-46db-4cc9-b15c-e592dc64af38,2026-07-27T15:39:54.370048+00:00,IPFS,ipfs,ipfs_cat_json,4.906750007648952,SUCCESS
d562dc28-46db-4cc9-b15c-e592dc64af38,2026-07-27T15:39:54.385095+00:00,IPFS,ipfs,ipns_resolve,1.419791005901061,SUCCESS
d562dc28-46db-4cc9-b15c-e592dc64af38,2026-07-27T15:39:54.386099+00:00,IPFS,ipfs,ipfs_cat_json,0.8586670010117814,SUCCESS
d562dc28-46db-4cc9-b15c-e592dc64af38,2026-07-27T15:39:54.387930+00:00,IPFS,ipfs,ipns_resolve,1.194167009089142,SUCCESS
d562dc28-46db-4cc9-b15c-e592dc64af38,2026-07-27T15:39:54.389342+00:00,IPFS,ipfs,ipfs_cat_json,1.2688749993685633,SUCCESS
d562dc28-46db-4cc9-b15c-e592dc64af38,2026-07-27T15:39:54.390308+00:00,IPFS,discovery,broker_discovery,31.4344579965109,SUCCESS
d562dc28-46db-4cc9-b15c-e592dc64af38,2026-07-27T15:39:54.391685+00:00,IPFS,dap,dap_create_capability,1.2721249950118363,SUCCESS
d562dc28-46db-4cc9-b15c-e592dc64af38,2026-07-27T15:39:54.401187+00:00,IPFS,dap,dap_encrypt_enc_cap,9.378791000926867,SUCCESS
d562dc28-46db-4cc9-b15c-e592dc64af38,2026-07-27T15:39:54.401449+00:00,IPFS,idap,client_session_init,0.15537498984485865,SUCCESS
d562dc28-46db-4cc9-b15c-e592dc64af38,2026-07-27T15:39:54.401540+00:00,IPFS,idap,client_ephemeral_public_key,0.009125011274591088,SUCCESS
d562dc28-46db-4cc9-b15c-e592dc64af38,2026-07-27T15:39:54.401870+00:00,IPFS,idap,client_request_sign,0.2784590033115819,SUCCESS
d562dc28-46db-4cc9-b15c-e592dc64af38,2026-07-27T15:39:54.403417+00:00,IPFS,idap,canonical_request_payload,0.01229200279340148,SUCCESS
d562dc28-46db-4cc9-b15c-e592dc64af38,2026-07-27T15:39:54.404960+00:00,IPFS,ipfs,ipns_resolve,1.0423340136185288,SUCCESS
d562dc28-46db-4cc9-b15c-e592dc64af38,2026-07-27T15:39:54.405922+00:00,IPFS,ipfs,ipfs_cat_json,0.8499579998897389,SUCCESS
d562dc28-46db-4cc9-b15c-e592dc64af38,2026-07-27T15:39:54.407278+00:00,IPFS,ipfs,ipns_resolve,0.9313750051660463,SUCCESS
d562dc28-46db-4cc9-b15c-e592dc64af38,2026-07-27T15:39:54.407826+00:00,IPFS,ipfs,ipfs_cat_json,0.4845420044148341,SUCCESS
d562dc28-46db-4cc9-b15c-e592dc64af38,2026-07-27T15:39:54.409016+00:00,IPFS,ipfs,ipns_resolve,0.7909580017440021,SUCCESS
d562dc28-46db-4cc9-b15c-e592dc64af38,2026-07-27T15:39:54.409718+00:00,IPFS,ipfs,ipfs_cat_json,0.6317079969448969,SUCCESS
d562dc28-46db-4cc9-b15c-e592dc64af38,2026-07-27T15:39:54.410967+00:00,IPFS,ipfs,ipns_resolve,0.8590829966124147,SUCCESS
d562dc28-46db-4cc9-b15c-e592dc64af38,2026-07-27T15:39:54.411645+00:00,IPFS,ipfs,ipfs_cat_json,0.6054580007912591,SUCCESS
d562dc28-46db-4cc9-b15c-e592dc64af38,2026-07-27T15:39:54.413737+00:00,IPFS,idap,idap_authorize,10.24600000528153,SUCCESS
d562dc28-46db-4cc9-b15c-e592dc64af38,2026-07-27T15:39:54.415145+00:00,IPFS,ipfs,ipns_resolve,0.9348750027129427,SUCCESS
d562dc28-46db-4cc9-b15c-e592dc64af38,2026-07-27T15:39:54.415630+00:00,IPFS,ipfs,ipfs_cat_json,0.41845798841677606,SUCCESS
d562dc28-46db-4cc9-b15c-e592dc64af38,2026-07-27T15:39:54.416791+00:00,IPFS,ipfs,ipns_resolve,0.7874160073697567,SUCCESS
d562dc28-46db-4cc9-b15c-e592dc64af38,2026-07-27T15:39:54.417293+00:00,IPFS,ipfs,ipfs_cat_json,0.43691700557246804,SUCCESS
d562dc28-46db-4cc9-b15c-e592dc64af38,2026-07-27T15:39:54.418423+00:00,IPFS,ipfs,ipns_resolve,0.7712079968769103,SUCCESS
d562dc28-46db-4cc9-b15c-e592dc64af38,2026-07-27T15:39:54.418870+00:00,IPFS,ipfs,ipfs_cat_json,0.3928330115741119,SUCCESS
d562dc28-46db-4cc9-b15c-e592dc64af38,2026-07-27T15:39:54.420063+00:00,IPFS,ipfs,ipns_resolve,0.8585839968873188,SUCCESS
d562dc28-46db-4cc9-b15c-e592dc64af38,2026-07-27T15:39:54.420815+00:00,IPFS,ipfs,ipfs_cat_json,0.6963750056456774,SUCCESS
d562dc28-46db-4cc9-b15c-e592dc64af38,2026-07-27T15:39:54.421940+00:00,IPFS,idap,idap_replay_check,8.125374995870516,SUCCESS
d562dc28-46db-4cc9-b15c-e592dc64af38,2026-07-27T15:39:54.422881+00:00,IPFS,ipfs,ipns_resolve,0.8797909977147356,SUCCESS
d562dc28-46db-4cc9-b15c-e592dc64af38,2026-07-27T15:39:54.423395+00:00,IPFS,ipfs,ipfs_cat_json,0.45812499593012035,SUCCESS
d562dc28-46db-4cc9-b15c-e592dc64af38,2026-07-27T15:39:54.423721+00:00,IPFS,idap,resolve_service_public_key,1.7263750050915405,SUCCESS
d562dc28-46db-4cc9-b15c-e592dc64af38,2026-07-27T15:39:54.423786+00:00,IPFS,idap,compute_transcript,0.012707998394034803,SUCCESS
d562dc28-46db-4cc9-b15c-e592dc64af38,2026-07-27T15:39:54.424099+00:00,IPFS,idap,transcript_verify,0.26604101003613323,SUCCESS
d562dc28-46db-4cc9-b15c-e592dc64af38,2026-07-27T15:39:54.424343+00:00,IPFS,idap,client_shared_secret_derivation,0.19429200619924814,SUCCESS
d562dc28-46db-4cc9-b15c-e592dc64af38,2026-07-27T15:39:54.424404+00:00,IPFS,idap,client_session_key_derivation,0.017625003238208592,SUCCESS
d562dc28-46db-4cc9-b15c-e592dc64af38,2026-07-27T15:39:54.424474+00:00,IPFS,crypto,encrypt_message,0.015417012036778033,SUCCESS
d562dc28-46db-4cc9-b15c-e592dc64af38,2026-07-27T15:39:54.424526+00:00,IPFS,crypto,decrypt_message,0.005833004252053797,SUCCESS
d562dc28-46db-4cc9-b15c-e592dc64af38,2026-07-27T15:39:54.424827+00:00,IPFS,tampering,tampered_request_sign,0.2382500097155571,SUCCESS
d562dc28-46db-4cc9-b15c-e592dc64af38,2026-07-27T15:39:54.426073+00:00,IPFS,ipfs,ipns_resolve,0.8646249916637316,SUCCESS
d562dc28-46db-4cc9-b15c-e592dc64af38,2026-07-27T15:39:54.426784+00:00,IPFS,ipfs,ipfs_cat_json,0.6562500057043508,SUCCESS
d562dc28-46db-4cc9-b15c-e592dc64af38,2026-07-27T15:39:54.427867+00:00,IPFS,ipfs,ipns_resolve,0.7382920011878014,SUCCESS
d562dc28-46db-4cc9-b15c-e592dc64af38,2026-07-27T15:39:54.428362+00:00,IPFS,ipfs,ipfs_cat_json,0.4371670074760914,SUCCESS
d562dc28-46db-4cc9-b15c-e592dc64af38,2026-07-27T15:39:54.429512+00:00,IPFS,ipfs,ipns_resolve,0.8082499989541247,SUCCESS
d562dc28-46db-4cc9-b15c-e592dc64af38,2026-07-27T15:39:54.430080+00:00,IPFS,ipfs,ipfs_cat_json,0.512875005370006,SUCCESS
d562dc28-46db-4cc9-b15c-e592dc64af38,2026-07-27T15:39:54.431203+00:00,IPFS,ipfs,ipns_resolve,0.7860409968998283,SUCCESS
d562dc28-46db-4cc9-b15c-e592dc64af38,2026-07-27T15:39:54.431682+00:00,IPFS,ipfs,ipfs_cat_json,0.42795800254680216,SUCCESS
d562dc28-46db-4cc9-b15c-e592dc64af38,2026-07-27T15:39:54.432789+00:00,IPFS,tampering,tampering_check,7.908166007837281,SUCCESS
d562dc28-46db-4cc9-b15c-e592dc64af38,2026-07-27T15:39:54.432837+00:00,IPFS,summary,total_flow,124500.09679199138,SUCCESS
2a77f768-0aa9-46d1-99c2-df96e8006b04,2026-07-27T15:39:54.644950+00:00,IPFS,startup,initialize_store,0.1385000068694353,SUCCESS
2a77f768-0aa9-46d1-99c2-df96e8006b04,2026-07-27T15:39:54.651090+00:00,IPFS,startup,generate_identity_cp,5.827165994560346,SUCCESS
2a77f768-0aa9-46d1-99c2-df96e8006b04,2026-07-27T15:39:54.651323+00:00,IPFS,startup,generate_identity_sp,0.18191701383329928,SUCCESS
2a77f768-0aa9-46d1-99c2-df96e8006b04,2026-07-27T15:39:54.651533+00:00,IPFS,startup,generate_identity_c1,0.1727920025587082,SUCCESS
2a77f768-0aa9-46d1-99c2-df96e8006b04,2026-07-27T15:39:54.651736+00:00,IPFS,startup,generate_identity_s1,0.17058299272321165,SUCCESS
2a77f768-0aa9-46d1-99c2-df96e8006b04,2026-07-27T15:39:54.712304+00:00,IPFS,ipfs,ipfs_key_gen,0.7024999940767884,SUCCESS
2a77f768-0aa9-46d1-99c2-df96e8006b04,2026-07-27T15:39:54.742425+00:00,IPFS,ipfs,ipfs_add_json,28.958750001038425,SUCCESS
2a77f768-0aa9-46d1-99c2-df96e8006b04,2026-07-27T15:40:08.670918+00:00,IPFS,ipfs,ipns_publish,13927.833666995866,SUCCESS
2a77f768-0aa9-46d1-99c2-df96e8006b04,2026-07-27T15:40:08.674653+00:00,IPFS,publish,publish_identity_cp,14022.921291994862,SUCCESS
2a77f768-0aa9-46d1-99c2-df96e8006b04,2026-07-27T15:40:08.747223+00:00,IPFS,ipfs,ipfs_key_gen,3.62495900481008,SUCCESS
2a77f768-0aa9-46d1-99c2-df96e8006b04,2026-07-27T15:40:08.786101+00:00,IPFS,ipfs,ipfs_add_json,28.719041001750156,SUCCESS
2a77f768-0aa9-46d1-99c2-df96e8006b04,2026-07-27T15:41:07.293702+00:00,IPFS,ipfs,ipns_publish,58506.41545900726,SUCCESS
2a77f768-0aa9-46d1-99c2-df96e8006b04,2026-07-27T15:41:07.301075+00:00,IPFS,publish,publish_identity_sp,58626.50416699762,SUCCESS
2a77f768-0aa9-46d1-99c2-df96e8006b04,2026-07-27T15:41:07.376493+00:00,IPFS,ipfs,ipfs_key_gen,1.3097089977236465,SUCCESS
2a77f768-0aa9-46d1-99c2-df96e8006b04,2026-07-27T15:41:07.404798+00:00,IPFS,ipfs,ipfs_add_json,26.472790996194817,SUCCESS
2a77f768-0aa9-46d1-99c2-df96e8006b04,2026-07-27T15:41:14.342664+00:00,IPFS,ipfs,ipns_publish,6937.644874997204,SUCCESS
2a77f768-0aa9-46d1-99c2-df96e8006b04,2026-07-27T15:41:14.345227+00:00,IPFS,publish,publish_identity_c1,7043.688999998267,SUCCESS
2a77f768-0aa9-46d1-99c2-df96e8006b04,2026-07-27T15:41:14.410458+00:00,IPFS,ipfs,ipfs_key_gen,1.4303749921964481,SUCCESS
2a77f768-0aa9-46d1-99c2-df96e8006b04,2026-07-27T15:41:14.435754+00:00,IPFS,ipfs,ipfs_add_json,23.403291997965425,SUCCESS
2a77f768-0aa9-46d1-99c2-df96e8006b04,2026-07-27T15:41:31.525480+00:00,IPFS,ipfs,ipns_publish,17088.355459010927,SUCCESS
2a77f768-0aa9-46d1-99c2-df96e8006b04,2026-07-27T15:41:31.533102+00:00,IPFS,publish,publish_identity_s1,17187.618416995974,SUCCESS
2a77f768-0aa9-46d1-99c2-df96e8006b04,2026-07-27T15:41:31.624577+00:00,IPFS,ipfs,ipfs_key_gen,1.225375002832152,SUCCESS
2a77f768-0aa9-46d1-99c2-df96e8006b04,2026-07-27T15:41:31.648617+00:00,IPFS,ipfs,ipfs_add_json,21.62500000849832,SUCCESS
2a77f768-0aa9-46d1-99c2-df96e8006b04,2026-07-27T15:42:04.459540+00:00,IPFS,ipfs,ipns_publish,32809.78250000044,SUCCESS
2a77f768-0aa9-46d1-99c2-df96e8006b04,2026-07-27T15:42:04.465317+00:00,IPFS,publish,publish_service_metadata,32931.87454200233,SUCCESS
2a77f768-0aa9-46d1-99c2-df96e8006b04,2026-07-27T15:42:04.568485+00:00,IPFS,ipfs,ipfs_key_gen,1.7765000084182248,SUCCESS
2a77f768-0aa9-46d1-99c2-df96e8006b04,2026-07-27T15:42:04.599825+00:00,IPFS,ipfs,ipfs_add_json,26.81341700372286,SUCCESS
2a77f768-0aa9-46d1-99c2-df96e8006b04,2026-07-27T15:43:24.808968+00:00,IPFS,ipfs,ipns_publish,80208.37287500035,SUCCESS
2a77f768-0aa9-46d1-99c2-df96e8006b04,2026-07-27T15:43:24.814836+00:00,IPFS,publish,publish_provider_registry,80349.67120800866,SUCCESS
2a77f768-0aa9-46d1-99c2-df96e8006b04,2026-07-27T15:43:24.823521+00:00,IPFS,ipfs,ipns_resolve,7.809667004039511,SUCCESS
2a77f768-0aa9-46d1-99c2-df96e8006b04,2026-07-27T15:43:24.828070+00:00,IPFS,ipfs,ipfs_cat_json,3.8183750002644956,SUCCESS
2a77f768-0aa9-46d1-99c2-df96e8006b04,2026-07-27T15:43:24.842782+00:00,IPFS,ipfs,ipns_resolve,2.600082996650599,SUCCESS
2a77f768-0aa9-46d1-99c2-df96e8006b04,2026-07-27T15:43:24.844781+00:00,IPFS,ipfs,ipfs_cat_json,1.7081249970942736,SUCCESS
2a77f768-0aa9-46d1-99c2-df96e8006b04,2026-07-27T15:43:24.847299+00:00,IPFS,ipfs,ipns_resolve,1.5570420073345304,SUCCESS
2a77f768-0aa9-46d1-99c2-df96e8006b04,2026-07-27T15:43:24.848827+00:00,IPFS,ipfs,ipfs_cat_json,1.336415996775031,SUCCESS
2a77f768-0aa9-46d1-99c2-df96e8006b04,2026-07-27T15:43:24.850013+00:00,IPFS,discovery,broker_discovery,34.7248329926515,SUCCESS
2a77f768-0aa9-46d1-99c2-df96e8006b04,2026-07-27T15:43:24.851057+00:00,IPFS,dap,dap_create_capability,0.9202499932143837,SUCCESS
2a77f768-0aa9-46d1-99c2-df96e8006b04,2026-07-27T15:43:24.861202+00:00,IPFS,dap,dap_encrypt_enc_cap,9.97800000186544,SUCCESS
2a77f768-0aa9-46d1-99c2-df96e8006b04,2026-07-27T15:43:24.861525+00:00,IPFS,idap,client_session_init,0.18495800031814724,SUCCESS
2a77f768-0aa9-46d1-99c2-df96e8006b04,2026-07-27T15:43:24.861599+00:00,IPFS,idap,client_ephemeral_public_key,0.005084002623334527,SUCCESS
2a77f768-0aa9-46d1-99c2-df96e8006b04,2026-07-27T15:43:24.862026+00:00,IPFS,idap,client_request_sign,0.3619579947553575,SUCCESS
2a77f768-0aa9-46d1-99c2-df96e8006b04,2026-07-27T15:43:24.862105+00:00,IPFS,idap,canonical_request_payload,0.016417005099356174,SUCCESS
2a77f768-0aa9-46d1-99c2-df96e8006b04,2026-07-27T15:43:24.864177+00:00,IPFS,ipfs,ipns_resolve,1.4315000007627532,SUCCESS
2a77f768-0aa9-46d1-99c2-df96e8006b04,2026-07-27T15:43:24.865361+00:00,IPFS,ipfs,ipfs_cat_json,1.0817500005941838,SUCCESS
2a77f768-0aa9-46d1-99c2-df96e8006b04,2026-07-27T15:43:24.867274+00:00,IPFS,ipfs,ipns_resolve,1.3237920065876096,SUCCESS
2a77f768-0aa9-46d1-99c2-df96e8006b04,2026-07-27T15:43:24.868368+00:00,IPFS,ipfs,ipfs_cat_json,0.9494999976595864,SUCCESS
2a77f768-0aa9-46d1-99c2-df96e8006b04,2026-07-27T15:43:24.870202+00:00,IPFS,ipfs,ipns_resolve,1.2323749979259446,SUCCESS
2a77f768-0aa9-46d1-99c2-df96e8006b04,2026-07-27T15:43:24.871550+00:00,IPFS,ipfs,ipfs_cat_json,1.2159170000813901,SUCCESS
2a77f768-0aa9-46d1-99c2-df96e8006b04,2026-07-27T15:43:24.873317+00:00,IPFS,ipfs,ipns_resolve,1.2372500059427693,SUCCESS
2a77f768-0aa9-46d1-99c2-df96e8006b04,2026-07-27T15:43:24.874505+00:00,IPFS,ipfs,ipfs_cat_json,1.0819590097526088,SUCCESS
2a77f768-0aa9-46d1-99c2-df96e8006b04,2026-07-27T15:43:24.877846+00:00,IPFS,idap,idap_authorize,15.64929100277368,SUCCESS
2a77f768-0aa9-46d1-99c2-df96e8006b04,2026-07-27T15:43:24.879573+00:00,IPFS,ipfs,ipns_resolve,1.1476670042611659,SUCCESS
2a77f768-0aa9-46d1-99c2-df96e8006b04,2026-07-27T15:43:24.880460+00:00,IPFS,ipfs,ipfs_cat_json,0.7958750065881759,SUCCESS
2a77f768-0aa9-46d1-99c2-df96e8006b04,2026-07-27T15:43:24.882177+00:00,IPFS,ipfs,ipns_resolve,1.22900000133086,SUCCESS
2a77f768-0aa9-46d1-99c2-df96e8006b04,2026-07-27T15:43:24.883001+00:00,IPFS,ipfs,ipfs_cat_json,0.7430830009980127,SUCCESS
2a77f768-0aa9-46d1-99c2-df96e8006b04,2026-07-27T15:43:24.884696+00:00,IPFS,ipfs,ipns_resolve,1.2411249917931855,SUCCESS
2a77f768-0aa9-46d1-99c2-df96e8006b04,2026-07-27T15:43:24.885661+00:00,IPFS,ipfs,ipfs_cat_json,0.8902499976102263,SUCCESS
2a77f768-0aa9-46d1-99c2-df96e8006b04,2026-07-27T15:43:24.886929+00:00,IPFS,ipfs,ipns_resolve,0.8104580047074705,SUCCESS
2a77f768-0aa9-46d1-99c2-df96e8006b04,2026-07-27T15:43:24.887616+00:00,IPFS,ipfs,ipfs_cat_json,0.6067080103093758,SUCCESS
2a77f768-0aa9-46d1-99c2-df96e8006b04,2026-07-27T15:43:24.889094+00:00,IPFS,idap,idap_replay_check,11.155832995427772,SUCCESS
2a77f768-0aa9-46d1-99c2-df96e8006b04,2026-07-27T15:43:24.890536+00:00,IPFS,ipfs,ipns_resolve,1.3518750056391582,SUCCESS
2a77f768-0aa9-46d1-99c2-df96e8006b04,2026-07-27T15:43:24.891770+00:00,IPFS,ipfs,ipfs_cat_json,1.1554590018931776,SUCCESS
2a77f768-0aa9-46d1-99c2-df96e8006b04,2026-07-27T15:43:24.892200+00:00,IPFS,idap,resolve_service_public_key,3.0262500076787546,SUCCESS
2a77f768-0aa9-46d1-99c2-df96e8006b04,2026-07-27T15:43:24.892280+00:00,IPFS,idap,compute_transcript,0.016999998479150236,SUCCESS
2a77f768-0aa9-46d1-99c2-df96e8006b04,2026-07-27T15:43:24.892675+00:00,IPFS,idap,transcript_verify,0.3376250097062439,SUCCESS
2a77f768-0aa9-46d1-99c2-df96e8006b04,2026-07-27T15:43:24.893071+00:00,IPFS,idap,client_shared_secret_derivation,0.262790999840945,SUCCESS
2a77f768-0aa9-46d1-99c2-df96e8006b04,2026-07-27T15:43:24.893203+00:00,IPFS,idap,client_session_key_derivation,0.07254199590533972,SUCCESS
2a77f768-0aa9-46d1-99c2-df96e8006b04,2026-07-27T15:43:24.893321+00:00,IPFS,crypto,encrypt_message,0.041709005017764866,SUCCESS
2a77f768-0aa9-46d1-99c2-df96e8006b04,2026-07-27T15:43:24.893388+00:00,IPFS,crypto,decrypt_message,0.00970800465438515,SUCCESS
2a77f768-0aa9-46d1-99c2-df96e8006b04,2026-07-27T15:43:24.893791+00:00,IPFS,tampering,tampered_request_sign,0.3172080032527447,SUCCESS
2a77f768-0aa9-46d1-99c2-df96e8006b04,2026-07-27T15:43:24.895434+00:00,IPFS,ipfs,ipns_resolve,1.1489159951452166,SUCCESS
2a77f768-0aa9-46d1-99c2-df96e8006b04,2026-07-27T15:43:24.896134+00:00,IPFS,ipfs,ipfs_cat_json,0.6242499948712066,SUCCESS
2a77f768-0aa9-46d1-99c2-df96e8006b04,2026-07-27T15:43:24.898084+00:00,IPFS,ipfs,ipns_resolve,1.5073329996084794,SUCCESS
2a77f768-0aa9-46d1-99c2-df96e8006b04,2026-07-27T15:43:24.898823+00:00,IPFS,ipfs,ipfs_cat_json,0.6280420057009906,SUCCESS
2a77f768-0aa9-46d1-99c2-df96e8006b04,2026-07-27T15:43:24.900230+00:00,IPFS,ipfs,ipns_resolve,0.9378749964525923,SUCCESS
2a77f768-0aa9-46d1-99c2-df96e8006b04,2026-07-27T15:43:24.900987+00:00,IPFS,ipfs,ipfs_cat_json,0.6673330062767491,SUCCESS
2a77f768-0aa9-46d1-99c2-df96e8006b04,2026-07-27T15:43:24.902348+00:00,IPFS,ipfs,ipns_resolve,0.9080409945454448,SUCCESS
2a77f768-0aa9-46d1-99c2-df96e8006b04,2026-07-27T15:43:24.903217+00:00,IPFS,ipfs,ipfs_cat_json,0.7990409940248355,SUCCESS
2a77f768-0aa9-46d1-99c2-df96e8006b04,2026-07-27T15:43:24.904529+00:00,IPFS,tampering,tampering_check,10.67575000342913,SUCCESS
2a77f768-0aa9-46d1-99c2-df96e8006b04,2026-07-27T15:43:24.904589+00:00,IPFS,summary,total_flow,210261.6155410069,SUCCESS
1e878b4a-0112-4de1-ad11-f02e228e9c63,2026-07-27T15:43:25.152015+00:00,IPFS,startup,initialize_store,0.1824999926611781,SUCCESS
1e878b4a-0112-4de1-ad11-f02e228e9c63,2026-07-27T15:43:25.157802+00:00,IPFS,startup,generate_identity_cp,5.338999995728955,SUCCESS
1e878b4a-0112-4de1-ad11-f02e228e9c63,2026-07-27T15:43:25.158033+00:00,IPFS,startup,generate_identity_sp,0.18462500884197652,SUCCESS
1e878b4a-0112-4de1-ad11-f02e228e9c63,2026-07-27T15:43:25.158241+00:00,IPFS,startup,generate_identity_c1,0.17349999689031392,SUCCESS
1e878b4a-0112-4de1-ad11-f02e228e9c63,2026-07-27T15:43:25.158443+00:00,IPFS,startup,generate_identity_s1,0.1700000138953328,SUCCESS
1e878b4a-0112-4de1-ad11-f02e228e9c63,2026-07-27T15:43:25.239274+00:00,IPFS,ipfs,ipfs_key_gen,1.010041989502497,SUCCESS
1e878b4a-0112-4de1-ad11-f02e228e9c63,2026-07-27T15:43:25.264711+00:00,IPFS,ipfs,ipfs_add_json,24.225957997259684,SUCCESS
1e878b4a-0112-4de1-ad11-f02e228e9c63,2026-07-27T15:43:31.167258+00:00,IPFS,ipfs,ipns_publish,5901.870333997067,SUCCESS
1e878b4a-0112-4de1-ad11-f02e228e9c63,2026-07-27T15:43:31.173907+00:00,IPFS,publish,publish_identity_cp,6015.136791989789,SUCCESS
1e878b4a-0112-4de1-ad11-f02e228e9c63,2026-07-27T15:43:31.208637+00:00,IPFS,ipfs,ipfs_key_gen,1.8154580029658973,SUCCESS
1e878b4a-0112-4de1-ad11-f02e228e9c63,2026-07-27T15:43:31.235893+00:00,IPFS,ipfs,ipfs_add_json,24.526583001716062,SUCCESS
1e878b4a-0112-4de1-ad11-f02e228e9c63,2026-07-27T15:43:36.711978+00:00,IPFS,ipfs,ipns_publish,5474.885916992207,SUCCESS
1e878b4a-0112-4de1-ad11-f02e228e9c63,2026-07-27T15:43:36.715881+00:00,IPFS,publish,publish_identity_sp,5541.372792009497,SUCCESS
1e878b4a-0112-4de1-ad11-f02e228e9c63,2026-07-27T15:43:36.748077+00:00,IPFS,ipfs,ipfs_key_gen,2.1303329995134845,SUCCESS
1e878b4a-0112-4de1-ad11-f02e228e9c63,2026-07-27T15:43:36.776650+00:00,IPFS,ipfs,ipfs_add_json,26.1752499936847,SUCCESS
1e878b4a-0112-4de1-ad11-f02e228e9c63,2026-07-27T15:44:01.378829+00:00,IPFS,ipfs,ipns_publish,24600.684499993804,SUCCESS
1e878b4a-0112-4de1-ad11-f02e228e9c63,2026-07-27T15:44:01.385962+00:00,IPFS,publish,publish_identity_c1,24669.650124997133,SUCCESS
1e878b4a-0112-4de1-ad11-f02e228e9c63,2026-07-27T15:44:01.473563+00:00,IPFS,ipfs,ipfs_key_gen,1.4264999917941168,SUCCESS
1e878b4a-0112-4de1-ad11-f02e228e9c63,2026-07-27T15:44:01.499072+00:00,IPFS,ipfs,ipfs_add_json,23.545125004602596,SUCCESS
1e878b4a-0112-4de1-ad11-f02e228e9c63,2026-07-27T15:44:12.940328+00:00,IPFS,ipfs,ipns_publish,11440.43208299263,SUCCESS
1e878b4a-0112-4de1-ad11-f02e228e9c63,2026-07-27T15:44:12.946383+00:00,IPFS,publish,publish_identity_s1,11559.41154100583,SUCCESS
1e878b4a-0112-4de1-ad11-f02e228e9c63,2026-07-27T15:44:13.021401+00:00,IPFS,ipfs,ipfs_key_gen,1.103083006455563,SUCCESS
1e878b4a-0112-4de1-ad11-f02e228e9c63,2026-07-27T15:44:13.042901+00:00,IPFS,ipfs,ipfs_add_json,18.85520899668336,SUCCESS
1e878b4a-0112-4de1-ad11-f02e228e9c63,2026-07-27T15:44:52.968672+00:00,IPFS,ipfs,ipns_publish,39924.58445900411,SUCCESS
1e878b4a-0112-4de1-ad11-f02e228e9c63,2026-07-27T15:44:52.974828+00:00,IPFS,publish,publish_service_metadata,40028.04766698682,SUCCESS
1e878b4a-0112-4de1-ad11-f02e228e9c63,2026-07-27T15:44:53.063653+00:00,IPFS,ipfs,ipfs_key_gen,1.2447500048438087,SUCCESS
1e878b4a-0112-4de1-ad11-f02e228e9c63,2026-07-27T15:44:53.085152+00:00,IPFS,ipfs,ipfs_add_json,19.423457997618243,SUCCESS
1e878b4a-0112-4de1-ad11-f02e228e9c63,2026-07-27T15:45:29.147946+00:00,IPFS,ipfs,ipns_publish,36061.77066700184,SUCCESS
1e878b4a-0112-4de1-ad11-f02e228e9c63,2026-07-27T15:45:29.156133+00:00,IPFS,publish,publish_provider_registry,36180.8618340001,SUCCESS
1e878b4a-0112-4de1-ad11-f02e228e9c63,2026-07-27T15:45:29.163771+00:00,IPFS,ipfs,ipns_resolve,6.635249999817461,SUCCESS
1e878b4a-0112-4de1-ad11-f02e228e9c63,2026-07-27T15:45:29.168917+00:00,IPFS,ipfs,ipfs_cat_json,4.401833008159883,SUCCESS
1e878b4a-0112-4de1-ad11-f02e228e9c63,2026-07-27T15:45:29.180250+00:00,IPFS,ipfs,ipns_resolve,2.0420419896254316,SUCCESS
1e878b4a-0112-4de1-ad11-f02e228e9c63,2026-07-27T15:45:29.181865+00:00,IPFS,ipfs,ipfs_cat_json,1.370500001939945,SUCCESS
1e878b4a-0112-4de1-ad11-f02e228e9c63,2026-07-27T15:45:29.183959+00:00,IPFS,ipfs,ipns_resolve,1.3673750072484836,SUCCESS
1e878b4a-0112-4de1-ad11-f02e228e9c63,2026-07-27T15:45:29.185218+00:00,IPFS,ipfs,ipfs_cat_json,1.1435830092523247,SUCCESS
1e878b4a-0112-4de1-ad11-f02e228e9c63,2026-07-27T15:45:29.186350+00:00,IPFS,discovery,broker_discovery,29.60654199705459,SUCCESS
1e878b4a-0112-4de1-ad11-f02e228e9c63,2026-07-27T15:45:29.187448+00:00,IPFS,dap,dap_create_capability,0.981459001195617,SUCCESS
1e878b4a-0112-4de1-ad11-f02e228e9c63,2026-07-27T15:45:29.197453+00:00,IPFS,dap,dap_encrypt_enc_cap,9.795167003176175,SUCCESS
1e878b4a-0112-4de1-ad11-f02e228e9c63,2026-07-27T15:45:29.198005+00:00,IPFS,idap,client_session_init,0.2819579967763275,SUCCESS
1e878b4a-0112-4de1-ad11-f02e228e9c63,2026-07-27T15:45:29.198121+00:00,IPFS,idap,client_ephemeral_public_key,0.031458999728783965,SUCCESS
1e878b4a-0112-4de1-ad11-f02e228e9c63,2026-07-27T15:45:29.198624+00:00,IPFS,idap,client_request_sign,0.3798749967245385,SUCCESS
1e878b4a-0112-4de1-ad11-f02e228e9c63,2026-07-27T15:45:29.198706+00:00,IPFS,idap,canonical_request_payload,0.020042003598064184,SUCCESS
1e878b4a-0112-4de1-ad11-f02e228e9c63,2026-07-27T15:45:29.201213+00:00,IPFS,ipfs,ipns_resolve,1.7941669939318672,SUCCESS
1e878b4a-0112-4de1-ad11-f02e228e9c63,2026-07-27T15:45:29.202383+00:00,IPFS,ipfs,ipfs_cat_json,1.0719580022851005,SUCCESS
1e878b4a-0112-4de1-ad11-f02e228e9c63,2026-07-27T15:45:29.204374+00:00,IPFS,ipfs,ipns_resolve,1.4229160005925223,SUCCESS
1e878b4a-0112-4de1-ad11-f02e228e9c63,2026-07-27T15:45:29.205640+00:00,IPFS,ipfs,ipfs_cat_json,1.0713749943533912,SUCCESS
1e878b4a-0112-4de1-ad11-f02e228e9c63,2026-07-27T15:45:29.207127+00:00,IPFS,ipfs,ipns_resolve,0.9850419883150607,SUCCESS
1e878b4a-0112-4de1-ad11-f02e228e9c63,2026-07-27T15:45:29.208907+00:00,IPFS,ipfs,ipfs_cat_json,1.6785829939180985,SUCCESS
1e878b4a-0112-4de1-ad11-f02e228e9c63,2026-07-27T15:45:29.210444+00:00,IPFS,ipfs,ipns_resolve,1.017999995383434,SUCCESS
1e878b4a-0112-4de1-ad11-f02e228e9c63,2026-07-27T15:45:29.211509+00:00,IPFS,ipfs,ipfs_cat_json,0.9829170012380928,SUCCESS
1e878b4a-0112-4de1-ad11-f02e228e9c63,2026-07-27T15:45:29.214043+00:00,IPFS,idap,idap_authorize,15.259332998539321,SUCCESS
1e878b4a-0112-4de1-ad11-f02e228e9c63,2026-07-27T15:45:29.216212+00:00,IPFS,ipfs,ipns_resolve,1.60041700291913,SUCCESS
1e878b4a-0112-4de1-ad11-f02e228e9c63,2026-07-27T15:45:29.217040+00:00,IPFS,ipfs,ipfs_cat_json,0.7317090057767928,SUCCESS
1e878b4a-0112-4de1-ad11-f02e228e9c63,2026-07-27T15:45:29.218666+00:00,IPFS,ipfs,ipns_resolve,1.133792000473477,SUCCESS
1e878b4a-0112-4de1-ad11-f02e228e9c63,2026-07-27T15:45:29.219495+00:00,IPFS,ipfs,ipfs_cat_json,0.741249998100102,SUCCESS
1e878b4a-0112-4de1-ad11-f02e228e9c63,2026-07-27T15:45:29.220997+00:00,IPFS,ipfs,ipns_resolve,1.0425419895909727,SUCCESS
1e878b4a-0112-4de1-ad11-f02e228e9c63,2026-07-27T15:45:29.221705+00:00,IPFS,ipfs,ipfs_cat_json,0.633250005193986,SUCCESS
1e878b4a-0112-4de1-ad11-f02e228e9c63,2026-07-27T15:45:29.223088+00:00,IPFS,ipfs,ipns_resolve,0.9418330009793863,SUCCESS
1e878b4a-0112-4de1-ad11-f02e228e9c63,2026-07-27T15:45:29.223684+00:00,IPFS,ipfs,ipfs_cat_json,0.5267910019028932,SUCCESS
1e878b4a-0112-4de1-ad11-f02e228e9c63,2026-07-27T15:45:29.225141+00:00,IPFS,idap,idap_replay_check,11.02062501013279,SUCCESS
1e878b4a-0112-4de1-ad11-f02e228e9c63,2026-07-27T15:45:29.226075+00:00,IPFS,ipfs,ipns_resolve,0.8461669931421056,SUCCESS
1e878b4a-0112-4de1-ad11-f02e228e9c63,2026-07-27T15:45:29.226822+00:00,IPFS,ipfs,ipfs_cat_json,0.6710839952575043,SUCCESS
1e878b4a-0112-4de1-ad11-f02e228e9c63,2026-07-27T15:45:29.227204+00:00,IPFS,idap,resolve_service_public_key,1.996708000660874,SUCCESS
1e878b4a-0112-4de1-ad11-f02e228e9c63,2026-07-27T15:45:29.227272+00:00,IPFS,idap,compute_transcript,0.013625001884065568,SUCCESS
1e878b4a-0112-4de1-ad11-f02e228e9c63,2026-07-27T15:45:29.227625+00:00,IPFS,idap,transcript_verify,0.3023750032298267,SUCCESS
1e878b4a-0112-4de1-ad11-f02e228e9c63,2026-07-27T15:45:29.227912+00:00,IPFS,idap,client_shared_secret_derivation,0.23445900296792388,SUCCESS
1e878b4a-0112-4de1-ad11-f02e228e9c63,2026-07-27T15:45:29.227990+00:00,IPFS,idap,client_session_key_derivation,0.027916001272387803,SUCCESS
1e878b4a-0112-4de1-ad11-f02e228e9c63,2026-07-27T15:45:29.228086+00:00,IPFS,crypto,encrypt_message,0.028291004127822816,SUCCESS
1e878b4a-0112-4de1-ad11-f02e228e9c63,2026-07-27T15:45:29.228145+00:00,IPFS,crypto,decrypt_message,0.008041999535635114,SUCCESS
1e878b4a-0112-4de1-ad11-f02e228e9c63,2026-07-27T15:45:29.228500+00:00,IPFS,tampering,tampered_request_sign,0.28112498694099486,SUCCESS
1e878b4a-0112-4de1-ad11-f02e228e9c63,2026-07-27T15:45:29.230134+00:00,IPFS,ipfs,ipns_resolve,1.182749998406507,SUCCESS
1e878b4a-0112-4de1-ad11-f02e228e9c63,2026-07-27T15:45:29.230831+00:00,IPFS,ipfs,ipfs_cat_json,0.6141250050859526,SUCCESS
1e878b4a-0112-4de1-ad11-f02e228e9c63,2026-07-27T15:45:29.232204+00:00,IPFS,ipfs,ipns_resolve,0.9279579971916974,SUCCESS
1e878b4a-0112-4de1-ad11-f02e228e9c63,2026-07-27T15:45:29.232805+00:00,IPFS,ipfs,ipfs_cat_json,0.530834004166536,SUCCESS
1e878b4a-0112-4de1-ad11-f02e228e9c63,2026-07-27T15:45:29.234006+00:00,IPFS,ipfs,ipns_resolve,0.7956670015119016,SUCCESS
1e878b4a-0112-4de1-ad11-f02e228e9c63,2026-07-27T15:45:29.234994+00:00,IPFS,ipfs,ipfs_cat_json,0.919917001738213,SUCCESS
1e878b4a-0112-4de1-ad11-f02e228e9c63,2026-07-27T15:45:29.236178+00:00,IPFS,ipfs,ipns_resolve,0.7853749993955716,SUCCESS
1e878b4a-0112-4de1-ad11-f02e228e9c63,2026-07-27T15:45:29.236841+00:00,IPFS,ipfs,ipfs_cat_json,0.5874170019524172,SUCCESS
1e878b4a-0112-4de1-ad11-f02e228e9c63,2026-07-27T15:45:29.238053+00:00,IPFS,tampering,tampering_check,9.496208003838547,SUCCESS
1e878b4a-0112-4de1-ad11-f02e228e9c63,2026-07-27T15:45:29.238108+00:00,IPFS,summary,total_flow,124087.37237499736,SUCCESS
db4d925b-f52e-43a8-84a7-3505e22cc540,2026-07-27T15:45:29.446184+00:00,IPFS,startup,initialize_store,0.1779999874997884,SUCCESS
db4d925b-f52e-43a8-84a7-3505e22cc540,2026-07-27T15:45:29.451971+00:00,IPFS,startup,generate_identity_cp,5.442666006274521,SUCCESS
db4d925b-f52e-43a8-84a7-3505e22cc540,2026-07-27T15:45:29.452205+00:00,IPFS,startup,generate_identity_sp,0.18233299488201737,SUCCESS
db4d925b-f52e-43a8-84a7-3505e22cc540,2026-07-27T15:45:29.452414+00:00,IPFS,startup,generate_identity_c1,0.1727499911794439,SUCCESS
db4d925b-f52e-43a8-84a7-3505e22cc540,2026-07-27T15:45:29.452617+00:00,IPFS,startup,generate_identity_s1,0.17020798986777663,SUCCESS
db4d925b-f52e-43a8-84a7-3505e22cc540,2026-07-27T15:45:29.498537+00:00,IPFS,ipfs,ipfs_key_gen,0.9386250021634623,SUCCESS
db4d925b-f52e-43a8-84a7-3505e22cc540,2026-07-27T15:45:29.519919+00:00,IPFS,ipfs,ipfs_add_json,20.345666009234264,SUCCESS
db4d925b-f52e-43a8-84a7-3505e22cc540,2026-07-27T15:46:19.127987+00:00,IPFS,ipfs,ipns_publish,49607.00150000048,SUCCESS
db4d925b-f52e-43a8-84a7-3505e22cc540,2026-07-27T15:46:19.140130+00:00,IPFS,publish,publish_identity_cp,49687.46791599551,SUCCESS
db4d925b-f52e-43a8-84a7-3505e22cc540,2026-07-27T15:46:19.224817+00:00,IPFS,ipfs,ipfs_key_gen,2.4086670018732548,SUCCESS
db4d925b-f52e-43a8-84a7-3505e22cc540,2026-07-27T15:46:19.249772+00:00,IPFS,ipfs,ipfs_add_json,20.27799999632407,SUCCESS
db4d925b-f52e-43a8-84a7-3505e22cc540,2026-07-27T15:47:13.370033+00:00,IPFS,ipfs,ipns_publish,54120.23312500969,SUCCESS
db4d925b-f52e-43a8-84a7-3505e22cc540,2026-07-27T15:47:13.372374+00:00,IPFS,publish,publish_identity_sp,54232.1683330083,SUCCESS
db4d925b-f52e-43a8-84a7-3505e22cc540,2026-07-27T15:47:13.444554+00:00,IPFS,ipfs,ipfs_key_gen,1.1851250019390136,SUCCESS
db4d925b-f52e-43a8-84a7-3505e22cc540,2026-07-27T15:47:13.468639+00:00,IPFS,ipfs,ipfs_add_json,22.160916007123888,SUCCESS
db4d925b-f52e-43a8-84a7-3505e22cc540,2026-07-27T15:47:18.392892+00:00,IPFS,ipfs,ipns_publish,4923.681749991374,SUCCESS
db4d925b-f52e-43a8-84a7-3505e22cc540,2026-07-27T15:47:18.396697+00:00,IPFS,publish,publish_identity_c1,5024.060666997684,SUCCESS
db4d925b-f52e-43a8-84a7-3505e22cc540,2026-07-27T15:47:18.431434+00:00,IPFS,ipfs,ipfs_key_gen,1.8658339977264404,SUCCESS
db4d925b-f52e-43a8-84a7-3505e22cc540,2026-07-27T15:47:18.456425+00:00,IPFS,ipfs,ipfs_add_json,22.488457994768396,SUCCESS
db4d925b-f52e-43a8-84a7-3505e22cc540,2026-07-27T15:47:27.765458+00:00,IPFS,ipfs,ipns_publish,9307.116583004245,SUCCESS
db4d925b-f52e-43a8-84a7-3505e22cc540,2026-07-27T15:47:27.769246+00:00,IPFS,publish,publish_identity_s1,9372.043625000515,SUCCESS
db4d925b-f52e-43a8-84a7-3505e22cc540,2026-07-27T15:47:27.789624+00:00,IPFS,ipfs,ipfs_key_gen,0.9068340004887432,SUCCESS
db4d925b-f52e-43a8-84a7-3505e22cc540,2026-07-27T15:47:27.812564+00:00,IPFS,ipfs,ipfs_add_json,20.726667004055344,SUCCESS
db4d925b-f52e-43a8-84a7-3505e22cc540,2026-07-27T15:47:37.341285+00:00,IPFS,ipfs,ipns_publish,9527.22058299696,SUCCESS
db4d925b-f52e-43a8-84a7-3505e22cc540,2026-07-27T15:47:37.347263+00:00,IPFS,publish,publish_service_metadata,9577.607416998944,SUCCESS
db4d925b-f52e-43a8-84a7-3505e22cc540,2026-07-27T15:47:37.383976+00:00,IPFS,ipfs,ipfs_key_gen,1.8035000102827325,SUCCESS
db4d925b-f52e-43a8-84a7-3505e22cc540,2026-07-27T15:47:37.406373+00:00,IPFS,ipfs,ipfs_add_json,18.964207993121818,SUCCESS
db4d925b-f52e-43a8-84a7-3505e22cc540,2026-07-27T15:48:00.773587+00:00,IPFS,ipfs,ipns_publish,23363.689750010963,SUCCESS
db4d925b-f52e-43a8-84a7-3505e22cc540,2026-07-27T15:48:00.780056+00:00,IPFS,publish,publish_provider_registry,23432.121874997392,SUCCESS
db4d925b-f52e-43a8-84a7-3505e22cc540,2026-07-27T15:48:00.786002+00:00,IPFS,ipfs,ipns_resolve,5.565875006141141,SUCCESS
db4d925b-f52e-43a8-84a7-3505e22cc540,2026-07-27T15:48:00.793122+00:00,IPFS,ipfs,ipfs_cat_json,6.955499993637204,SUCCESS
db4d925b-f52e-43a8-84a7-3505e22cc540,2026-07-27T15:48:00.809391+00:00,IPFS,ipfs,ipns_resolve,1.5022090083220974,SUCCESS
db4d925b-f52e-43a8-84a7-3505e22cc540,2026-07-27T15:48:00.810508+00:00,IPFS,ipfs,ipfs_cat_json,1.0170410096179694,SUCCESS
db4d925b-f52e-43a8-84a7-3505e22cc540,2026-07-27T15:48:00.812418+00:00,IPFS,ipfs,ipns_resolve,1.2749579909723252,SUCCESS
db4d925b-f52e-43a8-84a7-3505e22cc540,2026-07-27T15:48:00.815217+00:00,IPFS,ipfs,ipfs_cat_json,2.636458011693321,SUCCESS
db4d925b-f52e-43a8-84a7-3505e22cc540,2026-07-27T15:48:00.816649+00:00,IPFS,discovery,broker_discovery,36.34045799844898,SUCCESS
db4d925b-f52e-43a8-84a7-3505e22cc540,2026-07-27T15:48:00.818523+00:00,IPFS,dap,dap_create_capability,1.7261660104850307,SUCCESS
db4d925b-f52e-43a8-84a7-3505e22cc540,2026-07-27T15:48:00.827521+00:00,IPFS,dap,dap_encrypt_enc_cap,8.796125010121614,SUCCESS
db4d925b-f52e-43a8-84a7-3505e22cc540,2026-07-27T15:48:00.835651+00:00,IPFS,idap,client_session_init,0.18254099995829165,SUCCESS
db4d925b-f52e-43a8-84a7-3505e22cc540,2026-07-27T15:48:00.835738+00:00,IPFS,idap,client_ephemeral_public_key,0.006917005521245301,SUCCESS
db4d925b-f52e-43a8-84a7-3505e22cc540,2026-07-27T15:48:00.836136+00:00,IPFS,idap,client_request_sign,0.33379100204911083,SUCCESS
db4d925b-f52e-43a8-84a7-3505e22cc540,2026-07-27T15:48:00.836220+00:00,IPFS,idap,canonical_request_payload,0.01558400981593877,SUCCESS
db4d925b-f52e-43a8-84a7-3505e22cc540,2026-07-27T15:48:00.838269+00:00,IPFS,ipfs,ipns_resolve,1.484459004132077,SUCCESS
db4d925b-f52e-43a8-84a7-3505e22cc540,2026-07-27T15:48:00.839601+00:00,IPFS,ipfs,ipfs_cat_json,1.2382499990053475,SUCCESS
db4d925b-f52e-43a8-84a7-3505e22cc540,2026-07-27T15:48:00.841406+00:00,IPFS,ipfs,ipns_resolve,1.2635000020964071,SUCCESS
db4d925b-f52e-43a8-84a7-3505e22cc540,2026-07-27T15:48:00.842304+00:00,IPFS,ipfs,ipfs_cat_json,0.7668330072192475,SUCCESS
db4d925b-f52e-43a8-84a7-3505e22cc540,2026-07-27T15:48:00.843834+00:00,IPFS,ipfs,ipns_resolve,1.042291012709029,SUCCESS
db4d925b-f52e-43a8-84a7-3505e22cc540,2026-07-27T15:48:00.844828+00:00,IPFS,ipfs,ipfs_cat_json,0.8997919940156862,SUCCESS
db4d925b-f52e-43a8-84a7-3505e22cc540,2026-07-27T15:48:00.846268+00:00,IPFS,ipfs,ipns_resolve,0.9477499988861382,SUCCESS
db4d925b-f52e-43a8-84a7-3505e22cc540,2026-07-27T15:48:00.847095+00:00,IPFS,ipfs,ipfs_cat_json,0.7286670006578788,SUCCESS
db4d925b-f52e-43a8-84a7-3505e22cc540,2026-07-27T15:48:00.849208+00:00,IPFS,idap,idap_authorize,12.918499996885657,SUCCESS
db4d925b-f52e-43a8-84a7-3505e22cc540,2026-07-27T15:48:00.850467+00:00,IPFS,ipfs,ipns_resolve,0.7954160100780427,SUCCESS
db4d925b-f52e-43a8-84a7-3505e22cc540,2026-07-27T15:48:00.851087+00:00,IPFS,ipfs,ipfs_cat_json,0.5476249934872612,SUCCESS
db4d925b-f52e-43a8-84a7-3505e22cc540,2026-07-27T15:48:00.852245+00:00,IPFS,ipfs,ipns_resolve,0.7550000009359792,SUCCESS
db4d925b-f52e-43a8-84a7-3505e22cc540,2026-07-27T15:48:00.852816+00:00,IPFS,ipfs,ipfs_cat_json,0.49729199963621795,SUCCESS
db4d925b-f52e-43a8-84a7-3505e22cc540,2026-07-27T15:48:00.853914+00:00,IPFS,ipfs,ipns_resolve,0.6953749980311841,SUCCESS
db4d925b-f52e-43a8-84a7-3505e22cc540,2026-07-27T15:48:00.854458+00:00,IPFS,ipfs,ipfs_cat_json,0.46749999455641955,SUCCESS
db4d925b-f52e-43a8-84a7-3505e22cc540,2026-07-27T15:48:00.855551+00:00,IPFS,ipfs,ipns_resolve,0.6947080109966919,SUCCESS
db4d925b-f52e-43a8-84a7-3505e22cc540,2026-07-27T15:48:00.856081+00:00,IPFS,ipfs,ipfs_cat_json,0.4652500065276399,SUCCESS
db4d925b-f52e-43a8-84a7-3505e22cc540,2026-07-27T15:48:00.857307+00:00,IPFS,idap,idap_replay_check,8.031042001675814,SUCCESS
db4d925b-f52e-43a8-84a7-3505e22cc540,2026-07-27T15:48:00.858106+00:00,IPFS,ipfs,ipns_resolve,0.7320419972529635,SUCCESS
db4d925b-f52e-43a8-84a7-3505e22cc540,2026-07-27T15:48:00.858641+00:00,IPFS,ipfs,ipfs_cat_json,0.47116698988247663,SUCCESS
db4d925b-f52e-43a8-84a7-3505e22cc540,2026-07-27T15:48:00.859001+00:00,IPFS,idap,resolve_service_public_key,1.6320830036420375,SUCCESS
db4d925b-f52e-43a8-84a7-3505e22cc540,2026-07-27T15:48:00.859069+00:00,IPFS,idap,compute_transcript,0.014375007594935596,SUCCESS
db4d925b-f52e-43a8-84a7-3505e22cc540,2026-07-27T15:48:00.859400+00:00,IPFS,idap,transcript_verify,0.28141599614173174,SUCCESS
db4d925b-f52e-43a8-84a7-3505e22cc540,2026-07-27T15:48:00.859666+00:00,IPFS,idap,client_shared_secret_derivation,0.2095829986501485,SUCCESS
db4d925b-f52e-43a8-84a7-3505e22cc540,2026-07-27T15:48:00.859735+00:00,IPFS,idap,client_session_key_derivation,0.02041699190158397,SUCCESS
db4d925b-f52e-43a8-84a7-3505e22cc540,2026-07-27T15:48:00.859821+00:00,IPFS,crypto,encrypt_message,0.023833999875932932,SUCCESS
db4d925b-f52e-43a8-84a7-3505e22cc540,2026-07-27T15:48:00.859876+00:00,IPFS,crypto,decrypt_message,0.006917005521245301,SUCCESS
db4d925b-f52e-43a8-84a7-3505e22cc540,2026-07-27T15:48:00.860209+00:00,IPFS,tampering,tampered_request_sign,0.26404199888929725,SUCCESS
db4d925b-f52e-43a8-84a7-3505e22cc540,2026-07-27T15:48:00.861325+00:00,IPFS,ipfs,ipns_resolve,0.7308750064112246,SUCCESS
db4d925b-f52e-43a8-84a7-3505e22cc540,2026-07-27T15:48:00.861829+00:00,IPFS,ipfs,ipfs_cat_json,0.4485829995246604,SUCCESS
db4d925b-f52e-43a8-84a7-3505e22cc540,2026-07-27T15:48:00.862818+00:00,IPFS,ipfs,ipns_resolve,0.6488750077551231,SUCCESS
db4d925b-f52e-43a8-84a7-3505e22cc540,2026-07-27T15:48:00.863642+00:00,IPFS,ipfs,ipfs_cat_json,0.7650830084457994,SUCCESS
db4d925b-f52e-43a8-84a7-3505e22cc540,2026-07-27T15:48:00.864624+00:00,IPFS,ipfs,ipns_resolve,0.6533749983645976,SUCCESS
db4d925b-f52e-43a8-84a7-3505e22cc540,2026-07-27T15:48:00.865095+00:00,IPFS,ipfs,ipfs_cat_json,0.42033300269395113,SUCCESS
db4d925b-f52e-43a8-84a7-3505e22cc540,2026-07-27T15:48:00.866063+00:00,IPFS,ipfs,ipns_resolve,0.6554999999934807,SUCCESS
db4d925b-f52e-43a8-84a7-3505e22cc540,2026-07-27T15:48:00.866561+00:00,IPFS,ipfs,ipfs_cat_json,0.4472500004339963,SUCCESS
db4d925b-f52e-43a8-84a7-3505e22cc540,2026-07-27T15:48:00.867607+00:00,IPFS,tampering,tampering_check,7.344500001636334,SUCCESS
db4d925b-f52e-43a8-84a7-3505e22cc540,2026-07-27T15:48:00.867653+00:00,IPFS,summary,total_flow,151422.9820420005,SUCCESS
2e651a17-7e81-44e7-8599-dec20ed6f88b,2026-07-27T15:48:01.072014+00:00,IPFS,startup,initialize_store,0.13520799984689802,SUCCESS
2e651a17-7e81-44e7-8599-dec20ed6f88b,2026-07-27T15:48:01.077129+00:00,IPFS,startup,generate_identity_cp,4.7742080059833825,SUCCESS
2e651a17-7e81-44e7-8599-dec20ed6f88b,2026-07-27T15:48:01.077365+00:00,IPFS,startup,generate_identity_sp,0.1820419856812805,SUCCESS
2e651a17-7e81-44e7-8599-dec20ed6f88b,2026-07-27T15:48:01.077576+00:00,IPFS,startup,generate_identity_c1,0.17295799625571817,SUCCESS
2e651a17-7e81-44e7-8599-dec20ed6f88b,2026-07-27T15:48:01.077783+00:00,IPFS,startup,generate_identity_s1,0.17004199617076665,SUCCESS
2e651a17-7e81-44e7-8599-dec20ed6f88b,2026-07-27T15:48:01.135649+00:00,IPFS,ipfs,ipfs_key_gen,0.8803750097285956,SUCCESS
2e651a17-7e81-44e7-8599-dec20ed6f88b,2026-07-27T15:48:01.162347+00:00,IPFS,ipfs,ipfs_add_json,25.566958007402718,SUCCESS
2e651a17-7e81-44e7-8599-dec20ed6f88b,2026-07-27T15:48:29.651501+00:00,IPFS,ipfs,ipns_publish,28481.88670798845,SUCCESS
2e651a17-7e81-44e7-8599-dec20ed6f88b,2026-07-27T15:48:29.656245+00:00,IPFS,publish,publish_identity_cp,28578.4235829924,SUCCESS
2e651a17-7e81-44e7-8599-dec20ed6f88b,2026-07-27T15:48:29.726811+00:00,IPFS,ipfs,ipfs_key_gen,1.8009589985013008,SUCCESS
2e651a17-7e81-44e7-8599-dec20ed6f88b,2026-07-27T15:48:29.756341+00:00,IPFS,ipfs,ipfs_add_json,26.449417011463083,SUCCESS
2e651a17-7e81-44e7-8599-dec20ed6f88b,2026-07-27T15:48:39.393544+00:00,IPFS,ipfs,ipns_publish,9635.50208399829,SUCCESS
2e651a17-7e81-44e7-8599-dec20ed6f88b,2026-07-27T15:48:39.398267+00:00,IPFS,publish,publish_identity_sp,9741.607166011818,SUCCESS
2e651a17-7e81-44e7-8599-dec20ed6f88b,2026-07-27T15:48:39.478309+00:00,IPFS,ipfs,ipfs_key_gen,1.215124997543171,SUCCESS
2e651a17-7e81-44e7-8599-dec20ed6f88b,2026-07-27T15:48:39.502620+00:00,IPFS,ipfs,ipfs_add_json,22.37024999340065,SUCCESS
2e651a17-7e81-44e7-8599-dec20ed6f88b,2026-07-27T15:48:49.275129+00:00,IPFS,ipfs,ipns_publish,9771.483207994606,SUCCESS
2e651a17-7e81-44e7-8599-dec20ed6f88b,2026-07-27T15:48:49.285543+00:00,IPFS,publish,publish_identity_c1,9886.709375001374,SUCCESS
2e651a17-7e81-44e7-8599-dec20ed6f88b,2026-07-27T15:48:49.358995+00:00,IPFS,ipfs,ipfs_key_gen,1.1192910023964942,SUCCESS
2e651a17-7e81-44e7-8599-dec20ed6f88b,2026-07-27T15:48:49.381509+00:00,IPFS,ipfs,ipfs_add_json,20.486124994931743,SUCCESS
2e651a17-7e81-44e7-8599-dec20ed6f88b,2026-07-27T15:49:25.825726+00:00,IPFS,ipfs,ipns_publish,36442.947959003504,SUCCESS
2e651a17-7e81-44e7-8599-dec20ed6f88b,2026-07-27T15:49:25.836629+00:00,IPFS,publish,publish_identity_s1,36549.35387500154,SUCCESS
2e651a17-7e81-44e7-8599-dec20ed6f88b,2026-07-27T15:49:25.919710+00:00,IPFS,ipfs,ipfs_key_gen,1.0190000029979274,SUCCESS
2e651a17-7e81-44e7-8599-dec20ed6f88b,2026-07-27T15:49:25.943841+00:00,IPFS,ipfs,ipfs_add_json,22.67095800198149,SUCCESS
2e651a17-7e81-44e7-8599-dec20ed6f88b,2026-07-27T15:49:42.681663+00:00,IPFS,ipfs,ipns_publish,16737.07462499442,SUCCESS
2e651a17-7e81-44e7-8599-dec20ed6f88b,2026-07-27T15:49:42.684667+00:00,IPFS,publish,publish_service_metadata,16847.81366599782,SUCCESS
2e651a17-7e81-44e7-8599-dec20ed6f88b,2026-07-27T15:49:42.812954+00:00,IPFS,ipfs,ipfs_key_gen,0.817624997580424,SUCCESS
2e651a17-7e81-44e7-8599-dec20ed6f88b,2026-07-27T15:49:42.896511+00:00,IPFS,ipfs,ipfs_add_json,82.33016700251028,SUCCESS
2e651a17-7e81-44e7-8599-dec20ed6f88b,2026-07-27T15:50:23.363607+00:00,IPFS,ipfs,ipns_publish,40465.68962499441,SUCCESS
2e651a17-7e81-44e7-8599-dec20ed6f88b,2026-07-27T15:50:23.367031+00:00,IPFS,publish,publish_provider_registry,40682.43387500115,SUCCESS
2e651a17-7e81-44e7-8599-dec20ed6f88b,2026-07-27T15:50:23.371959+00:00,IPFS,ipfs,ipns_resolve,4.699583005276509,SUCCESS
2e651a17-7e81-44e7-8599-dec20ed6f88b,2026-07-27T15:50:23.377967+00:00,IPFS,ipfs,ipfs_cat_json,5.881374992895871,SUCCESS
2e651a17-7e81-44e7-8599-dec20ed6f88b,2026-07-27T15:50:23.394282+00:00,IPFS,ipfs,ipns_resolve,1.2912079982925206,SUCCESS
2e651a17-7e81-44e7-8599-dec20ed6f88b,2026-07-27T15:50:23.395335+00:00,IPFS,ipfs,ipfs_cat_json,0.9392499923706055,SUCCESS
2e651a17-7e81-44e7-8599-dec20ed6f88b,2026-07-27T15:50:23.397015+00:00,IPFS,ipfs,ipns_resolve,1.1714169959304854,SUCCESS
2e651a17-7e81-44e7-8599-dec20ed6f88b,2026-07-27T15:50:23.398187+00:00,IPFS,ipfs,ipfs_cat_json,1.1009590089088306,SUCCESS
2e651a17-7e81-44e7-8599-dec20ed6f88b,2026-07-27T15:50:23.398950+00:00,IPFS,discovery,broker_discovery,31.764500003191642,SUCCESS
2e651a17-7e81-44e7-8599-dec20ed6f88b,2026-07-27T15:50:23.399857+00:00,IPFS,dap,dap_create_capability,0.8184159960364923,SUCCESS
2e651a17-7e81-44e7-8599-dec20ed6f88b,2026-07-27T15:50:23.409054+00:00,IPFS,dap,dap_encrypt_enc_cap,9.062666998943314,SUCCESS
2e651a17-7e81-44e7-8599-dec20ed6f88b,2026-07-27T15:50:23.409320+00:00,IPFS,idap,client_session_init,0.1531669986434281,SUCCESS
2e651a17-7e81-44e7-8599-dec20ed6f88b,2026-07-27T15:50:23.409382+00:00,IPFS,idap,client_ephemeral_public_key,0.004040994099341333,SUCCESS
2e651a17-7e81-44e7-8599-dec20ed6f88b,2026-07-27T15:50:23.409683+00:00,IPFS,idap,client_request_sign,0.24929200299084187,SUCCESS
2e651a17-7e81-44e7-8599-dec20ed6f88b,2026-07-27T15:50:23.409743+00:00,IPFS,idap,canonical_request_payload,0.013041993952356279,SUCCESS
2e651a17-7e81-44e7-8599-dec20ed6f88b,2026-07-27T15:50:23.411840+00:00,IPFS,ipfs,ipns_resolve,1.6082909860415384,SUCCESS
2e651a17-7e81-44e7-8599-dec20ed6f88b,2026-07-27T15:50:23.412935+00:00,IPFS,ipfs,ipfs_cat_json,1.003458004561253,SUCCESS
2e651a17-7e81-44e7-8599-dec20ed6f88b,2026-07-27T15:50:23.414418+00:00,IPFS,ipfs,ipns_resolve,1.0274160013068467,SUCCESS
2e651a17-7e81-44e7-8599-dec20ed6f88b,2026-07-27T15:50:23.414995+00:00,IPFS,ipfs,ipfs_cat_json,0.5027090082876384,SUCCESS
2e651a17-7e81-44e7-8599-dec20ed6f88b,2026-07-27T15:50:23.416126+00:00,IPFS,ipfs,ipns_resolve,0.7777079881634563,SUCCESS
2e651a17-7e81-44e7-8599-dec20ed6f88b,2026-07-27T15:50:23.416804+00:00,IPFS,ipfs,ipfs_cat_json,0.624166990746744,SUCCESS
2e651a17-7e81-44e7-8599-dec20ed6f88b,2026-07-27T15:50:23.417934+00:00,IPFS,ipfs,ipns_resolve,0.7867499953135848,SUCCESS
2e651a17-7e81-44e7-8599-dec20ed6f88b,2026-07-27T15:50:23.418543+00:00,IPFS,ipfs,ipfs_cat_json,0.5523330037249252,SUCCESS
2e651a17-7e81-44e7-8599-dec20ed6f88b,2026-07-27T15:50:23.420323+00:00,IPFS,idap,idap_authorize,10.520374999032356,SUCCESS
2e651a17-7e81-44e7-8599-dec20ed6f88b,2026-07-27T15:50:23.421516+00:00,IPFS,ipfs,ipns_resolve,0.7862920028856024,SUCCESS
2e651a17-7e81-44e7-8599-dec20ed6f88b,2026-07-27T15:50:23.422012+00:00,IPFS,ipfs,ipfs_cat_json,0.44395800796337426,SUCCESS
2e651a17-7e81-44e7-8599-dec20ed6f88b,2026-07-27T15:50:23.423167+00:00,IPFS,ipfs,ipns_resolve,0.8281250047730282,SUCCESS
2e651a17-7e81-44e7-8599-dec20ed6f88b,2026-07-27T15:50:23.423597+00:00,IPFS,ipfs,ipfs_cat_json,0.38266599585767835,SUCCESS
2e651a17-7e81-44e7-8599-dec20ed6f88b,2026-07-27T15:50:23.424665+00:00,IPFS,ipfs,ipns_resolve,0.7512500014854595,SUCCESS
2e651a17-7e81-44e7-8599-dec20ed6f88b,2026-07-27T15:50:23.425120+00:00,IPFS,ipfs,ipfs_cat_json,0.40395800897385925,SUCCESS
2e651a17-7e81-44e7-8599-dec20ed6f88b,2026-07-27T15:50:23.426048+00:00,IPFS,ipfs,ipns_resolve,0.6124999927124009,SUCCESS
2e651a17-7e81-44e7-8599-dec20ed6f88b,2026-07-27T15:50:23.426530+00:00,IPFS,ipfs,ipfs_cat_json,0.42962499719578773,SUCCESS
2e651a17-7e81-44e7-8599-dec20ed6f88b,2026-07-27T15:50:23.427604+00:00,IPFS,idap,idap_replay_check,7.217833001050167,SUCCESS
2e651a17-7e81-44e7-8599-dec20ed6f88b,2026-07-27T15:50:23.428400+00:00,IPFS,ipfs,ipns_resolve,0.7431669946527109,SUCCESS
2e651a17-7e81-44e7-8599-dec20ed6f88b,2026-07-27T15:50:23.428854+00:00,IPFS,ipfs,ipfs_cat_json,0.40645801345817745,SUCCESS
2e651a17-7e81-44e7-8599-dec20ed6f88b,2026-07-27T15:50:23.429162+00:00,IPFS,idap,resolve_service_public_key,1.5090420056367293,SUCCESS
2e651a17-7e81-44e7-8599-dec20ed6f88b,2026-07-27T15:50:23.429218+00:00,IPFS,idap,compute_transcript,0.01158300437964499,SUCCESS
2e651a17-7e81-44e7-8599-dec20ed6f88b,2026-07-27T15:50:23.429503+00:00,IPFS,idap,transcript_verify,0.2431250031804666,SUCCESS
2e651a17-7e81-44e7-8599-dec20ed6f88b,2026-07-27T15:50:23.429729+00:00,IPFS,idap,client_shared_secret_derivation,0.1824999926611781,SUCCESS
2e651a17-7e81-44e7-8599-dec20ed6f88b,2026-07-27T15:50:23.429786+00:00,IPFS,idap,client_session_key_derivation,0.015292011084966362,SUCCESS
2e651a17-7e81-44e7-8599-dec20ed6f88b,2026-07-27T15:50:23.429847+00:00,IPFS,crypto,encrypt_message,0.012333999620750546,SUCCESS
2e651a17-7e81-44e7-8599-dec20ed6f88b,2026-07-27T15:50:23.429894+00:00,IPFS,crypto,decrypt_message,0.00508299854118377,SUCCESS
2e651a17-7e81-44e7-8599-dec20ed6f88b,2026-07-27T15:50:23.430176+00:00,IPFS,tampering,tampered_request_sign,0.22508400434162468,SUCCESS
2e651a17-7e81-44e7-8599-dec20ed6f88b,2026-07-27T15:50:23.431278+00:00,IPFS,ipfs,ipns_resolve,0.7686669996473938,SUCCESS
2e651a17-7e81-44e7-8599-dec20ed6f88b,2026-07-27T15:50:23.431776+00:00,IPFS,ipfs,ipfs_cat_json,0.4526249977061525,SUCCESS
2e651a17-7e81-44e7-8599-dec20ed6f88b,2026-07-27T15:50:23.433038+00:00,IPFS,ipfs,ipns_resolve,0.9630830027163029,SUCCESS
2e651a17-7e81-44e7-8599-dec20ed6f88b,2026-07-27T15:50:23.433525+00:00,IPFS,ipfs,ipfs_cat_json,0.43737499800045043,SUCCESS
2e651a17-7e81-44e7-8599-dec20ed6f88b,2026-07-27T15:50:23.434364+00:00,IPFS,ipfs,ipns_resolve,0.5453329940792173,SUCCESS
2e651a17-7e81-44e7-8599-dec20ed6f88b,2026-07-27T15:50:23.434821+00:00,IPFS,ipfs,ipfs_cat_json,0.41429199336562306,SUCCESS
2e651a17-7e81-44e7-8599-dec20ed6f88b,2026-07-27T15:50:23.435971+00:00,IPFS,ipfs,ipns_resolve,0.8415839984081686,SUCCESS
2e651a17-7e81-44e7-8599-dec20ed6f88b,2026-07-27T15:50:23.436460+00:00,IPFS,ipfs,ipfs_cat_json,0.4352079995442182,SUCCESS
2e651a17-7e81-44e7-8599-dec20ed6f88b,2026-07-27T15:50:23.437464+00:00,IPFS,tampering,tampering_check,7.240999999339692,SUCCESS
2e651a17-7e81-44e7-8599-dec20ed6f88b,2026-07-27T15:50:23.437511+00:00,IPFS,summary,total_flow,142366.88654099999,SUCCESS
17d7e787-a2b7-4619-a946-d75c1738e506,2026-07-27T15:50:23.648471+00:00,IPFS,startup,initialize_store,0.14033299521543086,SUCCESS
17d7e787-a2b7-4619-a946-d75c1738e506,2026-07-27T15:50:23.654457+00:00,IPFS,startup,generate_identity_cp,5.651249986840412,SUCCESS
17d7e787-a2b7-4619-a946-d75c1738e506,2026-07-27T15:50:23.654686+00:00,IPFS,startup,generate_identity_sp,0.18158300372306257,SUCCESS
17d7e787-a2b7-4619-a946-d75c1738e506,2026-07-27T15:50:23.654894+00:00,IPFS,startup,generate_identity_c1,0.17320799815934151,SUCCESS
17d7e787-a2b7-4619-a946-d75c1738e506,2026-07-27T15:50:23.655095+00:00,IPFS,startup,generate_identity_s1,0.16829199739731848,SUCCESS
17d7e787-a2b7-4619-a946-d75c1738e506,2026-07-27T15:50:23.721249+00:00,IPFS,ipfs,ipfs_key_gen,0.9076249989448115,SUCCESS
17d7e787-a2b7-4619-a946-d75c1738e506,2026-07-27T15:50:23.751601+00:00,IPFS,ipfs,ipfs_add_json,29.263499993248843,SUCCESS
17d7e787-a2b7-4619-a946-d75c1738e506,2026-07-27T15:50:42.645741+00:00,IPFS,ipfs,ipns_publish,18880.788499998744,SUCCESS
17d7e787-a2b7-4619-a946-d75c1738e506,2026-07-27T15:50:42.649611+00:00,IPFS,publish,publish_identity_cp,18994.533832999878,SUCCESS
17d7e787-a2b7-4619-a946-d75c1738e506,2026-07-27T15:50:42.710443+00:00,IPFS,ipfs,ipfs_key_gen,1.178708000225015,SUCCESS
17d7e787-a2b7-4619-a946-d75c1738e506,2026-07-27T15:50:42.734888+00:00,IPFS,ipfs,ipfs_add_json,22.11791700392496,SUCCESS
17d7e787-a2b7-4619-a946-d75c1738e506,2026-07-27T15:50:47.191528+00:00,IPFS,ipfs,ipns_publish,4455.573457991704,SUCCESS
17d7e787-a2b7-4619-a946-d75c1738e506,2026-07-27T15:50:47.197031+00:00,IPFS,publish,publish_identity_sp,4547.160125002847,SUCCESS
17d7e787-a2b7-4619-a946-d75c1738e506,2026-07-27T15:50:47.244130+00:00,IPFS,ipfs,ipfs_key_gen,1.8770000024233013,SUCCESS
17d7e787-a2b7-4619-a946-d75c1738e506,2026-07-27T15:50:47.274205+00:00,IPFS,ipfs,ipfs_add_json,25.347874994622543,SUCCESS
17d7e787-a2b7-4619-a946-d75c1738e506,2026-07-27T15:50:56.230637+00:00,IPFS,ipfs,ipns_publish,8955.44725000218,SUCCESS
17d7e787-a2b7-4619-a946-d75c1738e506,2026-07-27T15:50:56.237161+00:00,IPFS,publish,publish_identity_c1,9039.575750008225,SUCCESS
17d7e787-a2b7-4619-a946-d75c1738e506,2026-07-27T15:50:56.269498+00:00,IPFS,ipfs,ipfs_key_gen,1.6399169981013983,SUCCESS
17d7e787-a2b7-4619-a946-d75c1738e506,2026-07-27T15:50:56.293475+00:00,IPFS,ipfs,ipfs_add_json,21.548958000494167,SUCCESS
17d7e787-a2b7-4619-a946-d75c1738e506,2026-07-27T15:51:26.361751+00:00,IPFS,ipfs,ipns_publish,30067.98137498845,SUCCESS
17d7e787-a2b7-4619-a946-d75c1738e506,2026-07-27T15:51:26.363363+00:00,IPFS,publish,publish_identity_s1,30126.030042010825,SUCCESS
17d7e787-a2b7-4619-a946-d75c1738e506,2026-07-27T15:51:26.421533+00:00,IPFS,ipfs,ipfs_key_gen,0.8857499924488366,SUCCESS
17d7e787-a2b7-4619-a946-d75c1738e506,2026-07-27T15:51:26.443206+00:00,IPFS,ipfs,ipfs_add_json,20.029499995871447,SUCCESS
17d7e787-a2b7-4619-a946-d75c1738e506,2026-07-27T15:51:55.451862+00:00,IPFS,ipfs,ipns_publish,29007.566416999907,SUCCESS
17d7e787-a2b7-4619-a946-d75c1738e506,2026-07-27T15:51:55.457728+00:00,IPFS,publish,publish_service_metadata,29094.052125001326,SUCCESS
17d7e787-a2b7-4619-a946-d75c1738e506,2026-07-27T15:51:55.551882+00:00,IPFS,ipfs,ipfs_key_gen,1.4335419982671738,SUCCESS
17d7e787-a2b7-4619-a946-d75c1738e506,2026-07-27T15:51:55.572007+00:00,IPFS,ipfs,ipfs_add_json,18.3814589981921,SUCCESS
17d7e787-a2b7-4619-a946-d75c1738e506,2026-07-27T15:52:11.765570+00:00,IPFS,ipfs,ipns_publish,16192.435374992783,SUCCESS
17d7e787-a2b7-4619-a946-d75c1738e506,2026-07-27T15:52:11.774431+00:00,IPFS,publish,publish_provider_registry,16316.210791002959,SUCCESS
17d7e787-a2b7-4619-a946-d75c1738e506,2026-07-27T15:52:11.781773+00:00,IPFS,ipfs,ipns_resolve,6.746083003235981,SUCCESS
17d7e787-a2b7-4619-a946-d75c1738e506,2026-07-27T15:52:11.785139+00:00,IPFS,ipfs,ipfs_cat_json,2.803082999889739,SUCCESS
17d7e787-a2b7-4619-a946-d75c1738e506,2026-07-27T15:52:11.794659+00:00,IPFS,ipfs,ipns_resolve,2.1062920131953433,SUCCESS
17d7e787-a2b7-4619-a946-d75c1738e506,2026-07-27T15:52:11.797069+00:00,IPFS,ipfs,ipfs_cat_json,2.119041993864812,SUCCESS
17d7e787-a2b7-4619-a946-d75c1738e506,2026-07-27T15:52:11.799529+00:00,IPFS,ipfs,ipns_resolve,1.4930000033928081,SUCCESS
17d7e787-a2b7-4619-a946-d75c1738e506,2026-07-27T15:52:11.800819+00:00,IPFS,ipfs,ipfs_cat_json,1.0984160035150126,SUCCESS
17d7e787-a2b7-4619-a946-d75c1738e506,2026-07-27T15:52:11.802081+00:00,IPFS,discovery,broker_discovery,27.30433299439028,SUCCESS
17d7e787-a2b7-4619-a946-d75c1738e506,2026-07-27T15:52:11.803216+00:00,IPFS,dap,dap_create_capability,0.9947079961420968,SUCCESS
17d7e787-a2b7-4619-a946-d75c1738e506,2026-07-27T15:52:11.813120+00:00,IPFS,dap,dap_encrypt_enc_cap,9.504250003374182,SUCCESS
17d7e787-a2b7-4619-a946-d75c1738e506,2026-07-27T15:52:11.813761+00:00,IPFS,idap,client_session_init,0.44466600229498,SUCCESS
17d7e787-a2b7-4619-a946-d75c1738e506,2026-07-27T15:52:11.813867+00:00,IPFS,idap,client_ephemeral_public_key,0.005665991920977831,SUCCESS
17d7e787-a2b7-4619-a946-d75c1738e506,2026-07-27T15:52:11.814464+00:00,IPFS,idap,client_request_sign,0.5168329953448847,SUCCESS
17d7e787-a2b7-4619-a946-d75c1738e506,2026-07-27T15:52:11.814554+00:00,IPFS,idap,canonical_request_payload,0.01925000105984509,SUCCESS
17d7e787-a2b7-4619-a946-d75c1738e506,2026-07-27T15:52:11.817269+00:00,IPFS,ipfs,ipns_resolve,1.8069579964503646,SUCCESS
17d7e787-a2b7-4619-a946-d75c1738e506,2026-07-27T15:52:11.818480+00:00,IPFS,ipfs,ipfs_cat_json,1.126917006331496,SUCCESS
17d7e787-a2b7-4619-a946-d75c1738e506,2026-07-27T15:52:11.820063+00:00,IPFS,ipfs,ipns_resolve,1.0117909987457097,SUCCESS
17d7e787-a2b7-4619-a946-d75c1738e506,2026-07-27T15:52:11.820898+00:00,IPFS,ipfs,ipfs_cat_json,0.7426669908454642,SUCCESS
17d7e787-a2b7-4619-a946-d75c1738e506,2026-07-27T15:52:11.822671+00:00,IPFS,ipfs,ipns_resolve,1.2495420087361708,SUCCESS
17d7e787-a2b7-4619-a946-d75c1738e506,2026-07-27T15:52:11.823617+00:00,IPFS,ipfs,ipfs_cat_json,0.8588339987909421,SUCCESS
17d7e787-a2b7-4619-a946-d75c1738e506,2026-07-27T15:52:11.825077+00:00,IPFS,ipfs,ipns_resolve,0.9543750056764111,SUCCESS
17d7e787-a2b7-4619-a946-d75c1738e506,2026-07-27T15:52:11.826424+00:00,IPFS,ipfs,ipfs_cat_json,1.255292008863762,SUCCESS
17d7e787-a2b7-4619-a946-d75c1738e506,2026-07-27T15:52:11.828983+00:00,IPFS,idap,idap_authorize,14.35304198821541,SUCCESS
17d7e787-a2b7-4619-a946-d75c1738e506,2026-07-27T15:52:11.830604+00:00,IPFS,ipfs,ipns_resolve,1.0989169968524948,SUCCESS
17d7e787-a2b7-4619-a946-d75c1738e506,2026-07-27T15:52:11.831349+00:00,IPFS,ipfs,ipfs_cat_json,0.6507910002255812,SUCCESS
17d7e787-a2b7-4619-a946-d75c1738e506,2026-07-27T15:52:11.832842+00:00,IPFS,ipfs,ipns_resolve,0.9898749995045364,SUCCESS
17d7e787-a2b7-4619-a946-d75c1738e506,2026-07-27T15:52:11.833651+00:00,IPFS,ipfs,ipfs_cat_json,0.7085420074872673,SUCCESS
17d7e787-a2b7-4619-a946-d75c1738e506,2026-07-27T15:52:11.835101+00:00,IPFS,ipfs,ipns_resolve,0.9948749939212576,SUCCESS
17d7e787-a2b7-4619-a946-d75c1738e506,2026-07-27T15:52:11.835873+00:00,IPFS,ipfs,ipfs_cat_json,0.6911669916007668,SUCCESS
17d7e787-a2b7-4619-a946-d75c1738e506,2026-07-27T15:52:11.837272+00:00,IPFS,ipfs,ipns_resolve,0.9089589875657111,SUCCESS
17d7e787-a2b7-4619-a946-d75c1738e506,2026-07-27T15:52:11.838269+00:00,IPFS,ipfs,ipfs_cat_json,0.8327920077135786,SUCCESS
17d7e787-a2b7-4619-a946-d75c1738e506,2026-07-27T15:52:11.839689+00:00,IPFS,idap,idap_replay_check,10.625417009578086,SUCCESS
17d7e787-a2b7-4619-a946-d75c1738e506,2026-07-27T15:52:11.840723+00:00,IPFS,ipfs,ipns_resolve,0.9485839982517064,SUCCESS
17d7e787-a2b7-4619-a946-d75c1738e506,2026-07-27T15:52:11.841419+00:00,IPFS,ipfs,ipfs_cat_json,0.6124589999672025,SUCCESS
17d7e787-a2b7-4619-a946-d75c1738e506,2026-07-27T15:52:11.843002+00:00,IPFS,idap,resolve_service_public_key,3.232625007512979,SUCCESS
17d7e787-a2b7-4619-a946-d75c1738e506,2026-07-27T15:52:11.843079+00:00,IPFS,idap,compute_transcript,0.01695800165180117,SUCCESS
17d7e787-a2b7-4619-a946-d75c1738e506,2026-07-27T15:52:11.843433+00:00,IPFS,idap,transcript_verify,0.3020000003743917,SUCCESS
17d7e787-a2b7-4619-a946-d75c1738e506,2026-07-27T15:52:11.843724+00:00,IPFS,idap,client_shared_secret_derivation,0.23591700301039964,SUCCESS
17d7e787-a2b7-4619-a946-d75c1738e506,2026-07-27T15:52:11.843822+00:00,IPFS,idap,client_session_key_derivation,0.04720799915958196,SUCCESS
17d7e787-a2b7-4619-a946-d75c1738e506,2026-07-27T15:52:11.843926+00:00,IPFS,crypto,encrypt_message,0.031499992473982275,SUCCESS
17d7e787-a2b7-4619-a946-d75c1738e506,2026-07-27T15:52:11.843985+00:00,IPFS,crypto,decrypt_message,0.007374997949227691,SUCCESS
17d7e787-a2b7-4619-a946-d75c1738e506,2026-07-27T15:52:11.844340+00:00,IPFS,tampering,tampered_request_sign,0.28212500910740346,SUCCESS
17d7e787-a2b7-4619-a946-d75c1738e506,2026-07-27T15:52:11.845823+00:00,IPFS,ipfs,ipns_resolve,1.0311660007573664,SUCCESS
17d7e787-a2b7-4619-a946-d75c1738e506,2026-07-27T15:52:11.846492+00:00,IPFS,ipfs,ipfs_cat_json,0.5972910003038123,SUCCESS
17d7e787-a2b7-4619-a946-d75c1738e506,2026-07-27T15:52:11.847703+00:00,IPFS,ipfs,ipns_resolve,0.7984170078998432,SUCCESS
17d7e787-a2b7-4619-a946-d75c1738e506,2026-07-27T15:52:11.848299+00:00,IPFS,ipfs,ipfs_cat_json,0.5298330070218071,SUCCESS
17d7e787-a2b7-4619-a946-d75c1738e506,2026-07-27T15:52:11.849940+00:00,IPFS,ipfs,ipns_resolve,1.2381660053506494,SUCCESS
17d7e787-a2b7-4619-a946-d75c1738e506,2026-07-27T15:52:11.850781+00:00,IPFS,ipfs,ipfs_cat_json,0.7422920025419444,SUCCESS
17d7e787-a2b7-4619-a946-d75c1738e506,2026-07-27T15:52:11.852142+00:00,IPFS,ipfs,ipns_resolve,0.9214590099873021,SUCCESS
17d7e787-a2b7-4619-a946-d75c1738e506,2026-07-27T15:52:11.853207+00:00,IPFS,ipfs,ipfs_cat_json,0.9847909968812019,SUCCESS
17d7e787-a2b7-4619-a946-d75c1738e506,2026-07-27T15:52:11.854688+00:00,IPFS,tampering,tampering_check,10.286999997333623,SUCCESS
17d7e787-a2b7-4619-a946-d75c1738e506,2026-07-27T15:52:11.854751+00:00,IPFS,summary,total_flow,108207.4099159945,SUCCESS
e9206597-ef2b-4586-864e-75371464ac61,2026-07-27T15:52:12.085997+00:00,IPFS,startup,initialize_store,0.17316600133199245,SUCCESS
e9206597-ef2b-4586-864e-75371464ac61,2026-07-27T15:52:12.091426+00:00,IPFS,startup,generate_identity_cp,5.062458003521897,SUCCESS
e9206597-ef2b-4586-864e-75371464ac61,2026-07-27T15:52:12.091685+00:00,IPFS,startup,generate_identity_sp,0.20470899471547455,SUCCESS
e9206597-ef2b-4586-864e-75371464ac61,2026-07-27T15:52:12.091915+00:00,IPFS,startup,generate_identity_c1,0.18929099314846098,SUCCESS
e9206597-ef2b-4586-864e-75371464ac61,2026-07-27T15:52:12.092138+00:00,IPFS,startup,generate_identity_s1,0.1866249949671328,SUCCESS
e9206597-ef2b-4586-864e-75371464ac61,2026-07-27T15:52:12.142634+00:00,IPFS,ipfs,ipfs_key_gen,0.9560839971527457,SUCCESS
e9206597-ef2b-4586-864e-75371464ac61,2026-07-27T15:52:12.161771+00:00,IPFS,ipfs,ipfs_add_json,17.801832989789546,SUCCESS
e9206597-ef2b-4586-864e-75371464ac61,2026-07-27T15:52:27.724614+00:00,IPFS,ipfs,ipns_publish,15561.53274999815,SUCCESS
e9206597-ef2b-4586-864e-75371464ac61,2026-07-27T15:52:27.732206+00:00,IPFS,publish,publish_identity_cp,15639.798707998125,SUCCESS
e9206597-ef2b-4586-864e-75371464ac61,2026-07-27T15:52:27.803487+00:00,IPFS,ipfs,ipfs_key_gen,1.0840420000022277,SUCCESS
e9206597-ef2b-4586-864e-75371464ac61,2026-07-27T15:52:27.826919+00:00,IPFS,ipfs,ipfs_add_json,22.01583399437368,SUCCESS
e9206597-ef2b-4586-864e-75371464ac61,2026-07-27T15:52:40.399484+00:00,IPFS,ipfs,ipns_publish,12567.021374998149,SUCCESS
e9206597-ef2b-4586-864e-75371464ac61,2026-07-27T15:52:40.407256+00:00,IPFS,publish,publish_identity_sp,12673.678041988751,SUCCESS
e9206597-ef2b-4586-864e-75371464ac61,2026-07-27T15:52:40.476111+00:00,IPFS,ipfs,ipfs_key_gen,1.1016250064130872,SUCCESS
e9206597-ef2b-4586-864e-75371464ac61,2026-07-27T15:52:40.500163+00:00,IPFS,ipfs,ipfs_add_json,22.63541700085625,SUCCESS
e9206597-ef2b-4586-864e-75371464ac61,2026-07-27T15:52:48.714790+00:00,IPFS,ipfs,ipns_publish,8212.950582994381,SUCCESS
e9206597-ef2b-4586-864e-75371464ac61,2026-07-27T15:52:48.720213+00:00,IPFS,publish,publish_identity_c1,8312.6663340081,SUCCESS
e9206597-ef2b-4586-864e-75371464ac61,2026-07-27T15:52:48.781455+00:00,IPFS,ipfs,ipfs_key_gen,1.3798750005662441,SUCCESS
e9206597-ef2b-4586-864e-75371464ac61,2026-07-27T15:52:48.806988+00:00,IPFS,ipfs,ipfs_add_json,23.45416700700298,SUCCESS
e9206597-ef2b-4586-864e-75371464ac61,2026-07-27T15:53:44.483726+00:00,IPFS,ipfs,ipns_publish,55676.08616600046,SUCCESS
e9206597-ef2b-4586-864e-75371464ac61,2026-07-27T15:53:44.492138+00:00,IPFS,publish,publish_identity_s1,55771.92708400253,SUCCESS
e9206597-ef2b-4586-864e-75371464ac61,2026-07-27T15:53:44.575335+00:00,IPFS,ipfs,ipfs_key_gen,1.5439160051755607,SUCCESS
e9206597-ef2b-4586-864e-75371464ac61,2026-07-27T15:53:44.606918+00:00,IPFS,ipfs,ipfs_add_json,26.666042002034374,SUCCESS
e9206597-ef2b-4586-864e-75371464ac61,2026-07-27T15:53:54.483209+00:00,IPFS,ipfs,ipns_publish,9875.569208001252,SUCCESS
e9206597-ef2b-4586-864e-75371464ac61,2026-07-27T15:53:54.491643+00:00,IPFS,publish,publish_service_metadata,9999.086499999976,SUCCESS
e9206597-ef2b-4586-864e-75371464ac61,2026-07-27T15:53:54.583171+00:00,IPFS,ipfs,ipfs_key_gen,2.7926249895244837,SUCCESS
e9206597-ef2b-4586-864e-75371464ac61,2026-07-27T15:53:54.607999+00:00,IPFS,ipfs,ipfs_add_json,22.79091699165292,SUCCESS
e9206597-ef2b-4586-864e-75371464ac61,2026-07-27T15:54:23.097451+00:00,IPFS,ipfs,ipns_publish,28488.134625004022,SUCCESS
e9206597-ef2b-4586-864e-75371464ac61,2026-07-27T15:54:23.103398+00:00,IPFS,publish,publish_provider_registry,28611.499000006006,SUCCESS
e9206597-ef2b-4586-864e-75371464ac61,2026-07-27T15:54:23.109363+00:00,IPFS,ipfs,ipns_resolve,5.219833008595742,SUCCESS
e9206597-ef2b-4586-864e-75371464ac61,2026-07-27T15:54:23.113235+00:00,IPFS,ipfs,ipfs_cat_json,3.2187500037252903,SUCCESS
e9206597-ef2b-4586-864e-75371464ac61,2026-07-27T15:54:23.124577+00:00,IPFS,ipfs,ipns_resolve,2.4532090028515086,SUCCESS
e9206597-ef2b-4586-864e-75371464ac61,2026-07-27T15:54:23.126863+00:00,IPFS,ipfs,ipfs_cat_json,1.94191699847579,SUCCESS
e9206597-ef2b-4586-864e-75371464ac61,2026-07-27T15:54:23.129207+00:00,IPFS,ipfs,ipns_resolve,1.4761659986106679,SUCCESS
e9206597-ef2b-4586-864e-75371464ac61,2026-07-27T15:54:23.130302+00:00,IPFS,ipfs,ipfs_cat_json,0.9691250015748665,SUCCESS
e9206597-ef2b-4586-864e-75371464ac61,2026-07-27T15:54:23.131438+00:00,IPFS,discovery,broker_discovery,27.630290991510265,SUCCESS
e9206597-ef2b-4586-864e-75371464ac61,2026-07-27T15:54:23.132715+00:00,IPFS,dap,dap_create_capability,1.0711249924497679,SUCCESS
e9206597-ef2b-4586-864e-75371464ac61,2026-07-27T15:54:23.145716+00:00,IPFS,dap,dap_encrypt_enc_cap,12.662790992180817,SUCCESS
e9206597-ef2b-4586-864e-75371464ac61,2026-07-27T15:54:23.146191+00:00,IPFS,idap,client_session_init,0.27062500885222107,SUCCESS
e9206597-ef2b-4586-864e-75371464ac61,2026-07-27T15:54:23.146309+00:00,IPFS,idap,client_ephemeral_public_key,0.006165995728224516,SUCCESS
e9206597-ef2b-4586-864e-75371464ac61,2026-07-27T15:54:23.146756+00:00,IPFS,idap,client_request_sign,0.3640420036390424,SUCCESS
e9206597-ef2b-4586-864e-75371464ac61,2026-07-27T15:54:23.146836+00:00,IPFS,idap,canonical_request_payload,0.017166996258310974,SUCCESS
e9206597-ef2b-4586-864e-75371464ac61,2026-07-27T15:54:23.149190+00:00,IPFS,ipfs,ipns_resolve,1.7109999898821115,SUCCESS
e9206597-ef2b-4586-864e-75371464ac61,2026-07-27T15:54:23.150455+00:00,IPFS,ipfs,ipfs_cat_json,1.1700420000124723,SUCCESS
e9206597-ef2b-4586-864e-75371464ac61,2026-07-27T15:54:23.151986+00:00,IPFS,ipfs,ipns_resolve,1.022165990434587,SUCCESS
e9206597-ef2b-4586-864e-75371464ac61,2026-07-27T15:54:23.152842+00:00,IPFS,ipfs,ipfs_cat_json,0.7755419937893748,SUCCESS
e9206597-ef2b-4586-864e-75371464ac61,2026-07-27T15:54:23.154539+00:00,IPFS,ipfs,ipns_resolve,1.1979170085396618,SUCCESS
e9206597-ef2b-4586-864e-75371464ac61,2026-07-27T15:54:23.155514+00:00,IPFS,ipfs,ipfs_cat_json,0.8645000052638352,SUCCESS
e9206597-ef2b-4586-864e-75371464ac61,2026-07-27T15:54:23.157224+00:00,IPFS,ipfs,ipns_resolve,1.1605840118136257,SUCCESS
e9206597-ef2b-4586-864e-75371464ac61,2026-07-27T15:54:23.158338+00:00,IPFS,ipfs,ipfs_cat_json,0.9488340001553297,SUCCESS
e9206597-ef2b-4586-864e-75371464ac61,2026-07-27T15:54:23.160582+00:00,IPFS,idap,idap_authorize,13.669791995198466,SUCCESS
e9206597-ef2b-4586-864e-75371464ac61,2026-07-27T15:54:23.162168+00:00,IPFS,ipfs,ipns_resolve,1.0941660002572462,SUCCESS
e9206597-ef2b-4586-864e-75371464ac61,2026-07-27T15:54:23.162862+00:00,IPFS,ipfs,ipfs_cat_json,0.6152920104796067,SUCCESS
e9206597-ef2b-4586-864e-75371464ac61,2026-07-27T15:54:23.164025+00:00,IPFS,ipfs,ipns_resolve,0.7320000004256144,SUCCESS
e9206597-ef2b-4586-864e-75371464ac61,2026-07-27T15:54:23.164664+00:00,IPFS,ipfs,ipfs_cat_json,0.5529580084839836,SUCCESS
e9206597-ef2b-4586-864e-75371464ac61,2026-07-27T15:54:23.165827+00:00,IPFS,ipfs,ipns_resolve,0.7344159967033193,SUCCESS
e9206597-ef2b-4586-864e-75371464ac61,2026-07-27T15:54:23.166422+00:00,IPFS,ipfs,ipfs_cat_json,0.5256250005913898,SUCCESS
e9206597-ef2b-4586-864e-75371464ac61,2026-07-27T15:54:23.167590+00:00,IPFS,ipfs,ipns_resolve,0.7687500037718564,SUCCESS
e9206597-ef2b-4586-864e-75371464ac61,2026-07-27T15:54:23.168192+00:00,IPFS,ipfs,ipfs_cat_json,0.5332500004442409,SUCCESS
e9206597-ef2b-4586-864e-75371464ac61,2026-07-27T15:54:23.169527+00:00,IPFS,idap,idap_replay_check,8.865833005984314,SUCCESS
e9206597-ef2b-4586-864e-75371464ac61,2026-07-27T15:54:23.170463+00:00,IPFS,ipfs,ipns_resolve,0.8652920078020543,SUCCESS
e9206597-ef2b-4586-864e-75371464ac61,2026-07-27T15:54:23.171136+00:00,IPFS,ipfs,ipfs_cat_json,0.5879159871255979,SUCCESS
e9206597-ef2b-4586-864e-75371464ac61,2026-07-27T15:54:23.171504+00:00,IPFS,idap,resolve_service_public_key,1.9137500057695433,SUCCESS
e9206597-ef2b-4586-864e-75371464ac61,2026-07-27T15:54:23.171573+00:00,IPFS,idap,compute_transcript,0.015291996533051133,SUCCESS
e9206597-ef2b-4586-864e-75371464ac61,2026-07-27T15:54:23.171911+00:00,IPFS,idap,transcript_verify,0.28700000257231295,SUCCESS
e9206597-ef2b-4586-864e-75371464ac61,2026-07-27T15:54:23.172178+00:00,IPFS,idap,client_shared_secret_derivation,0.21695900068152696,SUCCESS
e9206597-ef2b-4586-864e-75371464ac61,2026-07-27T15:54:23.172249+00:00,IPFS,idap,client_session_key_derivation,0.02445800055284053,SUCCESS
e9206597-ef2b-4586-864e-75371464ac61,2026-07-27T15:54:23.172333+00:00,IPFS,crypto,encrypt_message,0.02154200046788901,SUCCESS
e9206597-ef2b-4586-864e-75371464ac61,2026-07-27T15:54:23.172391+00:00,IPFS,crypto,decrypt_message,0.006749993190169334,SUCCESS
e9206597-ef2b-4586-864e-75371464ac61,2026-07-27T15:54:23.172721+00:00,IPFS,tampering,tampered_request_sign,0.26083299599122256,SUCCESS
e9206597-ef2b-4586-864e-75371464ac61,2026-07-27T15:54:23.173835+00:00,IPFS,ipfs,ipns_resolve,0.7012499991105869,SUCCESS
e9206597-ef2b-4586-864e-75371464ac61,2026-07-27T15:54:23.174364+00:00,IPFS,ipfs,ipfs_cat_json,0.4635840014088899,SUCCESS
e9206597-ef2b-4586-864e-75371464ac61,2026-07-27T15:54:23.175500+00:00,IPFS,ipfs,ipns_resolve,0.7822500047041103,SUCCESS
e9206597-ef2b-4586-864e-75371464ac61,2026-07-27T15:54:23.176005+00:00,IPFS,ipfs,ipfs_cat_json,0.4487910046009347,SUCCESS
e9206597-ef2b-4586-864e-75371464ac61,2026-07-27T15:54:23.176929+00:00,IPFS,ipfs,ipns_resolve,0.5842910031788051,SUCCESS
e9206597-ef2b-4586-864e-75371464ac61,2026-07-27T15:54:23.177436+00:00,IPFS,ipfs,ipfs_cat_json,0.4493749875109643,SUCCESS
e9206597-ef2b-4586-864e-75371464ac61,2026-07-27T15:54:23.178541+00:00,IPFS,ipfs,ipns_resolve,0.7622080011060461,SUCCESS
e9206597-ef2b-4586-864e-75371464ac61,2026-07-27T15:54:23.179183+00:00,IPFS,ipfs,ipfs_cat_json,0.5801250081276521,SUCCESS
e9206597-ef2b-4586-864e-75371464ac61,2026-07-27T15:54:23.180327+00:00,IPFS,tampering,tampering_check,7.551583010354079,SUCCESS
e9206597-ef2b-4586-864e-75371464ac61,2026-07-27T15:54:23.180384+00:00,IPFS,summary,total_flow,131095.72529199068,SUCCESS
7096e0ca-b82f-4f1e-8d54-1f79aacf188a,2026-07-27T15:54:23.399278+00:00,IPFS,startup,initialize_store,0.14954200014472008,SUCCESS
7096e0ca-b82f-4f1e-8d54-1f79aacf188a,2026-07-27T15:54:23.406621+00:00,IPFS,startup,generate_identity_cp,6.978500008699484,SUCCESS
7096e0ca-b82f-4f1e-8d54-1f79aacf188a,2026-07-27T15:54:23.406885+00:00,IPFS,startup,generate_identity_sp,0.20304200006648898,SUCCESS
7096e0ca-b82f-4f1e-8d54-1f79aacf188a,2026-07-27T15:54:23.407115+00:00,IPFS,startup,generate_identity_c1,0.18795901269186288,SUCCESS
7096e0ca-b82f-4f1e-8d54-1f79aacf188a,2026-07-27T15:54:23.407339+00:00,IPFS,startup,generate_identity_s1,0.1850830012699589,SUCCESS
7096e0ca-b82f-4f1e-8d54-1f79aacf188a,2026-07-27T15:54:23.457607+00:00,IPFS,ipfs,ipfs_key_gen,0.8936249942053109,SUCCESS
7096e0ca-b82f-4f1e-8d54-1f79aacf188a,2026-07-27T15:54:23.479377+00:00,IPFS,ipfs,ipfs_add_json,20.656791995861568,SUCCESS
7096e0ca-b82f-4f1e-8d54-1f79aacf188a,2026-07-27T15:55:18.847071+00:00,IPFS,ipfs,ipns_publish,55366.67904199567,SUCCESS
7096e0ca-b82f-4f1e-8d54-1f79aacf188a,2026-07-27T15:55:18.853332+00:00,IPFS,publish,publish_identity_cp,55446.22649998928,SUCCESS
7096e0ca-b82f-4f1e-8d54-1f79aacf188a,2026-07-27T15:55:18.928493+00:00,IPFS,ipfs,ipfs_key_gen,1.5108329971553758,SUCCESS
7096e0ca-b82f-4f1e-8d54-1f79aacf188a,2026-07-27T15:55:18.954657+00:00,IPFS,ipfs,ipfs_add_json,24.44541599834338,SUCCESS
7096e0ca-b82f-4f1e-8d54-1f79aacf188a,2026-07-27T15:55:33.929722+00:00,IPFS,ipfs,ipns_publish,14974.288166995393,SUCCESS
7096e0ca-b82f-4f1e-8d54-1f79aacf188a,2026-07-27T15:55:33.935368+00:00,IPFS,publish,publish_identity_sp,15081.631541004754,SUCCESS
7096e0ca-b82f-4f1e-8d54-1f79aacf188a,2026-07-27T15:55:34.010606+00:00,IPFS,ipfs,ipfs_key_gen,1.000499993097037,SUCCESS
7096e0ca-b82f-4f1e-8d54-1f79aacf188a,2026-07-27T15:55:34.033067+00:00,IPFS,ipfs,ipfs_add_json,20.72833399870433,SUCCESS
7096e0ca-b82f-4f1e-8d54-1f79aacf188a,2026-07-27T15:56:09.165104+00:00,IPFS,ipfs,ipns_publish,35131.0927500017,SUCCESS
7096e0ca-b82f-4f1e-8d54-1f79aacf188a,2026-07-27T15:56:09.171569+00:00,IPFS,publish,publish_identity_c1,35236.0135409981,SUCCESS
7096e0ca-b82f-4f1e-8d54-1f79aacf188a,2026-07-27T15:56:09.255700+00:00,IPFS,ipfs,ipfs_key_gen,1.6017500020097941,SUCCESS
7096e0ca-b82f-4f1e-8d54-1f79aacf188a,2026-07-27T15:56:09.276618+00:00,IPFS,ipfs,ipfs_add_json,17.690665990812704,SUCCESS
7096e0ca-b82f-4f1e-8d54-1f79aacf188a,2026-07-27T15:56:17.105971+00:00,IPFS,ipfs,ipns_publish,7828.796375004458,SUCCESS
7096e0ca-b82f-4f1e-8d54-1f79aacf188a,2026-07-27T15:56:17.110660+00:00,IPFS,publish,publish_identity_s1,7938.568291996489,SUCCESS
7096e0ca-b82f-4f1e-8d54-1f79aacf188a,2026-07-27T15:56:17.193147+00:00,IPFS,ipfs,ipfs_key_gen,1.4397090126294643,SUCCESS
7096e0ca-b82f-4f1e-8d54-1f79aacf188a,2026-07-27T15:56:17.213887+00:00,IPFS,ipfs,ipfs_add_json,18.410207994747907,SUCCESS
7096e0ca-b82f-4f1e-8d54-1f79aacf188a,2026-07-27T15:56:34.096276+00:00,IPFS,ipfs,ipns_publish,16881.37404200097,SUCCESS
7096e0ca-b82f-4f1e-8d54-1f79aacf188a,2026-07-27T15:56:34.101213+00:00,IPFS,publish,publish_service_metadata,16990.10095799167,SUCCESS
7096e0ca-b82f-4f1e-8d54-1f79aacf188a,2026-07-27T15:56:34.174984+00:00,IPFS,ipfs,ipfs_key_gen,1.0249579936498776,SUCCESS
7096e0ca-b82f-4f1e-8d54-1f79aacf188a,2026-07-27T15:56:34.196497+00:00,IPFS,ipfs,ipfs_add_json,19.83037499303464,SUCCESS
7096e0ca-b82f-4f1e-8d54-1f79aacf188a,2026-07-27T15:56:44.614955+00:00,IPFS,ipfs,ipns_publish,10417.696542004705,SUCCESS
7096e0ca-b82f-4f1e-8d54-1f79aacf188a,2026-07-27T15:56:44.620589+00:00,IPFS,publish,publish_provider_registry,10518.895542001701,SUCCESS
7096e0ca-b82f-4f1e-8d54-1f79aacf188a,2026-07-27T15:56:44.625719+00:00,IPFS,ipfs,ipns_resolve,4.580417007673532,SUCCESS
7096e0ca-b82f-4f1e-8d54-1f79aacf188a,2026-07-27T15:56:44.629199+00:00,IPFS,ipfs,ipfs_cat_json,2.9400000057648867,SUCCESS
7096e0ca-b82f-4f1e-8d54-1f79aacf188a,2026-07-27T15:56:44.638665+00:00,IPFS,ipfs,ipns_resolve,2.738125011092052,SUCCESS
7096e0ca-b82f-4f1e-8d54-1f79aacf188a,2026-07-27T15:56:44.641151+00:00,IPFS,ipfs,ipfs_cat_json,1.9814580009551719,SUCCESS
7096e0ca-b82f-4f1e-8d54-1f79aacf188a,2026-07-27T15:56:44.644826+00:00,IPFS,ipfs,ipns_resolve,2.3333749995799735,SUCCESS
7096e0ca-b82f-4f1e-8d54-1f79aacf188a,2026-07-27T15:56:44.646445+00:00,IPFS,ipfs,ipfs_cat_json,1.3707909965887666,SUCCESS
7096e0ca-b82f-4f1e-8d54-1f79aacf188a,2026-07-27T15:56:44.648322+00:00,IPFS,discovery,broker_discovery,27.32112500234507,SUCCESS
7096e0ca-b82f-4f1e-8d54-1f79aacf188a,2026-07-27T15:56:44.649354+00:00,IPFS,dap,dap_create_capability,0.8619169966550544,SUCCESS
7096e0ca-b82f-4f1e-8d54-1f79aacf188a,2026-07-27T15:56:44.666275+00:00,IPFS,dap,dap_encrypt_enc_cap,16.57641700876411,SUCCESS
7096e0ca-b82f-4f1e-8d54-1f79aacf188a,2026-07-27T15:56:44.666754+00:00,IPFS,idap,client_session_init,0.2189170045312494,SUCCESS
7096e0ca-b82f-4f1e-8d54-1f79aacf188a,2026-07-27T15:56:44.666850+00:00,IPFS,idap,client_ephemeral_public_key,0.010917006875388324,SUCCESS
7096e0ca-b82f-4f1e-8d54-1f79aacf188a,2026-07-27T15:56:44.667325+00:00,IPFS,idap,client_request_sign,0.3998750034952536,SUCCESS
7096e0ca-b82f-4f1e-8d54-1f79aacf188a,2026-07-27T15:56:44.667415+00:00,IPFS,idap,canonical_request_payload,0.020499996026046574,SUCCESS
7096e0ca-b82f-4f1e-8d54-1f79aacf188a,2026-07-27T15:56:44.670076+00:00,IPFS,ipfs,ipns_resolve,1.9441250042291358,SUCCESS
7096e0ca-b82f-4f1e-8d54-1f79aacf188a,2026-07-27T15:56:44.671547+00:00,IPFS,ipfs,ipfs_cat_json,1.3585420092567801,SUCCESS
7096e0ca-b82f-4f1e-8d54-1f79aacf188a,2026-07-27T15:56:44.673531+00:00,IPFS,ipfs,ipns_resolve,1.284082987695001,SUCCESS
7096e0ca-b82f-4f1e-8d54-1f79aacf188a,2026-07-27T15:56:44.674696+00:00,IPFS,ipfs,ipfs_cat_json,0.9684590040706098,SUCCESS
7096e0ca-b82f-4f1e-8d54-1f79aacf188a,2026-07-27T15:56:44.676475+00:00,IPFS,ipfs,ipns_resolve,1.1285829968983307,SUCCESS
7096e0ca-b82f-4f1e-8d54-1f79aacf188a,2026-07-27T15:56:44.677532+00:00,IPFS,ipfs,ipfs_cat_json,0.9401670104125515,SUCCESS
7096e0ca-b82f-4f1e-8d54-1f79aacf188a,2026-07-27T15:56:44.679657+00:00,IPFS,ipfs,ipns_resolve,1.5247089904733002,SUCCESS
7096e0ca-b82f-4f1e-8d54-1f79aacf188a,2026-07-27T15:56:44.680718+00:00,IPFS,ipfs,ipfs_cat_json,0.9192910074489191,SUCCESS
7096e0ca-b82f-4f1e-8d54-1f79aacf188a,2026-07-27T15:56:44.683628+00:00,IPFS,idap,idap_authorize,16.116499988129362,SUCCESS
7096e0ca-b82f-4f1e-8d54-1f79aacf188a,2026-07-27T15:56:44.685659+00:00,IPFS,ipfs,ipns_resolve,1.4174170064507052,SUCCESS
7096e0ca-b82f-4f1e-8d54-1f79aacf188a,2026-07-27T15:56:44.686516+00:00,IPFS,ipfs,ipfs_cat_json,0.7436249870806932,SUCCESS
7096e0ca-b82f-4f1e-8d54-1f79aacf188a,2026-07-27T15:56:44.688346+00:00,IPFS,ipfs,ipns_resolve,1.3024579966440797,SUCCESS
7096e0ca-b82f-4f1e-8d54-1f79aacf188a,2026-07-27T15:56:44.689158+00:00,IPFS,ipfs,ipfs_cat_json,0.7045420061331242,SUCCESS
7096e0ca-b82f-4f1e-8d54-1f79aacf188a,2026-07-27T15:56:44.690582+00:00,IPFS,ipfs,ipns_resolve,0.8826669945847243,SUCCESS
7096e0ca-b82f-4f1e-8d54-1f79aacf188a,2026-07-27T15:56:44.691182+00:00,IPFS,ipfs,ipfs_cat_json,0.5285829975036904,SUCCESS
7096e0ca-b82f-4f1e-8d54-1f79aacf188a,2026-07-27T15:56:44.692641+00:00,IPFS,ipfs,ipns_resolve,1.0359580046497285,SUCCESS
7096e0ca-b82f-4f1e-8d54-1f79aacf188a,2026-07-27T15:56:44.693392+00:00,IPFS,ipfs,ipfs_cat_json,0.6815840024501085,SUCCESS
7096e0ca-b82f-4f1e-8d54-1f79aacf188a,2026-07-27T15:56:44.694671+00:00,IPFS,idap,idap_replay_check,10.865000003832392,SUCCESS
7096e0ca-b82f-4f1e-8d54-1f79aacf188a,2026-07-27T15:56:44.695743+00:00,IPFS,ipfs,ipns_resolve,0.9743340051500127,SUCCESS
7096e0ca-b82f-4f1e-8d54-1f79aacf188a,2026-07-27T15:56:44.696418+00:00,IPFS,ipfs,ipfs_cat_json,0.5877090006833896,SUCCESS
7096e0ca-b82f-4f1e-8d54-1f79aacf188a,2026-07-27T15:56:44.696868+00:00,IPFS,idap,resolve_service_public_key,2.11666600080207,SUCCESS
7096e0ca-b82f-4f1e-8d54-1f79aacf188a,2026-07-27T15:56:44.696951+00:00,IPFS,idap,compute_transcript,0.016833990230225027,SUCCESS
7096e0ca-b82f-4f1e-8d54-1f79aacf188a,2026-07-27T15:56:44.697295+00:00,IPFS,idap,transcript_verify,0.2867500006686896,SUCCESS
7096e0ca-b82f-4f1e-8d54-1f79aacf188a,2026-07-27T15:56:44.697639+00:00,IPFS,idap,client_shared_secret_derivation,0.2261660119984299,SUCCESS
7096e0ca-b82f-4f1e-8d54-1f79aacf188a,2026-07-27T15:56:44.697796+00:00,IPFS,idap,client_session_key_derivation,0.06550000398419797,SUCCESS
7096e0ca-b82f-4f1e-8d54-1f79aacf188a,2026-07-27T15:56:44.697981+00:00,IPFS,crypto,encrypt_message,0.06487499922513962,SUCCESS
7096e0ca-b82f-4f1e-8d54-1f79aacf188a,2026-07-27T15:56:44.698047+00:00,IPFS,crypto,decrypt_message,0.008749993867240846,SUCCESS
7096e0ca-b82f-4f1e-8d54-1f79aacf188a,2026-07-27T15:56:44.698539+00:00,IPFS,tampering,tampered_request_sign,0.3916669957106933,SUCCESS
7096e0ca-b82f-4f1e-8d54-1f79aacf188a,2026-07-27T15:56:44.700173+00:00,IPFS,ipfs,ipns_resolve,1.1729590041795745,SUCCESS
7096e0ca-b82f-4f1e-8d54-1f79aacf188a,2026-07-27T15:56:44.701014+00:00,IPFS,ipfs,ipfs_cat_json,0.724083001841791,SUCCESS
7096e0ca-b82f-4f1e-8d54-1f79aacf188a,2026-07-27T15:56:44.702273+00:00,IPFS,ipfs,ipns_resolve,0.8411250018980354,SUCCESS
7096e0ca-b82f-4f1e-8d54-1f79aacf188a,2026-07-27T15:56:44.702885+00:00,IPFS,ipfs,ipfs_cat_json,0.5410000012489036,SUCCESS
7096e0ca-b82f-4f1e-8d54-1f79aacf188a,2026-07-27T15:56:44.704018+00:00,IPFS,ipfs,ipns_resolve,0.7418330060318112,SUCCESS
7096e0ca-b82f-4f1e-8d54-1f79aacf188a,2026-07-27T15:56:44.704634+00:00,IPFS,ipfs,ipfs_cat_json,0.550583004951477,SUCCESS
7096e0ca-b82f-4f1e-8d54-1f79aacf188a,2026-07-27T15:56:44.705834+00:00,IPFS,ipfs,ipns_resolve,0.8194590045604855,SUCCESS
7096e0ca-b82f-4f1e-8d54-1f79aacf188a,2026-07-27T15:56:44.706398+00:00,IPFS,ipfs,ipfs_cat_json,0.5015420028939843,SUCCESS
7096e0ca-b82f-4f1e-8d54-1f79aacf188a,2026-07-27T15:56:44.707523+00:00,IPFS,tampering,tampering_check,8.919707994209602,SUCCESS
7096e0ca-b82f-4f1e-8d54-1f79aacf188a,2026-07-27T15:56:44.707621+00:00,IPFS,summary,total_flow,141309.69212499622,SUCCESS
76bde031-0b3a-460b-80bb-4a2d308a11d6,2026-07-27T15:56:44.909267+00:00,IPFS,startup,initialize_store,0.15341700054705143,SUCCESS
76bde031-0b3a-460b-80bb-4a2d308a11d6,2026-07-27T15:56:44.914585+00:00,IPFS,startup,generate_identity_cp,4.97262499993667,SUCCESS
76bde031-0b3a-460b-80bb-4a2d308a11d6,2026-07-27T15:56:44.914823+00:00,IPFS,startup,generate_identity_sp,0.18200000340584666,SUCCESS
76bde031-0b3a-460b-80bb-4a2d308a11d6,2026-07-27T15:56:44.915031+00:00,IPFS,startup,generate_identity_c1,0.1721660082694143,SUCCESS
76bde031-0b3a-460b-80bb-4a2d308a11d6,2026-07-27T15:56:44.915232+00:00,IPFS,startup,generate_identity_s1,0.16895799490157515,SUCCESS
76bde031-0b3a-460b-80bb-4a2d308a11d6,2026-07-27T15:56:44.967184+00:00,IPFS,ipfs,ipfs_key_gen,0.7754159887554124,SUCCESS
76bde031-0b3a-460b-80bb-4a2d308a11d6,2026-07-27T15:56:44.988656+00:00,IPFS,ipfs,ipfs_add_json,20.325417004642077,SUCCESS
76bde031-0b3a-460b-80bb-4a2d308a11d6,2026-07-27T15:56:54.393476+00:00,IPFS,ipfs,ipns_publish,9403.916417009896,SUCCESS
76bde031-0b3a-460b-80bb-4a2d308a11d6,2026-07-27T15:56:54.398759+00:00,IPFS,publish,publish_identity_cp,9483.411708992207,SUCCESS
76bde031-0b3a-460b-80bb-4a2d308a11d6,2026-07-27T15:56:54.476767+00:00,IPFS,ipfs,ipfs_key_gen,1.1824579996755347,SUCCESS
76bde031-0b3a-460b-80bb-4a2d308a11d6,2026-07-27T15:56:54.496983+00:00,IPFS,ipfs,ipfs_add_json,18.32770899636671,SUCCESS
76bde031-0b3a-460b-80bb-4a2d308a11d6,2026-07-27T15:57:05.261739+00:00,IPFS,ipfs,ipns_publish,10758.696958000655,SUCCESS
76bde031-0b3a-460b-80bb-4a2d308a11d6,2026-07-27T15:57:05.267738+00:00,IPFS,publish,publish_identity_sp,10868.655333004426,SUCCESS
76bde031-0b3a-460b-80bb-4a2d308a11d6,2026-07-27T15:57:05.361307+00:00,IPFS,ipfs,ipfs_key_gen,2.858791995095089,SUCCESS
76bde031-0b3a-460b-80bb-4a2d308a11d6,2026-07-27T15:57:05.383155+00:00,IPFS,ipfs,ipfs_add_json,20.161458000075072,SUCCESS
76bde031-0b3a-460b-80bb-4a2d308a11d6,2026-07-27T15:57:16.862024+00:00,IPFS,ipfs,ipns_publish,11472.674125005142,SUCCESS
76bde031-0b3a-460b-80bb-4a2d308a11d6,2026-07-27T15:57:16.867477+00:00,IPFS,publish,publish_identity_c1,11599.28399999626,SUCCESS
76bde031-0b3a-460b-80bb-4a2d308a11d6,2026-07-27T15:57:16.976512+00:00,IPFS,ipfs,ipfs_key_gen,1.6770840011304244,SUCCESS
76bde031-0b3a-460b-80bb-4a2d308a11d6,2026-07-27T15:57:17.015298+00:00,IPFS,ipfs,ipfs_add_json,36.375167008372955,SUCCESS
76bde031-0b3a-460b-80bb-4a2d308a11d6,2026-07-27T15:57:38.559072+00:00,IPFS,ipfs,ipns_publish,21542.43845900055,SUCCESS
76bde031-0b3a-460b-80bb-4a2d308a11d6,2026-07-27T15:57:38.564693+00:00,IPFS,publish,publish_identity_s1,21696.734625002136,SUCCESS
76bde031-0b3a-460b-80bb-4a2d308a11d6,2026-07-27T15:57:38.664760+00:00,IPFS,ipfs,ipfs_key_gen,1.3067090039839968,SUCCESS
76bde031-0b3a-460b-80bb-4a2d308a11d6,2026-07-27T15:57:38.693594+00:00,IPFS,ipfs,ipfs_add_json,26.128875004360452,SUCCESS
76bde031-0b3a-460b-80bb-4a2d308a11d6,2026-07-27T15:58:10.783771+00:00,IPFS,ipfs,ipns_publish,32089.19495799637,SUCCESS
76bde031-0b3a-460b-80bb-4a2d308a11d6,2026-07-27T15:58:10.789472+00:00,IPFS,publish,publish_service_metadata,32224.45558400068,SUCCESS
76bde031-0b3a-460b-80bb-4a2d308a11d6,2026-07-27T15:58:10.884722+00:00,IPFS,ipfs,ipfs_key_gen,1.6383749898523092,SUCCESS
76bde031-0b3a-460b-80bb-4a2d308a11d6,2026-07-27T15:58:10.903292+00:00,IPFS,ipfs,ipfs_add_json,16.12741699500475,SUCCESS
76bde031-0b3a-460b-80bb-4a2d308a11d6,2026-07-27T15:59:18.652392+00:00,IPFS,ipfs,ipns_publish,67748.52729198756,SUCCESS
76bde031-0b3a-460b-80bb-4a2d308a11d6,2026-07-27T15:59:18.658419+00:00,IPFS,publish,publish_provider_registry,67869.18029100343,SUCCESS
76bde031-0b3a-460b-80bb-4a2d308a11d6,2026-07-27T15:59:18.662759+00:00,IPFS,ipfs,ipns_resolve,3.7731660122517496,SUCCESS
76bde031-0b3a-460b-80bb-4a2d308a11d6,2026-07-27T15:59:18.666037+00:00,IPFS,ipfs,ipfs_cat_json,2.7257079927949235,SUCCESS
76bde031-0b3a-460b-80bb-4a2d308a11d6,2026-07-27T15:59:18.671156+00:00,IPFS,ipfs,ipns_resolve,2.858000007108785,SUCCESS
76bde031-0b3a-460b-80bb-4a2d308a11d6,2026-07-27T15:59:18.673404+00:00,IPFS,ipfs,ipfs_cat_json,1.719666994176805,SUCCESS
76bde031-0b3a-460b-80bb-4a2d308a11d6,2026-07-27T15:59:18.677384+00:00,IPFS,ipfs,ipns_resolve,2.686042003915645,SUCCESS
76bde031-0b3a-460b-80bb-4a2d308a11d6,2026-07-27T15:59:18.679640+00:00,IPFS,ipfs,ipfs_cat_json,1.8624170043040067,SUCCESS
76bde031-0b3a-460b-80bb-4a2d308a11d6,2026-07-27T15:59:18.681284+00:00,IPFS,discovery,broker_discovery,22.554042006959207,SUCCESS
76bde031-0b3a-460b-80bb-4a2d308a11d6,2026-07-27T15:59:18.682372+00:00,IPFS,dap,dap_create_capability,0.9479579894104972,SUCCESS
76bde031-0b3a-460b-80bb-4a2d308a11d6,2026-07-27T15:59:18.683961+00:00,IPFS,dap,dap_encrypt_enc_cap,1.4139580016490072,SUCCESS
76bde031-0b3a-460b-80bb-4a2d308a11d6,2026-07-27T15:59:18.684323+00:00,IPFS,idap,client_session_init,0.21883299632463604,SUCCESS
76bde031-0b3a-460b-80bb-4a2d308a11d6,2026-07-27T15:59:18.684413+00:00,IPFS,idap,client_ephemeral_public_key,0.005917012458667159,SUCCESS
76bde031-0b3a-460b-80bb-4a2d308a11d6,2026-07-27T15:59:18.684925+00:00,IPFS,idap,client_request_sign,0.42424999992363155,SUCCESS
76bde031-0b3a-460b-80bb-4a2d308a11d6,2026-07-27T15:59:18.685023+00:00,IPFS,idap,canonical_request_payload,0.018916995031759143,SUCCESS
76bde031-0b3a-460b-80bb-4a2d308a11d6,2026-07-27T15:59:18.687696+00:00,IPFS,ipfs,ipns_resolve,1.9141670054523274,SUCCESS
76bde031-0b3a-460b-80bb-4a2d308a11d6,2026-07-27T15:59:18.689320+00:00,IPFS,ipfs,ipfs_cat_json,1.410917000612244,SUCCESS
76bde031-0b3a-460b-80bb-4a2d308a11d6,2026-07-27T15:59:18.691675+00:00,IPFS,ipfs,ipns_resolve,1.5768750017741695,SUCCESS
76bde031-0b3a-460b-80bb-4a2d308a11d6,2026-07-27T15:59:18.692667+00:00,IPFS,ipfs,ipfs_cat_json,0.8416659984504804,SUCCESS
76bde031-0b3a-460b-80bb-4a2d308a11d6,2026-07-27T15:59:18.694871+00:00,IPFS,ipfs,ipns_resolve,1.4785829989705235,SUCCESS
76bde031-0b3a-460b-80bb-4a2d308a11d6,2026-07-27T15:59:18.696042+00:00,IPFS,ipfs,ipfs_cat_json,1.0383339977124706,SUCCESS
76bde031-0b3a-460b-80bb-4a2d308a11d6,2026-07-27T15:59:18.698291+00:00,IPFS,ipfs,ipns_resolve,1.5576250007143244,SUCCESS
76bde031-0b3a-460b-80bb-4a2d308a11d6,2026-07-27T15:59:18.699620+00:00,IPFS,ipfs,ipfs_cat_json,1.1965000012423843,SUCCESS
76bde031-0b3a-460b-80bb-4a2d308a11d6,2026-07-27T15:59:18.703646+00:00,IPFS,idap,idap_authorize,18.505625004763715,SUCCESS
76bde031-0b3a-460b-80bb-4a2d308a11d6,2026-07-27T15:59:18.707722+00:00,IPFS,ipfs,ipns_resolve,3.3357920037815347,SUCCESS
76bde031-0b3a-460b-80bb-4a2d308a11d6,2026-07-27T15:59:18.710321+00:00,IPFS,ipfs,ipfs_cat_json,2.4842499988153577,SUCCESS
76bde031-0b3a-460b-80bb-4a2d308a11d6,2026-07-27T15:59:18.712984+00:00,IPFS,ipfs,ipns_resolve,1.9747920014197007,SUCCESS
76bde031-0b3a-460b-80bb-4a2d308a11d6,2026-07-27T15:59:18.714756+00:00,IPFS,ipfs,ipfs_cat_json,1.5912910021143034,SUCCESS
76bde031-0b3a-460b-80bb-4a2d308a11d6,2026-07-27T15:59:18.717551+00:00,IPFS,ipfs,ipns_resolve,2.0799589983653277,SUCCESS
76bde031-0b3a-460b-80bb-4a2d308a11d6,2026-07-27T15:59:18.718513+00:00,IPFS,ipfs,ipfs_cat_json,0.8287079981528223,SUCCESS
76bde031-0b3a-460b-80bb-4a2d308a11d6,2026-07-27T15:59:18.720497+00:00,IPFS,ipfs,ipns_resolve,1.3552499876823276,SUCCESS
76bde031-0b3a-460b-80bb-4a2d308a11d6,2026-07-27T15:59:18.724581+00:00,IPFS,ipfs,ipfs_cat_json,3.9696660096524283,SUCCESS
76bde031-0b3a-460b-80bb-4a2d308a11d6,2026-07-27T15:59:18.726898+00:00,IPFS,idap,idap_replay_check,23.07070800452493,SUCCESS
76bde031-0b3a-460b-80bb-4a2d308a11d6,2026-07-27T15:59:18.729352+00:00,IPFS,ipfs,ipns_resolve,2.277666993904859,SUCCESS
76bde031-0b3a-460b-80bb-4a2d308a11d6,2026-07-27T15:59:18.731155+00:00,IPFS,ipfs,ipfs_cat_json,1.6870830004336312,SUCCESS
76bde031-0b3a-460b-80bb-4a2d308a11d6,2026-07-27T15:59:18.731780+00:00,IPFS,idap,resolve_service_public_key,4.724750004243106,SUCCESS
76bde031-0b3a-460b-80bb-4a2d308a11d6,2026-07-27T15:59:18.731894+00:00,IPFS,idap,compute_transcript,0.0228749995585531,SUCCESS
76bde031-0b3a-460b-80bb-4a2d308a11d6,2026-07-27T15:59:18.732435+00:00,IPFS,idap,transcript_verify,0.45729200064670295,SUCCESS
76bde031-0b3a-460b-80bb-4a2d308a11d6,2026-07-27T15:59:18.732872+00:00,IPFS,idap,client_shared_secret_derivation,0.3537499869707972,SUCCESS
76bde031-0b3a-460b-80bb-4a2d308a11d6,2026-07-27T15:59:18.733886+00:00,IPFS,idap,client_session_key_derivation,0.9152910060947761,SUCCESS
76bde031-0b3a-460b-80bb-4a2d308a11d6,2026-07-27T15:59:18.734086+00:00,IPFS,crypto,encrypt_message,0.05987500480841845,SUCCESS
76bde031-0b3a-460b-80bb-4a2d308a11d6,2026-07-27T15:59:18.734193+00:00,IPFS,crypto,decrypt_message,0.014125005691312253,SUCCESS
76bde031-0b3a-460b-80bb-4a2d308a11d6,2026-07-27T15:59:18.735419+00:00,IPFS,tampering,tampered_request_sign,0.47070899745449424,SUCCESS
76bde031-0b3a-460b-80bb-4a2d308a11d6,2026-07-27T15:59:18.738247+00:00,IPFS,ipfs,ipns_resolve,1.5067500062286854,SUCCESS
76bde031-0b3a-460b-80bb-4a2d308a11d6,2026-07-27T15:59:18.739215+00:00,IPFS,ipfs,ipfs_cat_json,0.8620420121587813,SUCCESS
76bde031-0b3a-460b-80bb-4a2d308a11d6,2026-07-27T15:59:18.741507+00:00,IPFS,ipfs,ipns_resolve,1.6354160034097731,SUCCESS
76bde031-0b3a-460b-80bb-4a2d308a11d6,2026-07-27T15:59:18.742806+00:00,IPFS,ipfs,ipfs_cat_json,1.1466249998193234,SUCCESS
76bde031-0b3a-460b-80bb-4a2d308a11d6,2026-07-27T15:59:18.744808+00:00,IPFS,ipfs,ipns_resolve,1.306915990426205,SUCCESS
76bde031-0b3a-460b-80bb-4a2d308a11d6,2026-07-27T15:59:18.745912+00:00,IPFS,ipfs,ipfs_cat_json,0.9597500029485673,SUCCESS
76bde031-0b3a-460b-80bb-4a2d308a11d6,2026-07-27T15:59:18.747974+00:00,IPFS,ipfs,ipns_resolve,1.4037500077392906,SUCCESS
76bde031-0b3a-460b-80bb-4a2d308a11d6,2026-07-27T15:59:18.748934+00:00,IPFS,ipfs,ipfs_cat_json,0.8577079861424863,SUCCESS
76bde031-0b3a-460b-80bb-4a2d308a11d6,2026-07-27T15:59:18.750647+00:00,IPFS,tampering,tampering_check,15.138292001211084,SUCCESS
76bde031-0b3a-460b-80bb-4a2d308a11d6,2026-07-27T15:59:18.750722+00:00,IPFS,summary,total_flow,153842.95004200249,SUCCESS
534b4008-cb19-4417-b2d7-fa6b1cc7d01a,2026-07-27T15:59:18.912539+00:00,IPFS,startup,initialize_store,0.15545800852123648,SUCCESS
534b4008-cb19-4417-b2d7-fa6b1cc7d01a,2026-07-27T15:59:18.915707+00:00,IPFS,startup,generate_identity_cp,2.8179170039948076,SUCCESS
534b4008-cb19-4417-b2d7-fa6b1cc7d01a,2026-07-27T15:59:18.915962+00:00,IPFS,startup,generate_identity_sp,0.18950000230688602,SUCCESS
534b4008-cb19-4417-b2d7-fa6b1cc7d01a,2026-07-27T15:59:18.916176+00:00,IPFS,startup,generate_identity_c1,0.17324999498669058,SUCCESS
534b4008-cb19-4417-b2d7-fa6b1cc7d01a,2026-07-27T15:59:18.916380+00:00,IPFS,startup,generate_identity_s1,0.16954199236351997,SUCCESS
534b4008-cb19-4417-b2d7-fa6b1cc7d01a,2026-07-27T15:59:18.979580+00:00,IPFS,ipfs,ipfs_key_gen,0.6467499915743247,SUCCESS
534b4008-cb19-4417-b2d7-fa6b1cc7d01a,2026-07-27T15:59:19.005641+00:00,IPFS,ipfs,ipfs_add_json,24.785415997030213,SUCCESS
534b4008-cb19-4417-b2d7-fa6b1cc7d01a,2026-07-27T15:59:26.421380+00:00,IPFS,ipfs,ipns_publish,7415.242291986942,SUCCESS
534b4008-cb19-4417-b2d7-fa6b1cc7d01a,2026-07-27T15:59:26.426110+00:00,IPFS,publish,publish_identity_cp,7509.593416005373,SUCCESS
534b4008-cb19-4417-b2d7-fa6b1cc7d01a,2026-07-27T15:59:26.487285+00:00,IPFS,ipfs,ipfs_key_gen,0.9712920000310987,SUCCESS
534b4008-cb19-4417-b2d7-fa6b1cc7d01a,2026-07-27T15:59:26.515011+00:00,IPFS,ipfs,ipfs_add_json,26.43716700549703,SUCCESS
534b4008-cb19-4417-b2d7-fa6b1cc7d01a,2026-07-27T16:00:14.262680+00:00,IPFS,ipfs,ipns_publish,47746.913708004286,SUCCESS
534b4008-cb19-4417-b2d7-fa6b1cc7d01a,2026-07-27T16:00:14.269528+00:00,IPFS,publish,publish_identity_sp,47843.33716699621,SUCCESS
534b4008-cb19-4417-b2d7-fa6b1cc7d01a,2026-07-27T16:00:14.345255+00:00,IPFS,ipfs,ipfs_key_gen,1.0510420106584206,SUCCESS
534b4008-cb19-4417-b2d7-fa6b1cc7d01a,2026-07-27T16:00:14.370619+00:00,IPFS,ipfs,ipfs_add_json,22.91112499369774,SUCCESS
534b4008-cb19-4417-b2d7-fa6b1cc7d01a,2026-07-27T16:00:51.459335+00:00,IPFS,ipfs,ipns_publish,37082.15262500744,SUCCESS
534b4008-cb19-4417-b2d7-fa6b1cc7d01a,2026-07-27T16:00:51.465770+00:00,IPFS,publish,publish_identity_c1,37191.452625003876,SUCCESS
534b4008-cb19-4417-b2d7-fa6b1cc7d01a,2026-07-27T16:00:51.556778+00:00,IPFS,ipfs,ipfs_key_gen,1.030750005156733,SUCCESS
534b4008-cb19-4417-b2d7-fa6b1cc7d01a,2026-07-27T16:00:51.579505+00:00,IPFS,ipfs,ipfs_add_json,20.624041004339233,SUCCESS
534b4008-cb19-4417-b2d7-fa6b1cc7d01a,2026-07-27T16:01:03.333531+00:00,IPFS,ipfs,ipns_publish,11750.112833004096,SUCCESS
534b4008-cb19-4417-b2d7-fa6b1cc7d01a,2026-07-27T16:01:03.343581+00:00,IPFS,publish,publish_identity_s1,11873.961917008273,SUCCESS
534b4008-cb19-4417-b2d7-fa6b1cc7d01a,2026-07-27T16:01:03.432313+00:00,IPFS,ipfs,ipfs_key_gen,2.1802499977638945,SUCCESS
534b4008-cb19-4417-b2d7-fa6b1cc7d01a,2026-07-27T16:01:03.454177+00:00,IPFS,ipfs,ipfs_add_json,19.387624997762032,SUCCESS
534b4008-cb19-4417-b2d7-fa6b1cc7d01a,2026-07-27T16:01:07.144186+00:00,IPFS,ipfs,ipns_publish,3689.0697500057286,SUCCESS
534b4008-cb19-4417-b2d7-fa6b1cc7d01a,2026-07-27T16:01:07.147320+00:00,IPFS,publish,publish_service_metadata,3802.596374996938,SUCCESS
534b4008-cb19-4417-b2d7-fa6b1cc7d01a,2026-07-27T16:01:07.174034+00:00,IPFS,ipfs,ipfs_key_gen,1.7278330051340163,SUCCESS
534b4008-cb19-4417-b2d7-fa6b1cc7d01a,2026-07-27T16:01:07.202355+00:00,IPFS,ipfs,ipfs_add_json,23.657083002035506,SUCCESS
534b4008-cb19-4417-b2d7-fa6b1cc7d01a,2026-07-27T16:01:36.380810+00:00,IPFS,ipfs,ipns_publish,29174.888958994416,SUCCESS
534b4008-cb19-4417-b2d7-fa6b1cc7d01a,2026-07-27T16:01:36.390020+00:00,IPFS,publish,publish_provider_registry,29240.489457995864,SUCCESS
534b4008-cb19-4417-b2d7-fa6b1cc7d01a,2026-07-27T16:01:36.397285+00:00,IPFS,ipfs,ipns_resolve,6.327832990791649,SUCCESS
534b4008-cb19-4417-b2d7-fa6b1cc7d01a,2026-07-27T16:01:36.402967+00:00,IPFS,ipfs,ipfs_cat_json,4.938332989695482,SUCCESS
534b4008-cb19-4417-b2d7-fa6b1cc7d01a,2026-07-27T16:01:36.415467+00:00,IPFS,ipfs,ipns_resolve,2.2984999959589913,SUCCESS
534b4008-cb19-4417-b2d7-fa6b1cc7d01a,2026-07-27T16:01:36.417287+00:00,IPFS,ipfs,ipfs_cat_json,1.545416991575621,SUCCESS
534b4008-cb19-4417-b2d7-fa6b1cc7d01a,2026-07-27T16:01:36.419734+00:00,IPFS,ipfs,ipns_resolve,1.6164590051630512,SUCCESS
534b4008-cb19-4417-b2d7-fa6b1cc7d01a,2026-07-27T16:01:36.421193+00:00,IPFS,ipfs,ipfs_cat_json,1.2713340111076832,SUCCESS
534b4008-cb19-4417-b2d7-fa6b1cc7d01a,2026-07-27T16:01:36.422389+00:00,IPFS,discovery,broker_discovery,31.8378749943804,SUCCESS
534b4008-cb19-4417-b2d7-fa6b1cc7d01a,2026-07-27T16:01:36.423447+00:00,IPFS,dap,dap_create_capability,0.934750001761131,SUCCESS
534b4008-cb19-4417-b2d7-fa6b1cc7d01a,2026-07-27T16:01:36.435429+00:00,IPFS,dap,dap_encrypt_enc_cap,11.636374998488463,SUCCESS
534b4008-cb19-4417-b2d7-fa6b1cc7d01a,2026-07-27T16:01:36.436390+00:00,IPFS,idap,client_session_init,0.42054199730046093,SUCCESS
534b4008-cb19-4417-b2d7-fa6b1cc7d01a,2026-07-27T16:01:36.436699+00:00,IPFS,idap,client_ephemeral_public_key,0.012290998711250722,SUCCESS
534b4008-cb19-4417-b2d7-fa6b1cc7d01a,2026-07-27T16:01:36.437246+00:00,IPFS,idap,client_request_sign,0.4015000013168901,SUCCESS
534b4008-cb19-4417-b2d7-fa6b1cc7d01a,2026-07-27T16:01:36.437340+00:00,IPFS,idap,canonical_request_payload,0.020042003598064184,SUCCESS
534b4008-cb19-4417-b2d7-fa6b1cc7d01a,2026-07-27T16:01:36.440004+00:00,IPFS,ipfs,ipns_resolve,1.8732919998001307,SUCCESS
534b4008-cb19-4417-b2d7-fa6b1cc7d01a,2026-07-27T16:01:36.441072+00:00,IPFS,ipfs,ipfs_cat_json,0.9435829997528344,SUCCESS
534b4008-cb19-4417-b2d7-fa6b1cc7d01a,2026-07-27T16:01:36.442431+00:00,IPFS,ipfs,ipns_resolve,0.8213340042857453,SUCCESS
534b4008-cb19-4417-b2d7-fa6b1cc7d01a,2026-07-27T16:01:36.443087+00:00,IPFS,ipfs,ipfs_cat_json,0.5819159996462986,SUCCESS
534b4008-cb19-4417-b2d7-fa6b1cc7d01a,2026-07-27T16:01:36.444344+00:00,IPFS,ipfs,ipns_resolve,0.8202909957617521,SUCCESS
534b4008-cb19-4417-b2d7-fa6b1cc7d01a,2026-07-27T16:01:36.445194+00:00,IPFS,ipfs,ipfs_cat_json,0.7690000056754798,SUCCESS
534b4008-cb19-4417-b2d7-fa6b1cc7d01a,2026-07-27T16:01:36.446461+00:00,IPFS,ipfs,ipns_resolve,0.8510000043315813,SUCCESS
534b4008-cb19-4417-b2d7-fa6b1cc7d01a,2026-07-27T16:01:36.447262+00:00,IPFS,ipfs,ipfs_cat_json,0.7254579977598041,SUCCESS
534b4008-cb19-4417-b2d7-fa6b1cc7d01a,2026-07-27T16:01:36.449509+00:00,IPFS,idap,idap_authorize,12.093249999452382,SUCCESS
534b4008-cb19-4417-b2d7-fa6b1cc7d01a,2026-07-27T16:01:36.451130+00:00,IPFS,ipfs,ipns_resolve,1.1317500029690564,SUCCESS
534b4008-cb19-4417-b2d7-fa6b1cc7d01a,2026-07-27T16:01:36.451838+00:00,IPFS,ipfs,ipfs_cat_json,0.6135829898994416,SUCCESS
534b4008-cb19-4417-b2d7-fa6b1cc7d01a,2026-07-27T16:01:36.453155+00:00,IPFS,ipfs,ipns_resolve,0.8726249943720177,SUCCESS
534b4008-cb19-4417-b2d7-fa6b1cc7d01a,2026-07-27T16:01:36.453844+00:00,IPFS,ipfs,ipfs_cat_json,0.6193750014062971,SUCCESS
534b4008-cb19-4417-b2d7-fa6b1cc7d01a,2026-07-27T16:01:36.455013+00:00,IPFS,ipfs,ipns_resolve,0.7694170053582639,SUCCESS
534b4008-cb19-4417-b2d7-fa6b1cc7d01a,2026-07-27T16:01:36.455795+00:00,IPFS,ipfs,ipfs_cat_json,0.7229580078274012,SUCCESS
534b4008-cb19-4417-b2d7-fa6b1cc7d01a,2026-07-27T16:01:36.457111+00:00,IPFS,ipfs,ipns_resolve,0.9446659969398752,SUCCESS
534b4008-cb19-4417-b2d7-fa6b1cc7d01a,2026-07-27T16:01:36.457948+00:00,IPFS,ipfs,ipfs_cat_json,0.7692499930271879,SUCCESS
534b4008-cb19-4417-b2d7-fa6b1cc7d01a,2026-07-27T16:01:36.459176+00:00,IPFS,idap,idap_replay_check,9.594374991138466,SUCCESS
534b4008-cb19-4417-b2d7-fa6b1cc7d01a,2026-07-27T16:01:36.460717+00:00,IPFS,ipfs,ipns_resolve,1.4771660062251613,SUCCESS
534b4008-cb19-4417-b2d7-fa6b1cc7d01a,2026-07-27T16:01:36.461552+00:00,IPFS,ipfs,ipfs_cat_json,0.7801659958204255,SUCCESS
534b4008-cb19-4417-b2d7-fa6b1cc7d01a,2026-07-27T16:01:36.461899+00:00,IPFS,idap,resolve_service_public_key,2.6653749955585226,SUCCESS
534b4008-cb19-4417-b2d7-fa6b1cc7d01a,2026-07-27T16:01:36.461960+00:00,IPFS,idap,compute_transcript,0.013666998711414635,SUCCESS
534b4008-cb19-4417-b2d7-fa6b1cc7d01a,2026-07-27T16:01:36.462283+00:00,IPFS,idap,transcript_verify,0.27666699315886945,SUCCESS
534b4008-cb19-4417-b2d7-fa6b1cc7d01a,2026-07-27T16:01:36.462559+00:00,IPFS,idap,client_shared_secret_derivation,0.22787500347476453,SUCCESS
534b4008-cb19-4417-b2d7-fa6b1cc7d01a,2026-07-27T16:01:36.462646+00:00,IPFS,idap,client_session_key_derivation,0.04170800093561411,SUCCESS
534b4008-cb19-4417-b2d7-fa6b1cc7d01a,2026-07-27T16:01:36.462757+00:00,IPFS,crypto,encrypt_message,0.050000002374872565,SUCCESS
534b4008-cb19-4417-b2d7-fa6b1cc7d01a,2026-07-27T16:01:36.462813+00:00,IPFS,crypto,decrypt_message,0.00912499672267586,SUCCESS
534b4008-cb19-4417-b2d7-fa6b1cc7d01a,2026-07-27T16:01:36.463152+00:00,IPFS,tampering,tampered_request_sign,0.2675420109881088,SUCCESS
534b4008-cb19-4417-b2d7-fa6b1cc7d01a,2026-07-27T16:01:36.464331+00:00,IPFS,ipfs,ipns_resolve,0.7698749977862462,SUCCESS
534b4008-cb19-4417-b2d7-fa6b1cc7d01a,2026-07-27T16:01:36.464835+00:00,IPFS,ipfs,ipfs_cat_json,0.4497079935390502,SUCCESS
534b4008-cb19-4417-b2d7-fa6b1cc7d01a,2026-07-27T16:01:36.465964+00:00,IPFS,ipfs,ipns_resolve,0.7597079966217279,SUCCESS
534b4008-cb19-4417-b2d7-fa6b1cc7d01a,2026-07-27T16:01:36.466541+00:00,IPFS,ipfs,ipfs_cat_json,0.5088339967187494,SUCCESS
534b4008-cb19-4417-b2d7-fa6b1cc7d01a,2026-07-27T16:01:36.467723+00:00,IPFS,ipfs,ipns_resolve,0.7878339965827763,SUCCESS
534b4008-cb19-4417-b2d7-fa6b1cc7d01a,2026-07-27T16:01:36.468317+00:00,IPFS,ipfs,ipfs_cat_json,0.5143330054124817,SUCCESS
534b4008-cb19-4417-b2d7-fa6b1cc7d01a,2026-07-27T16:01:36.469429+00:00,IPFS,ipfs,ipns_resolve,0.7446670060744509,SUCCESS
534b4008-cb19-4417-b2d7-fa6b1cc7d01a,2026-07-27T16:01:36.470058+00:00,IPFS,ipfs,ipfs_cat_json,0.5471670010592788,SUCCESS
534b4008-cb19-4417-b2d7-fa6b1cc7d01a,2026-07-27T16:01:36.471301+00:00,IPFS,tampering,tampering_check,8.090874995104969,SUCCESS
534b4008-cb19-4417-b2d7-fa6b1cc7d01a,2026-07-27T16:01:36.471362+00:00,IPFS,summary,total_flow,137549.36062499473,SUCCESS
9710f994-1fcd-4790-9f1a-bc22371f9b52,2026-07-27T16:01:36.682003+00:00,IPFS,startup,initialize_store,0.16412499826401472,SUCCESS
9710f994-1fcd-4790-9f1a-bc22371f9b52,2026-07-27T16:01:36.688148+00:00,IPFS,startup,generate_identity_cp,5.785749992355704,SUCCESS
9710f994-1fcd-4790-9f1a-bc22371f9b52,2026-07-27T16:01:36.688401+00:00,IPFS,startup,generate_identity_sp,0.18845799786504358,SUCCESS
9710f994-1fcd-4790-9f1a-bc22371f9b52,2026-07-27T16:01:36.688615+00:00,IPFS,startup,generate_identity_c1,0.17420799122191966,SUCCESS
9710f994-1fcd-4790-9f1a-bc22371f9b52,2026-07-27T16:01:36.688829+00:00,IPFS,startup,generate_identity_s1,0.1694590027909726,SUCCESS
9710f994-1fcd-4790-9f1a-bc22371f9b52,2026-07-27T16:01:36.755464+00:00,IPFS,ipfs,ipfs_key_gen,0.9667090052971616,SUCCESS
9710f994-1fcd-4790-9f1a-bc22371f9b52,2026-07-27T16:01:36.781280+00:00,IPFS,ipfs,ipfs_add_json,24.631416992633604,SUCCESS
9710f994-1fcd-4790-9f1a-bc22371f9b52,2026-07-27T16:02:28.551103+00:00,IPFS,ipfs,ipns_publish,51768.58245799667,SUCCESS
9710f994-1fcd-4790-9f1a-bc22371f9b52,2026-07-27T16:02:28.558123+00:00,IPFS,publish,publish_identity_cp,51868.83820799994,SUCCESS
9710f994-1fcd-4790-9f1a-bc22371f9b52,2026-07-27T16:02:28.660063+00:00,IPFS,ipfs,ipfs_key_gen,1.5140420000534505,SUCCESS
9710f994-1fcd-4790-9f1a-bc22371f9b52,2026-07-27T16:02:28.683668+00:00,IPFS,ipfs,ipfs_add_json,21.765083001810126,SUCCESS
9710f994-1fcd-4790-9f1a-bc22371f9b52,2026-07-27T16:03:13.511443+00:00,IPFS,ipfs,ipns_publish,44826.61391599686,SUCCESS
9710f994-1fcd-4790-9f1a-bc22371f9b52,2026-07-27T16:03:13.516978+00:00,IPFS,publish,publish_identity_sp,44958.343332997174,SUCCESS
9710f994-1fcd-4790-9f1a-bc22371f9b52,2026-07-27T16:03:13.621675+00:00,IPFS,ipfs,ipfs_key_gen,1.9208750018151477,SUCCESS
9710f994-1fcd-4790-9f1a-bc22371f9b52,2026-07-27T16:03:13.648582+00:00,IPFS,ipfs,ipfs_add_json,24.402459006523713,SUCCESS
9710f994-1fcd-4790-9f1a-bc22371f9b52,2026-07-27T16:03:43.951932+00:00,IPFS,ipfs,ipns_publish,30302.404000001843,SUCCESS
9710f994-1fcd-4790-9f1a-bc22371f9b52,2026-07-27T16:03:43.956916+00:00,IPFS,publish,publish_identity_c1,30439.5919170056,SUCCESS
9710f994-1fcd-4790-9f1a-bc22371f9b52,2026-07-27T16:03:44.059830+00:00,IPFS,ipfs,ipfs_key_gen,1.3897499884478748,SUCCESS
9710f994-1fcd-4790-9f1a-bc22371f9b52,2026-07-27T16:03:44.083950+00:00,IPFS,ipfs,ipfs_add_json,21.8954589945497,SUCCESS
9710f994-1fcd-4790-9f1a-bc22371f9b52,2026-07-27T16:03:48.915935+00:00,IPFS,ipfs,ipns_publish,4830.834749998758,SUCCESS
9710f994-1fcd-4790-9f1a-bc22371f9b52,2026-07-27T16:03:48.921184+00:00,IPFS,publish,publish_identity_s1,4963.749916991219,SUCCESS
9710f994-1fcd-4790-9f1a-bc22371f9b52,2026-07-27T16:03:48.998348+00:00,IPFS,ipfs,ipfs_key_gen,1.7631670052651316,SUCCESS
9710f994-1fcd-4790-9f1a-bc22371f9b52,2026-07-27T16:03:49.022913+00:00,IPFS,ipfs,ipfs_add_json,21.484624987351708,SUCCESS
9710f994-1fcd-4790-9f1a-bc22371f9b52,2026-07-27T16:04:18.584900+00:00,IPFS,ipfs,ipns_publish,29560.528500005603,SUCCESS
9710f994-1fcd-4790-9f1a-bc22371f9b52,2026-07-27T16:04:18.592979+00:00,IPFS,publish,publish_service_metadata,29671.328249998624,SUCCESS
9710f994-1fcd-4790-9f1a-bc22371f9b52,2026-07-27T16:04:18.674131+00:00,IPFS,ipfs,ipfs_key_gen,1.2729169975500554,SUCCESS
9710f994-1fcd-4790-9f1a-bc22371f9b52,2026-07-27T16:04:18.695191+00:00,IPFS,ipfs,ipfs_add_json,19.339708000188693,SUCCESS
9710f994-1fcd-4790-9f1a-bc22371f9b52,2026-07-27T16:04:21.387123+00:00,IPFS,ipfs,ipns_publish,2691.405665987986,SUCCESS
9710f994-1fcd-4790-9f1a-bc22371f9b52,2026-07-27T16:04:21.393506+00:00,IPFS,publish,publish_provider_registry,2799.8735000001034,SUCCESS
9710f994-1fcd-4790-9f1a-bc22371f9b52,2026-07-27T16:04:21.403201+00:00,IPFS,ipfs,ipns_resolve,8.616582999820821,SUCCESS
9710f994-1fcd-4790-9f1a-bc22371f9b52,2026-07-27T16:04:21.408380+00:00,IPFS,ipfs,ipfs_cat_json,4.470458006835543,SUCCESS
9710f994-1fcd-4790-9f1a-bc22371f9b52,2026-07-27T16:04:21.424225+00:00,IPFS,ipfs,ipns_resolve,3.2451250008307397,SUCCESS
9710f994-1fcd-4790-9f1a-bc22371f9b52,2026-07-27T16:04:21.426000+00:00,IPFS,ipfs,ipfs_cat_json,1.508999994257465,SUCCESS
9710f994-1fcd-4790-9f1a-bc22371f9b52,2026-07-27T16:04:21.429438+00:00,IPFS,ipfs,ipns_resolve,2.5634589983383194,SUCCESS
9710f994-1fcd-4790-9f1a-bc22371f9b52,2026-07-27T16:04:21.431109+00:00,IPFS,ipfs,ipfs_cat_json,1.5012079966254532,SUCCESS
9710f994-1fcd-4790-9f1a-bc22371f9b52,2026-07-27T16:04:21.432928+00:00,IPFS,discovery,broker_discovery,38.903249995200895,SUCCESS
9710f994-1fcd-4790-9f1a-bc22371f9b52,2026-07-27T16:04:21.434028+00:00,IPFS,dap,dap_create_capability,0.9527090005576611,SUCCESS
9710f994-1fcd-4790-9f1a-bc22371f9b52,2026-07-27T16:04:21.446999+00:00,IPFS,dap,dap_encrypt_enc_cap,12.784500009729527,SUCCESS
9710f994-1fcd-4790-9f1a-bc22371f9b52,2026-07-27T16:04:21.447300+00:00,IPFS,idap,client_session_init,0.1667079923208803,SUCCESS
9710f994-1fcd-4790-9f1a-bc22371f9b52,2026-07-27T16:04:21.447378+00:00,IPFS,idap,client_ephemeral_public_key,0.004458997864276171,SUCCESS
9710f994-1fcd-4790-9f1a-bc22371f9b52,2026-07-27T16:04:21.447768+00:00,IPFS,idap,client_request_sign,0.32316600845661014,SUCCESS
9710f994-1fcd-4790-9f1a-bc22371f9b52,2026-07-27T16:04:21.447848+00:00,IPFS,idap,canonical_request_payload,0.015958998119458556,SUCCESS
9710f994-1fcd-4790-9f1a-bc22371f9b52,2026-07-27T16:04:21.449985+00:00,IPFS,ipfs,ipns_resolve,1.5191669954219833,SUCCESS
9710f994-1fcd-4790-9f1a-bc22371f9b52,2026-07-27T16:04:21.451274+00:00,IPFS,ipfs,ipfs_cat_json,1.1668329971143976,SUCCESS
9710f994-1fcd-4790-9f1a-bc22371f9b52,2026-07-27T16:04:21.452735+00:00,IPFS,ipfs,ipns_resolve,0.9605829982319847,SUCCESS
9710f994-1fcd-4790-9f1a-bc22371f9b52,2026-07-27T16:04:21.453589+00:00,IPFS,ipfs,ipfs_cat_json,0.7320000004256144,SUCCESS
9710f994-1fcd-4790-9f1a-bc22371f9b52,2026-07-27T16:04:21.455067+00:00,IPFS,ipfs,ipns_resolve,0.9092920081457123,SUCCESS
9710f994-1fcd-4790-9f1a-bc22371f9b52,2026-07-27T16:04:21.456212+00:00,IPFS,ipfs,ipfs_cat_json,1.050374994520098,SUCCESS
9710f994-1fcd-4790-9f1a-bc22371f9b52,2026-07-27T16:04:21.457625+00:00,IPFS,ipfs,ipns_resolve,0.9909169893944636,SUCCESS
9710f994-1fcd-4790-9f1a-bc22371f9b52,2026-07-27T16:04:21.458494+00:00,IPFS,ipfs,ipfs_cat_json,0.7943749951664358,SUCCESS
9710f994-1fcd-4790-9f1a-bc22371f9b52,2026-07-27T16:04:21.460617+00:00,IPFS,idap,idap_authorize,12.698291000560857,SUCCESS
9710f994-1fcd-4790-9f1a-bc22371f9b52,2026-07-27T16:04:21.462093+00:00,IPFS,ipfs,ipns_resolve,0.9944999910658225,SUCCESS
9710f994-1fcd-4790-9f1a-bc22371f9b52,2026-07-27T16:04:21.462712+00:00,IPFS,ipfs,ipfs_cat_json,0.535375002073124,SUCCESS
9710f994-1fcd-4790-9f1a-bc22371f9b52,2026-07-27T16:04:21.464076+00:00,IPFS,ipfs,ipns_resolve,0.9430419886484742,SUCCESS
9710f994-1fcd-4790-9f1a-bc22371f9b52,2026-07-27T16:04:21.464648+00:00,IPFS,ipfs,ipfs_cat_json,0.4992909962311387,SUCCESS
9710f994-1fcd-4790-9f1a-bc22371f9b52,2026-07-27T16:04:21.465871+00:00,IPFS,ipfs,ipns_resolve,0.8223339973483235,SUCCESS
9710f994-1fcd-4790-9f1a-bc22371f9b52,2026-07-27T16:04:21.466462+00:00,IPFS,ipfs,ipfs_cat_json,0.5177079874556512,SUCCESS
9710f994-1fcd-4790-9f1a-bc22371f9b52,2026-07-27T16:04:21.467735+00:00,IPFS,ipfs,ipns_resolve,0.8814999891910702,SUCCESS
9710f994-1fcd-4790-9f1a-bc22371f9b52,2026-07-27T16:04:21.468337+00:00,IPFS,ipfs,ipfs_cat_json,0.5387499986682087,SUCCESS
9710f994-1fcd-4790-9f1a-bc22371f9b52,2026-07-27T16:04:21.469642+00:00,IPFS,idap,idap_replay_check,8.951666997745633,SUCCESS
9710f994-1fcd-4790-9f1a-bc22371f9b52,2026-07-27T16:04:21.470612+00:00,IPFS,ipfs,ipns_resolve,0.8933329954743385,SUCCESS
9710f994-1fcd-4790-9f1a-bc22371f9b52,2026-07-27T16:04:21.471158+00:00,IPFS,ipfs,ipfs_cat_json,0.4779169976245612,SUCCESS
9710f994-1fcd-4790-9f1a-bc22371f9b52,2026-07-27T16:04:21.471551+00:00,IPFS,idap,resolve_service_public_key,1.8392920028418303,SUCCESS
9710f994-1fcd-4790-9f1a-bc22371f9b52,2026-07-27T16:04:21.471626+00:00,IPFS,idap,compute_transcript,0.015041005099192262,SUCCESS
9710f994-1fcd-4790-9f1a-bc22371f9b52,2026-07-27T16:04:21.471980+00:00,IPFS,idap,transcript_verify,0.2993749949382618,SUCCESS
9710f994-1fcd-4790-9f1a-bc22371f9b52,2026-07-27T16:04:21.472263+00:00,IPFS,idap,client_shared_secret_derivation,0.2259579923702404,SUCCESS
9710f994-1fcd-4790-9f1a-bc22371f9b52,2026-07-27T16:04:21.472335+00:00,IPFS,idap,client_session_key_derivation,0.018874998204410076,SUCCESS
9710f994-1fcd-4790-9f1a-bc22371f9b52,2026-07-27T16:04:21.472422+00:00,IPFS,crypto,encrypt_message,0.017833008314482868,SUCCESS
9710f994-1fcd-4790-9f1a-bc22371f9b52,2026-07-27T16:04:21.472482+00:00,IPFS,crypto,decrypt_message,0.0067920045694336295,SUCCESS
9710f994-1fcd-4790-9f1a-bc22371f9b52,2026-07-27T16:04:21.472821+00:00,IPFS,tampering,tampered_request_sign,0.2600419975351542,SUCCESS
9710f994-1fcd-4790-9f1a-bc22371f9b52,2026-07-27T16:04:21.474123+00:00,IPFS,ipfs,ipns_resolve,0.8943330030888319,SUCCESS
9710f994-1fcd-4790-9f1a-bc22371f9b52,2026-07-27T16:04:21.474674+00:00,IPFS,ipfs,ipfs_cat_json,0.49279199447482824,SUCCESS
9710f994-1fcd-4790-9f1a-bc22371f9b52,2026-07-27T16:04:21.475903+00:00,IPFS,ipfs,ipns_resolve,0.8655419951537624,SUCCESS
9710f994-1fcd-4790-9f1a-bc22371f9b52,2026-07-27T16:04:21.476486+00:00,IPFS,ipfs,ipfs_cat_json,0.5171670054551214,SUCCESS
9710f994-1fcd-4790-9f1a-bc22371f9b52,2026-07-27T16:04:21.477778+00:00,IPFS,ipfs,ipns_resolve,0.9033329988596961,SUCCESS
9710f994-1fcd-4790-9f1a-bc22371f9b52,2026-07-27T16:04:21.478411+00:00,IPFS,ipfs,ipfs_cat_json,0.552500001504086,SUCCESS
9710f994-1fcd-4790-9f1a-bc22371f9b52,2026-07-27T16:04:21.480037+00:00,IPFS,ipfs,ipns_resolve,1.0779579897643998,SUCCESS
9710f994-1fcd-4790-9f1a-bc22371f9b52,2026-07-27T16:04:21.480761+00:00,IPFS,ipfs,ipfs_cat_json,0.6621250067837536,SUCCESS
9710f994-1fcd-4790-9f1a-bc22371f9b52,2026-07-27T16:04:21.481970+00:00,IPFS,tampering,tampering_check,9.088750011869706,SUCCESS
9710f994-1fcd-4790-9f1a-bc22371f9b52,2026-07-27T16:04:21.482028+00:00,IPFS,summary,total_flow,164800.71266699815,SUCCESS
de447c78-82db-499b-89f1-4e13c56d20d0,2026-07-27T16:04:21.729947+00:00,IPFS,startup,initialize_store,0.1636669912841171,SUCCESS
de447c78-82db-499b-89f1-4e13c56d20d0,2026-07-27T16:04:21.739293+00:00,IPFS,startup,generate_identity_cp,8.813541993731633,SUCCESS
de447c78-82db-499b-89f1-4e13c56d20d0,2026-07-27T16:04:21.739526+00:00,IPFS,startup,generate_identity_sp,0.1863329962361604,SUCCESS
de447c78-82db-499b-89f1-4e13c56d20d0,2026-07-27T16:04:21.739734+00:00,IPFS,startup,generate_identity_c1,0.17316699086222798,SUCCESS
de447c78-82db-499b-89f1-4e13c56d20d0,2026-07-27T16:04:21.739934+00:00,IPFS,startup,generate_identity_s1,0.16966700786724687,SUCCESS
de447c78-82db-499b-89f1-4e13c56d20d0,2026-07-27T16:04:21.760567+00:00,IPFS,ipfs,ipfs_key_gen,0.9614580048946664,SUCCESS
de447c78-82db-499b-89f1-4e13c56d20d0,2026-07-27T16:04:21.784277+00:00,IPFS,ipfs,ipfs_add_json,22.433083009673283,SUCCESS
de447c78-82db-499b-89f1-4e13c56d20d0,2026-07-27T16:04:45.682831+00:00,IPFS,ipfs,ipns_publish,23897.90070800518,SUCCESS
de447c78-82db-499b-89f1-4e13c56d20d0,2026-07-27T16:04:45.690536+00:00,IPFS,publish,publish_identity_cp,23950.51404100377,SUCCESS
de447c78-82db-499b-89f1-4e13c56d20d0,2026-07-27T16:04:45.801861+00:00,IPFS,ipfs,ipfs_key_gen,1.0042079957202077,SUCCESS
de447c78-82db-499b-89f1-4e13c56d20d0,2026-07-27T16:04:45.827479+00:00,IPFS,ipfs,ipfs_add_json,24.021167002501898,SUCCESS
de447c78-82db-499b-89f1-4e13c56d20d0,2026-07-27T16:05:38.240044+00:00,IPFS,ipfs,ipns_publish,52411.83862500475,SUCCESS
de447c78-82db-499b-89f1-4e13c56d20d0,2026-07-27T16:05:38.245840+00:00,IPFS,publish,publish_identity_sp,52555.14354200568,SUCCESS
de447c78-82db-499b-89f1-4e13c56d20d0,2026-07-27T16:05:38.320167+00:00,IPFS,ipfs,ipfs_key_gen,1.2400410050759092,SUCCESS
de447c78-82db-499b-89f1-4e13c56d20d0,2026-07-27T16:05:38.342827+00:00,IPFS,ipfs,ipfs_add_json,20.255750001524575,SUCCESS
de447c78-82db-499b-89f1-4e13c56d20d0,2026-07-27T16:06:05.620553+00:00,IPFS,ipfs,ipns_publish,27275.210874999175,SUCCESS
de447c78-82db-499b-89f1-4e13c56d20d0,2026-07-27T16:06:05.635974+00:00,IPFS,publish,publish_identity_c1,27389.712541000335,SUCCESS
de447c78-82db-499b-89f1-4e13c56d20d0,2026-07-27T16:06:05.724708+00:00,IPFS,ipfs,ipfs_key_gen,1.4624159957747906,SUCCESS
de447c78-82db-499b-89f1-4e13c56d20d0,2026-07-27T16:06:05.744415+00:00,IPFS,ipfs,ipfs_add_json,17.97025000269059,SUCCESS
de447c78-82db-499b-89f1-4e13c56d20d0,2026-07-27T16:06:11.388777+00:00,IPFS,ipfs,ipns_publish,5643.749124996248,SUCCESS
de447c78-82db-499b-89f1-4e13c56d20d0,2026-07-27T16:06:11.395604+00:00,IPFS,publish,publish_identity_s1,5759.09925000451,SUCCESS
de447c78-82db-499b-89f1-4e13c56d20d0,2026-07-27T16:06:11.440983+00:00,IPFS,ipfs,ipfs_key_gen,1.8404159927740693,SUCCESS
de447c78-82db-499b-89f1-4e13c56d20d0,2026-07-27T16:06:11.466588+00:00,IPFS,ipfs,ipfs_add_json,22.572041998500936,SUCCESS
de447c78-82db-499b-89f1-4e13c56d20d0,2026-07-27T16:07:18.110737+00:00,IPFS,ipfs,ipns_publish,66642.95574999414,SUCCESS
de447c78-82db-499b-89f1-4e13c56d20d0,2026-07-27T16:07:18.115430+00:00,IPFS,publish,publish_service_metadata,66719.50862499943,SUCCESS
de447c78-82db-499b-89f1-4e13c56d20d0,2026-07-27T16:07:18.198075+00:00,IPFS,ipfs,ipfs_key_gen,0.8642499888082966,SUCCESS
de447c78-82db-499b-89f1-4e13c56d20d0,2026-07-27T16:07:18.218553+00:00,IPFS,ipfs,ipfs_add_json,18.967500000144355,SUCCESS
de447c78-82db-499b-89f1-4e13c56d20d0,2026-07-27T16:07:34.733006+00:00,IPFS,ipfs,ipns_publish,16511.820291998447,SUCCESS
de447c78-82db-499b-89f1-4e13c56d20d0,2026-07-27T16:07:34.738285+00:00,IPFS,publish,publish_provider_registry,16622.394999998505,SUCCESS
de447c78-82db-499b-89f1-4e13c56d20d0,2026-07-27T16:07:34.746213+00:00,IPFS,ipfs,ipns_resolve,7.062832999508828,SUCCESS
de447c78-82db-499b-89f1-4e13c56d20d0,2026-07-27T16:07:34.750535+00:00,IPFS,ipfs,ipfs_cat_json,3.7718749954365194,SUCCESS
de447c78-82db-499b-89f1-4e13c56d20d0,2026-07-27T16:07:34.759522+00:00,IPFS,ipfs,ipns_resolve,2.3518329981015995,SUCCESS
de447c78-82db-499b-89f1-4e13c56d20d0,2026-07-27T16:07:34.761507+00:00,IPFS,ipfs,ipfs_cat_json,1.7691249959170818,SUCCESS
de447c78-82db-499b-89f1-4e13c56d20d0,2026-07-27T16:07:34.764234+00:00,IPFS,ipfs,ipns_resolve,1.9493339932523668,SUCCESS
de447c78-82db-499b-89f1-4e13c56d20d0,2026-07-27T16:07:34.765470+00:00,IPFS,ipfs,ipfs_cat_json,1.103125003282912,SUCCESS
de447c78-82db-499b-89f1-4e13c56d20d0,2026-07-27T16:07:34.766505+00:00,IPFS,discovery,broker_discovery,27.886750001925975,SUCCESS
de447c78-82db-499b-89f1-4e13c56d20d0,2026-07-27T16:07:34.767415+00:00,IPFS,dap,dap_create_capability,0.8058749954216182,SUCCESS
de447c78-82db-499b-89f1-4e13c56d20d0,2026-07-27T16:07:34.777906+00:00,IPFS,dap,dap_encrypt_enc_cap,10.304583993274719,SUCCESS
de447c78-82db-499b-89f1-4e13c56d20d0,2026-07-27T16:07:34.778324+00:00,IPFS,idap,client_session_init,0.24912500521168113,SUCCESS
de447c78-82db-499b-89f1-4e13c56d20d0,2026-07-27T16:07:34.778405+00:00,IPFS,idap,client_ephemeral_public_key,0.007166003342717886,SUCCESS
de447c78-82db-499b-89f1-4e13c56d20d0,2026-07-27T16:07:34.778802+00:00,IPFS,idap,client_request_sign,0.3328339953441173,SUCCESS
de447c78-82db-499b-89f1-4e13c56d20d0,2026-07-27T16:07:34.778875+00:00,IPFS,idap,canonical_request_payload,0.015375000657513738,SUCCESS
de447c78-82db-499b-89f1-4e13c56d20d0,2026-07-27T16:07:34.781195+00:00,IPFS,ipfs,ipns_resolve,1.7633340030442923,SUCCESS
de447c78-82db-499b-89f1-4e13c56d20d0,2026-07-27T16:07:34.782360+00:00,IPFS,ipfs,ipfs_cat_json,1.0796249989653006,SUCCESS
de447c78-82db-499b-89f1-4e13c56d20d0,2026-07-27T16:07:34.784258+00:00,IPFS,ipfs,ipns_resolve,1.396999999997206,SUCCESS
de447c78-82db-499b-89f1-4e13c56d20d0,2026-07-27T16:07:34.785448+00:00,IPFS,ipfs,ipfs_cat_json,1.1030000023311004,SUCCESS
de447c78-82db-499b-89f1-4e13c56d20d0,2026-07-27T16:07:34.787243+00:00,IPFS,ipfs,ipns_resolve,1.203625011839904,SUCCESS
de447c78-82db-499b-89f1-4e13c56d20d0,2026-07-27T16:07:34.788438+00:00,IPFS,ipfs,ipfs_cat_json,1.053999993018806,SUCCESS
de447c78-82db-499b-89f1-4e13c56d20d0,2026-07-27T16:07:34.790403+00:00,IPFS,ipfs,ipns_resolve,1.3722919975407422,SUCCESS
de447c78-82db-499b-89f1-4e13c56d20d0,2026-07-27T16:07:34.791609+00:00,IPFS,ipfs,ipfs_cat_json,1.1268330126767978,SUCCESS
de447c78-82db-499b-89f1-4e13c56d20d0,2026-07-27T16:07:34.793803+00:00,IPFS,idap,idap_authorize,14.832625005510636,SUCCESS
de447c78-82db-499b-89f1-4e13c56d20d0,2026-07-27T16:07:34.795234+00:00,IPFS,ipfs,ipns_resolve,0.9485420014243573,SUCCESS
de447c78-82db-499b-89f1-4e13c56d20d0,2026-07-27T16:07:34.795961+00:00,IPFS,ipfs,ipfs_cat_json,0.6600409979000688,SUCCESS
de447c78-82db-499b-89f1-4e13c56d20d0,2026-07-27T16:07:34.797263+00:00,IPFS,ipfs,ipns_resolve,0.9335420036222786,SUCCESS
de447c78-82db-499b-89f1-4e13c56d20d0,2026-07-27T16:07:34.797949+00:00,IPFS,ipfs,ipfs_cat_json,0.6209999992279336,SUCCESS
de447c78-82db-499b-89f1-4e13c56d20d0,2026-07-27T16:07:34.799127+00:00,IPFS,ipfs,ipns_resolve,0.800458001322113,SUCCESS
de447c78-82db-499b-89f1-4e13c56d20d0,2026-07-27T16:07:34.799744+00:00,IPFS,ipfs,ipfs_cat_json,0.5562919977819547,SUCCESS
de447c78-82db-499b-89f1-4e13c56d20d0,2026-07-27T16:07:34.801003+00:00,IPFS,ipfs,ipns_resolve,0.881208005012013,SUCCESS
de447c78-82db-499b-89f1-4e13c56d20d0,2026-07-27T16:07:34.801554+00:00,IPFS,ipfs,ipfs_cat_json,0.4760000010719523,SUCCESS
de447c78-82db-499b-89f1-4e13c56d20d0,2026-07-27T16:07:34.802794+00:00,IPFS,idap,idap_replay_check,8.91175000288058,SUCCESS
de447c78-82db-499b-89f1-4e13c56d20d0,2026-07-27T16:07:34.803745+00:00,IPFS,ipfs,ipns_resolve,0.86616599583067,SUCCESS
de447c78-82db-499b-89f1-4e13c56d20d0,2026-07-27T16:07:34.804446+00:00,IPFS,ipfs,ipfs_cat_json,0.5604589969152585,SUCCESS
de447c78-82db-499b-89f1-4e13c56d20d0,2026-07-27T16:07:34.804808+00:00,IPFS,idap,resolve_service_public_key,1.9505000091157854,SUCCESS
de447c78-82db-499b-89f1-4e13c56d20d0,2026-07-27T16:07:34.804878+00:00,IPFS,idap,compute_transcript,0.01504199462942779,SUCCESS
de447c78-82db-499b-89f1-4e13c56d20d0,2026-07-27T16:07:34.805189+00:00,IPFS,idap,transcript_verify,0.26287500804755837,SUCCESS
de447c78-82db-499b-89f1-4e13c56d20d0,2026-07-27T16:07:34.805440+00:00,IPFS,idap,client_shared_secret_derivation,0.2020419924519956,SUCCESS
de447c78-82db-499b-89f1-4e13c56d20d0,2026-07-27T16:07:34.805520+00:00,IPFS,idap,client_session_key_derivation,0.03529200330376625,SUCCESS
de447c78-82db-499b-89f1-4e13c56d20d0,2026-07-27T16:07:34.805604+00:00,IPFS,crypto,encrypt_message,0.024833992938511074,SUCCESS
de447c78-82db-499b-89f1-4e13c56d20d0,2026-07-27T16:07:34.805657+00:00,IPFS,crypto,decrypt_message,0.007208000170066953,SUCCESS
de447c78-82db-499b-89f1-4e13c56d20d0,2026-07-27T16:07:34.805970+00:00,IPFS,tampering,tampered_request_sign,0.24525000480934978,SUCCESS
de447c78-82db-499b-89f1-4e13c56d20d0,2026-07-27T16:07:34.807168+00:00,IPFS,ipfs,ipns_resolve,0.8123750012600794,SUCCESS
de447c78-82db-499b-89f1-4e13c56d20d0,2026-07-27T16:07:34.807761+00:00,IPFS,ipfs,ipfs_cat_json,0.5339579947758466,SUCCESS
de447c78-82db-499b-89f1-4e13c56d20d0,2026-07-27T16:07:34.808747+00:00,IPFS,ipfs,ipns_resolve,0.6622910004807636,SUCCESS
de447c78-82db-499b-89f1-4e13c56d20d0,2026-07-27T16:07:34.809886+00:00,IPFS,ipfs,ipfs_cat_json,1.0873330029426143,SUCCESS
de447c78-82db-499b-89f1-4e13c56d20d0,2026-07-27T16:07:34.810878+00:00,IPFS,ipfs,ipns_resolve,0.6590839911950752,SUCCESS
de447c78-82db-499b-89f1-4e13c56d20d0,2026-07-27T16:07:34.811483+00:00,IPFS,ipfs,ipfs_cat_json,0.5524169973796234,SUCCESS
de447c78-82db-499b-89f1-4e13c56d20d0,2026-07-27T16:07:34.812620+00:00,IPFS,ipfs,ipns_resolve,0.8221669995691627,SUCCESS
de447c78-82db-499b-89f1-4e13c56d20d0,2026-07-27T16:07:34.813145+00:00,IPFS,ipfs,ipfs_cat_json,0.46799999836366624,SUCCESS
de447c78-82db-499b-89f1-4e13c56d20d0,2026-07-27T16:07:34.814196+00:00,IPFS,tampering,tampering_check,8.175124996341765,SUCCESS
de447c78-82db-499b-89f1-4e13c56d20d0,2026-07-27T16:07:34.814248+00:00,IPFS,summary,total_flow,193085.47937498952,SUCCESS
11a9008d-983a-4e0a-9441-2afe22a1cf1c,2026-07-27T16:07:35.013074+00:00,IPFS,startup,initialize_store,0.1612499909242615,SUCCESS
11a9008d-983a-4e0a-9441-2afe22a1cf1c,2026-07-27T16:07:35.019048+00:00,IPFS,startup,generate_identity_cp,5.630166997434571,SUCCESS
11a9008d-983a-4e0a-9441-2afe22a1cf1c,2026-07-27T16:07:35.019297+00:00,IPFS,startup,generate_identity_sp,0.1889160048449412,SUCCESS
11a9008d-983a-4e0a-9441-2afe22a1cf1c,2026-07-27T16:07:35.019509+00:00,IPFS,startup,generate_identity_c1,0.17425000260118395,SUCCESS
11a9008d-983a-4e0a-9441-2afe22a1cf1c,2026-07-27T16:07:35.019718+00:00,IPFS,startup,generate_identity_s1,0.1703750021988526,SUCCESS
11a9008d-983a-4e0a-9441-2afe22a1cf1c,2026-07-27T16:07:35.076159+00:00,IPFS,ipfs,ipfs_key_gen,0.891290997969918,SUCCESS
11a9008d-983a-4e0a-9441-2afe22a1cf1c,2026-07-27T16:07:35.098832+00:00,IPFS,ipfs,ipfs_add_json,21.32808300666511,SUCCESS
11a9008d-983a-4e0a-9441-2afe22a1cf1c,2026-07-27T16:07:46.445451+00:00,IPFS,ipfs,ipns_publish,11345.745415994315,SUCCESS
11a9008d-983a-4e0a-9441-2afe22a1cf1c,2026-07-27T16:07:46.457229+00:00,IPFS,publish,publish_identity_cp,11437.317499992787,SUCCESS
11a9008d-983a-4e0a-9441-2afe22a1cf1c,2026-07-27T16:07:46.536985+00:00,IPFS,ipfs,ipfs_key_gen,0.8782910008449107,SUCCESS
11a9008d-983a-4e0a-9441-2afe22a1cf1c,2026-07-27T16:07:46.562036+00:00,IPFS,ipfs,ipfs_add_json,23.364417007542215,SUCCESS
11a9008d-983a-4e0a-9441-2afe22a1cf1c,2026-07-27T16:07:52.843979+00:00,IPFS,ipfs,ipns_publish,6281.266875012079,SUCCESS
11a9008d-983a-4e0a-9441-2afe22a1cf1c,2026-07-27T16:07:52.848685+00:00,IPFS,publish,publish_identity_sp,6391.040250004153,SUCCESS
11a9008d-983a-4e0a-9441-2afe22a1cf1c,2026-07-27T16:07:52.932610+00:00,IPFS,ipfs,ipfs_key_gen,1.0967080015689135,SUCCESS
11a9008d-983a-4e0a-9441-2afe22a1cf1c,2026-07-27T16:07:52.958136+00:00,IPFS,ipfs,ipfs_add_json,22.739249994629063,SUCCESS
11a9008d-983a-4e0a-9441-2afe22a1cf1c,2026-07-27T16:08:12.548623+00:00,IPFS,ipfs,ipns_publish,19589.652750000823,SUCCESS
11a9008d-983a-4e0a-9441-2afe22a1cf1c,2026-07-27T16:08:12.552523+00:00,IPFS,publish,publish_identity_c1,19703.467999992426,SUCCESS
11a9008d-983a-4e0a-9441-2afe22a1cf1c,2026-07-27T16:08:12.635768+00:00,IPFS,ipfs,ipfs_key_gen,1.3093339948682114,SUCCESS
11a9008d-983a-4e0a-9441-2afe22a1cf1c,2026-07-27T16:08:12.657620+00:00,IPFS,ipfs,ipfs_add_json,20.044917007908225,SUCCESS
11a9008d-983a-4e0a-9441-2afe22a1cf1c,2026-07-27T16:08:17.957763+00:00,IPFS,ipfs,ipns_publish,5299.502416004543,SUCCESS
11a9008d-983a-4e0a-9441-2afe22a1cf1c,2026-07-27T16:08:17.963663+00:00,IPFS,publish,publish_identity_s1,5410.706209004275,SUCCESS
11a9008d-983a-4e0a-9441-2afe22a1cf1c,2026-07-27T16:08:18.047335+00:00,IPFS,ipfs,ipfs_key_gen,1.1286669905530289,SUCCESS
11a9008d-983a-4e0a-9441-2afe22a1cf1c,2026-07-27T16:08:18.072327+00:00,IPFS,ipfs,ipfs_add_json,22.953749998123385,SUCCESS
11a9008d-983a-4e0a-9441-2afe22a1cf1c,2026-07-27T16:08:27.559088+00:00,IPFS,ipfs,ipns_publish,9485.456875001546,SUCCESS
11a9008d-983a-4e0a-9441-2afe22a1cf1c,2026-07-27T16:08:27.565464+00:00,IPFS,publish,publish_service_metadata,9601.295665997895,SUCCESS
11a9008d-983a-4e0a-9441-2afe22a1cf1c,2026-07-27T16:08:27.629978+00:00,IPFS,ipfs,ipfs_key_gen,1.2715829943772405,SUCCESS
11a9008d-983a-4e0a-9441-2afe22a1cf1c,2026-07-27T16:08:27.656063+00:00,IPFS,ipfs,ipfs_add_json,23.708084001555108,SUCCESS
11a9008d-983a-4e0a-9441-2afe22a1cf1c,2026-07-27T16:08:35.568059+00:00,IPFS,ipfs,ipns_publish,7911.188833997585,SUCCESS
11a9008d-983a-4e0a-9441-2afe22a1cf1c,2026-07-27T16:08:35.572861+00:00,IPFS,publish,publish_provider_registry,8006.910625001183,SUCCESS
11a9008d-983a-4e0a-9441-2afe22a1cf1c,2026-07-27T16:08:35.577876+00:00,IPFS,ipfs,ipns_resolve,4.500958995777182,SUCCESS
11a9008d-983a-4e0a-9441-2afe22a1cf1c,2026-07-27T16:08:35.581118+00:00,IPFS,ipfs,ipfs_cat_json,2.814375009620562,SUCCESS
11a9008d-983a-4e0a-9441-2afe22a1cf1c,2026-07-27T16:08:35.590302+00:00,IPFS,ipfs,ipns_resolve,1.5515419945586473,SUCCESS
11a9008d-983a-4e0a-9441-2afe22a1cf1c,2026-07-27T16:08:35.591651+00:00,IPFS,ipfs,ipfs_cat_json,1.222542006871663,SUCCESS
11a9008d-983a-4e0a-9441-2afe22a1cf1c,2026-07-27T16:08:35.593421+00:00,IPFS,ipfs,ipns_resolve,1.3716249959543347,SUCCESS
11a9008d-983a-4e0a-9441-2afe22a1cf1c,2026-07-27T16:08:35.594098+00:00,IPFS,ipfs,ipfs_cat_json,0.6177499890327454,SUCCESS
11a9008d-983a-4e0a-9441-2afe22a1cf1c,2026-07-27T16:08:35.594649+00:00,IPFS,discovery,broker_discovery,21.57012499810662,SUCCESS
11a9008d-983a-4e0a-9441-2afe22a1cf1c,2026-07-27T16:08:35.595157+00:00,IPFS,dap,dap_create_capability,0.4503329982981086,SUCCESS
11a9008d-983a-4e0a-9441-2afe22a1cf1c,2026-07-27T16:08:35.603610+00:00,IPFS,dap,dap_encrypt_enc_cap,8.348832998308353,SUCCESS
11a9008d-983a-4e0a-9441-2afe22a1cf1c,2026-07-27T16:08:35.603862+00:00,IPFS,idap,client_session_init,0.12358299863990396,SUCCESS
11a9008d-983a-4e0a-9441-2afe22a1cf1c,2026-07-27T16:08:35.603918+00:00,IPFS,idap,client_ephemeral_public_key,0.0037919962778687477,SUCCESS
11a9008d-983a-4e0a-9441-2afe22a1cf1c,2026-07-27T16:08:35.604191+00:00,IPFS,idap,client_request_sign,0.22975000320002437,SUCCESS
11a9008d-983a-4e0a-9441-2afe22a1cf1c,2026-07-27T16:08:35.604241+00:00,IPFS,idap,canonical_request_payload,0.010916002793237567,SUCCESS
11a9008d-983a-4e0a-9441-2afe22a1cf1c,2026-07-27T16:08:35.605640+00:00,IPFS,ipfs,ipns_resolve,1.025958001264371,SUCCESS
11a9008d-983a-4e0a-9441-2afe22a1cf1c,2026-07-27T16:08:35.606336+00:00,IPFS,ipfs,ipfs_cat_json,0.6396669923560694,SUCCESS
11a9008d-983a-4e0a-9441-2afe22a1cf1c,2026-07-27T16:08:35.608026+00:00,IPFS,ipfs,ipns_resolve,1.2873750092694536,SUCCESS
11a9008d-983a-4e0a-9441-2afe22a1cf1c,2026-07-27T16:08:35.608707+00:00,IPFS,ipfs,ipfs_cat_json,0.5300000048009679,SUCCESS
11a9008d-983a-4e0a-9441-2afe22a1cf1c,2026-07-27T16:08:35.610102+00:00,IPFS,ipfs,ipns_resolve,1.0036249877884984,SUCCESS
11a9008d-983a-4e0a-9441-2afe22a1cf1c,2026-07-27T16:08:35.610852+00:00,IPFS,ipfs,ipfs_cat_json,0.6905830086907372,SUCCESS
11a9008d-983a-4e0a-9441-2afe22a1cf1c,2026-07-27T16:08:35.612153+00:00,IPFS,ipfs,ipns_resolve,0.9578750032233074,SUCCESS
11a9008d-983a-4e0a-9441-2afe22a1cf1c,2026-07-27T16:08:35.612934+00:00,IPFS,ipfs,ipfs_cat_json,0.7220419938676059,SUCCESS
11a9008d-983a-4e0a-9441-2afe22a1cf1c,2026-07-27T16:08:35.615845+00:00,IPFS,idap,idap_authorize,11.532750009791926,SUCCESS
11a9008d-983a-4e0a-9441-2afe22a1cf1c,2026-07-27T16:08:35.617431+00:00,IPFS,ipfs,ipns_resolve,1.152832992374897,SUCCESS
11a9008d-983a-4e0a-9441-2afe22a1cf1c,2026-07-27T16:08:35.618189+00:00,IPFS,ipfs,ipfs_cat_json,0.6173330039018765,SUCCESS
11a9008d-983a-4e0a-9441-2afe22a1cf1c,2026-07-27T16:08:35.619660+00:00,IPFS,ipfs,ipns_resolve,1.0610410099616274,SUCCESS
11a9008d-983a-4e0a-9441-2afe22a1cf1c,2026-07-27T16:08:35.620592+00:00,IPFS,ipfs,ipfs_cat_json,0.6899579893797636,SUCCESS
11a9008d-983a-4e0a-9441-2afe22a1cf1c,2026-07-27T16:08:35.621821+00:00,IPFS,ipfs,ipns_resolve,0.7615829963469878,SUCCESS
11a9008d-983a-4e0a-9441-2afe22a1cf1c,2026-07-27T16:08:35.622544+00:00,IPFS,ipfs,ipfs_cat_json,0.6302910041995347,SUCCESS
11a9008d-983a-4e0a-9441-2afe22a1cf1c,2026-07-27T16:08:35.624014+00:00,IPFS,ipfs,ipns_resolve,0.9676250047050416,SUCCESS
11a9008d-983a-4e0a-9441-2afe22a1cf1c,2026-07-27T16:08:35.624660+00:00,IPFS,ipfs,ipfs_cat_json,0.5656249995809048,SUCCESS
11a9008d-983a-4e0a-9441-2afe22a1cf1c,2026-07-27T16:08:35.626256+00:00,IPFS,idap,idap_replay_check,10.32149999809917,SUCCESS
11a9008d-983a-4e0a-9441-2afe22a1cf1c,2026-07-27T16:08:35.627397+00:00,IPFS,ipfs,ipns_resolve,1.0552080057095736,SUCCESS
11a9008d-983a-4e0a-9441-2afe22a1cf1c,2026-07-27T16:08:35.628071+00:00,IPFS,ipfs,ipfs_cat_json,0.5993750091874972,SUCCESS
11a9008d-983a-4e0a-9441-2afe22a1cf1c,2026-07-27T16:08:35.628513+00:00,IPFS,idap,resolve_service_public_key,2.178792012273334,SUCCESS
11a9008d-983a-4e0a-9441-2afe22a1cf1c,2026-07-27T16:08:35.628595+00:00,IPFS,idap,compute_transcript,0.01720800355542451,SUCCESS
11a9008d-983a-4e0a-9441-2afe22a1cf1c,2026-07-27T16:08:35.628995+00:00,IPFS,idap,transcript_verify,0.3385839954717085,SUCCESS
11a9008d-983a-4e0a-9441-2afe22a1cf1c,2026-07-27T16:08:35.629314+00:00,IPFS,idap,client_shared_secret_derivation,0.2578330022515729,SUCCESS
11a9008d-983a-4e0a-9441-2afe22a1cf1c,2026-07-27T16:08:35.629628+00:00,IPFS,idap,client_session_key_derivation,0.24862500140443444,SUCCESS
11a9008d-983a-4e0a-9441-2afe22a1cf1c,2026-07-27T16:08:35.629969+00:00,IPFS,crypto,encrypt_message,0.25845799245871603,SUCCESS
11a9008d-983a-4e0a-9441-2afe22a1cf1c,2026-07-27T16:08:35.630036+00:00,IPFS,crypto,decrypt_message,0.008499991963617504,SUCCESS
11a9008d-983a-4e0a-9441-2afe22a1cf1c,2026-07-27T16:08:35.630433+00:00,IPFS,tampering,tampered_request_sign,0.31354099337477237,SUCCESS
11a9008d-983a-4e0a-9441-2afe22a1cf1c,2026-07-27T16:08:35.631902+00:00,IPFS,ipfs,ipns_resolve,0.9729590092319995,SUCCESS
11a9008d-983a-4e0a-9441-2afe22a1cf1c,2026-07-27T16:08:35.632609+00:00,IPFS,ipfs,ipfs_cat_json,0.6358750106301159,SUCCESS
11a9008d-983a-4e0a-9441-2afe22a1cf1c,2026-07-27T16:08:35.633853+00:00,IPFS,ipfs,ipns_resolve,0.8060410036705434,SUCCESS
11a9008d-983a-4e0a-9441-2afe22a1cf1c,2026-07-27T16:08:35.634453+00:00,IPFS,ipfs,ipfs_cat_json,0.528125005075708,SUCCESS
11a9008d-983a-4e0a-9441-2afe22a1cf1c,2026-07-27T16:08:35.635756+00:00,IPFS,ipfs,ipns_resolve,0.8741249912418425,SUCCESS
11a9008d-983a-4e0a-9441-2afe22a1cf1c,2026-07-27T16:08:35.636411+00:00,IPFS,ipfs,ipfs_cat_json,0.5886669969186187,SUCCESS
11a9008d-983a-4e0a-9441-2afe22a1cf1c,2026-07-27T16:08:35.637575+00:00,IPFS,ipfs,ipns_resolve,0.7852080016164109,SUCCESS
11a9008d-983a-4e0a-9441-2afe22a1cf1c,2026-07-27T16:08:35.638107+00:00,IPFS,ipfs,ipfs_cat_json,0.46808399201836437,SUCCESS
11a9008d-983a-4e0a-9441-2afe22a1cf1c,2026-07-27T16:08:35.639410+00:00,IPFS,tampering,tampering_check,8.917125000152737,SUCCESS
11a9008d-983a-4e0a-9441-2afe22a1cf1c,2026-07-27T16:08:35.639471+00:00,IPFS,summary,total_flow,60626.88725000771,SUCCESS
985f33ae-c2cd-462e-a475-340b90e8a6d8,2026-07-27T16:08:35.857632+00:00,IPFS,startup,initialize_store,0.1618750102352351,SUCCESS
985f33ae-c2cd-462e-a475-340b90e8a6d8,2026-07-27T16:08:35.863518+00:00,IPFS,startup,generate_identity_cp,5.52050000987947,SUCCESS
985f33ae-c2cd-462e-a475-340b90e8a6d8,2026-07-27T16:08:35.863754+00:00,IPFS,startup,generate_identity_sp,0.1859580079326406,SUCCESS
985f33ae-c2cd-462e-a475-340b90e8a6d8,2026-07-27T16:08:35.863964+00:00,IPFS,startup,generate_identity_c1,0.17258399748243392,SUCCESS
985f33ae-c2cd-462e-a475-340b90e8a6d8,2026-07-27T16:08:35.864167+00:00,IPFS,startup,generate_identity_s1,0.1694590027909726,SUCCESS
985f33ae-c2cd-462e-a475-340b90e8a6d8,2026-07-27T16:08:35.913868+00:00,IPFS,ipfs,ipfs_key_gen,0.713583009201102,SUCCESS
985f33ae-c2cd-462e-a475-340b90e8a6d8,2026-07-27T16:08:35.936473+00:00,IPFS,ipfs,ipfs_add_json,21.263874994474463,SUCCESS
985f33ae-c2cd-462e-a475-340b90e8a6d8,2026-07-27T16:08:43.115250+00:00,IPFS,ipfs,ipns_publish,7178.155583009357,SUCCESS
985f33ae-c2cd-462e-a475-340b90e8a6d8,2026-07-27T16:08:43.119875+00:00,IPFS,publish,publish_identity_cp,7255.477583006723,SUCCESS
985f33ae-c2cd-462e-a475-340b90e8a6d8,2026-07-27T16:08:43.199466+00:00,IPFS,ipfs,ipfs_key_gen,1.229417001013644,SUCCESS
985f33ae-c2cd-462e-a475-340b90e8a6d8,2026-07-27T16:08:43.222673+00:00,IPFS,ipfs,ipfs_add_json,21.267375006573275,SUCCESS
985f33ae-c2cd-462e-a475-340b90e8a6d8,2026-07-27T16:08:46.727515+00:00,IPFS,ipfs,ipns_publish,3504.1327500075568,SUCCESS
985f33ae-c2cd-462e-a475-340b90e8a6d8,2026-07-27T16:08:46.734865+00:00,IPFS,publish,publish_identity_sp,3614.5528339984594,SUCCESS
985f33ae-c2cd-462e-a475-340b90e8a6d8,2026-07-27T16:08:46.804221+00:00,IPFS,ipfs,ipfs_key_gen,1.063875010004267,SUCCESS
985f33ae-c2cd-462e-a475-340b90e8a6d8,2026-07-27T16:08:46.827964+00:00,IPFS,ipfs,ipfs_add_json,21.632709002005868,SUCCESS
985f33ae-c2cd-462e-a475-340b90e8a6d8,2026-07-27T16:09:41.398246+00:00,IPFS,ipfs,ipns_publish,54568.4892499994,SUCCESS
985f33ae-c2cd-462e-a475-340b90e8a6d8,2026-07-27T16:09:41.403794+00:00,IPFS,publish,publish_identity_c1,54668.54608300491,SUCCESS
985f33ae-c2cd-462e-a475-340b90e8a6d8,2026-07-27T16:09:41.488019+00:00,IPFS,ipfs,ipfs_key_gen,1.5216250030789524,SUCCESS
985f33ae-c2cd-462e-a475-340b90e8a6d8,2026-07-27T16:09:41.529641+00:00,IPFS,ipfs,ipfs_add_json,27.60691700677853,SUCCESS
985f33ae-c2cd-462e-a475-340b90e8a6d8,2026-07-27T16:10:14.003384+00:00,IPFS,ipfs,ipns_publish,32471.620375014027,SUCCESS
985f33ae-c2cd-462e-a475-340b90e8a6d8,2026-07-27T16:10:14.010681+00:00,IPFS,publish,publish_identity_s1,32606.418124996708,SUCCESS
985f33ae-c2cd-462e-a475-340b90e8a6d8,2026-07-27T16:10:14.100641+00:00,IPFS,ipfs,ipfs_key_gen,1.4132499927654862,SUCCESS
985f33ae-c2cd-462e-a475-340b90e8a6d8,2026-07-27T16:10:14.141847+00:00,IPFS,ipfs,ipfs_add_json,30.635500006610528,SUCCESS
985f33ae-c2cd-462e-a475-340b90e8a6d8,2026-07-27T16:10:44.775122+00:00,IPFS,ipfs,ipns_publish,30632.19708300312,SUCCESS
985f33ae-c2cd-462e-a475-340b90e8a6d8,2026-07-27T16:10:44.780761+00:00,IPFS,publish,publish_service_metadata,30769.566749993828,SUCCESS
985f33ae-c2cd-462e-a475-340b90e8a6d8,2026-07-27T16:10:44.878959+00:00,IPFS,ipfs,ipfs_key_gen,1.3986249978188425,SUCCESS
985f33ae-c2cd-462e-a475-340b90e8a6d8,2026-07-27T16:10:44.907025+00:00,IPFS,ipfs,ipfs_add_json,24.581749996286817,SUCCESS
985f33ae-c2cd-462e-a475-340b90e8a6d8,2026-07-27T16:11:35.125140+00:00,IPFS,ipfs,ipns_publish,50216.137958996114,SUCCESS
985f33ae-c2cd-462e-a475-340b90e8a6d8,2026-07-27T16:11:35.132631+00:00,IPFS,publish,publish_provider_registry,50351.62324999692,SUCCESS
985f33ae-c2cd-462e-a475-340b90e8a6d8,2026-07-27T16:11:35.138112+00:00,IPFS,ipfs,ipns_resolve,4.9233330064453185,SUCCESS
985f33ae-c2cd-462e-a475-340b90e8a6d8,2026-07-27T16:11:35.141911+00:00,IPFS,ipfs,ipfs_cat_json,3.245375002734363,SUCCESS
985f33ae-c2cd-462e-a475-340b90e8a6d8,2026-07-27T16:11:35.151963+00:00,IPFS,ipfs,ipns_resolve,2.7351249882485718,SUCCESS
985f33ae-c2cd-462e-a475-340b90e8a6d8,2026-07-27T16:11:35.154505+00:00,IPFS,ipfs,ipfs_cat_json,2.202832998591475,SUCCESS
985f33ae-c2cd-462e-a475-340b90e8a6d8,2026-07-27T16:11:35.158243+00:00,IPFS,ipfs,ipns_resolve,2.2461249900516123,SUCCESS
985f33ae-c2cd-462e-a475-340b90e8a6d8,2026-07-27T16:11:35.160236+00:00,IPFS,ipfs,ipfs_cat_json,1.7009159928420559,SUCCESS
985f33ae-c2cd-462e-a475-340b90e8a6d8,2026-07-27T16:11:35.161636+00:00,IPFS,discovery,broker_discovery,28.681958006927744,SUCCESS
985f33ae-c2cd-462e-a475-340b90e8a6d8,2026-07-27T16:11:35.162929+00:00,IPFS,dap,dap_create_capability,1.159124993137084,SUCCESS
985f33ae-c2cd-462e-a475-340b90e8a6d8,2026-07-27T16:11:35.179668+00:00,IPFS,dap,dap_encrypt_enc_cap,16.44049999595154,SUCCESS
985f33ae-c2cd-462e-a475-340b90e8a6d8,2026-07-27T16:11:35.180103+00:00,IPFS,idap,client_session_init,0.21641599596478045,SUCCESS
985f33ae-c2cd-462e-a475-340b90e8a6d8,2026-07-27T16:11:35.180202+00:00,IPFS,idap,client_ephemeral_public_key,0.007041991921141744,SUCCESS
985f33ae-c2cd-462e-a475-340b90e8a6d8,2026-07-27T16:11:35.180668+00:00,IPFS,idap,client_request_sign,0.3898339928127825,SUCCESS
985f33ae-c2cd-462e-a475-340b90e8a6d8,2026-07-27T16:11:35.180755+00:00,IPFS,idap,canonical_request_payload,0.017875005141831934,SUCCESS
985f33ae-c2cd-462e-a475-340b90e8a6d8,2026-07-27T16:11:35.183714+00:00,IPFS,ipfs,ipns_resolve,2.1930840011918917,SUCCESS
985f33ae-c2cd-462e-a475-340b90e8a6d8,2026-07-27T16:11:35.185597+00:00,IPFS,ipfs,ipfs_cat_json,1.6646250005578622,SUCCESS
985f33ae-c2cd-462e-a475-340b90e8a6d8,2026-07-27T16:11:35.187553+00:00,IPFS,ipfs,ipns_resolve,1.3406660000327975,SUCCESS
985f33ae-c2cd-462e-a475-340b90e8a6d8,2026-07-27T16:11:35.188411+00:00,IPFS,ipfs,ipfs_cat_json,0.7571669993922114,SUCCESS
985f33ae-c2cd-462e-a475-340b90e8a6d8,2026-07-27T16:11:35.190203+00:00,IPFS,ipfs,ipns_resolve,1.2744999985443428,SUCCESS
985f33ae-c2cd-462e-a475-340b90e8a6d8,2026-07-27T16:11:35.191229+00:00,IPFS,ipfs,ipfs_cat_json,0.9251669980585575,SUCCESS
985f33ae-c2cd-462e-a475-340b90e8a6d8,2026-07-27T16:11:35.192807+00:00,IPFS,ipfs,ipns_resolve,1.0745830077212304,SUCCESS
985f33ae-c2cd-462e-a475-340b90e8a6d8,2026-07-27T16:11:35.193851+00:00,IPFS,ipfs,ipfs_cat_json,0.9260830120183527,SUCCESS
985f33ae-c2cd-462e-a475-340b90e8a6d8,2026-07-27T16:11:35.196476+00:00,IPFS,idap,idap_authorize,15.607875000569038,SUCCESS
985f33ae-c2cd-462e-a475-340b90e8a6d8,2026-07-27T16:11:35.198373+00:00,IPFS,ipfs,ipns_resolve,1.3387090002652258,SUCCESS
985f33ae-c2cd-462e-a475-340b90e8a6d8,2026-07-27T16:11:35.199235+00:00,IPFS,ipfs,ipfs_cat_json,0.7468339899787679,SUCCESS
985f33ae-c2cd-462e-a475-340b90e8a6d8,2026-07-27T16:11:35.200969+00:00,IPFS,ipfs,ipns_resolve,1.1605829931795597,SUCCESS
985f33ae-c2cd-462e-a475-340b90e8a6d8,2026-07-27T16:11:35.202018+00:00,IPFS,ipfs,ipfs_cat_json,0.9416670072823763,SUCCESS
985f33ae-c2cd-462e-a475-340b90e8a6d8,2026-07-27T16:11:35.203431+00:00,IPFS,ipfs,ipns_resolve,0.9198750049108639,SUCCESS
985f33ae-c2cd-462e-a475-340b90e8a6d8,2026-07-27T16:11:35.204850+00:00,IPFS,ipfs,ipfs_cat_json,1.3337920099729672,SUCCESS
985f33ae-c2cd-462e-a475-340b90e8a6d8,2026-07-27T16:11:35.206055+00:00,IPFS,ipfs,ipns_resolve,0.7694579981034622,SUCCESS
985f33ae-c2cd-462e-a475-340b90e8a6d8,2026-07-27T16:11:35.206695+00:00,IPFS,ipfs,ipfs_cat_json,0.5591249937424436,SUCCESS
985f33ae-c2cd-462e-a475-340b90e8a6d8,2026-07-27T16:11:35.208087+00:00,IPFS,idap,idap_replay_check,11.527499998919666,SUCCESS
985f33ae-c2cd-462e-a475-340b90e8a6d8,2026-07-27T16:11:35.208944+00:00,IPFS,ipfs,ipns_resolve,0.7773329998599365,SUCCESS
985f33ae-c2cd-462e-a475-340b90e8a6d8,2026-07-27T16:11:35.209542+00:00,IPFS,ipfs,ipfs_cat_json,0.5257919983705506,SUCCESS
985f33ae-c2cd-462e-a475-340b90e8a6d8,2026-07-27T16:11:35.209939+00:00,IPFS,idap,resolve_service_public_key,1.7766670061973855,SUCCESS
985f33ae-c2cd-462e-a475-340b90e8a6d8,2026-07-27T16:11:35.210020+00:00,IPFS,idap,compute_transcript,0.017290993127971888,SUCCESS
985f33ae-c2cd-462e-a475-340b90e8a6d8,2026-07-27T16:11:35.210387+00:00,IPFS,idap,transcript_verify,0.30833299388177693,SUCCESS
985f33ae-c2cd-462e-a475-340b90e8a6d8,2026-07-27T16:11:35.210688+00:00,IPFS,idap,client_shared_secret_derivation,0.2413749898551032,SUCCESS
985f33ae-c2cd-462e-a475-340b90e8a6d8,2026-07-27T16:11:35.210776+00:00,IPFS,idap,client_session_key_derivation,0.03287498839199543,SUCCESS
985f33ae-c2cd-462e-a475-340b90e8a6d8,2026-07-27T16:11:35.210899+00:00,IPFS,crypto,encrypt_message,0.049458001740276814,SUCCESS
985f33ae-c2cd-462e-a475-340b90e8a6d8,2026-07-27T16:11:35.210964+00:00,IPFS,crypto,decrypt_message,0.008249990059994161,SUCCESS
985f33ae-c2cd-462e-a475-340b90e8a6d8,2026-07-27T16:11:35.211326+00:00,IPFS,tampering,tampered_request_sign,0.2838750078808516,SUCCESS
985f33ae-c2cd-462e-a475-340b90e8a6d8,2026-07-27T16:11:35.212868+00:00,IPFS,ipfs,ipns_resolve,1.0749999928520992,SUCCESS
985f33ae-c2cd-462e-a475-340b90e8a6d8,2026-07-27T16:11:35.213547+00:00,IPFS,ipfs,ipfs_cat_json,0.6062920001568273,SUCCESS
985f33ae-c2cd-462e-a475-340b90e8a6d8,2026-07-27T16:11:35.214914+00:00,IPFS,ipfs,ipns_resolve,0.9444589959457517,SUCCESS
985f33ae-c2cd-462e-a475-340b90e8a6d8,2026-07-27T16:11:35.215577+00:00,IPFS,ipfs,ipfs_cat_json,0.5773750017397106,SUCCESS
985f33ae-c2cd-462e-a475-340b90e8a6d8,2026-07-27T16:11:35.216730+00:00,IPFS,ipfs,ipns_resolve,0.7066670077620074,SUCCESS
985f33ae-c2cd-462e-a475-340b90e8a6d8,2026-07-27T16:11:35.217315+00:00,IPFS,ipfs,ipfs_cat_json,0.518666987773031,SUCCESS
985f33ae-c2cd-462e-a475-340b90e8a6d8,2026-07-27T16:11:35.218364+00:00,IPFS,ipfs,ipns_resolve,0.69420799263753,SUCCESS
985f33ae-c2cd-462e-a475-340b90e8a6d8,2026-07-27T16:11:35.218900+00:00,IPFS,ipfs,ipfs_cat_json,0.47604199789930135,SUCCESS
985f33ae-c2cd-462e-a475-340b90e8a6d8,2026-07-27T16:11:35.220085+00:00,IPFS,tampering,tampering_check,8.69812500604894,SUCCESS
985f33ae-c2cd-462e-a475-340b90e8a6d8,2026-07-27T16:11:35.220163+00:00,IPFS,summary,total_flow,179363.612000001,SUCCESS
42e9fbf0-c948-4c79-822a-8dfa15ab3079,2026-07-27T16:11:35.438544+00:00,IPFS,startup,initialize_store,0.16433399287052453,SUCCESS
42e9fbf0-c948-4c79-822a-8dfa15ab3079,2026-07-27T16:11:35.444817+00:00,IPFS,startup,generate_identity_cp,5.942999996477738,SUCCESS
42e9fbf0-c948-4c79-822a-8dfa15ab3079,2026-07-27T16:11:35.445050+00:00,IPFS,startup,generate_identity_sp,0.1838750031311065,SUCCESS
42e9fbf0-c948-4c79-822a-8dfa15ab3079,2026-07-27T16:11:35.445257+00:00,IPFS,startup,generate_identity_c1,0.17254200065508485,SUCCESS
42e9fbf0-c948-4c79-822a-8dfa15ab3079,2026-07-27T16:11:35.445457+00:00,IPFS,startup,generate_identity_s1,0.16937500913627446,SUCCESS
42e9fbf0-c948-4c79-822a-8dfa15ab3079,2026-07-27T16:11:35.530720+00:00,IPFS,ipfs,ipfs_key_gen,0.9020829893415794,SUCCESS
42e9fbf0-c948-4c79-822a-8dfa15ab3079,2026-07-27T16:11:35.554520+00:00,IPFS,ipfs,ipfs_add_json,22.49337499961257,SUCCESS
42e9fbf0-c948-4c79-822a-8dfa15ab3079,2026-07-27T16:11:41.145546+00:00,IPFS,ipfs,ipns_publish,5590.5781670007855,SUCCESS
42e9fbf0-c948-4c79-822a-8dfa15ab3079,2026-07-27T16:11:41.148853+00:00,IPFS,publish,publish_identity_cp,5703.233041000203,SUCCESS
42e9fbf0-c948-4c79-822a-8dfa15ab3079,2026-07-27T16:11:41.220407+00:00,IPFS,ipfs,ipfs_key_gen,1.3953750021755695,SUCCESS
42e9fbf0-c948-4c79-822a-8dfa15ab3079,2026-07-27T16:11:41.244886+00:00,IPFS,ipfs,ipfs_add_json,22.796625009505078,SUCCESS
42e9fbf0-c948-4c79-822a-8dfa15ab3079,2026-07-27T16:11:53.504257+00:00,IPFS,ipfs,ipns_publish,12257.883124999353,SUCCESS
42e9fbf0-c948-4c79-822a-8dfa15ab3079,2026-07-27T16:11:53.511090+00:00,IPFS,publish,publish_identity_sp,12361.882124998374,SUCCESS
42e9fbf0-c948-4c79-822a-8dfa15ab3079,2026-07-27T16:11:53.589933+00:00,IPFS,ipfs,ipfs_key_gen,1.4178749988786876,SUCCESS
42e9fbf0-c948-4c79-822a-8dfa15ab3079,2026-07-27T16:11:53.616350+00:00,IPFS,ipfs,ipfs_add_json,22.942042007343844,SUCCESS
42e9fbf0-c948-4c79-822a-8dfa15ab3079,2026-07-27T16:12:01.321155+00:00,IPFS,ipfs,ipns_publish,7704.104667005595,SUCCESS
42e9fbf0-c948-4c79-822a-8dfa15ab3079,2026-07-27T16:12:01.328207+00:00,IPFS,publish,publish_identity_c1,7816.659374992014,SUCCESS
42e9fbf0-c948-4c79-822a-8dfa15ab3079,2026-07-27T16:12:01.401219+00:00,IPFS,ipfs,ipfs_key_gen,1.3555409968830645,SUCCESS
42e9fbf0-c948-4c79-822a-8dfa15ab3079,2026-07-27T16:12:01.420685+00:00,IPFS,ipfs,ipfs_add_json,16.70616600313224,SUCCESS
42e9fbf0-c948-4c79-822a-8dfa15ab3079,2026-07-27T16:12:14.946123+00:00,IPFS,ipfs,ipns_publish,13524.50550001231,SUCCESS
42e9fbf0-c948-4c79-822a-8dfa15ab3079,2026-07-27T16:12:14.952970+00:00,IPFS,publish,publish_identity_s1,13624.298208989785,SUCCESS
42e9fbf0-c948-4c79-822a-8dfa15ab3079,2026-07-27T16:12:15.039099+00:00,IPFS,ipfs,ipfs_key_gen,1.1992079962510616,SUCCESS
42e9fbf0-c948-4c79-822a-8dfa15ab3079,2026-07-27T16:12:15.062190+00:00,IPFS,ipfs,ipfs_add_json,20.959166999091394,SUCCESS
42e9fbf0-c948-4c79-822a-8dfa15ab3079,2026-07-27T16:12:18.622701+00:00,IPFS,ipfs,ipns_publish,3559.961666993331,SUCCESS
42e9fbf0-c948-4c79-822a-8dfa15ab3079,2026-07-27T16:12:18.629258+00:00,IPFS,publish,publish_service_metadata,3675.596500004758,SUCCESS
42e9fbf0-c948-4c79-822a-8dfa15ab3079,2026-07-27T16:12:18.658713+00:00,IPFS,ipfs,ipfs_key_gen,2.577417006250471,SUCCESS
42e9fbf0-c948-4c79-822a-8dfa15ab3079,2026-07-27T16:12:18.688858+00:00,IPFS,ipfs,ipfs_add_json,27.156415992067195,SUCCESS
42e9fbf0-c948-4c79-822a-8dfa15ab3079,2026-07-27T16:12:43.457122+00:00,IPFS,ipfs,ipns_publish,24765.68545799819,SUCCESS
42e9fbf0-c948-4c79-822a-8dfa15ab3079,2026-07-27T16:12:43.461100+00:00,IPFS,publish,publish_provider_registry,24831.301166006597,SUCCESS
42e9fbf0-c948-4c79-822a-8dfa15ab3079,2026-07-27T16:12:43.466852+00:00,IPFS,ipfs,ipns_resolve,5.466916001751088,SUCCESS
42e9fbf0-c948-4c79-822a-8dfa15ab3079,2026-07-27T16:12:43.472277+00:00,IPFS,ipfs,ipfs_cat_json,5.289042004733346,SUCCESS
42e9fbf0-c948-4c79-822a-8dfa15ab3079,2026-07-27T16:12:43.488469+00:00,IPFS,ipfs,ipns_resolve,1.1092089989688247,SUCCESS
42e9fbf0-c948-4c79-822a-8dfa15ab3079,2026-07-27T16:12:43.489345+00:00,IPFS,ipfs,ipfs_cat_json,0.7548330031568184,SUCCESS
42e9fbf0-c948-4c79-822a-8dfa15ab3079,2026-07-27T16:12:43.490721+00:00,IPFS,ipfs,ipns_resolve,0.9054580004885793,SUCCESS
42e9fbf0-c948-4c79-822a-8dfa15ab3079,2026-07-27T16:12:43.491530+00:00,IPFS,ipfs,ipfs_cat_json,0.7377500005532056,SUCCESS
42e9fbf0-c948-4c79-822a-8dfa15ab3079,2026-07-27T16:12:43.492275+00:00,IPFS,discovery,broker_discovery,31.009333994006738,SUCCESS
42e9fbf0-c948-4c79-822a-8dfa15ab3079,2026-07-27T16:12:43.493455+00:00,IPFS,dap,dap_create_capability,1.1053329944843426,SUCCESS
42e9fbf0-c948-4c79-822a-8dfa15ab3079,2026-07-27T16:12:43.502694+00:00,IPFS,dap,dap_encrypt_enc_cap,9.120667004026473,SUCCESS
42e9fbf0-c948-4c79-822a-8dfa15ab3079,2026-07-27T16:12:43.510577+00:00,IPFS,idap,client_session_init,0.15174999134615064,SUCCESS
42e9fbf0-c948-4c79-822a-8dfa15ab3079,2026-07-27T16:12:43.510647+00:00,IPFS,idap,client_ephemeral_public_key,0.010000003385357559,SUCCESS
42e9fbf0-c948-4c79-822a-8dfa15ab3079,2026-07-27T16:12:43.510983+00:00,IPFS,idap,client_request_sign,0.2813339960994199,SUCCESS
42e9fbf0-c948-4c79-822a-8dfa15ab3079,2026-07-27T16:12:43.511054+00:00,IPFS,idap,canonical_request_payload,0.014124991139397025,SUCCESS
42e9fbf0-c948-4c79-822a-8dfa15ab3079,2026-07-27T16:12:43.512802+00:00,IPFS,ipfs,ipns_resolve,1.2925839982926846,SUCCESS
42e9fbf0-c948-4c79-822a-8dfa15ab3079,2026-07-27T16:12:43.513655+00:00,IPFS,ipfs,ipfs_cat_json,0.7880420016590506,SUCCESS
42e9fbf0-c948-4c79-822a-8dfa15ab3079,2026-07-27T16:12:43.514801+00:00,IPFS,ipfs,ipns_resolve,0.7700829883106053,SUCCESS
42e9fbf0-c948-4c79-822a-8dfa15ab3079,2026-07-27T16:12:43.515430+00:00,IPFS,ipfs,ipfs_cat_json,0.5660419992636889,SUCCESS
42e9fbf0-c948-4c79-822a-8dfa15ab3079,2026-07-27T16:12:43.516619+00:00,IPFS,ipfs,ipns_resolve,0.8270839898614213,SUCCESS
42e9fbf0-c948-4c79-822a-8dfa15ab3079,2026-07-27T16:12:43.517411+00:00,IPFS,ipfs,ipfs_cat_json,0.731332998839207,SUCCESS
42e9fbf0-c948-4c79-822a-8dfa15ab3079,2026-07-27T16:12:43.518573+00:00,IPFS,ipfs,ipns_resolve,0.7748340140096843,SUCCESS
42e9fbf0-c948-4c79-822a-8dfa15ab3079,2026-07-27T16:12:43.519285+00:00,IPFS,ipfs,ipfs_cat_json,0.6422910082619637,SUCCESS
42e9fbf0-c948-4c79-822a-8dfa15ab3079,2026-07-27T16:12:43.521133+00:00,IPFS,idap,idap_authorize,10.018374989158474,SUCCESS
42e9fbf0-c948-4c79-822a-8dfa15ab3079,2026-07-27T16:12:43.522436+00:00,IPFS,ipfs,ipns_resolve,0.8974579977802932,SUCCESS
42e9fbf0-c948-4c79-822a-8dfa15ab3079,2026-07-27T16:12:43.523029+00:00,IPFS,ipfs,ipfs_cat_json,0.5401660018833354,SUCCESS
42e9fbf0-c948-4c79-822a-8dfa15ab3079,2026-07-27T16:12:43.524064+00:00,IPFS,ipfs,ipns_resolve,0.7031670102151111,SUCCESS
42e9fbf0-c948-4c79-822a-8dfa15ab3079,2026-07-27T16:12:43.524584+00:00,IPFS,ipfs,ipfs_cat_json,0.46991700946819037,SUCCESS
42e9fbf0-c948-4c79-822a-8dfa15ab3079,2026-07-27T16:12:43.525546+00:00,IPFS,ipfs,ipns_resolve,0.6277089996729046,SUCCESS
42e9fbf0-c948-4c79-822a-8dfa15ab3079,2026-07-27T16:12:43.526167+00:00,IPFS,ipfs,ipfs_cat_json,0.5557910044444725,SUCCESS
42e9fbf0-c948-4c79-822a-8dfa15ab3079,2026-07-27T16:12:43.527111+00:00,IPFS,ipfs,ipns_resolve,0.6101670005591586,SUCCESS
42e9fbf0-c948-4c79-822a-8dfa15ab3079,2026-07-27T16:12:43.527614+00:00,IPFS,ipfs,ipfs_cat_json,0.44491600419860333,SUCCESS
42e9fbf0-c948-4c79-822a-8dfa15ab3079,2026-07-27T16:12:43.528757+00:00,IPFS,idap,idap_replay_check,7.558582990895957,SUCCESS
42e9fbf0-c948-4c79-822a-8dfa15ab3079,2026-07-27T16:12:43.529515+00:00,IPFS,ipfs,ipns_resolve,0.6994590075919405,SUCCESS
42e9fbf0-c948-4c79-822a-8dfa15ab3079,2026-07-27T16:12:43.530180+00:00,IPFS,ipfs,ipfs_cat_json,0.6128749955678359,SUCCESS
42e9fbf0-c948-4c79-822a-8dfa15ab3079,2026-07-27T16:12:43.530507+00:00,IPFS,idap,resolve_service_public_key,1.6957089974312112,SUCCESS
42e9fbf0-c948-4c79-822a-8dfa15ab3079,2026-07-27T16:12:43.530565+00:00,IPFS,idap,compute_transcript,0.012417003745213151,SUCCESS
42e9fbf0-c948-4c79-822a-8dfa15ab3079,2026-07-27T16:12:43.530866+00:00,IPFS,idap,transcript_verify,0.257709005381912,SUCCESS
42e9fbf0-c948-4c79-822a-8dfa15ab3079,2026-07-27T16:12:43.531094+00:00,IPFS,idap,client_shared_secret_derivation,0.18483299936633557,SUCCESS
42e9fbf0-c948-4c79-822a-8dfa15ab3079,2026-07-27T16:12:43.531152+00:00,IPFS,idap,client_session_key_derivation,0.01937500201165676,SUCCESS
42e9fbf0-c948-4c79-822a-8dfa15ab3079,2026-07-27T16:12:43.531239+00:00,IPFS,crypto,encrypt_message,0.024917011614888906,SUCCESS
42e9fbf0-c948-4c79-822a-8dfa15ab3079,2026-07-27T16:12:43.531286+00:00,IPFS,crypto,decrypt_message,0.005374997272156179,SUCCESS
42e9fbf0-c948-4c79-822a-8dfa15ab3079,2026-07-27T16:12:43.531575+00:00,IPFS,tampering,tampered_request_sign,0.22895800066180527,SUCCESS
42e9fbf0-c948-4c79-822a-8dfa15ab3079,2026-07-27T16:12:43.532707+00:00,IPFS,ipfs,ipns_resolve,0.7803329935995862,SUCCESS
42e9fbf0-c948-4c79-822a-8dfa15ab3079,2026-07-27T16:12:43.533210+00:00,IPFS,ipfs,ipfs_cat_json,0.4547910066321492,SUCCESS
42e9fbf0-c948-4c79-822a-8dfa15ab3079,2026-07-27T16:12:43.534277+00:00,IPFS,ipfs,ipns_resolve,0.7522910018451512,SUCCESS
42e9fbf0-c948-4c79-822a-8dfa15ab3079,2026-07-27T16:12:43.534793+00:00,IPFS,ipfs,ipfs_cat_json,0.455000001238659,SUCCESS
42e9fbf0-c948-4c79-822a-8dfa15ab3079,2026-07-27T16:12:43.535823+00:00,IPFS,ipfs,ipns_resolve,0.7134999905247241,SUCCESS
42e9fbf0-c948-4c79-822a-8dfa15ab3079,2026-07-27T16:12:43.536326+00:00,IPFS,ipfs,ipfs_cat_json,0.4540830123005435,SUCCESS
42e9fbf0-c948-4c79-822a-8dfa15ab3079,2026-07-27T16:12:43.537299+00:00,IPFS,ipfs,ipns_resolve,0.662207996356301,SUCCESS
42e9fbf0-c948-4c79-822a-8dfa15ab3079,2026-07-27T16:12:43.537820+00:00,IPFS,ipfs,ipfs_cat_json,0.466583005618304,SUCCESS
42e9fbf0-c948-4c79-822a-8dfa15ab3079,2026-07-27T16:12:43.538895+00:00,IPFS,tampering,tampering_check,7.266458007507026,SUCCESS
42e9fbf0-c948-4c79-822a-8dfa15ab3079,2026-07-27T16:12:43.538949+00:00,IPFS,summary,total_flow,68100.93954100739,SUCCESS
19d7e736-0763-4eb6-a45c-5448725b7f38,2026-07-27T16:12:43.754380+00:00,IPFS,startup,initialize_store,0.20670800586231053,SUCCESS
19d7e736-0763-4eb6-a45c-5448725b7f38,2026-07-27T16:12:43.760672+00:00,IPFS,startup,generate_identity_cp,5.928583006607369,SUCCESS
19d7e736-0763-4eb6-a45c-5448725b7f38,2026-07-27T16:12:43.760911+00:00,IPFS,startup,generate_identity_sp,0.18716600607149303,SUCCESS
19d7e736-0763-4eb6-a45c-5448725b7f38,2026-07-27T16:12:43.761133+00:00,IPFS,startup,generate_identity_c1,0.17229100922122598,SUCCESS
19d7e736-0763-4eb6-a45c-5448725b7f38,2026-07-27T16:12:43.761357+00:00,IPFS,startup,generate_identity_s1,0.18862499564420432,SUCCESS
19d7e736-0763-4eb6-a45c-5448725b7f38,2026-07-27T16:12:43.817677+00:00,IPFS,ipfs,ipfs_key_gen,0.7164589915191755,SUCCESS
19d7e736-0763-4eb6-a45c-5448725b7f38,2026-07-27T16:12:43.846763+00:00,IPFS,ipfs,ipfs_add_json,27.436459000455216,SUCCESS
19d7e736-0763-4eb6-a45c-5448725b7f38,2026-07-27T16:12:48.364416+00:00,IPFS,ipfs,ipns_publish,4512.526833001175,SUCCESS
19d7e736-0763-4eb6-a45c-5448725b7f38,2026-07-27T16:12:48.371162+00:00,IPFS,publish,publish_identity_cp,4609.505792002892,SUCCESS
19d7e736-0763-4eb6-a45c-5448725b7f38,2026-07-27T16:12:48.438162+00:00,IPFS,ipfs,ipfs_key_gen,1.1426670098444447,SUCCESS
19d7e736-0763-4eb6-a45c-5448725b7f38,2026-07-27T16:12:48.460848+00:00,IPFS,ipfs,ipfs_add_json,20.998333013267256,SUCCESS
19d7e736-0763-4eb6-a45c-5448725b7f38,2026-07-27T16:13:00.945508+00:00,IPFS,ipfs,ipns_publish,12484.01458299486,SUCCESS
19d7e736-0763-4eb6-a45c-5448725b7f38,2026-07-27T16:13:00.950617+00:00,IPFS,publish,publish_identity_sp,12578.858666995075,SUCCESS
19d7e736-0763-4eb6-a45c-5448725b7f38,2026-07-27T16:13:01.027592+00:00,IPFS,ipfs,ipfs_key_gen,1.3703339936910197,SUCCESS
19d7e736-0763-4eb6-a45c-5448725b7f38,2026-07-27T16:13:01.046890+00:00,IPFS,ipfs,ipfs_add_json,17.547374998684973,SUCCESS
19d7e736-0763-4eb6-a45c-5448725b7f38,2026-07-27T16:13:42.799599+00:00,IPFS,ipfs,ipns_publish,41748.8232080068,SUCCESS
19d7e736-0763-4eb6-a45c-5448725b7f38,2026-07-27T16:13:42.804787+00:00,IPFS,publish,publish_identity_c1,41853.9345409954,SUCCESS
19d7e736-0763-4eb6-a45c-5448725b7f38,2026-07-27T16:13:42.889453+00:00,IPFS,ipfs,ipfs_key_gen,1.5886250039329752,SUCCESS
19d7e736-0763-4eb6-a45c-5448725b7f38,2026-07-27T16:13:42.946927+00:00,IPFS,ipfs,ipfs_add_json,42.375999997602776,SUCCESS
19d7e736-0763-4eb6-a45c-5448725b7f38,2026-07-27T16:14:05.830040+00:00,IPFS,ipfs,ipns_publish,22880.476666992763,SUCCESS
19d7e736-0763-4eb6-a45c-5448725b7f38,2026-07-27T16:14:05.838903+00:00,IPFS,publish,publish_identity_s1,23033.863666001707,SUCCESS
19d7e736-0763-4eb6-a45c-5448725b7f38,2026-07-27T16:14:05.922789+00:00,IPFS,ipfs,ipfs_key_gen,1.286291008000262,SUCCESS
19d7e736-0763-4eb6-a45c-5448725b7f38,2026-07-27T16:14:05.948767+00:00,IPFS,ipfs,ipfs_add_json,23.493500004406087,SUCCESS
19d7e736-0763-4eb6-a45c-5448725b7f38,2026-07-27T16:14:59.196382+00:00,IPFS,ipfs,ipns_publish,53246.538874998805,SUCCESS
19d7e736-0763-4eb6-a45c-5448725b7f38,2026-07-27T16:14:59.203826+00:00,IPFS,publish,publish_service_metadata,53364.5782500098,SUCCESS
19d7e736-0763-4eb6-a45c-5448725b7f38,2026-07-27T16:14:59.309360+00:00,IPFS,ipfs,ipfs_key_gen,1.1429580044932663,SUCCESS
19d7e736-0763-4eb6-a45c-5448725b7f38,2026-07-27T16:14:59.353345+00:00,IPFS,ipfs,ipfs_add_json,41.49537500052247,SUCCESS
19d7e736-0763-4eb6-a45c-5448725b7f38,2026-07-27T16:15:19.137640+00:00,IPFS,ipfs,ipns_publish,19782.65808300057,SUCCESS
19d7e736-0763-4eb6-a45c-5448725b7f38,2026-07-27T16:15:19.145080+00:00,IPFS,publish,publish_provider_registry,19940.710042006685,SUCCESS
19d7e736-0763-4eb6-a45c-5448725b7f38,2026-07-27T16:15:19.154115+00:00,IPFS,ipfs,ipns_resolve,8.277874992927536,SUCCESS
19d7e736-0763-4eb6-a45c-5448725b7f38,2026-07-27T16:15:19.157175+00:00,IPFS,ipfs,ipfs_cat_json,2.703374993870966,SUCCESS
19d7e736-0763-4eb6-a45c-5448725b7f38,2026-07-27T16:15:19.167368+00:00,IPFS,ipfs,ipns_resolve,1.2985409994143993,SUCCESS
19d7e736-0763-4eb6-a45c-5448725b7f38,2026-07-27T16:15:19.168336+00:00,IPFS,ipfs,ipfs_cat_json,0.8430419984506443,SUCCESS
19d7e736-0763-4eb6-a45c-5448725b7f38,2026-07-27T16:15:19.169580+00:00,IPFS,ipfs,ipns_resolve,0.8519999973941594,SUCCESS
19d7e736-0763-4eb6-a45c-5448725b7f38,2026-07-27T16:15:19.170595+00:00,IPFS,ipfs,ipfs_cat_json,0.9226249967468902,SUCCESS
19d7e736-0763-4eb6-a45c-5448725b7f38,2026-07-27T16:15:19.171141+00:00,IPFS,discovery,broker_discovery,25.575000006938353,SUCCESS
19d7e736-0763-4eb6-a45c-5448725b7f38,2026-07-27T16:15:19.171701+00:00,IPFS,dap,dap_create_capability,0.4562090034596622,SUCCESS
19d7e736-0763-4eb6-a45c-5448725b7f38,2026-07-27T16:15:19.185131+00:00,IPFS,dap,dap_encrypt_enc_cap,13.246957998489961,SUCCESS
19d7e736-0763-4eb6-a45c-5448725b7f38,2026-07-27T16:15:19.185603+00:00,IPFS,idap,client_session_init,0.3406670002732426,SUCCESS
19d7e736-0763-4eb6-a45c-5448725b7f38,2026-07-27T16:15:19.185795+00:00,IPFS,idap,client_ephemeral_public_key,0.1467080001020804,SUCCESS
19d7e736-0763-4eb6-a45c-5448725b7f38,2026-07-27T16:15:19.186095+00:00,IPFS,idap,client_request_sign,0.20249999943189323,SUCCESS
19d7e736-0763-4eb6-a45c-5448725b7f38,2026-07-27T16:15:19.186246+00:00,IPFS,idap,canonical_request_payload,0.009707990102469921,SUCCESS
19d7e736-0763-4eb6-a45c-5448725b7f38,2026-07-27T16:15:19.188205+00:00,IPFS,ipfs,ipns_resolve,1.4214580005500466,SUCCESS
19d7e736-0763-4eb6-a45c-5448725b7f38,2026-07-27T16:15:19.189157+00:00,IPFS,ipfs,ipfs_cat_json,0.8959999977378175,SUCCESS
19d7e736-0763-4eb6-a45c-5448725b7f38,2026-07-27T16:15:19.191292+00:00,IPFS,ipfs,ipns_resolve,1.8205000087618828,SUCCESS
19d7e736-0763-4eb6-a45c-5448725b7f38,2026-07-27T16:15:19.191915+00:00,IPFS,ipfs,ipfs_cat_json,0.5754169978899881,SUCCESS
19d7e736-0763-4eb6-a45c-5448725b7f38,2026-07-27T16:15:19.192910+00:00,IPFS,ipfs,ipns_resolve,0.7160829991335049,SUCCESS
19d7e736-0763-4eb6-a45c-5448725b7f38,2026-07-27T16:15:19.193866+00:00,IPFS,ipfs,ipfs_cat_json,0.8892920013749972,SUCCESS
19d7e736-0763-4eb6-a45c-5448725b7f38,2026-07-27T16:15:19.195567+00:00,IPFS,ipfs,ipns_resolve,1.179916987894103,SUCCESS
19d7e736-0763-4eb6-a45c-5448725b7f38,2026-07-27T16:15:19.196296+00:00,IPFS,ipfs,ipfs_cat_json,0.6739579985151067,SUCCESS
19d7e736-0763-4eb6-a45c-5448725b7f38,2026-07-27T16:15:19.197788+00:00,IPFS,idap,idap_authorize,11.495209007989615,SUCCESS
19d7e736-0763-4eb6-a45c-5448725b7f38,2026-07-27T16:15:19.199079+00:00,IPFS,ipfs,ipns_resolve,0.9776670049177483,SUCCESS
19d7e736-0763-4eb6-a45c-5448725b7f38,2026-07-27T16:15:19.201296+00:00,IPFS,ipfs,ipfs_cat_json,2.1657080069417134,SUCCESS
19d7e736-0763-4eb6-a45c-5448725b7f38,2026-07-27T16:15:19.202723+00:00,IPFS,ipfs,ipns_resolve,1.1406249977881089,SUCCESS
19d7e736-0763-4eb6-a45c-5448725b7f38,2026-07-27T16:15:19.204390+00:00,IPFS,ipfs,ipfs_cat_json,1.5809169999556616,SUCCESS
19d7e736-0763-4eb6-a45c-5448725b7f38,2026-07-27T16:15:19.206601+00:00,IPFS,ipfs,ipns_resolve,1.77070900099352,SUCCESS
19d7e736-0763-4eb6-a45c-5448725b7f38,2026-07-27T16:15:19.207393+00:00,IPFS,ipfs,ipfs_cat_json,0.7194999925559387,SUCCESS
19d7e736-0763-4eb6-a45c-5448725b7f38,2026-07-27T16:15:19.208441+00:00,IPFS,ipfs,ipns_resolve,0.7355419947998598,SUCCESS
19d7e736-0763-4eb6-a45c-5448725b7f38,2026-07-27T16:15:19.209555+00:00,IPFS,ipfs,ipfs_cat_json,0.4914579913020134,SUCCESS
19d7e736-0763-4eb6-a45c-5448725b7f38,2026-07-27T16:15:19.210467+00:00,IPFS,idap,idap_replay_check,12.62999999744352,SUCCESS
19d7e736-0763-4eb6-a45c-5448725b7f38,2026-07-27T16:15:19.211187+00:00,IPFS,ipfs,ipns_resolve,0.654207993648015,SUCCESS
19d7e736-0763-4eb6-a45c-5448725b7f38,2026-07-27T16:15:19.211888+00:00,IPFS,ipfs,ipfs_cat_json,0.650417001452297,SUCCESS
19d7e736-0763-4eb6-a45c-5448725b7f38,2026-07-27T16:15:19.212161+00:00,IPFS,idap,resolve_service_public_key,1.636041997699067,SUCCESS
19d7e736-0763-4eb6-a45c-5448725b7f38,2026-07-27T16:15:19.212218+00:00,IPFS,idap,compute_transcript,0.011209005606360734,SUCCESS
19d7e736-0763-4eb6-a45c-5448725b7f38,2026-07-27T16:15:19.212456+00:00,IPFS,idap,transcript_verify,0.2007910079555586,SUCCESS
19d7e736-0763-4eb6-a45c-5448725b7f38,2026-07-27T16:15:19.212653+00:00,IPFS,idap,client_shared_secret_derivation,0.15808299940545112,SUCCESS
19d7e736-0763-4eb6-a45c-5448725b7f38,2026-07-27T16:15:19.212714+00:00,IPFS,idap,client_session_key_derivation,0.022916996385902166,SUCCESS
19d7e736-0763-4eb6-a45c-5448725b7f38,2026-07-27T16:15:19.212779+00:00,IPFS,crypto,encrypt_message,0.021375002688728273,SUCCESS
19d7e736-0763-4eb6-a45c-5448725b7f38,2026-07-27T16:15:19.212823+00:00,IPFS,crypto,decrypt_message,0.00554099096916616,SUCCESS
19d7e736-0763-4eb6-a45c-5448725b7f38,2026-07-27T16:15:19.213147+00:00,IPFS,tampering,tampered_request_sign,0.2561250003054738,SUCCESS
19d7e736-0763-4eb6-a45c-5448725b7f38,2026-07-27T16:15:19.215760+00:00,IPFS,ipfs,ipns_resolve,2.096333002555184,SUCCESS
19d7e736-0763-4eb6-a45c-5448725b7f38,2026-07-27T16:15:19.216612+00:00,IPFS,ipfs,ipfs_cat_json,0.7648750033695251,SUCCESS
19d7e736-0763-4eb6-a45c-5448725b7f38,2026-07-27T16:15:19.218326+00:00,IPFS,ipfs,ipns_resolve,1.311291998717934,SUCCESS
19d7e736-0763-4eb6-a45c-5448725b7f38,2026-07-27T16:15:19.219279+00:00,IPFS,ipfs,ipfs_cat_json,0.8169590000761673,SUCCESS
19d7e736-0763-4eb6-a45c-5448725b7f38,2026-07-27T16:15:19.220509+00:00,IPFS,ipfs,ipns_resolve,0.8084589935606346,SUCCESS
19d7e736-0763-4eb6-a45c-5448725b7f38,2026-07-27T16:15:19.221087+00:00,IPFS,ipfs,ipfs_cat_json,0.5035000067437068,SUCCESS
19d7e736-0763-4eb6-a45c-5448725b7f38,2026-07-27T16:15:19.222185+00:00,IPFS,ipfs,ipns_resolve,0.7448750111507252,SUCCESS
19d7e736-0763-4eb6-a45c-5448725b7f38,2026-07-27T16:15:19.223045+00:00,IPFS,ipfs,ipfs_cat_json,0.7836669974494725,SUCCESS
19d7e736-0763-4eb6-a45c-5448725b7f38,2026-07-27T16:15:19.224257+00:00,IPFS,tampering,tampering_check,11.039000004529953,SUCCESS
19d7e736-0763-4eb6-a45c-5448725b7f38,2026-07-27T16:15:19.224315+00:00,IPFS,summary,total_flow,155470.97716700227,SUCCESS
