run_id,timestamp,backend,scenario,operation,duration_ms,status
7fa6c559-35bd-4e7e-8fd2-460a471004b2,2026-07-26T21:39:36.166198+00:00,KNOT_DNS,startup,initialize_store,0.003583001671358943,SUCCESS
7fa6c559-35bd-4e7e-8fd2-460a471004b2,2026-07-26T21:39:36.177235+00:00,KNOT_DNS,startup,generate_identity_cp,10.69741700484883,SUCCESS
7fa6c559-35bd-4e7e-8fd2-460a471004b2,2026-07-26T21:39:36.177497+00:00,KNOT_DNS,startup,generate_identity_sp,0.1972919999388978,SUCCESS
7fa6c559-35bd-4e7e-8fd2-460a471004b2,2026-07-26T21:39:36.177723+00:00,KNOT_DNS,startup,generate_identity_c1,0.18687500414671376,SUCCESS
7fa6c559-35bd-4e7e-8fd2-460a471004b2,2026-07-26T21:39:36.177943+00:00,KNOT_DNS,startup,generate_identity_s1,0.18350000027567148,SUCCESS
7fa6c559-35bd-4e7e-8fd2-460a471004b2,2026-07-26T21:39:36.621399+00:00,KNOT_DNS,knot_dns,dns_txt_update,443.2410000008531,SUCCESS
7fa6c559-35bd-4e7e-8fd2-460a471004b2,2026-07-26T21:39:36.621640+00:00,KNOT_DNS,publish,publish_identity_cp,443.74204199993983,SUCCESS
7fa6c559-35bd-4e7e-8fd2-460a471004b2,2026-07-26T21:39:36.772391+00:00,KNOT_DNS,knot_dns,dns_txt_update,150.39874999638414,SUCCESS
7fa6c559-35bd-4e7e-8fd2-460a471004b2,2026-07-26T21:39:36.772708+00:00,KNOT_DNS,publish,publish_identity_sp,150.98120799666503,SUCCESS
7fa6c559-35bd-4e7e-8fd2-460a471004b2,2026-07-26T21:39:36.916524+00:00,KNOT_DNS,knot_dns,dns_txt_update,143.101707995811,SUCCESS
7fa6c559-35bd-4e7e-8fd2-460a471004b2,2026-07-26T21:39:36.916983+00:00,KNOT_DNS,publish,publish_identity_c1,144.0171249996638,SUCCESS
7fa6c559-35bd-4e7e-8fd2-460a471004b2,2026-07-26T21:39:37.084296+00:00,KNOT_DNS,knot_dns,dns_txt_update,166.83366600045701,SUCCESS
7fa6c559-35bd-4e7e-8fd2-460a471004b2,2026-07-26T21:39:37.085010+00:00,KNOT_DNS,publish,publish_identity_s1,167.61037499964004,SUCCESS
7fa6c559-35bd-4e7e-8fd2-460a471004b2,2026-07-26T21:39:37.242734+00:00,KNOT_DNS,knot_dns,dns_txt_update,157.08545899542514,SUCCESS
7fa6c559-35bd-4e7e-8fd2-460a471004b2,2026-07-26T21:39:37.414618+00:00,KNOT_DNS,knot_dns,dns_txt_update,171.2871250056196,SUCCESS
7fa6c559-35bd-4e7e-8fd2-460a471004b2,2026-07-26T21:39:37.414804+00:00,KNOT_DNS,publish,publish_service_metadata,329.5936249996885,SUCCESS
7fa6c559-35bd-4e7e-8fd2-460a471004b2,2026-07-26T21:39:38.498736+00:00,KNOT_DNS,knot_dns,dns_txt_update,1083.6742079991382,SUCCESS
7fa6c559-35bd-4e7e-8fd2-460a471004b2,2026-07-26T21:39:38.687448+00:00,KNOT_DNS,knot_dns,dns_txt_update,187.97104199620662,SUCCESS
7fa6c559-35bd-4e7e-8fd2-460a471004b2,2026-07-26T21:39:38.688020+00:00,KNOT_DNS,publish,publish_provider_registry,1273.280541994609,SUCCESS
7fa6c559-35bd-4e7e-8fd2-460a471004b2,2026-07-26T21:39:38.727183+00:00,KNOT_DNS,knot_dns,dnssec_txt_resolve,38.74112499761395,SUCCESS
7fa6c559-35bd-4e7e-8fd2-460a471004b2,2026-07-26T21:39:38.736146+00:00,KNOT_DNS,knot_dns,dnssec_txt_resolve,8.709125002496876,SUCCESS
7fa6c559-35bd-4e7e-8fd2-460a471004b2,2026-07-26T21:39:38.736291+00:00,KNOT_DNS,discovery,broker_discovery,48.01795900129946,SUCCESS
7fa6c559-35bd-4e7e-8fd2-460a471004b2,2026-07-26T21:39:38.737211+00:00,KNOT_DNS,dap,dap_create_capability,0.827958996524103,SUCCESS
7fa6c559-35bd-4e7e-8fd2-460a471004b2,2026-07-26T21:39:38.739177+00:00,KNOT_DNS,dap,dap_encrypt_enc_cap,1.7979999975068495,SUCCESS
7fa6c559-35bd-4e7e-8fd2-460a471004b2,2026-07-26T21:39:38.739432+00:00,KNOT_DNS,idap,client_session_init,0.12674999743467197,SUCCESS
7fa6c559-35bd-4e7e-8fd2-460a471004b2,2026-07-26T21:39:38.739499+00:00,KNOT_DNS,idap,client_ephemeral_public_key,0.006333000783342868,SUCCESS
7fa6c559-35bd-4e7e-8fd2-460a471004b2,2026-07-26T21:39:38.739791+00:00,KNOT_DNS,idap,client_request_sign,0.24450000637443736,SUCCESS
7fa6c559-35bd-4e7e-8fd2-460a471004b2,2026-07-26T21:39:38.739852+00:00,KNOT_DNS,idap,canonical_request_payload,0.018165999790653586,SUCCESS
7fa6c559-35bd-4e7e-8fd2-460a471004b2,2026-07-26T21:39:38.747681+00:00,KNOT_DNS,knot_dns,dnssec_txt_resolve,7.368917002168018,SUCCESS
7fa6c559-35bd-4e7e-8fd2-460a471004b2,2026-07-26T21:39:38.754781+00:00,KNOT_DNS,knot_dns,dnssec_txt_resolve,6.7853750006179325,SUCCESS
7fa6c559-35bd-4e7e-8fd2-460a471004b2,2026-07-26T21:39:38.761511+00:00,KNOT_DNS,knot_dns,dnssec_txt_resolve,6.479583993495908,SUCCESS
7fa6c559-35bd-4e7e-8fd2-460a471004b2,2026-07-26T21:39:38.768482+00:00,KNOT_DNS,knot_dns,dnssec_txt_resolve,6.737124997016508,SUCCESS
7fa6c559-35bd-4e7e-8fd2-460a471004b2,2026-07-26T21:39:38.770437+00:00,KNOT_DNS,idap,idap_authorize,30.518749998009298,SUCCESS
7fa6c559-35bd-4e7e-8fd2-460a471004b2,2026-07-26T21:39:38.778920+00:00,KNOT_DNS,knot_dns,dnssec_txt_resolve,7.9582920006942,SUCCESS
7fa6c559-35bd-4e7e-8fd2-460a471004b2,2026-07-26T21:39:38.786437+00:00,KNOT_DNS,knot_dns,dnssec_txt_resolve,7.33212499471847,SUCCESS
7fa6c559-35bd-4e7e-8fd2-460a471004b2,2026-07-26T21:39:38.792743+00:00,KNOT_DNS,knot_dns,dnssec_txt_resolve,6.132457994681317,SUCCESS
7fa6c559-35bd-4e7e-8fd2-460a471004b2,2026-07-26T21:39:38.799774+00:00,KNOT_DNS,knot_dns,dnssec_txt_resolve,6.840417001512833,SUCCESS
7fa6c559-35bd-4e7e-8fd2-460a471004b2,2026-07-26T21:39:38.801191+00:00,KNOT_DNS,idap,idap_replay_check,30.633832997409627,SUCCESS
7fa6c559-35bd-4e7e-8fd2-460a471004b2,2026-07-26T21:39:38.808956+00:00,KNOT_DNS,knot_dns,dnssec_txt_resolve,7.599541997478809,SUCCESS
7fa6c559-35bd-4e7e-8fd2-460a471004b2,2026-07-26T21:39:38.809068+00:00,KNOT_DNS,idap,resolve_service_public_key,7.732750003924593,SUCCESS
7fa6c559-35bd-4e7e-8fd2-460a471004b2,2026-07-26T21:39:38.809157+00:00,KNOT_DNS,idap,compute_transcript,0.02062500425381586,SUCCESS
7fa6c559-35bd-4e7e-8fd2-460a471004b2,2026-07-26T21:39:38.809564+00:00,KNOT_DNS,idap,transcript_verify,0.34654200135264546,SUCCESS
7fa6c559-35bd-4e7e-8fd2-460a471004b2,2026-07-26T21:39:38.809884+00:00,KNOT_DNS,idap,client_shared_secret_derivation,0.25725000159582123,SUCCESS
7fa6c559-35bd-4e7e-8fd2-460a471004b2,2026-07-26T21:39:38.809960+00:00,KNOT_DNS,idap,client_session_key_derivation,0.016167003195732832,SUCCESS
7fa6c559-35bd-4e7e-8fd2-460a471004b2,2026-07-26T21:39:38.810059+00:00,KNOT_DNS,crypto,encrypt_message,0.023790998966433108,SUCCESS
7fa6c559-35bd-4e7e-8fd2-460a471004b2,2026-07-26T21:39:38.810128+00:00,KNOT_DNS,crypto,decrypt_message,0.008625000191386789,SUCCESS
7fa6c559-35bd-4e7e-8fd2-460a471004b2,2026-07-26T21:39:38.810593+00:00,KNOT_DNS,tampering,tampered_request_sign,0.36258299951441586,SUCCESS
7fa6c559-35bd-4e7e-8fd2-460a471004b2,2026-07-26T21:39:38.819486+00:00,KNOT_DNS,knot_dns,dnssec_txt_resolve,8.322499998030253,SUCCESS
7fa6c559-35bd-4e7e-8fd2-460a471004b2,2026-07-26T21:39:38.827544+00:00,KNOT_DNS,knot_dns,dnssec_txt_resolve,7.939166003779974,SUCCESS
7fa6c559-35bd-4e7e-8fd2-460a471004b2,2026-07-26T21:39:38.835577+00:00,KNOT_DNS,knot_dns,dnssec_txt_resolve,7.911458000307903,SUCCESS
7fa6c559-35bd-4e7e-8fd2-460a471004b2,2026-07-26T21:39:38.843320+00:00,KNOT_DNS,knot_dns,dnssec_txt_resolve,7.603416997881141,SUCCESS
7fa6c559-35bd-4e7e-8fd2-460a471004b2,2026-07-26T21:39:38.844706+00:00,KNOT_DNS,tampering,tampering_check,34.035084005154204,SUCCESS
7fa6c559-35bd-4e7e-8fd2-460a471004b2,2026-07-26T21:39:38.844798+00:00,KNOT_DNS,summary,total_flow,2679.3438749955385,SUCCESS
cdfe15bc-2677-42e9-b25b-e8908ca41ea6,2026-07-26T21:39:38.987788+00:00,KNOT_DNS,startup,initialize_store,0.0033750038710422814,SUCCESS
cdfe15bc-2677-42e9-b25b-e8908ca41ea6,2026-07-26T21:39:38.991099+00:00,KNOT_DNS,startup,generate_identity_cp,2.959790996101219,SUCCESS
cdfe15bc-2677-42e9-b25b-e8908ca41ea6,2026-07-26T21:39:38.991364+00:00,KNOT_DNS,startup,generate_identity_sp,0.19262499699834734,SUCCESS
cdfe15bc-2677-42e9-b25b-e8908ca41ea6,2026-07-26T21:39:38.991600+00:00,KNOT_DNS,startup,generate_identity_c1,0.18554100097389892,SUCCESS
cdfe15bc-2677-42e9-b25b-e8908ca41ea6,2026-07-26T21:39:38.991822+00:00,KNOT_DNS,startup,generate_identity_s1,0.17695900169201195,SUCCESS
cdfe15bc-2677-42e9-b25b-e8908ca41ea6,2026-07-26T21:39:39.171226+00:00,KNOT_DNS,knot_dns,dns_txt_update,179.17091699928278,SUCCESS
cdfe15bc-2677-42e9-b25b-e8908ca41ea6,2026-07-26T21:39:39.171457+00:00,KNOT_DNS,publish,publish_identity_cp,179.60054200375453,SUCCESS
cdfe15bc-2677-42e9-b25b-e8908ca41ea6,2026-07-26T21:39:39.310263+00:00,KNOT_DNS,knot_dns,dns_txt_update,138.58054199954495,SUCCESS
cdfe15bc-2677-42e9-b25b-e8908ca41ea6,2026-07-26T21:39:39.310536+00:00,KNOT_DNS,publish,publish_identity_sp,139.01516599435126,SUCCESS
cdfe15bc-2677-42e9-b25b-e8908ca41ea6,2026-07-26T21:39:39.456868+00:00,KNOT_DNS,knot_dns,dns_txt_update,146.06374999857508,SUCCESS
cdfe15bc-2677-42e9-b25b-e8908ca41ea6,2026-07-26T21:39:39.457101+00:00,KNOT_DNS,publish,publish_identity_c1,146.4938749995781,SUCCESS
cdfe15bc-2677-42e9-b25b-e8908ca41ea6,2026-07-26T21:39:40.531927+00:00,KNOT_DNS,knot_dns,dns_txt_update,1074.6397090042592,SUCCESS
cdfe15bc-2677-42e9-b25b-e8908ca41ea6,2026-07-26T21:39:40.532618+00:00,KNOT_DNS,publish,publish_identity_s1,1075.4452090041013,SUCCESS
cdfe15bc-2677-42e9-b25b-e8908ca41ea6,2026-07-26T21:39:40.678346+00:00,KNOT_DNS,knot_dns,dns_txt_update,145.10950000112643,SUCCESS
cdfe15bc-2677-42e9-b25b-e8908ca41ea6,2026-07-26T21:39:40.857191+00:00,KNOT_DNS,knot_dns,dns_txt_update,178.37816700193798,SUCCESS
cdfe15bc-2677-42e9-b25b-e8908ca41ea6,2026-07-26T21:39:40.857402+00:00,KNOT_DNS,publish,publish_service_metadata,324.55145800486207,SUCCESS
cdfe15bc-2677-42e9-b25b-e8908ca41ea6,2026-07-26T21:39:41.005618+00:00,KNOT_DNS,knot_dns,dns_txt_update,147.86270800686907,SUCCESS
cdfe15bc-2677-42e9-b25b-e8908ca41ea6,2026-07-26T21:39:41.197388+00:00,KNOT_DNS,knot_dns,dns_txt_update,191.1649160028901,SUCCESS
cdfe15bc-2677-42e9-b25b-e8908ca41ea6,2026-07-26T21:39:41.197720+00:00,KNOT_DNS,publish,publish_provider_registry,340.23633300239453,SUCCESS
cdfe15bc-2677-42e9-b25b-e8908ca41ea6,2026-07-26T21:39:41.212994+00:00,KNOT_DNS,knot_dns,dnssec_txt_resolve,14.868833000946324,SUCCESS
cdfe15bc-2677-42e9-b25b-e8908ca41ea6,2026-07-26T21:39:41.224021+00:00,KNOT_DNS,knot_dns,dnssec_txt_resolve,10.4892919989652,SUCCESS
cdfe15bc-2677-42e9-b25b-e8908ca41ea6,2026-07-26T21:39:41.224398+00:00,KNOT_DNS,discovery,broker_discovery,26.429792000271846,SUCCESS
cdfe15bc-2677-42e9-b25b-e8908ca41ea6,2026-07-26T21:39:41.226113+00:00,KNOT_DNS,dap,dap_create_capability,1.3994159962749109,SUCCESS
cdfe15bc-2677-42e9-b25b-e8908ca41ea6,2026-07-26T21:39:41.227708+00:00,KNOT_DNS,dap,dap_encrypt_enc_cap,1.2651669967453927,SUCCESS
cdfe15bc-2677-42e9-b25b-e8908ca41ea6,2026-07-26T21:39:41.228162+00:00,KNOT_DNS,idap,client_session_init,0.24900000425986946,SUCCESS
cdfe15bc-2677-42e9-b25b-e8908ca41ea6,2026-07-26T21:39:41.228286+00:00,KNOT_DNS,idap,client_ephemeral_public_key,0.007375005225185305,SUCCESS
cdfe15bc-2677-42e9-b25b-e8908ca41ea6,2026-07-26T21:39:41.228904+00:00,KNOT_DNS,idap,client_request_sign,0.5111249993206002,SUCCESS
cdfe15bc-2677-42e9-b25b-e8908ca41ea6,2026-07-26T21:39:41.229029+00:00,KNOT_DNS,idap,canonical_request_payload,0.024000000848900527,SUCCESS
cdfe15bc-2677-42e9-b25b-e8908ca41ea6,2026-07-26T21:39:41.241654+00:00,KNOT_DNS,knot_dns,dnssec_txt_resolve,11.847415997181088,SUCCESS
cdfe15bc-2677-42e9-b25b-e8908ca41ea6,2026-07-26T21:39:41.251538+00:00,KNOT_DNS,knot_dns,dnssec_txt_resolve,9.626708000723738,SUCCESS
cdfe15bc-2677-42e9-b25b-e8908ca41ea6,2026-07-26T21:39:41.262769+00:00,KNOT_DNS,knot_dns,dnssec_txt_resolve,10.915541999565903,SUCCESS
cdfe15bc-2677-42e9-b25b-e8908ca41ea6,2026-07-26T21:39:41.273847+00:00,KNOT_DNS,knot_dns,dnssec_txt_resolve,10.498542003915645,SUCCESS
cdfe15bc-2677-42e9-b25b-e8908ca41ea6,2026-07-26T21:39:41.277365+00:00,KNOT_DNS,idap,idap_authorize,48.20679199474398,SUCCESS
cdfe15bc-2677-42e9-b25b-e8908ca41ea6,2026-07-26T21:39:41.288696+00:00,KNOT_DNS,knot_dns,dnssec_txt_resolve,10.459624994837213,SUCCESS
cdfe15bc-2677-42e9-b25b-e8908ca41ea6,2026-07-26T21:39:41.299923+00:00,KNOT_DNS,knot_dns,dnssec_txt_resolve,10.933541001577396,SUCCESS
cdfe15bc-2677-42e9-b25b-e8908ca41ea6,2026-07-26T21:39:41.310142+00:00,KNOT_DNS,knot_dns,dnssec_txt_resolve,9.986333003325853,SUCCESS
cdfe15bc-2677-42e9-b25b-e8908ca41ea6,2026-07-26T21:39:41.320656+00:00,KNOT_DNS,knot_dns,dnssec_txt_resolve,10.23620799969649,SUCCESS
cdfe15bc-2677-42e9-b25b-e8908ca41ea6,2026-07-26T21:39:41.322308+00:00,KNOT_DNS,idap,idap_replay_check,44.79762499977369,SUCCESS
cdfe15bc-2677-42e9-b25b-e8908ca41ea6,2026-07-26T21:39:41.332598+00:00,KNOT_DNS,knot_dns,dnssec_txt_resolve,10.087875001772773,SUCCESS
cdfe15bc-2677-42e9-b25b-e8908ca41ea6,2026-07-26T21:39:41.332925+00:00,KNOT_DNS,idap,resolve_service_public_key,10.482750003575347,SUCCESS
cdfe15bc-2677-42e9-b25b-e8908ca41ea6,2026-07-26T21:39:41.333055+00:00,KNOT_DNS,idap,compute_transcript,0.037874997360631824,SUCCESS
cdfe15bc-2677-42e9-b25b-e8908ca41ea6,2026-07-26T21:39:41.333500+00:00,KNOT_DNS,idap,transcript_verify,0.36874999932479113,SUCCESS
cdfe15bc-2677-42e9-b25b-e8908ca41ea6,2026-07-26T21:39:41.333851+00:00,KNOT_DNS,idap,client_shared_secret_derivation,0.26737500593299046,SUCCESS
cdfe15bc-2677-42e9-b25b-e8908ca41ea6,2026-07-26T21:39:41.333946+00:00,KNOT_DNS,idap,client_session_key_derivation,0.023291002435144037,SUCCESS
cdfe15bc-2677-42e9-b25b-e8908ca41ea6,2026-07-26T21:39:41.334073+00:00,KNOT_DNS,crypto,encrypt_message,0.04183300188742578,SUCCESS
cdfe15bc-2677-42e9-b25b-e8908ca41ea6,2026-07-26T21:39:41.334150+00:00,KNOT_DNS,crypto,decrypt_message,0.009290997695643455,SUCCESS
cdfe15bc-2677-42e9-b25b-e8908ca41ea6,2026-07-26T21:39:41.334586+00:00,KNOT_DNS,tampering,tampered_request_sign,0.3267499996582046,SUCCESS
cdfe15bc-2677-42e9-b25b-e8908ca41ea6,2026-07-26T21:39:41.344379+00:00,KNOT_DNS,knot_dns,dnssec_txt_resolve,9.250250004697591,SUCCESS
cdfe15bc-2677-42e9-b25b-e8908ca41ea6,2026-07-26T21:39:41.352706+00:00,KNOT_DNS,knot_dns,dnssec_txt_resolve,8.158625001669861,SUCCESS
cdfe15bc-2677-42e9-b25b-e8908ca41ea6,2026-07-26T21:39:41.359952+00:00,KNOT_DNS,knot_dns,dnssec_txt_resolve,7.096000001183711,SUCCESS
cdfe15bc-2677-42e9-b25b-e8908ca41ea6,2026-07-26T21:39:41.367878+00:00,KNOT_DNS,knot_dns,dnssec_txt_resolve,7.786708003550302,SUCCESS
cdfe15bc-2677-42e9-b25b-e8908ca41ea6,2026-07-26T21:39:41.369217+00:00,KNOT_DNS,tampering,tampering_check,34.55608399963239,SUCCESS
cdfe15bc-2677-42e9-b25b-e8908ca41ea6,2026-07-26T21:39:41.369301+00:00,KNOT_DNS,summary,total_flow,2382.034583002678,SUCCESS
bfd93f04-7966-4894-ac8c-a849a0e45ff0,2026-07-26T21:39:41.472054+00:00,KNOT_DNS,startup,initialize_store,0.003417000698391348,SUCCESS
bfd93f04-7966-4894-ac8c-a849a0e45ff0,2026-07-26T21:39:41.474550+00:00,KNOT_DNS,startup,generate_identity_cp,2.224083997134585,SUCCESS
bfd93f04-7966-4894-ac8c-a849a0e45ff0,2026-07-26T21:39:41.474818+00:00,KNOT_DNS,startup,generate_identity_sp,0.1961250018212013,SUCCESS
bfd93f04-7966-4894-ac8c-a849a0e45ff0,2026-07-26T21:39:41.475052+00:00,KNOT_DNS,startup,generate_identity_c1,0.1875829984783195,SUCCESS
bfd93f04-7966-4894-ac8c-a849a0e45ff0,2026-07-26T21:39:41.475279+00:00,KNOT_DNS,startup,generate_identity_s1,0.1842499987105839,SUCCESS
bfd93f04-7966-4894-ac8c-a849a0e45ff0,2026-07-26T21:39:42.260012+00:00,KNOT_DNS,knot_dns,dns_txt_update,784.2707079980755,SUCCESS
bfd93f04-7966-4894-ac8c-a849a0e45ff0,2026-07-26T21:39:42.260453+00:00,KNOT_DNS,publish,publish_identity_cp,785.186082997825,SUCCESS
bfd93f04-7966-4894-ac8c-a849a0e45ff0,2026-07-26T21:39:42.445787+00:00,KNOT_DNS,knot_dns,dns_txt_update,184.79195800318848,SUCCESS
bfd93f04-7966-4894-ac8c-a849a0e45ff0,2026-07-26T21:39:42.446163+00:00,KNOT_DNS,publish,publish_identity_sp,185.51175000175135,SUCCESS
bfd93f04-7966-4894-ac8c-a849a0e45ff0,2026-07-26T21:39:43.507129+00:00,KNOT_DNS,knot_dns,dns_txt_update,1059.6385829994688,SUCCESS
bfd93f04-7966-4894-ac8c-a849a0e45ff0,2026-07-26T21:39:43.511310+00:00,KNOT_DNS,publish,publish_identity_c1,1063.6440829985077,SUCCESS
bfd93f04-7966-4894-ac8c-a849a0e45ff0,2026-07-26T21:39:43.673308+00:00,KNOT_DNS,knot_dns,dns_txt_update,159.1011249984149,SUCCESS
bfd93f04-7966-4894-ac8c-a849a0e45ff0,2026-07-26T21:39:43.673483+00:00,KNOT_DNS,publish,publish_identity_s1,159.49525000178255,SUCCESS
bfd93f04-7966-4894-ac8c-a849a0e45ff0,2026-07-26T21:39:43.818350+00:00,KNOT_DNS,knot_dns,dns_txt_update,144.62312500108965,SUCCESS
bfd93f04-7966-4894-ac8c-a849a0e45ff0,2026-07-26T21:39:43.979345+00:00,KNOT_DNS,knot_dns,dns_txt_update,160.70283299632138,SUCCESS
bfd93f04-7966-4894-ac8c-a849a0e45ff0,2026-07-26T21:39:43.979500+00:00,KNOT_DNS,publish,publish_service_metadata,305.9783749995404,SUCCESS
bfd93f04-7966-4894-ac8c-a849a0e45ff0,2026-07-26T21:39:44.118276+00:00,KNOT_DNS,knot_dns,dns_txt_update,138.07179200375685,SUCCESS
bfd93f04-7966-4894-ac8c-a849a0e45ff0,2026-07-26T21:39:44.288917+00:00,KNOT_DNS,knot_dns,dns_txt_update,170.06529200443765,SUCCESS
bfd93f04-7966-4894-ac8c-a849a0e45ff0,2026-07-26T21:39:44.289097+00:00,KNOT_DNS,publish,publish_provider_registry,309.5102500010398,SUCCESS
bfd93f04-7966-4894-ac8c-a849a0e45ff0,2026-07-26T21:39:44.300549+00:00,KNOT_DNS,knot_dns,dnssec_txt_resolve,11.30645800003549,SUCCESS
bfd93f04-7966-4894-ac8c-a849a0e45ff0,2026-07-26T21:39:44.308254+00:00,KNOT_DNS,knot_dns,dnssec_txt_resolve,7.4898339953506365,SUCCESS
bfd93f04-7966-4894-ac8c-a849a0e45ff0,2026-07-26T21:39:44.308376+00:00,KNOT_DNS,discovery,broker_discovery,19.213125000533182,SUCCESS
bfd93f04-7966-4894-ac8c-a849a0e45ff0,2026-07-26T21:39:44.309158+00:00,KNOT_DNS,dap,dap_create_capability,0.6682919993181713,SUCCESS
bfd93f04-7966-4894-ac8c-a849a0e45ff0,2026-07-26T21:39:44.310296+00:00,KNOT_DNS,dap,dap_encrypt_enc_cap,0.9852500006672926,SUCCESS
bfd93f04-7966-4894-ac8c-a849a0e45ff0,2026-07-26T21:39:44.310487+00:00,KNOT_DNS,idap,client_session_init,0.1021249991026707,SUCCESS
bfd93f04-7966-4894-ac8c-a849a0e45ff0,2026-07-26T21:39:44.310535+00:00,KNOT_DNS,idap,client_ephemeral_public_key,0.003207998815923929,SUCCESS
bfd93f04-7966-4894-ac8c-a849a0e45ff0,2026-07-26T21:39:44.310840+00:00,KNOT_DNS,idap,client_request_sign,0.23608299670740962,SUCCESS
bfd93f04-7966-4894-ac8c-a849a0e45ff0,2026-07-26T21:39:44.310921+00:00,KNOT_DNS,idap,canonical_request_payload,0.020375002350192517,SUCCESS
bfd93f04-7966-4894-ac8c-a849a0e45ff0,2026-07-26T21:39:44.322574+00:00,KNOT_DNS,knot_dns,dnssec_txt_resolve,11.219333006010856,SUCCESS
bfd93f04-7966-4894-ac8c-a849a0e45ff0,2026-07-26T21:39:44.333509+00:00,KNOT_DNS,knot_dns,dnssec_txt_resolve,10.592874998110346,SUCCESS
bfd93f04-7966-4894-ac8c-a849a0e45ff0,2026-07-26T21:39:44.347202+00:00,KNOT_DNS,knot_dns,dnssec_txt_resolve,12.873166997451335,SUCCESS
bfd93f04-7966-4894-ac8c-a849a0e45ff0,2026-07-26T21:39:44.358346+00:00,KNOT_DNS,knot_dns,dnssec_txt_resolve,10.653375000401866,SUCCESS
bfd93f04-7966-4894-ac8c-a849a0e45ff0,2026-07-26T21:39:44.360502+00:00,KNOT_DNS,idap,idap_authorize,49.47908299800474,SUCCESS
bfd93f04-7966-4894-ac8c-a849a0e45ff0,2026-07-26T21:39:44.372604+00:00,KNOT_DNS,knot_dns,dnssec_txt_resolve,11.54570899961982,SUCCESS
bfd93f04-7966-4894-ac8c-a849a0e45ff0,2026-07-26T21:39:44.388550+00:00,KNOT_DNS,knot_dns,dnssec_txt_resolve,15.64512500044657,SUCCESS
bfd93f04-7966-4894-ac8c-a849a0e45ff0,2026-07-26T21:39:44.397352+00:00,KNOT_DNS,knot_dns,dnssec_txt_resolve,8.430959001998417,SUCCESS
bfd93f04-7966-4894-ac8c-a849a0e45ff0,2026-07-26T21:39:44.408206+00:00,KNOT_DNS,knot_dns,dnssec_txt_resolve,10.59937499667285,SUCCESS
bfd93f04-7966-4894-ac8c-a849a0e45ff0,2026-07-26T21:39:44.409058+00:00,KNOT_DNS,idap,idap_replay_check,48.45970900350949,SUCCESS
bfd93f04-7966-4894-ac8c-a849a0e45ff0,2026-07-26T21:39:44.418866+00:00,KNOT_DNS,knot_dns,dnssec_txt_resolve,9.6227909962181,SUCCESS
bfd93f04-7966-4894-ac8c-a849a0e45ff0,2026-07-26T21:39:44.419016+00:00,KNOT_DNS,idap,resolve_service_public_key,9.89304199902108,SUCCESS
bfd93f04-7966-4894-ac8c-a849a0e45ff0,2026-07-26T21:39:44.419088+00:00,KNOT_DNS,idap,compute_transcript,0.02208300429629162,SUCCESS
bfd93f04-7966-4894-ac8c-a849a0e45ff0,2026-07-26T21:39:44.419351+00:00,KNOT_DNS,idap,transcript_verify,0.22437499865191057,SUCCESS
bfd93f04-7966-4894-ac8c-a849a0e45ff0,2026-07-26T21:39:44.419555+00:00,KNOT_DNS,idap,client_shared_secret_derivation,0.15912500384729356,SUCCESS
bfd93f04-7966-4894-ac8c-a849a0e45ff0,2026-07-26T21:39:44.419603+00:00,KNOT_DNS,idap,client_session_key_derivation,0.013541997759602964,SUCCESS
bfd93f04-7966-4894-ac8c-a849a0e45ff0,2026-07-26T21:39:44.419670+00:00,KNOT_DNS,crypto,encrypt_message,0.023833999875932932,SUCCESS
bfd93f04-7966-4894-ac8c-a849a0e45ff0,2026-07-26T21:39:44.419711+00:00,KNOT_DNS,crypto,decrypt_message,0.006000002031214535,SUCCESS
bfd93f04-7966-4894-ac8c-a849a0e45ff0,2026-07-26T21:39:44.419967+00:00,KNOT_DNS,tampering,tampered_request_sign,0.19491599960019812,SUCCESS
bfd93f04-7966-4894-ac8c-a849a0e45ff0,2026-07-26T21:39:44.429130+00:00,KNOT_DNS,knot_dns,dnssec_txt_resolve,8.758374999160878,SUCCESS
bfd93f04-7966-4894-ac8c-a849a0e45ff0,2026-07-26T21:39:44.438455+00:00,KNOT_DNS,knot_dns,dnssec_txt_resolve,9.089291001146194,SUCCESS
bfd93f04-7966-4894-ac8c-a849a0e45ff0,2026-07-26T21:39:44.447933+00:00,KNOT_DNS,knot_dns,dnssec_txt_resolve,9.26416599395452,SUCCESS
bfd93f04-7966-4894-ac8c-a849a0e45ff0,2026-07-26T21:39:44.456059+00:00,KNOT_DNS,knot_dns,dnssec_txt_resolve,7.965208998939488,SUCCESS
bfd93f04-7966-4894-ac8c-a849a0e45ff0,2026-07-26T21:39:44.456862+00:00,KNOT_DNS,tampering,tampering_check,36.80583299865248,SUCCESS
bfd93f04-7966-4894-ac8c-a849a0e45ff0,2026-07-26T21:39:44.456920+00:00,KNOT_DNS,summary,total_flow,2985.4290000002948,SUCCESS
44035b03-82c1-44a3-8b69-01b1ceb7d08b,2026-07-26T21:39:44.605094+00:00,KNOT_DNS,startup,initialize_store,0.003750006726477295,SUCCESS
44035b03-82c1-44a3-8b69-01b1ceb7d08b,2026-07-26T21:39:44.608446+00:00,KNOT_DNS,startup,generate_identity_cp,3.0370409949682653,SUCCESS
44035b03-82c1-44a3-8b69-01b1ceb7d08b,2026-07-26T21:39:44.608707+00:00,KNOT_DNS,startup,generate_identity_sp,0.20087500161025673,SUCCESS
44035b03-82c1-44a3-8b69-01b1ceb7d08b,2026-07-26T21:39:44.608938+00:00,KNOT_DNS,startup,generate_identity_c1,0.1884580051410012,SUCCESS
44035b03-82c1-44a3-8b69-01b1ceb7d08b,2026-07-26T21:39:44.609170+00:00,KNOT_DNS,startup,generate_identity_s1,0.18470899522071704,SUCCESS
44035b03-82c1-44a3-8b69-01b1ceb7d08b,2026-07-26T21:39:45.389264+00:00,KNOT_DNS,knot_dns,dns_txt_update,779.528749997553,SUCCESS
44035b03-82c1-44a3-8b69-01b1ceb7d08b,2026-07-26T21:39:45.391103+00:00,KNOT_DNS,publish,publish_identity_cp,780.6858330004616,SUCCESS
44035b03-82c1-44a3-8b69-01b1ceb7d08b,2026-07-26T21:39:45.576327+00:00,KNOT_DNS,knot_dns,dns_txt_update,184.5305839960929,SUCCESS
44035b03-82c1-44a3-8b69-01b1ceb7d08b,2026-07-26T21:39:45.576736+00:00,KNOT_DNS,publish,publish_identity_sp,185.26687499979744,SUCCESS
44035b03-82c1-44a3-8b69-01b1ceb7d08b,2026-07-26T21:39:45.744492+00:00,KNOT_DNS,knot_dns,dns_txt_update,166.96966699964833,SUCCESS
44035b03-82c1-44a3-8b69-01b1ceb7d08b,2026-07-26T21:39:45.745155+00:00,KNOT_DNS,publish,publish_identity_c1,168.0283750029048,SUCCESS
44035b03-82c1-44a3-8b69-01b1ceb7d08b,2026-07-26T21:39:45.915695+00:00,KNOT_DNS,knot_dns,dns_txt_update,168.72966699884273,SUCCESS
44035b03-82c1-44a3-8b69-01b1ceb7d08b,2026-07-26T21:39:45.918516+00:00,KNOT_DNS,publish,publish_identity_s1,172.93720800080337,SUCCESS
44035b03-82c1-44a3-8b69-01b1ceb7d08b,2026-07-26T21:39:46.088826+00:00,KNOT_DNS,knot_dns,dns_txt_update,168.97129199787742,SUCCESS
44035b03-82c1-44a3-8b69-01b1ceb7d08b,2026-07-26T21:39:46.276448+00:00,KNOT_DNS,knot_dns,dns_txt_update,186.4689579961123,SUCCESS
44035b03-82c1-44a3-8b69-01b1ceb7d08b,2026-07-26T21:39:46.277163+00:00,KNOT_DNS,publish,publish_service_metadata,357.8949580041808,SUCCESS
44035b03-82c1-44a3-8b69-01b1ceb7d08b,2026-07-26T21:39:46.433355+00:00,KNOT_DNS,knot_dns,dns_txt_update,155.2874159970088,SUCCESS
44035b03-82c1-44a3-8b69-01b1ceb7d08b,2026-07-26T21:39:47.464099+00:00,KNOT_DNS,knot_dns,dns_txt_update,1030.0328329976765,SUCCESS
44035b03-82c1-44a3-8b69-01b1ceb7d08b,2026-07-26T21:39:47.465139+00:00,KNOT_DNS,publish,publish_provider_registry,1187.0442500003264,SUCCESS
44035b03-82c1-44a3-8b69-01b1ceb7d08b,2026-07-26T21:39:47.487419+00:00,KNOT_DNS,knot_dns,dnssec_txt_resolve,21.729042004153598,SUCCESS
44035b03-82c1-44a3-8b69-01b1ceb7d08b,2026-07-26T21:39:47.495377+00:00,KNOT_DNS,knot_dns,dnssec_txt_resolve,7.493333003367297,SUCCESS
44035b03-82c1-44a3-8b69-01b1ceb7d08b,2026-07-26T21:39:47.495879+00:00,KNOT_DNS,discovery,broker_discovery,30.223000001569744,SUCCESS
44035b03-82c1-44a3-8b69-01b1ceb7d08b,2026-07-26T21:39:47.497595+00:00,KNOT_DNS,dap,dap_create_capability,1.2373330027912743,SUCCESS
44035b03-82c1-44a3-8b69-01b1ceb7d08b,2026-07-26T21:39:47.504375+00:00,KNOT_DNS,dap,dap_encrypt_enc_cap,5.604375000984874,SUCCESS
44035b03-82c1-44a3-8b69-01b1ceb7d08b,2026-07-26T21:39:47.505295+00:00,KNOT_DNS,idap,client_session_init,0.28987500263610855,SUCCESS
44035b03-82c1-44a3-8b69-01b1ceb7d08b,2026-07-26T21:39:47.505488+00:00,KNOT_DNS,idap,client_ephemeral_public_key,0.010708004992920905,SUCCESS
44035b03-82c1-44a3-8b69-01b1ceb7d08b,2026-07-26T21:39:47.506185+00:00,KNOT_DNS,idap,client_request_sign,0.5372089945012704,SUCCESS
44035b03-82c1-44a3-8b69-01b1ceb7d08b,2026-07-26T21:39:47.506602+00:00,KNOT_DNS,idap,canonical_request_payload,0.03412499791011214,SUCCESS
44035b03-82c1-44a3-8b69-01b1ceb7d08b,2026-07-26T21:39:47.517451+00:00,KNOT_DNS,knot_dns,dnssec_txt_resolve,9.80570799583802,SUCCESS
44035b03-82c1-44a3-8b69-01b1ceb7d08b,2026-07-26T21:39:47.529063+00:00,KNOT_DNS,knot_dns,dnssec_txt_resolve,10.984207998262718,SUCCESS
44035b03-82c1-44a3-8b69-01b1ceb7d08b,2026-07-26T21:39:47.539902+00:00,KNOT_DNS,knot_dns,dnssec_txt_resolve,10.30920799530577,SUCCESS
44035b03-82c1-44a3-8b69-01b1ceb7d08b,2026-07-26T21:39:47.551009+00:00,KNOT_DNS,knot_dns,dnssec_txt_resolve,10.538041999097914,SUCCESS
44035b03-82c1-44a3-8b69-01b1ceb7d08b,2026-07-26T21:39:47.554883+00:00,KNOT_DNS,idap,idap_authorize,47.8194169991184,SUCCESS
44035b03-82c1-44a3-8b69-01b1ceb7d08b,2026-07-26T21:39:47.569909+00:00,KNOT_DNS,knot_dns,dnssec_txt_resolve,13.326500004041009,SUCCESS
44035b03-82c1-44a3-8b69-01b1ceb7d08b,2026-07-26T21:39:47.586147+00:00,KNOT_DNS,knot_dns,dnssec_txt_resolve,15.460249996976927,SUCCESS
44035b03-82c1-44a3-8b69-01b1ceb7d08b,2026-07-26T21:39:47.599657+00:00,KNOT_DNS,knot_dns,dnssec_txt_resolve,12.685749999945983,SUCCESS
44035b03-82c1-44a3-8b69-01b1ceb7d08b,2026-07-26T21:39:47.615126+00:00,KNOT_DNS,knot_dns,dnssec_txt_resolve,14.701874999445863,SUCCESS
44035b03-82c1-44a3-8b69-01b1ceb7d08b,2026-07-26T21:39:47.617585+00:00,KNOT_DNS,idap,idap_replay_check,62.33720800082665,SUCCESS
44035b03-82c1-44a3-8b69-01b1ceb7d08b,2026-07-26T21:39:47.630006+00:00,KNOT_DNS,knot_dns,dnssec_txt_resolve,11.97070800117217,SUCCESS
44035b03-82c1-44a3-8b69-01b1ceb7d08b,2026-07-26T21:39:47.630491+00:00,KNOT_DNS,idap,resolve_service_public_key,12.706000001344364,SUCCESS
44035b03-82c1-44a3-8b69-01b1ceb7d08b,2026-07-26T21:39:47.630693+00:00,KNOT_DNS,idap,compute_transcript,0.055917000281624496,SUCCESS
44035b03-82c1-44a3-8b69-01b1ceb7d08b,2026-07-26T21:39:47.631642+00:00,KNOT_DNS,idap,transcript_verify,0.5724580041714944,SUCCESS
44035b03-82c1-44a3-8b69-01b1ceb7d08b,2026-07-26T21:39:47.632288+00:00,KNOT_DNS,idap,client_shared_secret_derivation,0.33312500454485416,SUCCESS
44035b03-82c1-44a3-8b69-01b1ceb7d08b,2026-07-26T21:39:47.632487+00:00,KNOT_DNS,idap,client_session_key_derivation,0.04400000034365803,SUCCESS
44035b03-82c1-44a3-8b69-01b1ceb7d08b,2026-07-26T21:39:47.633028+00:00,KNOT_DNS,crypto,encrypt_message,0.07145899871829897,SUCCESS
44035b03-82c1-44a3-8b69-01b1ceb7d08b,2026-07-26T21:39:47.633274+00:00,KNOT_DNS,crypto,decrypt_message,0.016292004147544503,SUCCESS
44035b03-82c1-44a3-8b69-01b1ceb7d08b,2026-07-26T21:39:47.634064+00:00,KNOT_DNS,tampering,tampered_request_sign,0.5651660030707717,SUCCESS
44035b03-82c1-44a3-8b69-01b1ceb7d08b,2026-07-26T21:39:47.650378+00:00,KNOT_DNS,knot_dns,dnssec_txt_resolve,15.046957996673882,SUCCESS
44035b03-82c1-44a3-8b69-01b1ceb7d08b,2026-07-26T21:39:47.664335+00:00,KNOT_DNS,knot_dns,dnssec_txt_resolve,12.855083994509187,SUCCESS
44035b03-82c1-44a3-8b69-01b1ceb7d08b,2026-07-26T21:39:47.678925+00:00,KNOT_DNS,knot_dns,dnssec_txt_resolve,13.057875003141817,SUCCESS
44035b03-82c1-44a3-8b69-01b1ceb7d08b,2026-07-26T21:39:47.692360+00:00,KNOT_DNS,knot_dns,dnssec_txt_resolve,12.693333002971485,SUCCESS
44035b03-82c1-44a3-8b69-01b1ceb7d08b,2026-07-26T21:39:47.695139+00:00,KNOT_DNS,tampering,tampering_check,60.757166997063905,SUCCESS
44035b03-82c1-44a3-8b69-01b1ceb7d08b,2026-07-26T21:39:47.695451+00:00,KNOT_DNS,summary,total_flow,3090.785541004152,SUCCESS
a39448ec-9a52-4871-9b6a-31a66024b433,2026-07-26T21:39:47.814503+00:00,KNOT_DNS,startup,initialize_store,0.0035000048228539526,SUCCESS
a39448ec-9a52-4871-9b6a-31a66024b433,2026-07-26T21:39:47.817043+00:00,KNOT_DNS,startup,generate_identity_cp,2.250541998364497,SUCCESS
a39448ec-9a52-4871-9b6a-31a66024b433,2026-07-26T21:39:47.817353+00:00,KNOT_DNS,startup,generate_identity_sp,0.20012500317534432,SUCCESS
a39448ec-9a52-4871-9b6a-31a66024b433,2026-07-26T21:39:47.817588+00:00,KNOT_DNS,startup,generate_identity_c1,0.18845799786504358,SUCCESS
a39448ec-9a52-4871-9b6a-31a66024b433,2026-07-26T21:39:47.817814+00:00,KNOT_DNS,startup,generate_identity_s1,0.18495799304218963,SUCCESS
a39448ec-9a52-4871-9b6a-31a66024b433,2026-07-26T21:39:47.990755+00:00,KNOT_DNS,knot_dns,dns_txt_update,172.68637500092154,SUCCESS
a39448ec-9a52-4871-9b6a-31a66024b433,2026-07-26T21:39:47.991018+00:00,KNOT_DNS,publish,publish_identity_cp,173.1461669987766,SUCCESS
a39448ec-9a52-4871-9b6a-31a66024b433,2026-07-26T21:39:48.153587+00:00,KNOT_DNS,knot_dns,dns_txt_update,161.89258299709763,SUCCESS
a39448ec-9a52-4871-9b6a-31a66024b433,2026-07-26T21:39:48.154072+00:00,KNOT_DNS,publish,publish_identity_sp,162.68562500044936,SUCCESS
a39448ec-9a52-4871-9b6a-31a66024b433,2026-07-26T21:39:48.316505+00:00,KNOT_DNS,knot_dns,dns_txt_update,161.74045800289605,SUCCESS
a39448ec-9a52-4871-9b6a-31a66024b433,2026-07-26T21:39:48.316914+00:00,KNOT_DNS,publish,publish_identity_c1,162.51195799850393,SUCCESS
a39448ec-9a52-4871-9b6a-31a66024b433,2026-07-26T21:39:48.478386+00:00,KNOT_DNS,knot_dns,dns_txt_update,160.79470799741102,SUCCESS
a39448ec-9a52-4871-9b6a-31a66024b433,2026-07-26T21:39:48.478911+00:00,KNOT_DNS,publish,publish_identity_s1,161.77504200459225,SUCCESS
a39448ec-9a52-4871-9b6a-31a66024b433,2026-07-26T21:39:49.565784+00:00,KNOT_DNS,knot_dns,dns_txt_update,1086.1778750040685,SUCCESS
a39448ec-9a52-4871-9b6a-31a66024b433,2026-07-26T21:39:49.753905+00:00,KNOT_DNS,knot_dns,dns_txt_update,187.00545799947577,SUCCESS
a39448ec-9a52-4871-9b6a-31a66024b433,2026-07-26T21:39:49.754956+00:00,KNOT_DNS,publish,publish_service_metadata,1275.8125420004944,SUCCESS
a39448ec-9a52-4871-9b6a-31a66024b433,2026-07-26T21:39:49.907823+00:00,KNOT_DNS,knot_dns,dns_txt_update,151.43379199435003,SUCCESS
a39448ec-9a52-4871-9b6a-31a66024b433,2026-07-26T21:39:50.104352+00:00,KNOT_DNS,knot_dns,dns_txt_update,195.57495800108882,SUCCESS
a39448ec-9a52-4871-9b6a-31a66024b433,2026-07-26T21:39:50.105126+00:00,KNOT_DNS,publish,publish_provider_registry,348.9026669994928,SUCCESS
a39448ec-9a52-4871-9b6a-31a66024b433,2026-07-26T21:39:50.125699+00:00,KNOT_DNS,knot_dns,dnssec_txt_resolve,19.65675000246847,SUCCESS
a39448ec-9a52-4871-9b6a-31a66024b433,2026-07-26T21:39:50.145500+00:00,KNOT_DNS,knot_dns,dnssec_txt_resolve,19.00408299843548,SUCCESS
a39448ec-9a52-4871-9b6a-31a66024b433,2026-07-26T21:39:50.145935+00:00,KNOT_DNS,discovery,broker_discovery,40.2650000032736,SUCCESS
a39448ec-9a52-4871-9b6a-31a66024b433,2026-07-26T21:39:50.149593+00:00,KNOT_DNS,dap,dap_create_capability,2.9536250003729947,SUCCESS
a39448ec-9a52-4871-9b6a-31a66024b433,2026-07-26T21:39:50.152255+00:00,KNOT_DNS,dap,dap_encrypt_enc_cap,1.7997499962802976,SUCCESS
a39448ec-9a52-4871-9b6a-31a66024b433,2026-07-26T21:39:50.153629+00:00,KNOT_DNS,idap,client_session_init,0.6102920015109703,SUCCESS
a39448ec-9a52-4871-9b6a-31a66024b433,2026-07-26T21:39:50.154353+00:00,KNOT_DNS,idap,client_ephemeral_public_key,0.013208999007474631,SUCCESS
a39448ec-9a52-4871-9b6a-31a66024b433,2026-07-26T21:39:50.155641+00:00,KNOT_DNS,idap,client_request_sign,0.7809169983374886,SUCCESS
a39448ec-9a52-4871-9b6a-31a66024b433,2026-07-26T21:39:50.156002+00:00,KNOT_DNS,idap,canonical_request_payload,0.0730419997125864,SUCCESS
a39448ec-9a52-4871-9b6a-31a66024b433,2026-07-26T21:39:50.176741+00:00,KNOT_DNS,knot_dns,dnssec_txt_resolve,19.412708999880124,SUCCESS
a39448ec-9a52-4871-9b6a-31a66024b433,2026-07-26T21:39:50.191121+00:00,KNOT_DNS,knot_dns,dnssec_txt_resolve,13.762333001068328,SUCCESS
a39448ec-9a52-4871-9b6a-31a66024b433,2026-07-26T21:39:50.201833+00:00,KNOT_DNS,knot_dns,dnssec_txt_resolve,10.016291998908855,SUCCESS
a39448ec-9a52-4871-9b6a-31a66024b433,2026-07-26T21:39:50.216068+00:00,KNOT_DNS,knot_dns,dnssec_txt_resolve,13.336292002350092,SUCCESS
a39448ec-9a52-4871-9b6a-31a66024b433,2026-07-26T21:39:50.220058+00:00,KNOT_DNS,idap,idap_authorize,63.62454199552303,SUCCESS
a39448ec-9a52-4871-9b6a-31a66024b433,2026-07-26T21:39:50.236803+00:00,KNOT_DNS,knot_dns,dnssec_txt_resolve,15.687250001064967,SUCCESS
a39448ec-9a52-4871-9b6a-31a66024b433,2026-07-26T21:39:50.246980+00:00,KNOT_DNS,knot_dns,dnssec_txt_resolve,9.46983299945714,SUCCESS
a39448ec-9a52-4871-9b6a-31a66024b433,2026-07-26T21:39:50.260206+00:00,KNOT_DNS,knot_dns,dnssec_txt_resolve,12.547792000987101,SUCCESS
a39448ec-9a52-4871-9b6a-31a66024b433,2026-07-26T21:39:50.267759+00:00,KNOT_DNS,knot_dns,dnssec_txt_resolve,7.165166003687773,SUCCESS
a39448ec-9a52-4871-9b6a-31a66024b433,2026-07-26T21:39:50.269061+00:00,KNOT_DNS,idap,idap_replay_check,48.74562500481261,SUCCESS
a39448ec-9a52-4871-9b6a-31a66024b433,2026-07-26T21:39:50.277491+00:00,KNOT_DNS,knot_dns,dnssec_txt_resolve,8.307750002131797,SUCCESS
a39448ec-9a52-4871-9b6a-31a66024b433,2026-07-26T21:39:50.277599+00:00,KNOT_DNS,idap,resolve_service_public_key,8.438249999016989,SUCCESS
a39448ec-9a52-4871-9b6a-31a66024b433,2026-07-26T21:39:50.277688+00:00,KNOT_DNS,idap,compute_transcript,0.02787500125123188,SUCCESS
a39448ec-9a52-4871-9b6a-31a66024b433,2026-07-26T21:39:50.278056+00:00,KNOT_DNS,idap,transcript_verify,0.31195799965644255,SUCCESS
a39448ec-9a52-4871-9b6a-31a66024b433,2026-07-26T21:39:50.278352+00:00,KNOT_DNS,idap,client_shared_secret_derivation,0.23491699539590627,SUCCESS
a39448ec-9a52-4871-9b6a-31a66024b433,2026-07-26T21:39:50.278434+00:00,KNOT_DNS,idap,client_session_key_derivation,0.022833999537397176,SUCCESS
a39448ec-9a52-4871-9b6a-31a66024b433,2026-07-26T21:39:50.278535+00:00,KNOT_DNS,crypto,encrypt_message,0.030792005418334156,SUCCESS
a39448ec-9a52-4871-9b6a-31a66024b433,2026-07-26T21:39:50.278599+00:00,KNOT_DNS,crypto,decrypt_message,0.008833005267661065,SUCCESS
a39448ec-9a52-4871-9b6a-31a66024b433,2026-07-26T21:39:50.278989+00:00,KNOT_DNS,tampering,tampered_request_sign,0.29616599931614473,SUCCESS
a39448ec-9a52-4871-9b6a-31a66024b433,2026-07-26T21:39:50.285126+00:00,KNOT_DNS,knot_dns,dnssec_txt_resolve,5.652583000482991,SUCCESS
a39448ec-9a52-4871-9b6a-31a66024b433,2026-07-26T21:39:50.292646+00:00,KNOT_DNS,knot_dns,dnssec_txt_resolve,7.406124997942243,SUCCESS
a39448ec-9a52-4871-9b6a-31a66024b433,2026-07-26T21:39:50.299214+00:00,KNOT_DNS,knot_dns,dnssec_txt_resolve,6.460624994360842,SUCCESS
a39448ec-9a52-4871-9b6a-31a66024b433,2026-07-26T21:39:50.305988+00:00,KNOT_DNS,knot_dns,dnssec_txt_resolve,6.681124999886379,SUCCESS
a39448ec-9a52-4871-9b6a-31a66024b433,2026-07-26T21:39:50.307129+00:00,KNOT_DNS,tampering,tampering_check,28.076209004211705,SUCCESS
a39448ec-9a52-4871-9b6a-31a66024b433,2026-07-26T21:39:50.307190+00:00,KNOT_DNS,summary,total_flow,2493.022082999232,SUCCESS
5375b4bc-c2dc-4de0-9071-2f15b1eab3a4,2026-07-26T21:39:50.429374+00:00,KNOT_DNS,startup,initialize_store,0.003540997568052262,SUCCESS
5375b4bc-c2dc-4de0-9071-2f15b1eab3a4,2026-07-26T21:39:50.431881+00:00,KNOT_DNS,startup,generate_identity_cp,2.2591250017285347,SUCCESS
5375b4bc-c2dc-4de0-9071-2f15b1eab3a4,2026-07-26T21:39:50.432142+00:00,KNOT_DNS,startup,generate_identity_sp,0.1972919999388978,SUCCESS
5375b4bc-c2dc-4de0-9071-2f15b1eab3a4,2026-07-26T21:39:50.432367+00:00,KNOT_DNS,startup,generate_identity_c1,0.18733300385065377,SUCCESS
5375b4bc-c2dc-4de0-9071-2f15b1eab3a4,2026-07-26T21:39:50.432587+00:00,KNOT_DNS,startup,generate_identity_s1,0.18429099873173982,SUCCESS
5375b4bc-c2dc-4de0-9071-2f15b1eab3a4,2026-07-26T21:39:51.186544+00:00,KNOT_DNS,knot_dns,dns_txt_update,753.312917004223,SUCCESS
5375b4bc-c2dc-4de0-9071-2f15b1eab3a4,2026-07-26T21:39:51.187336+00:00,KNOT_DNS,publish,publish_identity_cp,754.4906249968335,SUCCESS
5375b4bc-c2dc-4de0-9071-2f15b1eab3a4,2026-07-26T21:39:51.362218+00:00,KNOT_DNS,knot_dns,dns_txt_update,174.07841700332938,SUCCESS
5375b4bc-c2dc-4de0-9071-2f15b1eab3a4,2026-07-26T21:39:51.362783+00:00,KNOT_DNS,publish,publish_identity_sp,174.9974589984049,SUCCESS
5375b4bc-c2dc-4de0-9071-2f15b1eab3a4,2026-07-26T21:39:51.527454+00:00,KNOT_DNS,knot_dns,dns_txt_update,163.902207998035,SUCCESS
5375b4bc-c2dc-4de0-9071-2f15b1eab3a4,2026-07-26T21:39:51.528215+00:00,KNOT_DNS,publish,publish_identity_c1,165.03045900026336,SUCCESS
5375b4bc-c2dc-4de0-9071-2f15b1eab3a4,2026-07-26T21:39:51.699538+00:00,KNOT_DNS,knot_dns,dns_txt_update,170.66579200036358,SUCCESS
5375b4bc-c2dc-4de0-9071-2f15b1eab3a4,2026-07-26T21:39:51.700117+00:00,KNOT_DNS,publish,publish_identity_s1,171.41750000155298,SUCCESS
5375b4bc-c2dc-4de0-9071-2f15b1eab3a4,2026-07-26T21:39:51.845686+00:00,KNOT_DNS,knot_dns,dns_txt_update,144.88712499587564,SUCCESS
5375b4bc-c2dc-4de0-9071-2f15b1eab3a4,2026-07-26T21:39:52.025437+00:00,KNOT_DNS,knot_dns,dns_txt_update,178.80066599900601,SUCCESS
5375b4bc-c2dc-4de0-9071-2f15b1eab3a4,2026-07-26T21:39:52.026175+00:00,KNOT_DNS,publish,publish_service_metadata,325.60470799944596,SUCCESS
5375b4bc-c2dc-4de0-9071-2f15b1eab3a4,2026-07-26T21:39:52.203918+00:00,KNOT_DNS,knot_dns,dns_txt_update,176.80700000346405,SUCCESS
5375b4bc-c2dc-4de0-9071-2f15b1eab3a4,2026-07-26T21:39:52.382103+00:00,KNOT_DNS,knot_dns,dns_txt_update,177.20362499676412,SUCCESS
5375b4bc-c2dc-4de0-9071-2f15b1eab3a4,2026-07-26T21:39:52.382600+00:00,KNOT_DNS,publish,publish_provider_registry,356.00079099822324,SUCCESS
5375b4bc-c2dc-4de0-9071-2f15b1eab3a4,2026-07-26T21:39:52.395441+00:00,KNOT_DNS,knot_dns,dnssec_txt_resolve,12.463500002922956,SUCCESS
5375b4bc-c2dc-4de0-9071-2f15b1eab3a4,2026-07-26T21:39:52.404460+00:00,KNOT_DNS,knot_dns,dnssec_txt_resolve,8.629541996924672,SUCCESS
5375b4bc-c2dc-4de0-9071-2f15b1eab3a4,2026-07-26T21:39:52.404711+00:00,KNOT_DNS,discovery,broker_discovery,21.861125002033077,SUCCESS
5375b4bc-c2dc-4de0-9071-2f15b1eab3a4,2026-07-26T21:39:52.405975+00:00,KNOT_DNS,dap,dap_create_capability,1.1189159995410591,SUCCESS
5375b4bc-c2dc-4de0-9071-2f15b1eab3a4,2026-07-26T21:39:52.407099+00:00,KNOT_DNS,dap,dap_encrypt_enc_cap,0.9149590041488409,SUCCESS
5375b4bc-c2dc-4de0-9071-2f15b1eab3a4,2026-07-26T21:39:52.407534+00:00,KNOT_DNS,idap,client_session_init,0.16016700101317838,SUCCESS
5375b4bc-c2dc-4de0-9071-2f15b1eab3a4,2026-07-26T21:39:52.407644+00:00,KNOT_DNS,idap,client_ephemeral_public_key,0.0051249953685328364,SUCCESS
5375b4bc-c2dc-4de0-9071-2f15b1eab3a4,2026-07-26T21:39:52.407993+00:00,KNOT_DNS,idap,client_request_sign,0.2822500027832575,SUCCESS
5375b4bc-c2dc-4de0-9071-2f15b1eab3a4,2026-07-26T21:39:52.408061+00:00,KNOT_DNS,idap,canonical_request_payload,0.014416997146327049,SUCCESS
5375b4bc-c2dc-4de0-9071-2f15b1eab3a4,2026-07-26T21:39:52.415991+00:00,KNOT_DNS,knot_dns,dnssec_txt_resolve,7.433792001393158,SUCCESS
5375b4bc-c2dc-4de0-9071-2f15b1eab3a4,2026-07-26T21:39:52.424409+00:00,KNOT_DNS,knot_dns,dnssec_txt_resolve,8.127957997203339,SUCCESS
5375b4bc-c2dc-4de0-9071-2f15b1eab3a4,2026-07-26T21:39:52.431389+00:00,KNOT_DNS,knot_dns,dnssec_txt_resolve,6.647707996307872,SUCCESS
5375b4bc-c2dc-4de0-9071-2f15b1eab3a4,2026-07-26T21:39:52.439217+00:00,KNOT_DNS,knot_dns,dnssec_txt_resolve,7.622707998962142,SUCCESS
5375b4bc-c2dc-4de0-9071-2f15b1eab3a4,2026-07-26T21:39:52.442179+00:00,KNOT_DNS,idap,idap_authorize,34.02958399965428,SUCCESS
5375b4bc-c2dc-4de0-9071-2f15b1eab3a4,2026-07-26T21:39:52.452464+00:00,KNOT_DNS,knot_dns,dnssec_txt_resolve,9.398958995006979,SUCCESS
5375b4bc-c2dc-4de0-9071-2f15b1eab3a4,2026-07-26T21:39:52.460269+00:00,KNOT_DNS,knot_dns,dnssec_txt_resolve,7.550082998932339,SUCCESS
5375b4bc-c2dc-4de0-9071-2f15b1eab3a4,2026-07-26T21:39:52.469600+00:00,KNOT_DNS,knot_dns,dnssec_txt_resolve,8.935582998674363,SUCCESS
5375b4bc-c2dc-4de0-9071-2f15b1eab3a4,2026-07-26T21:39:52.480843+00:00,KNOT_DNS,knot_dns,dnssec_txt_resolve,10.088957998959813,SUCCESS
5375b4bc-c2dc-4de0-9071-2f15b1eab3a4,2026-07-26T21:39:52.483420+00:00,KNOT_DNS,idap,idap_replay_check,40.9237089988892,SUCCESS
5375b4bc-c2dc-4de0-9071-2f15b1eab3a4,2026-07-26T21:39:52.498556+00:00,KNOT_DNS,knot_dns,dnssec_txt_resolve,14.522833000228275,SUCCESS
5375b4bc-c2dc-4de0-9071-2f15b1eab3a4,2026-07-26T21:39:52.499310+00:00,KNOT_DNS,idap,resolve_service_public_key,15.374416994745843,SUCCESS
5375b4bc-c2dc-4de0-9071-2f15b1eab3a4,2026-07-26T21:39:52.499973+00:00,KNOT_DNS,idap,compute_transcript,0.08687500667292625,SUCCESS
5375b4bc-c2dc-4de0-9071-2f15b1eab3a4,2026-07-26T21:39:52.501233+00:00,KNOT_DNS,idap,transcript_verify,0.8079170002019964,SUCCESS
5375b4bc-c2dc-4de0-9071-2f15b1eab3a4,2026-07-26T21:39:52.501765+00:00,KNOT_DNS,idap,client_shared_secret_derivation,0.34479099849704653,SUCCESS
5375b4bc-c2dc-4de0-9071-2f15b1eab3a4,2026-07-26T21:39:52.501974+00:00,KNOT_DNS,idap,client_session_key_derivation,0.041541999962646514,SUCCESS
5375b4bc-c2dc-4de0-9071-2f15b1eab3a4,2026-07-26T21:39:52.502256+00:00,KNOT_DNS,crypto,encrypt_message,0.03454100078670308,SUCCESS
5375b4bc-c2dc-4de0-9071-2f15b1eab3a4,2026-07-26T21:39:52.502417+00:00,KNOT_DNS,crypto,decrypt_message,0.014000004739500582,SUCCESS
5375b4bc-c2dc-4de0-9071-2f15b1eab3a4,2026-07-26T21:39:52.503101+00:00,KNOT_DNS,tampering,tampered_request_sign,0.5152079975232482,SUCCESS
5375b4bc-c2dc-4de0-9071-2f15b1eab3a4,2026-07-26T21:39:52.513564+00:00,KNOT_DNS,knot_dns,dnssec_txt_resolve,9.634250003728084,SUCCESS
5375b4bc-c2dc-4de0-9071-2f15b1eab3a4,2026-07-26T21:39:52.523655+00:00,KNOT_DNS,knot_dns,dnssec_txt_resolve,9.73474999773316,SUCCESS
5375b4bc-c2dc-4de0-9071-2f15b1eab3a4,2026-07-26T21:39:52.538227+00:00,KNOT_DNS,knot_dns,dnssec_txt_resolve,14.197582997439895,SUCCESS
5375b4bc-c2dc-4de0-9071-2f15b1eab3a4,2026-07-26T21:39:52.549692+00:00,KNOT_DNS,knot_dns,dnssec_txt_resolve,10.816666996106505,SUCCESS
5375b4bc-c2dc-4de0-9071-2f15b1eab3a4,2026-07-26T21:39:52.552205+00:00,KNOT_DNS,tampering,tampering_check,48.78695799561683,SUCCESS
5375b4bc-c2dc-4de0-9071-2f15b1eab3a4,2026-07-26T21:39:52.552542+00:00,KNOT_DNS,summary,total_flow,2123.381874996994,SUCCESS
63c0a113-9642-4939-a3fc-a6ad72c4dd7a,2026-07-26T21:39:52.662060+00:00,KNOT_DNS,startup,initialize_store,0.0037089994293637574,SUCCESS
63c0a113-9642-4939-a3fc-a6ad72c4dd7a,2026-07-26T21:39:52.664611+00:00,KNOT_DNS,startup,generate_identity_cp,2.230209000117611,SUCCESS
63c0a113-9642-4939-a3fc-a6ad72c4dd7a,2026-07-26T21:39:52.664867+00:00,KNOT_DNS,startup,generate_identity_sp,0.1814580027712509,SUCCESS
63c0a113-9642-4939-a3fc-a6ad72c4dd7a,2026-07-26T21:39:52.665087+00:00,KNOT_DNS,startup,generate_identity_c1,0.1737080019665882,SUCCESS
63c0a113-9642-4939-a3fc-a6ad72c4dd7a,2026-07-26T21:39:52.665301+00:00,KNOT_DNS,startup,generate_identity_s1,0.17329100228380412,SUCCESS
63c0a113-9642-4939-a3fc-a6ad72c4dd7a,2026-07-26T21:39:53.472533+00:00,KNOT_DNS,knot_dns,dns_txt_update,806.7184999963501,SUCCESS
63c0a113-9642-4939-a3fc-a6ad72c4dd7a,2026-07-26T21:39:53.473074+00:00,KNOT_DNS,publish,publish_identity_cp,807.664667001518,SUCCESS
63c0a113-9642-4939-a3fc-a6ad72c4dd7a,2026-07-26T21:39:53.644114+00:00,KNOT_DNS,knot_dns,dns_txt_update,170.30604199680965,SUCCESS
63c0a113-9642-4939-a3fc-a6ad72c4dd7a,2026-07-26T21:39:53.644764+00:00,KNOT_DNS,publish,publish_identity_sp,171.36212500190595,SUCCESS
63c0a113-9642-4939-a3fc-a6ad72c4dd7a,2026-07-26T21:39:53.823515+00:00,KNOT_DNS,knot_dns,dns_txt_update,177.79020899615716,SUCCESS
63c0a113-9642-4939-a3fc-a6ad72c4dd7a,2026-07-26T21:39:53.824248+00:00,KNOT_DNS,publish,publish_identity_c1,179.06412500451552,SUCCESS
63c0a113-9642-4939-a3fc-a6ad72c4dd7a,2026-07-26T21:39:54.006579+00:00,KNOT_DNS,knot_dns,dns_txt_update,181.53062499914085,SUCCESS
63c0a113-9642-4939-a3fc-a6ad72c4dd7a,2026-07-26T21:39:54.007137+00:00,KNOT_DNS,publish,publish_identity_s1,182.40412500017555,SUCCESS
63c0a113-9642-4939-a3fc-a6ad72c4dd7a,2026-07-26T21:39:54.152743+00:00,KNOT_DNS,knot_dns,dns_txt_update,144.98987499973737,SUCCESS
63c0a113-9642-4939-a3fc-a6ad72c4dd7a,2026-07-26T21:39:54.333882+00:00,KNOT_DNS,knot_dns,dns_txt_update,180.10954200144624,SUCCESS
63c0a113-9642-4939-a3fc-a6ad72c4dd7a,2026-07-26T21:39:54.334522+00:00,KNOT_DNS,publish,publish_service_metadata,326.86937499966007,SUCCESS
63c0a113-9642-4939-a3fc-a6ad72c4dd7a,2026-07-26T21:39:54.478860+00:00,KNOT_DNS,knot_dns,dns_txt_update,143.32991700212006,SUCCESS
63c0a113-9642-4939-a3fc-a6ad72c4dd7a,2026-07-26T21:39:55.530354+00:00,KNOT_DNS,knot_dns,dns_txt_update,1049.8666249986854,SUCCESS
63c0a113-9642-4939-a3fc-a6ad72c4dd7a,2026-07-26T21:39:55.532947+00:00,KNOT_DNS,publish,publish_provider_registry,1197.8280839975923,SUCCESS
63c0a113-9642-4939-a3fc-a6ad72c4dd7a,2026-07-26T21:39:55.549128+00:00,KNOT_DNS,knot_dns,dnssec_txt_resolve,15.606375003699213,SUCCESS
63c0a113-9642-4939-a3fc-a6ad72c4dd7a,2026-07-26T21:39:55.555410+00:00,KNOT_DNS,knot_dns,dnssec_txt_resolve,6.028959003742784,SUCCESS
63c0a113-9642-4939-a3fc-a6ad72c4dd7a,2026-07-26T21:39:55.555537+00:00,KNOT_DNS,discovery,broker_discovery,22.16033299919218,SUCCESS
63c0a113-9642-4939-a3fc-a6ad72c4dd7a,2026-07-26T21:39:55.556767+00:00,KNOT_DNS,dap,dap_create_capability,1.0964590037474409,SUCCESS
63c0a113-9642-4939-a3fc-a6ad72c4dd7a,2026-07-26T21:39:55.558096+00:00,KNOT_DNS,dap,dap_encrypt_enc_cap,1.1114590015495196,SUCCESS
63c0a113-9642-4939-a3fc-a6ad72c4dd7a,2026-07-26T21:39:55.558521+00:00,KNOT_DNS,idap,client_session_init,0.25012499827425927,SUCCESS
63c0a113-9642-4939-a3fc-a6ad72c4dd7a,2026-07-26T21:39:55.558648+00:00,KNOT_DNS,idap,client_ephemeral_public_key,0.008124996384140104,SUCCESS
63c0a113-9642-4939-a3fc-a6ad72c4dd7a,2026-07-26T21:39:55.559265+00:00,KNOT_DNS,idap,client_request_sign,0.5103750008856878,SUCCESS
63c0a113-9642-4939-a3fc-a6ad72c4dd7a,2026-07-26T21:39:55.559412+00:00,KNOT_DNS,idap,canonical_request_payload,0.04729099600808695,SUCCESS
63c0a113-9642-4939-a3fc-a6ad72c4dd7a,2026-07-26T21:39:55.570850+00:00,KNOT_DNS,knot_dns,dnssec_txt_resolve,10.521875003178138,SUCCESS
63c0a113-9642-4939-a3fc-a6ad72c4dd7a,2026-07-26T21:39:55.580403+00:00,KNOT_DNS,knot_dns,dnssec_txt_resolve,9.136417000263464,SUCCESS
63c0a113-9642-4939-a3fc-a6ad72c4dd7a,2026-07-26T21:39:55.587801+00:00,KNOT_DNS,knot_dns,dnssec_txt_resolve,6.9956250008544885,SUCCESS
63c0a113-9642-4939-a3fc-a6ad72c4dd7a,2026-07-26T21:39:55.597899+00:00,KNOT_DNS,knot_dns,dnssec_txt_resolve,9.020083001814783,SUCCESS
63c0a113-9642-4939-a3fc-a6ad72c4dd7a,2026-07-26T21:39:55.602772+00:00,KNOT_DNS,idap,idap_authorize,43.179457999940496,SUCCESS
63c0a113-9642-4939-a3fc-a6ad72c4dd7a,2026-07-26T21:39:55.612101+00:00,KNOT_DNS,knot_dns,dnssec_txt_resolve,8.290499994473066,SUCCESS
63c0a113-9642-4939-a3fc-a6ad72c4dd7a,2026-07-26T21:39:55.619610+00:00,KNOT_DNS,knot_dns,dnssec_txt_resolve,7.11304199649021,SUCCESS
63c0a113-9642-4939-a3fc-a6ad72c4dd7a,2026-07-26T21:39:55.627475+00:00,KNOT_DNS,knot_dns,dnssec_txt_resolve,7.527042005676776,SUCCESS
63c0a113-9642-4939-a3fc-a6ad72c4dd7a,2026-07-26T21:39:55.635670+00:00,KNOT_DNS,knot_dns,dnssec_txt_resolve,7.8908750001573935,SUCCESS
63c0a113-9642-4939-a3fc-a6ad72c4dd7a,2026-07-26T21:39:55.637464+00:00,KNOT_DNS,idap,idap_replay_check,34.47229200537549,SUCCESS
63c0a113-9642-4939-a3fc-a6ad72c4dd7a,2026-07-26T21:39:55.646062+00:00,KNOT_DNS,knot_dns,dnssec_txt_resolve,8.401040999160614,SUCCESS
63c0a113-9642-4939-a3fc-a6ad72c4dd7a,2026-07-26T21:39:55.646268+00:00,KNOT_DNS,idap,resolve_service_public_key,8.66420899546938,SUCCESS
63c0a113-9642-4939-a3fc-a6ad72c4dd7a,2026-07-26T21:39:55.646419+00:00,KNOT_DNS,idap,compute_transcript,0.039749997085891664,SUCCESS
63c0a113-9642-4939-a3fc-a6ad72c4dd7a,2026-07-26T21:39:55.647001+00:00,KNOT_DNS,idap,transcript_verify,0.48149999929592013,SUCCESS
63c0a113-9642-4939-a3fc-a6ad72c4dd7a,2026-07-26T21:39:55.647459+00:00,KNOT_DNS,idap,client_shared_secret_derivation,0.35924999974668026,SUCCESS
63c0a113-9642-4939-a3fc-a6ad72c4dd7a,2026-07-26T21:39:55.647573+00:00,KNOT_DNS,idap,client_session_key_derivation,0.03037499845959246,SUCCESS
63c0a113-9642-4939-a3fc-a6ad72c4dd7a,2026-07-26T21:39:55.647730+00:00,KNOT_DNS,crypto,encrypt_message,0.039665996155235916,SUCCESS
63c0a113-9642-4939-a3fc-a6ad72c4dd7a,2026-07-26T21:39:55.647824+00:00,KNOT_DNS,crypto,decrypt_message,0.012125005014240742,SUCCESS
63c0a113-9642-4939-a3fc-a6ad72c4dd7a,2026-07-26T21:39:55.648403+00:00,KNOT_DNS,tampering,tampered_request_sign,0.4420420009410009,SUCCESS
63c0a113-9642-4939-a3fc-a6ad72c4dd7a,2026-07-26T21:39:55.659238+00:00,KNOT_DNS,knot_dns,dnssec_txt_resolve,9.895415998471435,SUCCESS
63c0a113-9642-4939-a3fc-a6ad72c4dd7a,2026-07-26T21:39:55.668469+00:00,KNOT_DNS,knot_dns,dnssec_txt_resolve,8.559333997254726,SUCCESS
63c0a113-9642-4939-a3fc-a6ad72c4dd7a,2026-07-26T21:39:55.678962+00:00,KNOT_DNS,knot_dns,dnssec_txt_resolve,10.196375005762093,SUCCESS
63c0a113-9642-4939-a3fc-a6ad72c4dd7a,2026-07-26T21:39:55.689338+00:00,KNOT_DNS,knot_dns,dnssec_txt_resolve,10.114832999533974,SUCCESS
63c0a113-9642-4939-a3fc-a6ad72c4dd7a,2026-07-26T21:39:55.691033+00:00,KNOT_DNS,tampering,tampering_check,42.491082997003105,SUCCESS
63c0a113-9642-4939-a3fc-a6ad72c4dd7a,2026-07-26T21:39:55.691132+00:00,KNOT_DNS,summary,total_flow,3029.369541996857,SUCCESS
3c8c8e85-ef54-4162-bcc8-a05fdcc630ea,2026-07-26T21:39:55.794187+00:00,KNOT_DNS,startup,initialize_store,0.003749999450519681,SUCCESS
3c8c8e85-ef54-4162-bcc8-a05fdcc630ea,2026-07-26T21:39:55.796713+00:00,KNOT_DNS,startup,generate_identity_cp,2.2345409961417317,SUCCESS
3c8c8e85-ef54-4162-bcc8-a05fdcc630ea,2026-07-26T21:39:55.796977+00:00,KNOT_DNS,startup,generate_identity_sp,0.1934160027303733,SUCCESS
3c8c8e85-ef54-4162-bcc8-a05fdcc630ea,2026-07-26T21:39:55.797196+00:00,KNOT_DNS,startup,generate_identity_c1,0.17425000260118395,SUCCESS
3c8c8e85-ef54-4162-bcc8-a05fdcc630ea,2026-07-26T21:39:55.797426+00:00,KNOT_DNS,startup,generate_identity_s1,0.18937499407911673,SUCCESS
3c8c8e85-ef54-4162-bcc8-a05fdcc630ea,2026-07-26T21:39:55.948363+00:00,KNOT_DNS,knot_dns,dns_txt_update,150.69495899660978,SUCCESS
3c8c8e85-ef54-4162-bcc8-a05fdcc630ea,2026-07-26T21:39:55.948571+00:00,KNOT_DNS,publish,publish_identity_cp,151.09345899691107,SUCCESS
3c8c8e85-ef54-4162-bcc8-a05fdcc630ea,2026-07-26T21:39:56.094243+00:00,KNOT_DNS,knot_dns,dns_txt_update,145.4065830039326,SUCCESS
3c8c8e85-ef54-4162-bcc8-a05fdcc630ea,2026-07-26T21:39:56.094487+00:00,KNOT_DNS,publish,publish_identity_sp,145.83783400303219,SUCCESS
3c8c8e85-ef54-4162-bcc8-a05fdcc630ea,2026-07-26T21:39:56.250204+00:00,KNOT_DNS,knot_dns,dns_txt_update,155.21958300087135,SUCCESS
3c8c8e85-ef54-4162-bcc8-a05fdcc630ea,2026-07-26T21:39:56.250655+00:00,KNOT_DNS,publish,publish_identity_c1,155.97608299867716,SUCCESS
3c8c8e85-ef54-4162-bcc8-a05fdcc630ea,2026-07-26T21:39:56.422481+00:00,KNOT_DNS,knot_dns,dns_txt_update,170.86224999366095,SUCCESS
3c8c8e85-ef54-4162-bcc8-a05fdcc630ea,2026-07-26T21:39:56.423152+00:00,KNOT_DNS,publish,publish_identity_s1,172.08645800565137,SUCCESS
3c8c8e85-ef54-4162-bcc8-a05fdcc630ea,2026-07-26T21:39:57.485312+00:00,KNOT_DNS,knot_dns,dns_txt_update,1061.3690000027418,SUCCESS
3c8c8e85-ef54-4162-bcc8-a05fdcc630ea,2026-07-26T21:39:57.691278+00:00,KNOT_DNS,knot_dns,dns_txt_update,204.96108299994376,SUCCESS
3c8c8e85-ef54-4162-bcc8-a05fdcc630ea,2026-07-26T21:39:57.691928+00:00,KNOT_DNS,publish,publish_service_metadata,1268.4074170028907,SUCCESS
3c8c8e85-ef54-4162-bcc8-a05fdcc630ea,2026-07-26T21:39:57.857147+00:00,KNOT_DNS,knot_dns,dns_txt_update,164.4342920044437,SUCCESS
3c8c8e85-ef54-4162-bcc8-a05fdcc630ea,2026-07-26T21:39:58.043886+00:00,KNOT_DNS,knot_dns,dns_txt_update,185.88675000501098,SUCCESS
3c8c8e85-ef54-4162-bcc8-a05fdcc630ea,2026-07-26T21:39:58.044436+00:00,KNOT_DNS,publish,publish_provider_registry,352.08795799553627,SUCCESS
3c8c8e85-ef54-4162-bcc8-a05fdcc630ea,2026-07-26T21:39:58.063468+00:00,KNOT_DNS,knot_dns,dnssec_txt_resolve,18.07287499832455,SUCCESS
3c8c8e85-ef54-4162-bcc8-a05fdcc630ea,2026-07-26T21:39:58.072173+00:00,KNOT_DNS,knot_dns,dnssec_txt_resolve,8.037708001211286,SUCCESS
3c8c8e85-ef54-4162-bcc8-a05fdcc630ea,2026-07-26T21:39:58.072427+00:00,KNOT_DNS,discovery,broker_discovery,27.440457997727208,SUCCESS
3c8c8e85-ef54-4162-bcc8-a05fdcc630ea,2026-07-26T21:39:58.073809+00:00,KNOT_DNS,dap,dap_create_capability,1.1721659975592047,SUCCESS
3c8c8e85-ef54-4162-bcc8-a05fdcc630ea,2026-07-26T21:39:58.075137+00:00,KNOT_DNS,dap,dap_encrypt_enc_cap,1.0108749993378296,SUCCESS
3c8c8e85-ef54-4162-bcc8-a05fdcc630ea,2026-07-26T21:39:58.075692+00:00,KNOT_DNS,idap,client_session_init,0.2658340017660521,SUCCESS
3c8c8e85-ef54-4162-bcc8-a05fdcc630ea,2026-07-26T21:39:58.075869+00:00,KNOT_DNS,idap,client_ephemeral_public_key,0.007208000170066953,SUCCESS
3c8c8e85-ef54-4162-bcc8-a05fdcc630ea,2026-07-26T21:39:58.076709+00:00,KNOT_DNS,idap,client_request_sign,0.5253330018604174,SUCCESS
3c8c8e85-ef54-4162-bcc8-a05fdcc630ea,2026-07-26T21:39:58.076995+00:00,KNOT_DNS,idap,canonical_request_payload,0.04345799970906228,SUCCESS
3c8c8e85-ef54-4162-bcc8-a05fdcc630ea,2026-07-26T21:39:58.088110+00:00,KNOT_DNS,knot_dns,dnssec_txt_resolve,9.132958002737723,SUCCESS
3c8c8e85-ef54-4162-bcc8-a05fdcc630ea,2026-07-26T21:39:58.098234+00:00,KNOT_DNS,knot_dns,dnssec_txt_resolve,9.328166997875087,SUCCESS
3c8c8e85-ef54-4162-bcc8-a05fdcc630ea,2026-07-26T21:39:58.108441+00:00,KNOT_DNS,knot_dns,dnssec_txt_resolve,9.609041997464374,SUCCESS
3c8c8e85-ef54-4162-bcc8-a05fdcc630ea,2026-07-26T21:39:58.119421+00:00,KNOT_DNS,knot_dns,dnssec_txt_resolve,9.795124999072868,SUCCESS
3c8c8e85-ef54-4162-bcc8-a05fdcc630ea,2026-07-26T21:39:58.123992+00:00,KNOT_DNS,idap,idap_authorize,46.464999999443535,SUCCESS
3c8c8e85-ef54-4162-bcc8-a05fdcc630ea,2026-07-26T21:39:58.137219+00:00,KNOT_DNS,knot_dns,dnssec_txt_resolve,11.337666001054458,SUCCESS
3c8c8e85-ef54-4162-bcc8-a05fdcc630ea,2026-07-26T21:39:58.147955+00:00,KNOT_DNS,knot_dns,dnssec_txt_resolve,10.063958005048335,SUCCESS
3c8c8e85-ef54-4162-bcc8-a05fdcc630ea,2026-07-26T21:39:58.158207+00:00,KNOT_DNS,knot_dns,dnssec_txt_resolve,9.89133399707498,SUCCESS
3c8c8e85-ef54-4162-bcc8-a05fdcc630ea,2026-07-26T21:39:58.167903+00:00,KNOT_DNS,knot_dns,dnssec_txt_resolve,9.398499998496845,SUCCESS
3c8c8e85-ef54-4162-bcc8-a05fdcc630ea,2026-07-26T21:39:58.169866+00:00,KNOT_DNS,idap,idap_replay_check,45.3100419981638,SUCCESS
3c8c8e85-ef54-4162-bcc8-a05fdcc630ea,2026-07-26T21:39:58.181956+00:00,KNOT_DNS,knot_dns,dnssec_txt_resolve,11.581165999814402,SUCCESS
3c8c8e85-ef54-4162-bcc8-a05fdcc630ea,2026-07-26T21:39:58.182638+00:00,KNOT_DNS,idap,resolve_service_public_key,12.404082997818477,SUCCESS
3c8c8e85-ef54-4162-bcc8-a05fdcc630ea,2026-07-26T21:39:58.183151+00:00,KNOT_DNS,idap,compute_transcript,0.06083300104364753,SUCCESS
3c8c8e85-ef54-4162-bcc8-a05fdcc630ea,2026-07-26T21:39:58.184340+00:00,KNOT_DNS,idap,transcript_verify,0.760499999159947,SUCCESS
3c8c8e85-ef54-4162-bcc8-a05fdcc630ea,2026-07-26T21:39:58.184993+00:00,KNOT_DNS,idap,client_shared_secret_derivation,0.44129199523013085,SUCCESS
3c8c8e85-ef54-4162-bcc8-a05fdcc630ea,2026-07-26T21:39:58.185154+00:00,KNOT_DNS,idap,client_session_key_derivation,0.04070800059707835,SUCCESS
3c8c8e85-ef54-4162-bcc8-a05fdcc630ea,2026-07-26T21:39:58.185347+00:00,KNOT_DNS,crypto,encrypt_message,0.06141700578154996,SUCCESS
3c8c8e85-ef54-4162-bcc8-a05fdcc630ea,2026-07-26T21:39:58.185463+00:00,KNOT_DNS,crypto,decrypt_message,0.01462499494664371,SUCCESS
3c8c8e85-ef54-4162-bcc8-a05fdcc630ea,2026-07-26T21:39:58.186157+00:00,KNOT_DNS,tampering,tampered_request_sign,0.5299160038703121,SUCCESS
3c8c8e85-ef54-4162-bcc8-a05fdcc630ea,2026-07-26T21:39:58.201409+00:00,KNOT_DNS,knot_dns,dnssec_txt_resolve,14.34700000390876,SUCCESS
3c8c8e85-ef54-4162-bcc8-a05fdcc630ea,2026-07-26T21:39:58.212085+00:00,KNOT_DNS,knot_dns,dnssec_txt_resolve,10.373915996751748,SUCCESS
3c8c8e85-ef54-4162-bcc8-a05fdcc630ea,2026-07-26T21:39:58.223581+00:00,KNOT_DNS,knot_dns,dnssec_txt_resolve,11.066833998484071,SUCCESS
3c8c8e85-ef54-4162-bcc8-a05fdcc630ea,2026-07-26T21:39:58.235426+00:00,KNOT_DNS,knot_dns,dnssec_txt_resolve,11.259165999945253,SUCCESS
3c8c8e85-ef54-4162-bcc8-a05fdcc630ea,2026-07-26T21:39:58.237906+00:00,KNOT_DNS,tampering,tampering_check,51.476291999279056,SUCCESS
3c8c8e85-ef54-4162-bcc8-a05fdcc630ea,2026-07-26T21:39:58.238194+00:00,KNOT_DNS,summary,total_flow,2444.175208998786,SUCCESS
f1dd3fec-d5d5-476a-bb88-b38f0e2b7a44,2026-07-26T21:39:58.361904+00:00,KNOT_DNS,startup,initialize_store,0.0034580007195472717,SUCCESS
f1dd3fec-d5d5-476a-bb88-b38f0e2b7a44,2026-07-26T21:39:58.364487+00:00,KNOT_DNS,startup,generate_identity_cp,2.3074579949025065,SUCCESS
f1dd3fec-d5d5-476a-bb88-b38f0e2b7a44,2026-07-26T21:39:58.364758+00:00,KNOT_DNS,startup,generate_identity_sp,0.19916600285796449,SUCCESS
f1dd3fec-d5d5-476a-bb88-b38f0e2b7a44,2026-07-26T21:39:58.364993+00:00,KNOT_DNS,startup,generate_identity_c1,0.1875829984783195,SUCCESS
f1dd3fec-d5d5-476a-bb88-b38f0e2b7a44,2026-07-26T21:39:58.365263+00:00,KNOT_DNS,startup,generate_identity_s1,0.1846249942900613,SUCCESS
f1dd3fec-d5d5-476a-bb88-b38f0e2b7a44,2026-07-26T21:39:58.516973+00:00,KNOT_DNS,knot_dns,dns_txt_update,151.47858300042571,SUCCESS
f1dd3fec-d5d5-476a-bb88-b38f0e2b7a44,2026-07-26T21:39:58.517197+00:00,KNOT_DNS,publish,publish_identity_cp,151.8789999972796,SUCCESS
f1dd3fec-d5d5-476a-bb88-b38f0e2b7a44,2026-07-26T21:39:58.676274+00:00,KNOT_DNS,knot_dns,dns_txt_update,158.59541600366356,SUCCESS
f1dd3fec-d5d5-476a-bb88-b38f0e2b7a44,2026-07-26T21:39:58.676532+00:00,KNOT_DNS,publish,publish_identity_sp,159.08145799767226,SUCCESS
f1dd3fec-d5d5-476a-bb88-b38f0e2b7a44,2026-07-26T21:39:58.842060+00:00,KNOT_DNS,knot_dns,dns_txt_update,165.04625000379747,SUCCESS
f1dd3fec-d5d5-476a-bb88-b38f0e2b7a44,2026-07-26T21:39:58.842499+00:00,KNOT_DNS,publish,publish_identity_c1,165.76695800176822,SUCCESS
f1dd3fec-d5d5-476a-bb88-b38f0e2b7a44,2026-07-26T21:39:59.015933+00:00,KNOT_DNS,knot_dns,dns_txt_update,172.7807080023922,SUCCESS
f1dd3fec-d5d5-476a-bb88-b38f0e2b7a44,2026-07-26T21:39:59.016931+00:00,KNOT_DNS,publish,publish_identity_s1,173.9592090016231,SUCCESS
f1dd3fec-d5d5-476a-bb88-b38f0e2b7a44,2026-07-26T21:39:59.171232+00:00,KNOT_DNS,knot_dns,dns_txt_update,153.11504199780757,SUCCESS
f1dd3fec-d5d5-476a-bb88-b38f0e2b7a44,2026-07-26T21:39:59.352502+00:00,KNOT_DNS,knot_dns,dns_txt_update,180.3781250055181,SUCCESS
f1dd3fec-d5d5-476a-bb88-b38f0e2b7a44,2026-07-26T21:39:59.352873+00:00,KNOT_DNS,publish,publish_service_metadata,335.52191700437106,SUCCESS
f1dd3fec-d5d5-476a-bb88-b38f0e2b7a44,2026-07-26T21:39:59.493242+00:00,KNOT_DNS,knot_dns,dns_txt_update,139.64191699778894,SUCCESS
f1dd3fec-d5d5-476a-bb88-b38f0e2b7a44,2026-07-26T21:40:00.557607+00:00,KNOT_DNS,knot_dns,dns_txt_update,1063.20712500019,SUCCESS
f1dd3fec-d5d5-476a-bb88-b38f0e2b7a44,2026-07-26T21:40:00.558200+00:00,KNOT_DNS,publish,publish_provider_registry,1205.0716669982648,SUCCESS
f1dd3fec-d5d5-476a-bb88-b38f0e2b7a44,2026-07-26T21:40:00.589885+00:00,KNOT_DNS,knot_dns,dnssec_txt_resolve,31.370875003631227,SUCCESS
f1dd3fec-d5d5-476a-bb88-b38f0e2b7a44,2026-07-26T21:40:00.599126+00:00,KNOT_DNS,knot_dns,dnssec_txt_resolve,9.016874995722901,SUCCESS
f1dd3fec-d5d5-476a-bb88-b38f0e2b7a44,2026-07-26T21:40:00.599278+00:00,KNOT_DNS,discovery,broker_discovery,40.91508300189162,SUCCESS
f1dd3fec-d5d5-476a-bb88-b38f0e2b7a44,2026-07-26T21:40:00.599974+00:00,KNOT_DNS,dap,dap_create_capability,0.6123339990153909,SUCCESS
f1dd3fec-d5d5-476a-bb88-b38f0e2b7a44,2026-07-26T21:40:00.600729+00:00,KNOT_DNS,dap,dap_encrypt_enc_cap,0.6110840040491894,SUCCESS
f1dd3fec-d5d5-476a-bb88-b38f0e2b7a44,2026-07-26T21:40:00.600988+00:00,KNOT_DNS,idap,client_session_init,0.12075000267941505,SUCCESS
f1dd3fec-d5d5-476a-bb88-b38f0e2b7a44,2026-07-26T21:40:00.601041+00:00,KNOT_DNS,idap,client_ephemeral_public_key,0.0030420051189139485,SUCCESS
f1dd3fec-d5d5-476a-bb88-b38f0e2b7a44,2026-07-26T21:40:00.601336+00:00,KNOT_DNS,idap,client_request_sign,0.24483299785060808,SUCCESS
f1dd3fec-d5d5-476a-bb88-b38f0e2b7a44,2026-07-26T21:40:00.601399+00:00,KNOT_DNS,idap,canonical_request_payload,0.011707998055499047,SUCCESS
f1dd3fec-d5d5-476a-bb88-b38f0e2b7a44,2026-07-26T21:40:00.613535+00:00,KNOT_DNS,knot_dns,dnssec_txt_resolve,11.596041003940627,SUCCESS
f1dd3fec-d5d5-476a-bb88-b38f0e2b7a44,2026-07-26T21:40:00.622857+00:00,KNOT_DNS,knot_dns,dnssec_txt_resolve,8.842167000693735,SUCCESS
f1dd3fec-d5d5-476a-bb88-b38f0e2b7a44,2026-07-26T21:40:00.631354+00:00,KNOT_DNS,knot_dns,dnssec_txt_resolve,7.9864160070428625,SUCCESS
f1dd3fec-d5d5-476a-bb88-b38f0e2b7a44,2026-07-26T21:40:00.643610+00:00,KNOT_DNS,knot_dns,dnssec_txt_resolve,11.669042003632057,SUCCESS
f1dd3fec-d5d5-476a-bb88-b38f0e2b7a44,2026-07-26T21:40:00.647049+00:00,KNOT_DNS,idap,idap_authorize,45.46962499443907,SUCCESS
f1dd3fec-d5d5-476a-bb88-b38f0e2b7a44,2026-07-26T21:40:00.664053+00:00,KNOT_DNS,knot_dns,dnssec_txt_resolve,15.934250004647765,SUCCESS
f1dd3fec-d5d5-476a-bb88-b38f0e2b7a44,2026-07-26T21:40:00.672192+00:00,KNOT_DNS,knot_dns,dnssec_txt_resolve,7.758292005746625,SUCCESS
f1dd3fec-d5d5-476a-bb88-b38f0e2b7a44,2026-07-26T21:40:00.680116+00:00,KNOT_DNS,knot_dns,dnssec_txt_resolve,7.701874994381797,SUCCESS
f1dd3fec-d5d5-476a-bb88-b38f0e2b7a44,2026-07-26T21:40:00.689422+00:00,KNOT_DNS,knot_dns,dnssec_txt_resolve,9.048917003383394,SUCCESS
f1dd3fec-d5d5-476a-bb88-b38f0e2b7a44,2026-07-26T21:40:00.691413+00:00,KNOT_DNS,idap,idap_replay_check,44.077499995182734,SUCCESS
f1dd3fec-d5d5-476a-bb88-b38f0e2b7a44,2026-07-26T21:40:00.700675+00:00,KNOT_DNS,knot_dns,dnssec_txt_resolve,9.076041002117563,SUCCESS
f1dd3fec-d5d5-476a-bb88-b38f0e2b7a44,2026-07-26T21:40:00.700836+00:00,KNOT_DNS,idap,resolve_service_public_key,9.261791994504165,SUCCESS
f1dd3fec-d5d5-476a-bb88-b38f0e2b7a44,2026-07-26T21:40:00.700982+00:00,KNOT_DNS,idap,compute_transcript,0.03499999729683623,SUCCESS
f1dd3fec-d5d5-476a-bb88-b38f0e2b7a44,2026-07-26T21:40:00.701639+00:00,KNOT_DNS,idap,transcript_verify,0.5512499992619269,SUCCESS
f1dd3fec-d5d5-476a-bb88-b38f0e2b7a44,2026-07-26T21:40:00.702166+00:00,KNOT_DNS,idap,client_shared_secret_derivation,0.4207500023767352,SUCCESS
f1dd3fec-d5d5-476a-bb88-b38f0e2b7a44,2026-07-26T21:40:00.702294+00:00,KNOT_DNS,idap,client_session_key_derivation,0.03183299850206822,SUCCESS
f1dd3fec-d5d5-476a-bb88-b38f0e2b7a44,2026-07-26T21:40:00.702468+00:00,KNOT_DNS,crypto,encrypt_message,0.04774999979417771,SUCCESS
f1dd3fec-d5d5-476a-bb88-b38f0e2b7a44,2026-07-26T21:40:00.702591+00:00,KNOT_DNS,crypto,decrypt_message,0.0149589977809228,SUCCESS
f1dd3fec-d5d5-476a-bb88-b38f0e2b7a44,2026-07-26T21:40:00.703273+00:00,KNOT_DNS,tampering,tampered_request_sign,0.5109580015414394,SUCCESS
f1dd3fec-d5d5-476a-bb88-b38f0e2b7a44,2026-07-26T21:40:00.717008+00:00,KNOT_DNS,knot_dns,dnssec_txt_resolve,12.619166998774745,SUCCESS
f1dd3fec-d5d5-476a-bb88-b38f0e2b7a44,2026-07-26T21:40:00.729567+00:00,KNOT_DNS,knot_dns,dnssec_txt_resolve,11.895708004885819,SUCCESS
f1dd3fec-d5d5-476a-bb88-b38f0e2b7a44,2026-07-26T21:40:00.743022+00:00,KNOT_DNS,knot_dns,dnssec_txt_resolve,12.438874997314997,SUCCESS
f1dd3fec-d5d5-476a-bb88-b38f0e2b7a44,2026-07-26T21:40:00.755452+00:00,KNOT_DNS,knot_dns,dnssec_txt_resolve,11.43854099791497,SUCCESS
f1dd3fec-d5d5-476a-bb88-b38f0e2b7a44,2026-07-26T21:40:00.762996+00:00,KNOT_DNS,tampering,tampering_check,59.33545799780404,SUCCESS
f1dd3fec-d5d5-476a-bb88-b38f0e2b7a44,2026-07-26T21:40:00.763447+00:00,KNOT_DNS,summary,total_flow,2401.6446250025183,SUCCESS
85298457-c1ef-467c-a74a-11d7d4fd6671,2026-07-26T21:40:00.877429+00:00,KNOT_DNS,startup,initialize_store,0.0036249984987080097,SUCCESS
85298457-c1ef-467c-a74a-11d7d4fd6671,2026-07-26T21:40:00.879978+00:00,KNOT_DNS,startup,generate_identity_cp,2.2514580050483346,SUCCESS
85298457-c1ef-467c-a74a-11d7d4fd6671,2026-07-26T21:40:00.880232+00:00,KNOT_DNS,startup,generate_identity_sp,0.17862499953480437,SUCCESS
85298457-c1ef-467c-a74a-11d7d4fd6671,2026-07-26T21:40:00.880455+00:00,KNOT_DNS,startup,generate_identity_c1,0.17437500355299562,SUCCESS
85298457-c1ef-467c-a74a-11d7d4fd6671,2026-07-26T21:40:00.880672+00:00,KNOT_DNS,startup,generate_identity_s1,0.17175000539282337,SUCCESS
85298457-c1ef-467c-a74a-11d7d4fd6671,2026-07-26T21:40:01.054513+00:00,KNOT_DNS,knot_dns,dns_txt_update,173.5705409955699,SUCCESS
85298457-c1ef-467c-a74a-11d7d4fd6671,2026-07-26T21:40:01.054764+00:00,KNOT_DNS,publish,publish_identity_cp,174.02087500522612,SUCCESS
85298457-c1ef-467c-a74a-11d7d4fd6671,2026-07-26T21:40:01.197165+00:00,KNOT_DNS,knot_dns,dns_txt_update,142.0926669961773,SUCCESS
85298457-c1ef-467c-a74a-11d7d4fd6671,2026-07-26T21:40:01.198096+00:00,KNOT_DNS,publish,publish_identity_sp,143.21000000200002,SUCCESS
85298457-c1ef-467c-a74a-11d7d4fd6671,2026-07-26T21:40:01.357487+00:00,KNOT_DNS,knot_dns,dns_txt_update,158.91662500507664,SUCCESS
85298457-c1ef-467c-a74a-11d7d4fd6671,2026-07-26T21:40:01.357881+00:00,KNOT_DNS,publish,publish_identity_c1,159.61041699483758,SUCCESS
85298457-c1ef-467c-a74a-11d7d4fd6671,2026-07-26T21:40:01.511091+00:00,KNOT_DNS,knot_dns,dns_txt_update,152.5100829967414,SUCCESS
85298457-c1ef-467c-a74a-11d7d4fd6671,2026-07-26T21:40:01.511776+00:00,KNOT_DNS,publish,publish_identity_s1,153.5192500014091,SUCCESS
85298457-c1ef-467c-a74a-11d7d4fd6671,2026-07-26T21:40:01.661952+00:00,KNOT_DNS,knot_dns,dns_txt_update,149.3755420015077,SUCCESS
85298457-c1ef-467c-a74a-11d7d4fd6671,2026-07-26T21:40:01.860288+00:00,KNOT_DNS,knot_dns,dns_txt_update,197.47845799429342,SUCCESS
85298457-c1ef-467c-a74a-11d7d4fd6671,2026-07-26T21:40:01.860595+00:00,KNOT_DNS,publish,publish_service_metadata,348.61466699658195,SUCCESS
85298457-c1ef-467c-a74a-11d7d4fd6671,2026-07-26T21:40:02.009886+00:00,KNOT_DNS,knot_dns,dns_txt_update,148.54904099775013,SUCCESS
85298457-c1ef-467c-a74a-11d7d4fd6671,2026-07-26T21:40:02.186914+00:00,KNOT_DNS,knot_dns,dns_txt_update,176.1073329980718,SUCCESS
85298457-c1ef-467c-a74a-11d7d4fd6671,2026-07-26T21:40:02.187538+00:00,KNOT_DNS,publish,publish_provider_registry,326.45837499876507,SUCCESS
85298457-c1ef-467c-a74a-11d7d4fd6671,2026-07-26T21:40:02.206504+00:00,KNOT_DNS,knot_dns,dnssec_txt_resolve,18.520917001296766,SUCCESS
85298457-c1ef-467c-a74a-11d7d4fd6671,2026-07-26T21:40:02.214469+00:00,KNOT_DNS,knot_dns,dnssec_txt_resolve,7.454541999322828,SUCCESS
85298457-c1ef-467c-a74a-11d7d4fd6671,2026-07-26T21:40:02.214855+00:00,KNOT_DNS,discovery,broker_discovery,26.961832998495083,SUCCESS
85298457-c1ef-467c-a74a-11d7d4fd6671,2026-07-26T21:40:02.216565+00:00,KNOT_DNS,dap,dap_create_capability,1.3022500061197206,SUCCESS
85298457-c1ef-467c-a74a-11d7d4fd6671,2026-07-26T21:40:02.218260+00:00,KNOT_DNS,dap,dap_encrypt_enc_cap,1.1591250004130416,SUCCESS
85298457-c1ef-467c-a74a-11d7d4fd6671,2026-07-26T21:40:02.218895+00:00,KNOT_DNS,idap,client_session_init,0.29095900390530005,SUCCESS
85298457-c1ef-467c-a74a-11d7d4fd6671,2026-07-26T21:40:02.219029+00:00,KNOT_DNS,idap,client_ephemeral_public_key,0.008416995115112513,SUCCESS
85298457-c1ef-467c-a74a-11d7d4fd6671,2026-07-26T21:40:02.219681+00:00,KNOT_DNS,idap,client_request_sign,0.5512080024345778,SUCCESS
85298457-c1ef-467c-a74a-11d7d4fd6671,2026-07-26T21:40:02.219797+00:00,KNOT_DNS,idap,canonical_request_payload,0.025291999918408692,SUCCESS
85298457-c1ef-467c-a74a-11d7d4fd6671,2026-07-26T21:40:02.230125+00:00,KNOT_DNS,knot_dns,dnssec_txt_resolve,9.415166998223867,SUCCESS
85298457-c1ef-467c-a74a-11d7d4fd6671,2026-07-26T21:40:02.241241+00:00,KNOT_DNS,knot_dns,dnssec_txt_resolve,10.739333003584761,SUCCESS
85298457-c1ef-467c-a74a-11d7d4fd6671,2026-07-26T21:40:02.250942+00:00,KNOT_DNS,knot_dns,dnssec_txt_resolve,9.359874995425344,SUCCESS
85298457-c1ef-467c-a74a-11d7d4fd6671,2026-07-26T21:40:02.260113+00:00,KNOT_DNS,knot_dns,dnssec_txt_resolve,8.796417001576629,SUCCESS
85298457-c1ef-467c-a74a-11d7d4fd6671,2026-07-26T21:40:02.263469+00:00,KNOT_DNS,idap,idap_authorize,43.36079199856613,SUCCESS
85298457-c1ef-467c-a74a-11d7d4fd6671,2026-07-26T21:40:02.275481+00:00,KNOT_DNS,knot_dns,dnssec_txt_resolve,10.952124997857027,SUCCESS
85298457-c1ef-467c-a74a-11d7d4fd6671,2026-07-26T21:40:02.286043+00:00,KNOT_DNS,knot_dns,dnssec_txt_resolve,10.146458000235725,SUCCESS
85298457-c1ef-467c-a74a-11d7d4fd6671,2026-07-26T21:40:02.300137+00:00,KNOT_DNS,knot_dns,dnssec_txt_resolve,13.539708001189865,SUCCESS
85298457-c1ef-467c-a74a-11d7d4fd6671,2026-07-26T21:40:02.310418+00:00,KNOT_DNS,knot_dns,dnssec_txt_resolve,9.761915993294679,SUCCESS
85298457-c1ef-467c-a74a-11d7d4fd6671,2026-07-26T21:40:02.313050+00:00,KNOT_DNS,idap,idap_replay_check,49.01175000122748,SUCCESS
85298457-c1ef-467c-a74a-11d7d4fd6671,2026-07-26T21:40:02.325202+00:00,KNOT_DNS,knot_dns,dnssec_txt_resolve,11.693208005453926,SUCCESS
85298457-c1ef-467c-a74a-11d7d4fd6671,2026-07-26T21:40:02.325699+00:00,KNOT_DNS,idap,resolve_service_public_key,12.36379100009799,SUCCESS
85298457-c1ef-467c-a74a-11d7d4fd6671,2026-07-26T21:40:02.325923+00:00,KNOT_DNS,idap,compute_transcript,0.05570799839915708,SUCCESS
85298457-c1ef-467c-a74a-11d7d4fd6671,2026-07-26T21:40:02.326625+00:00,KNOT_DNS,idap,transcript_verify,0.5986659962218255,SUCCESS
85298457-c1ef-467c-a74a-11d7d4fd6671,2026-07-26T21:40:02.327572+00:00,KNOT_DNS,idap,client_shared_secret_derivation,0.35408300027484074,SUCCESS
85298457-c1ef-467c-a74a-11d7d4fd6671,2026-07-26T21:40:02.327783+00:00,KNOT_DNS,idap,client_session_key_derivation,0.04154100315645337,SUCCESS
85298457-c1ef-467c-a74a-11d7d4fd6671,2026-07-26T21:40:02.327990+00:00,KNOT_DNS,crypto,encrypt_message,0.0641250007902272,SUCCESS
85298457-c1ef-467c-a74a-11d7d4fd6671,2026-07-26T21:40:02.328111+00:00,KNOT_DNS,crypto,decrypt_message,0.014375000318977982,SUCCESS
85298457-c1ef-467c-a74a-11d7d4fd6671,2026-07-26T21:40:02.328916+00:00,KNOT_DNS,tampering,tampered_request_sign,0.6015420003677718,SUCCESS
85298457-c1ef-467c-a74a-11d7d4fd6671,2026-07-26T21:40:02.340350+00:00,KNOT_DNS,knot_dns,dnssec_txt_resolve,10.439542005769908,SUCCESS
85298457-c1ef-467c-a74a-11d7d4fd6671,2026-07-26T21:40:02.351752+00:00,KNOT_DNS,knot_dns,dnssec_txt_resolve,11.01458299672231,SUCCESS
85298457-c1ef-467c-a74a-11d7d4fd6671,2026-07-26T21:40:02.362702+00:00,KNOT_DNS,knot_dns,dnssec_txt_resolve,10.650249998434447,SUCCESS
85298457-c1ef-467c-a74a-11d7d4fd6671,2026-07-26T21:40:02.372511+00:00,KNOT_DNS,knot_dns,dnssec_txt_resolve,9.455833001993597,SUCCESS
85298457-c1ef-467c-a74a-11d7d4fd6671,2026-07-26T21:40:02.374558+00:00,KNOT_DNS,tampering,tampering_check,45.40545900090365,SUCCESS
85298457-c1ef-467c-a74a-11d7d4fd6671,2026-07-26T21:40:02.374922+00:00,KNOT_DNS,summary,total_flow,1497.516874995199,SUCCESS
61476e50-fb18-4f47-8d51-72a1fc472b68,2026-07-26T21:40:02.483817+00:00,KNOT_DNS,startup,initialize_store,0.003583001671358943,SUCCESS
61476e50-fb18-4f47-8d51-72a1fc472b68,2026-07-26T21:40:02.486535+00:00,KNOT_DNS,startup,generate_identity_cp,2.39829200290842,SUCCESS
61476e50-fb18-4f47-8d51-72a1fc472b68,2026-07-26T21:40:02.486818+00:00,KNOT_DNS,startup,generate_identity_sp,0.21062500309199095,SUCCESS
61476e50-fb18-4f47-8d51-72a1fc472b68,2026-07-26T21:40:02.487053+00:00,KNOT_DNS,startup,generate_identity_c1,0.19033400167245418,SUCCESS
61476e50-fb18-4f47-8d51-72a1fc472b68,2026-07-26T21:40:02.487276+00:00,KNOT_DNS,startup,generate_identity_s1,0.18491700029699132,SUCCESS
61476e50-fb18-4f47-8d51-72a1fc472b68,2026-07-26T21:40:03.280994+00:00,KNOT_DNS,knot_dns,dns_txt_update,793.1757499973173,SUCCESS
61476e50-fb18-4f47-8d51-72a1fc472b68,2026-07-26T21:40:03.281409+00:00,KNOT_DNS,publish,publish_identity_cp,794.0291249979055,SUCCESS
61476e50-fb18-4f47-8d51-72a1fc472b68,2026-07-26T21:40:03.439753+00:00,KNOT_DNS,knot_dns,dns_txt_update,157.98904099938227,SUCCESS
61476e50-fb18-4f47-8d51-72a1fc472b68,2026-07-26T21:40:03.439989+00:00,KNOT_DNS,publish,publish_identity_sp,158.46604199759895,SUCCESS
61476e50-fb18-4f47-8d51-72a1fc472b68,2026-07-26T21:40:04.528866+00:00,KNOT_DNS,knot_dns,dns_txt_update,1088.0239589969278,SUCCESS
61476e50-fb18-4f47-8d51-72a1fc472b68,2026-07-26T21:40:04.529721+00:00,KNOT_DNS,publish,publish_identity_c1,1089.2492909988505,SUCCESS
61476e50-fb18-4f47-8d51-72a1fc472b68,2026-07-26T21:40:04.699078+00:00,KNOT_DNS,knot_dns,dns_txt_update,168.01658300391864,SUCCESS
61476e50-fb18-4f47-8d51-72a1fc472b68,2026-07-26T21:40:04.699648+00:00,KNOT_DNS,publish,publish_identity_s1,169.06829200161155,SUCCESS
61476e50-fb18-4f47-8d51-72a1fc472b68,2026-07-26T21:40:04.859222+00:00,KNOT_DNS,knot_dns,dns_txt_update,159.09733300213702,SUCCESS
61476e50-fb18-4f47-8d51-72a1fc472b68,2026-07-26T21:40:05.015721+00:00,KNOT_DNS,knot_dns,dns_txt_update,156.11625000019558,SUCCESS
61476e50-fb18-4f47-8d51-72a1fc472b68,2026-07-26T21:40:05.015937+00:00,KNOT_DNS,publish,publish_service_metadata,316.0382499991101,SUCCESS
61476e50-fb18-4f47-8d51-72a1fc472b68,2026-07-26T21:40:05.140356+00:00,KNOT_DNS,knot_dns,dns_txt_update,124.18779099971289,SUCCESS
61476e50-fb18-4f47-8d51-72a1fc472b68,2026-07-26T21:40:05.305321+00:00,KNOT_DNS,knot_dns,dns_txt_update,164.5894999965094,SUCCESS
61476e50-fb18-4f47-8d51-72a1fc472b68,2026-07-26T21:40:05.305494+00:00,KNOT_DNS,publish,publish_provider_registry,289.48816699994495,SUCCESS
61476e50-fb18-4f47-8d51-72a1fc472b68,2026-07-26T21:40:05.322101+00:00,KNOT_DNS,knot_dns,dnssec_txt_resolve,16.490916998009197,SUCCESS
61476e50-fb18-4f47-8d51-72a1fc472b68,2026-07-26T21:40:05.328408+00:00,KNOT_DNS,knot_dns,dnssec_txt_resolve,6.154416005301755,SUCCESS
61476e50-fb18-4f47-8d51-72a1fc472b68,2026-07-26T21:40:05.328513+00:00,KNOT_DNS,discovery,broker_discovery,22.955125001317356,SUCCESS
61476e50-fb18-4f47-8d51-72a1fc472b68,2026-07-26T21:40:05.329043+00:00,KNOT_DNS,dap,dap_create_capability,0.46149999980116263,SUCCESS
61476e50-fb18-4f47-8d51-72a1fc472b68,2026-07-26T21:40:05.329574+00:00,KNOT_DNS,dap,dap_encrypt_enc_cap,0.44158300443086773,SUCCESS
61476e50-fb18-4f47-8d51-72a1fc472b68,2026-07-26T21:40:05.329736+00:00,KNOT_DNS,idap,client_session_init,0.09370800398755819,SUCCESS
61476e50-fb18-4f47-8d51-72a1fc472b68,2026-07-26T21:40:05.329779+00:00,KNOT_DNS,idap,client_ephemeral_public_key,0.0027909991331398487,SUCCESS
61476e50-fb18-4f47-8d51-72a1fc472b68,2026-07-26T21:40:05.330048+00:00,KNOT_DNS,idap,client_request_sign,0.2133329981006682,SUCCESS
61476e50-fb18-4f47-8d51-72a1fc472b68,2026-07-26T21:40:05.330125+00:00,KNOT_DNS,idap,canonical_request_payload,0.011500000255182385,SUCCESS
61476e50-fb18-4f47-8d51-72a1fc472b68,2026-07-26T21:40:05.336013+00:00,KNOT_DNS,knot_dns,dnssec_txt_resolve,5.540792000829242,SUCCESS
61476e50-fb18-4f47-8d51-72a1fc472b68,2026-07-26T21:40:05.341099+00:00,KNOT_DNS,knot_dns,dnssec_txt_resolve,4.935874996590428,SUCCESS
61476e50-fb18-4f47-8d51-72a1fc472b68,2026-07-26T21:40:05.346105+00:00,KNOT_DNS,knot_dns,dnssec_txt_resolve,4.913834003673401,SUCCESS
61476e50-fb18-4f47-8d51-72a1fc472b68,2026-07-26T21:40:05.351807+00:00,KNOT_DNS,knot_dns,dnssec_txt_resolve,5.627749997074716,SUCCESS
61476e50-fb18-4f47-8d51-72a1fc472b68,2026-07-26T21:40:05.353008+00:00,KNOT_DNS,idap,idap_authorize,22.830665999208577,SUCCESS
61476e50-fb18-4f47-8d51-72a1fc472b68,2026-07-26T21:40:05.359166+00:00,KNOT_DNS,knot_dns,dnssec_txt_resolve,5.83787499635946,SUCCESS
61476e50-fb18-4f47-8d51-72a1fc472b68,2026-07-26T21:40:05.364409+00:00,KNOT_DNS,knot_dns,dnssec_txt_resolve,5.178041006729472,SUCCESS
61476e50-fb18-4f47-8d51-72a1fc472b68,2026-07-26T21:40:05.370396+00:00,KNOT_DNS,knot_dns,dnssec_txt_resolve,5.918874994677026,SUCCESS
61476e50-fb18-4f47-8d51-72a1fc472b68,2026-07-26T21:40:05.375192+00:00,KNOT_DNS,knot_dns,dnssec_txt_resolve,4.736416005471256,SUCCESS
61476e50-fb18-4f47-8d51-72a1fc472b68,2026-07-26T21:40:05.375898+00:00,KNOT_DNS,idap,idap_replay_check,22.8356250008801,SUCCESS
61476e50-fb18-4f47-8d51-72a1fc472b68,2026-07-26T21:40:05.382505+00:00,KNOT_DNS,knot_dns,dnssec_txt_resolve,6.533624997246079,SUCCESS
61476e50-fb18-4f47-8d51-72a1fc472b68,2026-07-26T21:40:05.382585+00:00,KNOT_DNS,idap,resolve_service_public_key,6.636416997935157,SUCCESS
61476e50-fb18-4f47-8d51-72a1fc472b68,2026-07-26T21:40:05.382639+00:00,KNOT_DNS,idap,compute_transcript,0.01341600000159815,SUCCESS
61476e50-fb18-4f47-8d51-72a1fc472b68,2026-07-26T21:40:05.382893+00:00,KNOT_DNS,idap,transcript_verify,0.21479099814314395,SUCCESS
61476e50-fb18-4f47-8d51-72a1fc472b68,2026-07-26T21:40:05.383090+00:00,KNOT_DNS,idap,client_shared_secret_derivation,0.15958299627527595,SUCCESS
61476e50-fb18-4f47-8d51-72a1fc472b68,2026-07-26T21:40:05.383136+00:00,KNOT_DNS,idap,client_session_key_derivation,0.011541000276338309,SUCCESS
61476e50-fb18-4f47-8d51-72a1fc472b68,2026-07-26T21:40:05.383198+00:00,KNOT_DNS,crypto,encrypt_message,0.016291000065393746,SUCCESS
61476e50-fb18-4f47-8d51-72a1fc472b68,2026-07-26T21:40:05.383239+00:00,KNOT_DNS,crypto,decrypt_message,0.005375004548113793,SUCCESS
61476e50-fb18-4f47-8d51-72a1fc472b68,2026-07-26T21:40:05.383490+00:00,KNOT_DNS,tampering,tampered_request_sign,0.1944169998751022,SUCCESS
61476e50-fb18-4f47-8d51-72a1fc472b68,2026-07-26T21:40:05.390563+00:00,KNOT_DNS,knot_dns,dnssec_txt_resolve,6.746291997842491,SUCCESS
61476e50-fb18-4f47-8d51-72a1fc472b68,2026-07-26T21:40:05.396177+00:00,KNOT_DNS,knot_dns,dnssec_txt_resolve,5.503166998096276,SUCCESS
61476e50-fb18-4f47-8d51-72a1fc472b68,2026-07-26T21:40:05.403065+00:00,KNOT_DNS,knot_dns,dnssec_txt_resolve,6.79933399806032,SUCCESS
61476e50-fb18-4f47-8d51-72a1fc472b68,2026-07-26T21:40:05.408652+00:00,KNOT_DNS,knot_dns,dnssec_txt_resolve,5.489458002557512,SUCCESS
61476e50-fb18-4f47-8d51-72a1fc472b68,2026-07-26T21:40:05.409435+00:00,KNOT_DNS,tampering,tampering_check,25.90095800405834,SUCCESS
61476e50-fb18-4f47-8d51-72a1fc472b68,2026-07-26T21:40:05.409484+00:00,KNOT_DNS,summary,total_flow,2925.8644159999676,SUCCESS
42ca6947-d080-426c-a5b2-4daa38d33455,2026-07-26T21:40:05.501883+00:00,KNOT_DNS,startup,initialize_store,0.0039590013329871,SUCCESS
42ca6947-d080-426c-a5b2-4daa38d33455,2026-07-26T21:40:05.504349+00:00,KNOT_DNS,startup,generate_identity_cp,2.2205420027603395,SUCCESS
42ca6947-d080-426c-a5b2-4daa38d33455,2026-07-26T21:40:05.504611+00:00,KNOT_DNS,startup,generate_identity_sp,0.19908299873350188,SUCCESS
42ca6947-d080-426c-a5b2-4daa38d33455,2026-07-26T21:40:05.504840+00:00,KNOT_DNS,startup,generate_identity_c1,0.18812499911291525,SUCCESS
42ca6947-d080-426c-a5b2-4daa38d33455,2026-07-26T21:40:05.505061+00:00,KNOT_DNS,startup,generate_identity_s1,0.1843330028350465,SUCCESS
42ca6947-d080-426c-a5b2-4daa38d33455,2026-07-26T21:40:06.347891+00:00,KNOT_DNS,knot_dns,dns_txt_update,842.5720419982099,SUCCESS
42ca6947-d080-426c-a5b2-4daa38d33455,2026-07-26T21:40:06.348140+00:00,KNOT_DNS,publish,publish_identity_cp,843.038125000021,SUCCESS
42ca6947-d080-426c-a5b2-4daa38d33455,2026-07-26T21:40:06.497571+00:00,KNOT_DNS,knot_dns,dns_txt_update,149.0717919950839,SUCCESS
42ca6947-d080-426c-a5b2-4daa38d33455,2026-07-26T21:40:06.497746+00:00,KNOT_DNS,publish,publish_identity_sp,149.4212499965215,SUCCESS
42ca6947-d080-426c-a5b2-4daa38d33455,2026-07-26T21:40:06.626815+00:00,KNOT_DNS,knot_dns,dns_txt_update,128.8706249979441,SUCCESS
42ca6947-d080-426c-a5b2-4daa38d33455,2026-07-26T21:40:06.626985+00:00,KNOT_DNS,publish,publish_identity_c1,129.17325000307756,SUCCESS
42ca6947-d080-426c-a5b2-4daa38d33455,2026-07-26T21:40:06.768689+00:00,KNOT_DNS,knot_dns,dns_txt_update,141.46125000115717,SUCCESS
42ca6947-d080-426c-a5b2-4daa38d33455,2026-07-26T21:40:06.768880+00:00,KNOT_DNS,publish,publish_identity_s1,141.82095799333183,SUCCESS
42ca6947-d080-426c-a5b2-4daa38d33455,2026-07-26T21:40:06.900977+00:00,KNOT_DNS,knot_dns,dns_txt_update,131.7827499951818,SUCCESS
42ca6947-d080-426c-a5b2-4daa38d33455,2026-07-26T21:40:07.074843+00:00,KNOT_DNS,knot_dns,dns_txt_update,173.17441699560732,SUCCESS
42ca6947-d080-426c-a5b2-4daa38d33455,2026-07-26T21:40:07.075323+00:00,KNOT_DNS,publish,publish_service_metadata,306.1954170043464,SUCCESS
42ca6947-d080-426c-a5b2-4daa38d33455,2026-07-26T21:40:07.233666+00:00,KNOT_DNS,knot_dns,dns_txt_update,156.730750000861,SUCCESS
42ca6947-d080-426c-a5b2-4daa38d33455,2026-07-26T21:40:07.441711+00:00,KNOT_DNS,knot_dns,dns_txt_update,206.7192089962191,SUCCESS
42ca6947-d080-426c-a5b2-4daa38d33455,2026-07-26T21:40:07.442286+00:00,KNOT_DNS,publish,publish_provider_registry,366.62295799760614,SUCCESS
42ca6947-d080-426c-a5b2-4daa38d33455,2026-07-26T21:40:07.458746+00:00,KNOT_DNS,knot_dns,dnssec_txt_resolve,15.98033400659915,SUCCESS
42ca6947-d080-426c-a5b2-4daa38d33455,2026-07-26T21:40:07.470375+00:00,KNOT_DNS,knot_dns,dnssec_txt_resolve,10.830999999598134,SUCCESS
42ca6947-d080-426c-a5b2-4daa38d33455,2026-07-26T21:40:07.471004+00:00,KNOT_DNS,discovery,broker_discovery,28.273833006096538,SUCCESS
42ca6947-d080-426c-a5b2-4daa38d33455,2026-07-26T21:40:07.473538+00:00,KNOT_DNS,dap,dap_create_capability,1.767542002198752,SUCCESS
42ca6947-d080-426c-a5b2-4daa38d33455,2026-07-26T21:40:07.476019+00:00,KNOT_DNS,dap,dap_encrypt_enc_cap,1.5492079983232543,SUCCESS
42ca6947-d080-426c-a5b2-4daa38d33455,2026-07-26T21:40:07.477044+00:00,KNOT_DNS,idap,client_session_init,0.3078749941778369,SUCCESS
42ca6947-d080-426c-a5b2-4daa38d33455,2026-07-26T21:40:07.477659+00:00,KNOT_DNS,idap,client_ephemeral_public_key,0.009957999282050878,SUCCESS
42ca6947-d080-426c-a5b2-4daa38d33455,2026-07-26T21:40:07.481469+00:00,KNOT_DNS,idap,client_request_sign,3.35145799908787,SUCCESS
42ca6947-d080-426c-a5b2-4daa38d33455,2026-07-26T21:40:07.481999+00:00,KNOT_DNS,idap,canonical_request_payload,0.09687499550636858,SUCCESS
42ca6947-d080-426c-a5b2-4daa38d33455,2026-07-26T21:40:07.493447+00:00,KNOT_DNS,knot_dns,dnssec_txt_resolve,10.341250002966262,SUCCESS
42ca6947-d080-426c-a5b2-4daa38d33455,2026-07-26T21:40:07.503848+00:00,KNOT_DNS,knot_dns,dnssec_txt_resolve,9.861166006885469,SUCCESS
42ca6947-d080-426c-a5b2-4daa38d33455,2026-07-26T21:40:07.513256+00:00,KNOT_DNS,knot_dns,dnssec_txt_resolve,8.903249996365048,SUCCESS
42ca6947-d080-426c-a5b2-4daa38d33455,2026-07-26T21:40:07.521828+00:00,KNOT_DNS,knot_dns,dnssec_txt_resolve,8.298416003526654,SUCCESS
42ca6947-d080-426c-a5b2-4daa38d33455,2026-07-26T21:40:07.524916+00:00,KNOT_DNS,idap,idap_authorize,42.71866699855309,SUCCESS
42ca6947-d080-426c-a5b2-4daa38d33455,2026-07-26T21:40:07.535215+00:00,KNOT_DNS,knot_dns,dnssec_txt_resolve,9.425625001313165,SUCCESS
42ca6947-d080-426c-a5b2-4daa38d33455,2026-07-26T21:40:07.546395+00:00,KNOT_DNS,knot_dns,dnssec_txt_resolve,10.439624995342456,SUCCESS
42ca6947-d080-426c-a5b2-4daa38d33455,2026-07-26T21:40:07.559355+00:00,KNOT_DNS,knot_dns,dnssec_txt_resolve,12.250874999153893,SUCCESS
42ca6947-d080-426c-a5b2-4daa38d33455,2026-07-26T21:40:07.568897+00:00,KNOT_DNS,knot_dns,dnssec_txt_resolve,9.30299999890849,SUCCESS
42ca6947-d080-426c-a5b2-4daa38d33455,2026-07-26T21:40:07.570802+00:00,KNOT_DNS,idap,idap_replay_check,45.73579099815106,SUCCESS
42ca6947-d080-426c-a5b2-4daa38d33455,2026-07-26T21:40:07.582022+00:00,KNOT_DNS,knot_dns,dnssec_txt_resolve,10.717958000896033,SUCCESS
42ca6947-d080-426c-a5b2-4daa38d33455,2026-07-26T21:40:07.583202+00:00,KNOT_DNS,idap,resolve_service_public_key,11.988291997113265,SUCCESS
42ca6947-d080-426c-a5b2-4daa38d33455,2026-07-26T21:40:07.583755+00:00,KNOT_DNS,idap,compute_transcript,0.06174999725772068,SUCCESS
42ca6947-d080-426c-a5b2-4daa38d33455,2026-07-26T21:40:07.584446+00:00,KNOT_DNS,idap,transcript_verify,0.5479589963215403,SUCCESS
42ca6947-d080-426c-a5b2-4daa38d33455,2026-07-26T21:40:07.584959+00:00,KNOT_DNS,idap,client_shared_secret_derivation,0.41166599839925766,SUCCESS
42ca6947-d080-426c-a5b2-4daa38d33455,2026-07-26T21:40:07.585076+00:00,KNOT_DNS,idap,client_session_key_derivation,0.028083006327506155,SUCCESS
42ca6947-d080-426c-a5b2-4daa38d33455,2026-07-26T21:40:07.585230+00:00,KNOT_DNS,crypto,encrypt_message,0.03825000021606684,SUCCESS
42ca6947-d080-426c-a5b2-4daa38d33455,2026-07-26T21:40:07.585335+00:00,KNOT_DNS,crypto,decrypt_message,0.01375000283587724,SUCCESS
42ca6947-d080-426c-a5b2-4daa38d33455,2026-07-26T21:40:07.585992+00:00,KNOT_DNS,tampering,tampered_request_sign,0.5155000035301782,SUCCESS
42ca6947-d080-426c-a5b2-4daa38d33455,2026-07-26T21:40:07.600735+00:00,KNOT_DNS,knot_dns,dnssec_txt_resolve,13.647624997247476,SUCCESS
42ca6947-d080-426c-a5b2-4daa38d33455,2026-07-26T21:40:07.613219+00:00,KNOT_DNS,knot_dns,dnssec_txt_resolve,11.755665997043252,SUCCESS
42ca6947-d080-426c-a5b2-4daa38d33455,2026-07-26T21:40:07.625232+00:00,KNOT_DNS,knot_dns,dnssec_txt_resolve,11.294708005152643,SUCCESS
42ca6947-d080-426c-a5b2-4daa38d33455,2026-07-26T21:40:07.637392+00:00,KNOT_DNS,knot_dns,dnssec_txt_resolve,11.380832998838741,SUCCESS
42ca6947-d080-426c-a5b2-4daa38d33455,2026-07-26T21:40:07.640150+00:00,KNOT_DNS,tampering,tampering_check,53.99283299630042,SUCCESS
42ca6947-d080-426c-a5b2-4daa38d33455,2026-07-26T21:40:07.640313+00:00,KNOT_DNS,summary,total_flow,2138.5290830003214,SUCCESS
d2f44d4c-acec-4b98-a2d5-ee70d6a4d30f,2026-07-26T21:40:07.746877+00:00,KNOT_DNS,startup,initialize_store,0.0037089994293637574,SUCCESS
d2f44d4c-acec-4b98-a2d5-ee70d6a4d30f,2026-07-26T21:40:07.749450+00:00,KNOT_DNS,startup,generate_identity_cp,2.2799999933340587,SUCCESS
d2f44d4c-acec-4b98-a2d5-ee70d6a4d30f,2026-07-26T21:40:07.749722+00:00,KNOT_DNS,startup,generate_identity_sp,0.2001249958993867,SUCCESS
d2f44d4c-acec-4b98-a2d5-ee70d6a4d30f,2026-07-26T21:40:07.749954+00:00,KNOT_DNS,startup,generate_identity_c1,0.1878749972092919,SUCCESS
d2f44d4c-acec-4b98-a2d5-ee70d6a4d30f,2026-07-26T21:40:07.750186+00:00,KNOT_DNS,startup,generate_identity_s1,0.19425000209594145,SUCCESS
d2f44d4c-acec-4b98-a2d5-ee70d6a4d30f,2026-07-26T21:40:08.497130+00:00,KNOT_DNS,knot_dns,dns_txt_update,745.9883749979781,SUCCESS
d2f44d4c-acec-4b98-a2d5-ee70d6a4d30f,2026-07-26T21:40:08.498003+00:00,KNOT_DNS,publish,publish_identity_cp,747.5495409962605,SUCCESS
d2f44d4c-acec-4b98-a2d5-ee70d6a4d30f,2026-07-26T21:40:08.665831+00:00,KNOT_DNS,knot_dns,dns_txt_update,166.58441699837567,SUCCESS
d2f44d4c-acec-4b98-a2d5-ee70d6a4d30f,2026-07-26T21:40:08.666617+00:00,KNOT_DNS,publish,publish_identity_sp,168.00399999920046,SUCCESS
d2f44d4c-acec-4b98-a2d5-ee70d6a4d30f,2026-07-26T21:40:08.837263+00:00,KNOT_DNS,knot_dns,dns_txt_update,170.10970800038194,SUCCESS
d2f44d4c-acec-4b98-a2d5-ee70d6a4d30f,2026-07-26T21:40:08.837606+00:00,KNOT_DNS,publish,publish_identity_c1,170.67512500216253,SUCCESS
d2f44d4c-acec-4b98-a2d5-ee70d6a4d30f,2026-07-26T21:40:08.996876+00:00,KNOT_DNS,knot_dns,dns_txt_update,158.81229099613847,SUCCESS
d2f44d4c-acec-4b98-a2d5-ee70d6a4d30f,2026-07-26T21:40:08.997444+00:00,KNOT_DNS,publish,publish_identity_s1,159.5302499990794,SUCCESS
d2f44d4c-acec-4b98-a2d5-ee70d6a4d30f,2026-07-26T21:40:09.155026+00:00,KNOT_DNS,knot_dns,dns_txt_update,156.3958749975427,SUCCESS
d2f44d4c-acec-4b98-a2d5-ee70d6a4d30f,2026-07-26T21:40:09.337394+00:00,KNOT_DNS,knot_dns,dns_txt_update,181.17429099947913,SUCCESS
d2f44d4c-acec-4b98-a2d5-ee70d6a4d30f,2026-07-26T21:40:09.337868+00:00,KNOT_DNS,publish,publish_service_metadata,340.1589170025545,SUCCESS
d2f44d4c-acec-4b98-a2d5-ee70d6a4d30f,2026-07-26T21:40:09.492232+00:00,KNOT_DNS,knot_dns,dns_txt_update,152.97583299980033,SUCCESS
d2f44d4c-acec-4b98-a2d5-ee70d6a4d30f,2026-07-26T21:40:10.547816+00:00,KNOT_DNS,knot_dns,dns_txt_update,1054.7726669974509,SUCCESS
d2f44d4c-acec-4b98-a2d5-ee70d6a4d30f,2026-07-26T21:40:10.548171+00:00,KNOT_DNS,publish,publish_provider_registry,1209.6794999961276,SUCCESS
d2f44d4c-acec-4b98-a2d5-ee70d6a4d30f,2026-07-26T21:40:10.565372+00:00,KNOT_DNS,knot_dns,dnssec_txt_resolve,16.843625002366025,SUCCESS
d2f44d4c-acec-4b98-a2d5-ee70d6a4d30f,2026-07-26T21:40:10.572274+00:00,KNOT_DNS,knot_dns,dnssec_txt_resolve,6.43862500146497,SUCCESS
d2f44d4c-acec-4b98-a2d5-ee70d6a4d30f,2026-07-26T21:40:10.572502+00:00,KNOT_DNS,discovery,broker_discovery,24.15308399940841,SUCCESS
d2f44d4c-acec-4b98-a2d5-ee70d6a4d30f,2026-07-26T21:40:10.573762+00:00,KNOT_DNS,dap,dap_create_capability,1.10599999607075,SUCCESS
d2f44d4c-acec-4b98-a2d5-ee70d6a4d30f,2026-07-26T21:40:10.575054+00:00,KNOT_DNS,dap,dap_encrypt_enc_cap,1.0777499992400408,SUCCESS
d2f44d4c-acec-4b98-a2d5-ee70d6a4d30f,2026-07-26T21:40:10.575460+00:00,KNOT_DNS,idap,client_session_init,0.24466699687764049,SUCCESS
d2f44d4c-acec-4b98-a2d5-ee70d6a4d30f,2026-07-26T21:40:10.575568+00:00,KNOT_DNS,idap,client_ephemeral_public_key,0.005875001079402864,SUCCESS
d2f44d4c-acec-4b98-a2d5-ee70d6a4d30f,2026-07-26T21:40:10.576167+00:00,KNOT_DNS,idap,client_request_sign,0.49862499872688204,SUCCESS
d2f44d4c-acec-4b98-a2d5-ee70d6a4d30f,2026-07-26T21:40:10.576290+00:00,KNOT_DNS,idap,canonical_request_payload,0.022833999537397176,SUCCESS
d2f44d4c-acec-4b98-a2d5-ee70d6a4d30f,2026-07-26T21:40:10.584812+00:00,KNOT_DNS,knot_dns,dnssec_txt_resolve,7.550791997346096,SUCCESS
d2f44d4c-acec-4b98-a2d5-ee70d6a4d30f,2026-07-26T21:40:10.592962+00:00,KNOT_DNS,knot_dns,dnssec_txt_resolve,7.59950000065146,SUCCESS
d2f44d4c-acec-4b98-a2d5-ee70d6a4d30f,2026-07-26T21:40:10.599819+00:00,KNOT_DNS,knot_dns,dnssec_txt_resolve,6.593040998268407,SUCCESS
d2f44d4c-acec-4b98-a2d5-ee70d6a4d30f,2026-07-26T21:40:10.607506+00:00,KNOT_DNS,knot_dns,dnssec_txt_resolve,7.444292001309805,SUCCESS
d2f44d4c-acec-4b98-a2d5-ee70d6a4d30f,2026-07-26T21:40:10.610039+00:00,KNOT_DNS,idap,idap_authorize,33.64237499772571,SUCCESS
d2f44d4c-acec-4b98-a2d5-ee70d6a4d30f,2026-07-26T21:40:10.619361+00:00,KNOT_DNS,knot_dns,dnssec_txt_resolve,8.544249998521991,SUCCESS
d2f44d4c-acec-4b98-a2d5-ee70d6a4d30f,2026-07-26T21:40:10.628605+00:00,KNOT_DNS,knot_dns,dnssec_txt_resolve,9.010125002532732,SUCCESS
d2f44d4c-acec-4b98-a2d5-ee70d6a4d30f,2026-07-26T21:40:10.638034+00:00,KNOT_DNS,knot_dns,dnssec_txt_resolve,9.20737500564428,SUCCESS
d2f44d4c-acec-4b98-a2d5-ee70d6a4d30f,2026-07-26T21:40:10.651039+00:00,KNOT_DNS,knot_dns,dnssec_txt_resolve,12.200958000903483,SUCCESS
d2f44d4c-acec-4b98-a2d5-ee70d6a4d30f,2026-07-26T21:40:10.654705+00:00,KNOT_DNS,idap,idap_replay_check,44.47258300206158,SUCCESS
d2f44d4c-acec-4b98-a2d5-ee70d6a4d30f,2026-07-26T21:40:10.666988+00:00,KNOT_DNS,knot_dns,dnssec_txt_resolve,12.05120799568249,SUCCESS
d2f44d4c-acec-4b98-a2d5-ee70d6a4d30f,2026-07-26T21:40:10.667215+00:00,KNOT_DNS,idap,resolve_service_public_key,12.3369580032886,SUCCESS
d2f44d4c-acec-4b98-a2d5-ee70d6a4d30f,2026-07-26T21:40:10.667382+00:00,KNOT_DNS,idap,compute_transcript,0.06475000554928556,SUCCESS
d2f44d4c-acec-4b98-a2d5-ee70d6a4d30f,2026-07-26T21:40:10.667960+00:00,KNOT_DNS,idap,transcript_verify,0.4883329966105521,SUCCESS
d2f44d4c-acec-4b98-a2d5-ee70d6a4d30f,2026-07-26T21:40:10.668407+00:00,KNOT_DNS,idap,client_shared_secret_derivation,0.360332996933721,SUCCESS
d2f44d4c-acec-4b98-a2d5-ee70d6a4d30f,2026-07-26T21:40:10.668518+00:00,KNOT_DNS,idap,client_session_key_derivation,0.03183299850206822,SUCCESS
d2f44d4c-acec-4b98-a2d5-ee70d6a4d30f,2026-07-26T21:40:10.668675+00:00,KNOT_DNS,crypto,encrypt_message,0.0530420002178289,SUCCESS
d2f44d4c-acec-4b98-a2d5-ee70d6a4d30f,2026-07-26T21:40:10.668768+00:00,KNOT_DNS,crypto,decrypt_message,0.012958000297658145,SUCCESS
d2f44d4c-acec-4b98-a2d5-ee70d6a4d30f,2026-07-26T21:40:10.669351+00:00,KNOT_DNS,tampering,tampered_request_sign,0.4504169992287643,SUCCESS
d2f44d4c-acec-4b98-a2d5-ee70d6a4d30f,2026-07-26T21:40:10.680414+00:00,KNOT_DNS,knot_dns,dnssec_txt_resolve,10.317332998965867,SUCCESS
d2f44d4c-acec-4b98-a2d5-ee70d6a4d30f,2026-07-26T21:40:10.691368+00:00,KNOT_DNS,knot_dns,dnssec_txt_resolve,10.681583000405226,SUCCESS
d2f44d4c-acec-4b98-a2d5-ee70d6a4d30f,2026-07-26T21:40:10.704181+00:00,KNOT_DNS,knot_dns,dnssec_txt_resolve,12.224333004269283,SUCCESS
d2f44d4c-acec-4b98-a2d5-ee70d6a4d30f,2026-07-26T21:40:10.719450+00:00,KNOT_DNS,knot_dns,dnssec_txt_resolve,14.43795799423242,SUCCESS
d2f44d4c-acec-4b98-a2d5-ee70d6a4d30f,2026-07-26T21:40:10.722611+00:00,KNOT_DNS,tampering,tampering_check,52.90387500281213,SUCCESS
d2f44d4c-acec-4b98-a2d5-ee70d6a4d30f,2026-07-26T21:40:10.722997+00:00,KNOT_DNS,summary,total_flow,2976.2137920042733,SUCCESS
3c2a9e33-3a63-43a5-8225-b21e2021d8cc,2026-07-26T21:40:10.839572+00:00,KNOT_DNS,startup,initialize_store,0.00404199818149209,SUCCESS
3c2a9e33-3a63-43a5-8225-b21e2021d8cc,2026-07-26T21:40:10.842105+00:00,KNOT_DNS,startup,generate_identity_cp,2.26762500096811,SUCCESS
3c2a9e33-3a63-43a5-8225-b21e2021d8cc,2026-07-26T21:40:10.842375+00:00,KNOT_DNS,startup,generate_identity_sp,0.2063329957309179,SUCCESS
3c2a9e33-3a63-43a5-8225-b21e2021d8cc,2026-07-26T21:40:10.842607+00:00,KNOT_DNS,startup,generate_identity_c1,0.18754099437501281,SUCCESS
3c2a9e33-3a63-43a5-8225-b21e2021d8cc,2026-07-26T21:40:10.842833+00:00,KNOT_DNS,startup,generate_identity_s1,0.18658299813978374,SUCCESS
3c2a9e33-3a63-43a5-8225-b21e2021d8cc,2026-07-26T21:40:11.027019+00:00,KNOT_DNS,knot_dns,dns_txt_update,183.90966700098943,SUCCESS
3c2a9e33-3a63-43a5-8225-b21e2021d8cc,2026-07-26T21:40:11.027247+00:00,KNOT_DNS,publish,publish_identity_cp,184.3502920019091,SUCCESS
3c2a9e33-3a63-43a5-8225-b21e2021d8cc,2026-07-26T21:40:11.182290+00:00,KNOT_DNS,knot_dns,dns_txt_update,154.76199999829987,SUCCESS
3c2a9e33-3a63-43a5-8225-b21e2021d8cc,2026-07-26T21:40:11.184524+00:00,KNOT_DNS,publish,publish_identity_sp,157.02020799653837,SUCCESS
3c2a9e33-3a63-43a5-8225-b21e2021d8cc,2026-07-26T21:40:11.336096+00:00,KNOT_DNS,knot_dns,dns_txt_update,151.2595840031281,SUCCESS
3c2a9e33-3a63-43a5-8225-b21e2021d8cc,2026-07-26T21:40:11.336321+00:00,KNOT_DNS,publish,publish_identity_c1,151.665083001717,SUCCESS
3c2a9e33-3a63-43a5-8225-b21e2021d8cc,2026-07-26T21:40:11.499124+00:00,KNOT_DNS,knot_dns,dns_txt_update,162.35095799493138,SUCCESS
3c2a9e33-3a63-43a5-8225-b21e2021d8cc,2026-07-26T21:40:11.499379+00:00,KNOT_DNS,publish,publish_identity_s1,162.80704100063303,SUCCESS
3c2a9e33-3a63-43a5-8225-b21e2021d8cc,2026-07-26T21:40:12.541418+00:00,KNOT_DNS,knot_dns,dns_txt_update,1041.5937500001746,SUCCESS
3c2a9e33-3a63-43a5-8225-b21e2021d8cc,2026-07-26T21:40:12.718867+00:00,KNOT_DNS,knot_dns,dns_txt_update,176.67858400091063,SUCCESS
3c2a9e33-3a63-43a5-8225-b21e2021d8cc,2026-07-26T21:40:12.719343+00:00,KNOT_DNS,publish,publish_service_metadata,1219.7572920049424,SUCCESS
3c2a9e33-3a63-43a5-8225-b21e2021d8cc,2026-07-26T21:40:12.869488+00:00,KNOT_DNS,knot_dns,dns_txt_update,148.81174999754876,SUCCESS
3c2a9e33-3a63-43a5-8225-b21e2021d8cc,2026-07-26T21:40:13.054631+00:00,KNOT_DNS,knot_dns,dns_txt_update,184.28279199724784,SUCCESS
3c2a9e33-3a63-43a5-8225-b21e2021d8cc,2026-07-26T21:40:13.055374+00:00,KNOT_DNS,publish,publish_provider_registry,335.6877920014085,SUCCESS
3c2a9e33-3a63-43a5-8225-b21e2021d8cc,2026-07-26T21:40:13.074433+00:00,KNOT_DNS,knot_dns,dnssec_txt_resolve,18.69854100368684,SUCCESS
3c2a9e33-3a63-43a5-8225-b21e2021d8cc,2026-07-26T21:40:13.087655+00:00,KNOT_DNS,knot_dns,dnssec_txt_resolve,12.781875004293397,SUCCESS
3c2a9e33-3a63-43a5-8225-b21e2021d8cc,2026-07-26T21:40:13.087924+00:00,KNOT_DNS,discovery,broker_discovery,32.32970800308976,SUCCESS
3c2a9e33-3a63-43a5-8225-b21e2021d8cc,2026-07-26T21:40:13.089615+00:00,KNOT_DNS,dap,dap_create_capability,1.2566250006784685,SUCCESS
3c2a9e33-3a63-43a5-8225-b21e2021d8cc,2026-07-26T21:40:13.091330+00:00,KNOT_DNS,dap,dap_encrypt_enc_cap,1.2121249965275638,SUCCESS
3c2a9e33-3a63-43a5-8225-b21e2021d8cc,2026-07-26T21:40:13.092090+00:00,KNOT_DNS,idap,client_session_init,0.30700000206707045,SUCCESS
3c2a9e33-3a63-43a5-8225-b21e2021d8cc,2026-07-26T21:40:13.092334+00:00,KNOT_DNS,idap,client_ephemeral_public_key,0.00916700082598254,SUCCESS
3c2a9e33-3a63-43a5-8225-b21e2021d8cc,2026-07-26T21:40:13.092947+00:00,KNOT_DNS,idap,client_request_sign,0.4882499997620471,SUCCESS
3c2a9e33-3a63-43a5-8225-b21e2021d8cc,2026-07-26T21:40:13.093077+00:00,KNOT_DNS,idap,canonical_request_payload,0.03279100201325491,SUCCESS
3c2a9e33-3a63-43a5-8225-b21e2021d8cc,2026-07-26T21:40:13.104166+00:00,KNOT_DNS,knot_dns,dnssec_txt_resolve,10.27066700044088,SUCCESS
3c2a9e33-3a63-43a5-8225-b21e2021d8cc,2026-07-26T21:40:13.112447+00:00,KNOT_DNS,knot_dns,dnssec_txt_resolve,7.891959001426585,SUCCESS
3c2a9e33-3a63-43a5-8225-b21e2021d8cc,2026-07-26T21:40:13.122381+00:00,KNOT_DNS,knot_dns,dnssec_txt_resolve,9.570250003889669,SUCCESS
3c2a9e33-3a63-43a5-8225-b21e2021d8cc,2026-07-26T21:40:13.132610+00:00,KNOT_DNS,knot_dns,dnssec_txt_resolve,9.874833005596884,SUCCESS
3c2a9e33-3a63-43a5-8225-b21e2021d8cc,2026-07-26T21:40:13.135864+00:00,KNOT_DNS,idap,idap_authorize,42.64241700002458,SUCCESS
3c2a9e33-3a63-43a5-8225-b21e2021d8cc,2026-07-26T21:40:13.145818+00:00,KNOT_DNS,knot_dns,dnssec_txt_resolve,9.163707996776793,SUCCESS
3c2a9e33-3a63-43a5-8225-b21e2021d8cc,2026-07-26T21:40:13.156019+00:00,KNOT_DNS,knot_dns,dnssec_txt_resolve,10.003249997680541,SUCCESS
3c2a9e33-3a63-43a5-8225-b21e2021d8cc,2026-07-26T21:40:13.166488+00:00,KNOT_DNS,knot_dns,dnssec_txt_resolve,10.169833003601525,SUCCESS
3c2a9e33-3a63-43a5-8225-b21e2021d8cc,2026-07-26T21:40:13.177215+00:00,KNOT_DNS,knot_dns,dnssec_txt_resolve,10.395124998467509,SUCCESS
3c2a9e33-3a63-43a5-8225-b21e2021d8cc,2026-07-26T21:40:13.179209+00:00,KNOT_DNS,idap,idap_replay_check,43.17987499962328,SUCCESS
3c2a9e33-3a63-43a5-8225-b21e2021d8cc,2026-07-26T21:40:13.189178+00:00,KNOT_DNS,knot_dns,dnssec_txt_resolve,9.776166996743996,SUCCESS
3c2a9e33-3a63-43a5-8225-b21e2021d8cc,2026-07-26T21:40:13.189428+00:00,KNOT_DNS,idap,resolve_service_public_key,10.065374997793697,SUCCESS
3c2a9e33-3a63-43a5-8225-b21e2021d8cc,2026-07-26T21:40:13.189608+00:00,KNOT_DNS,idap,compute_transcript,0.03712499892571941,SUCCESS
3c2a9e33-3a63-43a5-8225-b21e2021d8cc,2026-07-26T21:40:13.190271+00:00,KNOT_DNS,idap,transcript_verify,0.5604580001090653,SUCCESS
3c2a9e33-3a63-43a5-8225-b21e2021d8cc,2026-07-26T21:40:13.190780+00:00,KNOT_DNS,idap,client_shared_secret_derivation,0.40958300087368116,SUCCESS
3c2a9e33-3a63-43a5-8225-b21e2021d8cc,2026-07-26T21:40:13.190895+00:00,KNOT_DNS,idap,client_session_key_derivation,0.026084002456627786,SUCCESS
3c2a9e33-3a63-43a5-8225-b21e2021d8cc,2026-07-26T21:40:13.191049+00:00,KNOT_DNS,crypto,encrypt_message,0.03329200262669474,SUCCESS
3c2a9e33-3a63-43a5-8225-b21e2021d8cc,2026-07-26T21:40:13.191156+00:00,KNOT_DNS,crypto,decrypt_message,0.015083001926541328,SUCCESS
3c2a9e33-3a63-43a5-8225-b21e2021d8cc,2026-07-26T21:40:13.191802+00:00,KNOT_DNS,tampering,tampered_request_sign,0.5051250045653433,SUCCESS
3c2a9e33-3a63-43a5-8225-b21e2021d8cc,2026-07-26T21:40:13.206310+00:00,KNOT_DNS,knot_dns,dnssec_txt_resolve,13.532959004805889,SUCCESS
3c2a9e33-3a63-43a5-8225-b21e2021d8cc,2026-07-26T21:40:13.222680+00:00,KNOT_DNS,knot_dns,dnssec_txt_resolve,15.703625002061017,SUCCESS
3c2a9e33-3a63-43a5-8225-b21e2021d8cc,2026-07-26T21:40:13.234497+00:00,KNOT_DNS,knot_dns,dnssec_txt_resolve,11.295208001683932,SUCCESS
3c2a9e33-3a63-43a5-8225-b21e2021d8cc,2026-07-26T21:40:13.244322+00:00,KNOT_DNS,knot_dns,dnssec_txt_resolve,9.47450000239769,SUCCESS
3c2a9e33-3a63-43a5-8225-b21e2021d8cc,2026-07-26T21:40:13.246398+00:00,KNOT_DNS,tampering,tampering_check,54.38074999983655,SUCCESS
3c2a9e33-3a63-43a5-8225-b21e2021d8cc,2026-07-26T21:40:13.246651+00:00,KNOT_DNS,summary,total_flow,2407.163584000955,SUCCESS
0e6da4fb-0221-403c-b4e9-99df11870b90,2026-07-26T21:40:13.354240+00:00,KNOT_DNS,startup,initialize_store,0.0038750004023313522,SUCCESS
0e6da4fb-0221-403c-b4e9-99df11870b90,2026-07-26T21:40:13.356885+00:00,KNOT_DNS,startup,generate_identity_cp,2.329916002054233,SUCCESS
0e6da4fb-0221-403c-b4e9-99df11870b90,2026-07-26T21:40:13.357146+00:00,KNOT_DNS,startup,generate_identity_sp,0.18520800222177058,SUCCESS
0e6da4fb-0221-403c-b4e9-99df11870b90,2026-07-26T21:40:13.357367+00:00,KNOT_DNS,startup,generate_identity_c1,0.17629200010560453,SUCCESS
0e6da4fb-0221-403c-b4e9-99df11870b90,2026-07-26T21:40:13.357599+00:00,KNOT_DNS,startup,generate_identity_s1,0.1915419998113066,SUCCESS
0e6da4fb-0221-403c-b4e9-99df11870b90,2026-07-26T21:40:13.503902+00:00,KNOT_DNS,knot_dns,dns_txt_update,146.07775000331458,SUCCESS
0e6da4fb-0221-403c-b4e9-99df11870b90,2026-07-26T21:40:13.504065+00:00,KNOT_DNS,publish,publish_identity_cp,146.41512499656528,SUCCESS
0e6da4fb-0221-403c-b4e9-99df11870b90,2026-07-26T21:40:13.640550+00:00,KNOT_DNS,knot_dns,dns_txt_update,136.34087500395253,SUCCESS
0e6da4fb-0221-403c-b4e9-99df11870b90,2026-07-26T21:40:13.640673+00:00,KNOT_DNS,publish,publish_identity_sp,136.55162500072038,SUCCESS
0e6da4fb-0221-403c-b4e9-99df11870b90,2026-07-26T21:40:13.776828+00:00,KNOT_DNS,knot_dns,dns_txt_update,135.96029200562043,SUCCESS
0e6da4fb-0221-403c-b4e9-99df11870b90,2026-07-26T21:40:13.776971+00:00,KNOT_DNS,publish,publish_identity_c1,136.23858299979474,SUCCESS
0e6da4fb-0221-403c-b4e9-99df11870b90,2026-07-26T21:40:13.915965+00:00,KNOT_DNS,knot_dns,dns_txt_update,138.79462499608053,SUCCESS
0e6da4fb-0221-403c-b4e9-99df11870b90,2026-07-26T21:40:13.916126+00:00,KNOT_DNS,publish,publish_identity_s1,139.0967500046827,SUCCESS
0e6da4fb-0221-403c-b4e9-99df11870b90,2026-07-26T21:40:14.051496+00:00,KNOT_DNS,knot_dns,dns_txt_update,135.03783300257055,SUCCESS
0e6da4fb-0221-403c-b4e9-99df11870b90,2026-07-26T21:40:14.225224+00:00,KNOT_DNS,knot_dns,dns_txt_update,173.25462500593858,SUCCESS
0e6da4fb-0221-403c-b4e9-99df11870b90,2026-07-26T21:40:14.225484+00:00,KNOT_DNS,publish,publish_service_metadata,309.2660420006723,SUCCESS
0e6da4fb-0221-403c-b4e9-99df11870b90,2026-07-26T21:40:14.380879+00:00,KNOT_DNS,knot_dns,dns_txt_update,154.8137920035515,SUCCESS
0e6da4fb-0221-403c-b4e9-99df11870b90,2026-07-26T21:40:15.424618+00:00,KNOT_DNS,knot_dns,dns_txt_update,1042.623666995496,SUCCESS
0e6da4fb-0221-403c-b4e9-99df11870b90,2026-07-26T21:40:15.425335+00:00,KNOT_DNS,publish,publish_provider_registry,1199.435041002289,SUCCESS
0e6da4fb-0221-403c-b4e9-99df11870b90,2026-07-26T21:40:15.442372+00:00,KNOT_DNS,knot_dns,dnssec_txt_resolve,16.554542002268136,SUCCESS
0e6da4fb-0221-403c-b4e9-99df11870b90,2026-07-26T21:40:15.452040+00:00,KNOT_DNS,knot_dns,dnssec_txt_resolve,9.19133300340036,SUCCESS
0e6da4fb-0221-403c-b4e9-99df11870b90,2026-07-26T21:40:15.452264+00:00,KNOT_DNS,discovery,broker_discovery,26.62904199678451,SUCCESS
0e6da4fb-0221-403c-b4e9-99df11870b90,2026-07-26T21:40:15.453286+00:00,KNOT_DNS,dap,dap_create_capability,0.8900829998310655,SUCCESS
0e6da4fb-0221-403c-b4e9-99df11870b90,2026-07-26T21:40:15.454337+00:00,KNOT_DNS,dap,dap_encrypt_enc_cap,0.8677500009071082,SUCCESS
0e6da4fb-0221-403c-b4e9-99df11870b90,2026-07-26T21:40:15.454629+00:00,KNOT_DNS,idap,client_session_init,0.16233399946941063,SUCCESS
0e6da4fb-0221-403c-b4e9-99df11870b90,2026-07-26T21:40:15.454756+00:00,KNOT_DNS,idap,client_ephemeral_public_key,0.005916997906751931,SUCCESS
0e6da4fb-0221-403c-b4e9-99df11870b90,2026-07-26T21:40:15.455275+00:00,KNOT_DNS,idap,client_request_sign,0.3247499989811331,SUCCESS
0e6da4fb-0221-403c-b4e9-99df11870b90,2026-07-26T21:40:15.455403+00:00,KNOT_DNS,idap,canonical_request_payload,0.0599590057390742,SUCCESS
0e6da4fb-0221-403c-b4e9-99df11870b90,2026-07-26T21:40:15.469329+00:00,KNOT_DNS,knot_dns,dnssec_txt_resolve,13.285624998388812,SUCCESS
0e6da4fb-0221-403c-b4e9-99df11870b90,2026-07-26T21:40:15.478886+00:00,KNOT_DNS,knot_dns,dnssec_txt_resolve,9.243041997251566,SUCCESS
0e6da4fb-0221-403c-b4e9-99df11870b90,2026-07-26T21:40:15.486415+00:00,KNOT_DNS,knot_dns,dnssec_txt_resolve,7.287708998774178,SUCCESS
0e6da4fb-0221-403c-b4e9-99df11870b90,2026-07-26T21:40:15.491476+00:00,KNOT_DNS,knot_dns,dnssec_txt_resolve,4.850917001022026,SUCCESS
0e6da4fb-0221-403c-b4e9-99df11870b90,2026-07-26T21:40:15.493329+00:00,KNOT_DNS,idap,idap_authorize,37.843833000806626,SUCCESS
0e6da4fb-0221-403c-b4e9-99df11870b90,2026-07-26T21:40:15.501366+00:00,KNOT_DNS,knot_dns,dnssec_txt_resolve,7.510749994253274,SUCCESS
0e6da4fb-0221-403c-b4e9-99df11870b90,2026-07-26T21:40:15.509151+00:00,KNOT_DNS,knot_dns,dnssec_txt_resolve,7.5898330032941885,SUCCESS
0e6da4fb-0221-403c-b4e9-99df11870b90,2026-07-26T21:40:15.516872+00:00,KNOT_DNS,knot_dns,dnssec_txt_resolve,7.531542003562208,SUCCESS
0e6da4fb-0221-403c-b4e9-99df11870b90,2026-07-26T21:40:15.524997+00:00,KNOT_DNS,knot_dns,dnssec_txt_resolve,7.953499996801838,SUCCESS
0e6da4fb-0221-403c-b4e9-99df11870b90,2026-07-26T21:40:15.526269+00:00,KNOT_DNS,idap,idap_replay_check,32.8219170041848,SUCCESS
0e6da4fb-0221-403c-b4e9-99df11870b90,2026-07-26T21:40:15.534383+00:00,KNOT_DNS,knot_dns,dnssec_txt_resolve,7.9670840059407055,SUCCESS
0e6da4fb-0221-403c-b4e9-99df11870b90,2026-07-26T21:40:15.534508+00:00,KNOT_DNS,idap,resolve_service_public_key,8.121291000861675,SUCCESS
0e6da4fb-0221-403c-b4e9-99df11870b90,2026-07-26T21:40:15.534608+00:00,KNOT_DNS,idap,compute_transcript,0.028750000637955964,SUCCESS
0e6da4fb-0221-403c-b4e9-99df11870b90,2026-07-26T21:40:15.535032+00:00,KNOT_DNS,idap,transcript_verify,0.3610420026234351,SUCCESS
0e6da4fb-0221-403c-b4e9-99df11870b90,2026-07-26T21:40:15.535355+00:00,KNOT_DNS,idap,client_shared_secret_derivation,0.2641669998411089,SUCCESS
0e6da4fb-0221-403c-b4e9-99df11870b90,2026-07-26T21:40:15.535432+00:00,KNOT_DNS,idap,client_session_key_derivation,0.02270800177939236,SUCCESS
0e6da4fb-0221-403c-b4e9-99df11870b90,2026-07-26T21:40:15.535531+00:00,KNOT_DNS,crypto,encrypt_message,0.02600000152597204,SUCCESS
0e6da4fb-0221-403c-b4e9-99df11870b90,2026-07-26T21:40:15.535599+00:00,KNOT_DNS,crypto,decrypt_message,0.008875002095010132,SUCCESS
0e6da4fb-0221-403c-b4e9-99df11870b90,2026-07-26T21:40:15.536008+00:00,KNOT_DNS,tampering,tampered_request_sign,0.31925000075716525,SUCCESS
0e6da4fb-0221-403c-b4e9-99df11870b90,2026-07-26T21:40:15.542741+00:00,KNOT_DNS,knot_dns,dnssec_txt_resolve,6.220292001671623,SUCCESS
0e6da4fb-0221-403c-b4e9-99df11870b90,2026-07-26T21:40:15.551017+00:00,KNOT_DNS,knot_dns,dnssec_txt_resolve,8.11000000248896,SUCCESS
0e6da4fb-0221-403c-b4e9-99df11870b90,2026-07-26T21:40:15.576012+00:00,KNOT_DNS,knot_dns,dnssec_txt_resolve,24.752207995334174,SUCCESS
0e6da4fb-0221-403c-b4e9-99df11870b90,2026-07-26T21:40:15.593143+00:00,KNOT_DNS,knot_dns,dnssec_txt_resolve,16.84170899534365,SUCCESS
0e6da4fb-0221-403c-b4e9-99df11870b90,2026-07-26T21:40:15.594079+00:00,KNOT_DNS,tampering,tampering_check,57.99300000217045,SUCCESS
0e6da4fb-0221-403c-b4e9-99df11870b90,2026-07-26T21:40:15.594146+00:00,KNOT_DNS,summary,total_flow,2240.0153749986202,SUCCESS
193107de-cc16-4d26-963e-b90e23ff6726,2026-07-26T21:40:15.784111+00:00,KNOT_DNS,startup,initialize_store,0.004166002327110618,SUCCESS
193107de-cc16-4d26-963e-b90e23ff6726,2026-07-26T21:40:15.786829+00:00,KNOT_DNS,startup,generate_identity_cp,2.379917001235299,SUCCESS
193107de-cc16-4d26-963e-b90e23ff6726,2026-07-26T21:40:15.787094+00:00,KNOT_DNS,startup,generate_identity_sp,0.1986659990507178,SUCCESS
193107de-cc16-4d26-963e-b90e23ff6726,2026-07-26T21:40:15.787321+00:00,KNOT_DNS,startup,generate_identity_c1,0.18687499687075615,SUCCESS
193107de-cc16-4d26-963e-b90e23ff6726,2026-07-26T21:40:15.787543+00:00,KNOT_DNS,startup,generate_identity_s1,0.18437500693835318,SUCCESS
193107de-cc16-4d26-963e-b90e23ff6726,2026-07-26T21:40:15.941939+00:00,KNOT_DNS,knot_dns,dns_txt_update,154.0915000005043,SUCCESS
193107de-cc16-4d26-963e-b90e23ff6726,2026-07-26T21:40:15.942146+00:00,KNOT_DNS,publish,publish_identity_cp,154.54008300002897,SUCCESS
193107de-cc16-4d26-963e-b90e23ff6726,2026-07-26T21:40:16.078799+00:00,KNOT_DNS,knot_dns,dns_txt_update,136.35016699845437,SUCCESS
193107de-cc16-4d26-963e-b90e23ff6726,2026-07-26T21:40:16.079028+00:00,KNOT_DNS,publish,publish_identity_sp,136.78991699998733,SUCCESS
193107de-cc16-4d26-963e-b90e23ff6726,2026-07-26T21:40:16.232667+00:00,KNOT_DNS,knot_dns,dns_txt_update,153.38029200211167,SUCCESS
193107de-cc16-4d26-963e-b90e23ff6726,2026-07-26T21:40:16.232868+00:00,KNOT_DNS,publish,publish_identity_c1,153.75800000037998,SUCCESS
193107de-cc16-4d26-963e-b90e23ff6726,2026-07-26T21:40:16.381489+00:00,KNOT_DNS,knot_dns,dns_txt_update,148.2778329955181,SUCCESS
193107de-cc16-4d26-963e-b90e23ff6726,2026-07-26T21:40:16.381726+00:00,KNOT_DNS,publish,publish_identity_s1,148.7624590008636,SUCCESS
193107de-cc16-4d26-963e-b90e23ff6726,2026-07-26T21:40:17.439769+00:00,KNOT_DNS,knot_dns,dns_txt_update,1057.215166001697,SUCCESS
193107de-cc16-4d26-963e-b90e23ff6726,2026-07-26T21:40:17.615245+00:00,KNOT_DNS,knot_dns,dns_txt_update,173.98133400274673,SUCCESS
193107de-cc16-4d26-963e-b90e23ff6726,2026-07-26T21:40:17.616052+00:00,KNOT_DNS,publish,publish_service_metadata,1233.997959003318,SUCCESS
193107de-cc16-4d26-963e-b90e23ff6726,2026-07-26T21:40:17.765511+00:00,KNOT_DNS,knot_dns,dns_txt_update,148.2992499950342,SUCCESS
193107de-cc16-4d26-963e-b90e23ff6726,2026-07-26T21:40:17.949573+00:00,KNOT_DNS,knot_dns,dns_txt_update,182.26616700121667,SUCCESS
193107de-cc16-4d26-963e-b90e23ff6726,2026-07-26T21:40:17.949974+00:00,KNOT_DNS,publish,publish_provider_registry,333.55545900121797,SUCCESS
193107de-cc16-4d26-963e-b90e23ff6726,2026-07-26T21:40:17.965810+00:00,KNOT_DNS,knot_dns,dnssec_txt_resolve,15.519666994805448,SUCCESS
193107de-cc16-4d26-963e-b90e23ff6726,2026-07-26T21:40:17.973498+00:00,KNOT_DNS,knot_dns,dnssec_txt_resolve,7.33287500042934,SUCCESS
193107de-cc16-4d26-963e-b90e23ff6726,2026-07-26T21:40:17.973823+00:00,KNOT_DNS,discovery,broker_discovery,23.602667002705857,SUCCESS
193107de-cc16-4d26-963e-b90e23ff6726,2026-07-26T21:40:17.975372+00:00,KNOT_DNS,dap,dap_create_capability,1.211000002513174,SUCCESS
193107de-cc16-4d26-963e-b90e23ff6726,2026-07-26T21:40:17.976894+00:00,KNOT_DNS,dap,dap_encrypt_enc_cap,1.1622500023804605,SUCCESS
193107de-cc16-4d26-963e-b90e23ff6726,2026-07-26T21:40:17.977343+00:00,KNOT_DNS,idap,client_session_init,0.21187499805819243,SUCCESS
193107de-cc16-4d26-963e-b90e23ff6726,2026-07-26T21:40:17.977445+00:00,KNOT_DNS,idap,client_ephemeral_public_key,0.006250003934837878,SUCCESS
193107de-cc16-4d26-963e-b90e23ff6726,2026-07-26T21:40:17.977913+00:00,KNOT_DNS,idap,client_request_sign,0.3822090002358891,SUCCESS
193107de-cc16-4d26-963e-b90e23ff6726,2026-07-26T21:40:17.978087+00:00,KNOT_DNS,idap,canonical_request_payload,0.06154099537525326,SUCCESS
193107de-cc16-4d26-963e-b90e23ff6726,2026-07-26T21:40:17.987526+00:00,KNOT_DNS,knot_dns,dnssec_txt_resolve,8.639874999062158,SUCCESS
193107de-cc16-4d26-963e-b90e23ff6726,2026-07-26T21:40:17.995932+00:00,KNOT_DNS,knot_dns,dnssec_txt_resolve,8.130875001370441,SUCCESS
193107de-cc16-4d26-963e-b90e23ff6726,2026-07-26T21:40:18.002718+00:00,KNOT_DNS,knot_dns,dnssec_txt_resolve,6.550250000145752,SUCCESS
193107de-cc16-4d26-963e-b90e23ff6726,2026-07-26T21:40:18.010717+00:00,KNOT_DNS,knot_dns,dnssec_txt_resolve,7.80504199792631,SUCCESS
193107de-cc16-4d26-963e-b90e23ff6726,2026-07-26T21:40:18.013457+00:00,KNOT_DNS,idap,idap_authorize,35.245541999756824,SUCCESS
193107de-cc16-4d26-963e-b90e23ff6726,2026-07-26T21:40:18.022309+00:00,KNOT_DNS,knot_dns,dnssec_txt_resolve,8.114625001326203,SUCCESS
193107de-cc16-4d26-963e-b90e23ff6726,2026-07-26T21:40:18.030921+00:00,KNOT_DNS,knot_dns,dnssec_txt_resolve,8.450458997685928,SUCCESS
193107de-cc16-4d26-963e-b90e23ff6726,2026-07-26T21:40:18.040026+00:00,KNOT_DNS,knot_dns,dnssec_txt_resolve,8.941542000684422,SUCCESS
193107de-cc16-4d26-963e-b90e23ff6726,2026-07-26T21:40:18.050293+00:00,KNOT_DNS,knot_dns,dnssec_txt_resolve,10.107499998412095,SUCCESS
193107de-cc16-4d26-963e-b90e23ff6726,2026-07-26T21:40:18.052158+00:00,KNOT_DNS,idap,idap_replay_check,38.57075000269106,SUCCESS
193107de-cc16-4d26-963e-b90e23ff6726,2026-07-26T21:40:18.061473+00:00,KNOT_DNS,knot_dns,dnssec_txt_resolve,9.17200000549201,SUCCESS
193107de-cc16-4d26-963e-b90e23ff6726,2026-07-26T21:40:18.061610+00:00,KNOT_DNS,idap,resolve_service_public_key,9.33200000145007,SUCCESS
193107de-cc16-4d26-963e-b90e23ff6726,2026-07-26T21:40:18.061723+00:00,KNOT_DNS,idap,compute_transcript,0.028208000003360212,SUCCESS
193107de-cc16-4d26-963e-b90e23ff6726,2026-07-26T21:40:18.062280+00:00,KNOT_DNS,idap,transcript_verify,0.4750840016640723,SUCCESS
193107de-cc16-4d26-963e-b90e23ff6726,2026-07-26T21:40:18.062711+00:00,KNOT_DNS,idap,client_shared_secret_derivation,0.35187499452149495,SUCCESS
193107de-cc16-4d26-963e-b90e23ff6726,2026-07-26T21:40:18.062811+00:00,KNOT_DNS,idap,client_session_key_derivation,0.02483299613231793,SUCCESS
193107de-cc16-4d26-963e-b90e23ff6726,2026-07-26T21:40:18.062945+00:00,KNOT_DNS,crypto,encrypt_message,0.03683400427689776,SUCCESS
193107de-cc16-4d26-963e-b90e23ff6726,2026-07-26T21:40:18.063033+00:00,KNOT_DNS,crypto,decrypt_message,0.011707998055499047,SUCCESS
193107de-cc16-4d26-963e-b90e23ff6726,2026-07-26T21:40:18.063596+00:00,KNOT_DNS,tampering,tampered_request_sign,0.43616600305540487,SUCCESS
193107de-cc16-4d26-963e-b90e23ff6726,2026-07-26T21:40:18.074545+00:00,KNOT_DNS,knot_dns,dnssec_txt_resolve,10.201292003330309,SUCCESS
193107de-cc16-4d26-963e-b90e23ff6726,2026-07-26T21:40:18.085740+00:00,KNOT_DNS,knot_dns,dnssec_txt_resolve,10.831833998963702,SUCCESS
193107de-cc16-4d26-963e-b90e23ff6726,2026-07-26T21:40:18.099395+00:00,KNOT_DNS,knot_dns,dnssec_txt_resolve,13.13487500010524,SUCCESS
193107de-cc16-4d26-963e-b90e23ff6726,2026-07-26T21:40:18.113540+00:00,KNOT_DNS,knot_dns,dnssec_txt_resolve,13.582749998022337,SUCCESS
193107de-cc16-4d26-963e-b90e23ff6726,2026-07-26T21:40:18.116263+00:00,KNOT_DNS,tampering,tampering_check,52.29166700155474,SUCCESS
193107de-cc16-4d26-963e-b90e23ff6726,2026-07-26T21:40:18.116622+00:00,KNOT_DNS,summary,total_flow,2332.5140410015592,SUCCESS
8d25cfbb-773e-4987-b6d8-e3f172833ba7,2026-07-26T21:40:18.237009+00:00,KNOT_DNS,startup,initialize_store,0.0035420016502030194,SUCCESS
8d25cfbb-773e-4987-b6d8-e3f172833ba7,2026-07-26T21:40:18.240015+00:00,KNOT_DNS,startup,generate_identity_cp,2.6629170024534687,SUCCESS
8d25cfbb-773e-4987-b6d8-e3f172833ba7,2026-07-26T21:40:18.240315+00:00,KNOT_DNS,startup,generate_identity_sp,0.20362500072224066,SUCCESS
8d25cfbb-773e-4987-b6d8-e3f172833ba7,2026-07-26T21:40:18.240548+00:00,KNOT_DNS,startup,generate_identity_c1,0.18779100355459377,SUCCESS
8d25cfbb-773e-4987-b6d8-e3f172833ba7,2026-07-26T21:40:18.240774+00:00,KNOT_DNS,startup,generate_identity_s1,0.18537500000093132,SUCCESS
8d25cfbb-773e-4987-b6d8-e3f172833ba7,2026-07-26T21:40:18.422173+00:00,KNOT_DNS,knot_dns,dns_txt_update,181.0972499952186,SUCCESS
8d25cfbb-773e-4987-b6d8-e3f172833ba7,2026-07-26T21:40:18.422428+00:00,KNOT_DNS,publish,publish_identity_cp,181.58341699745506,SUCCESS
8d25cfbb-773e-4987-b6d8-e3f172833ba7,2026-07-26T21:40:19.517699+00:00,KNOT_DNS,knot_dns,dns_txt_update,1094.768999995722,SUCCESS
8d25cfbb-773e-4987-b6d8-e3f172833ba7,2026-07-26T21:40:19.517997+00:00,KNOT_DNS,publish,publish_identity_sp,1095.335708996572,SUCCESS
8d25cfbb-773e-4987-b6d8-e3f172833ba7,2026-07-26T21:40:19.671479+00:00,KNOT_DNS,knot_dns,dns_txt_update,152.9625000039232,SUCCESS
8d25cfbb-773e-4987-b6d8-e3f172833ba7,2026-07-26T21:40:19.674329+00:00,KNOT_DNS,publish,publish_identity_c1,155.97170899854973,SUCCESS
8d25cfbb-773e-4987-b6d8-e3f172833ba7,2026-07-26T21:40:19.828445+00:00,KNOT_DNS,knot_dns,dns_txt_update,153.61462500004563,SUCCESS
8d25cfbb-773e-4987-b6d8-e3f172833ba7,2026-07-26T21:40:19.828635+00:00,KNOT_DNS,publish,publish_identity_s1,153.98983300110558,SUCCESS
8d25cfbb-773e-4987-b6d8-e3f172833ba7,2026-07-26T21:40:19.975348+00:00,KNOT_DNS,knot_dns,dns_txt_update,146.12870799464872,SUCCESS
8d25cfbb-773e-4987-b6d8-e3f172833ba7,2026-07-26T21:40:20.150078+00:00,KNOT_DNS,knot_dns,dns_txt_update,173.85612500220304,SUCCESS
8d25cfbb-773e-4987-b6d8-e3f172833ba7,2026-07-26T21:40:20.150576+00:00,KNOT_DNS,publish,publish_service_metadata,321.5917499983334,SUCCESS
8d25cfbb-773e-4987-b6d8-e3f172833ba7,2026-07-26T21:40:20.293571+00:00,KNOT_DNS,knot_dns,dns_txt_update,142.16866700007813,SUCCESS
8d25cfbb-773e-4987-b6d8-e3f172833ba7,2026-07-26T21:40:20.472995+00:00,KNOT_DNS,knot_dns,dns_txt_update,178.34958299499704,SUCCESS
8d25cfbb-773e-4987-b6d8-e3f172833ba7,2026-07-26T21:40:20.473471+00:00,KNOT_DNS,publish,publish_provider_registry,322.53629200567957,SUCCESS
8d25cfbb-773e-4987-b6d8-e3f172833ba7,2026-07-26T21:40:20.488502+00:00,KNOT_DNS,knot_dns,dnssec_txt_resolve,14.708124996104743,SUCCESS
8d25cfbb-773e-4987-b6d8-e3f172833ba7,2026-07-26T21:40:20.495537+00:00,KNOT_DNS,knot_dns,dnssec_txt_resolve,6.7732919997069985,SUCCESS
8d25cfbb-773e-4987-b6d8-e3f172833ba7,2026-07-26T21:40:20.495697+00:00,KNOT_DNS,discovery,broker_discovery,22.024166995834094,SUCCESS
8d25cfbb-773e-4987-b6d8-e3f172833ba7,2026-07-26T21:40:20.496942+00:00,KNOT_DNS,dap,dap_create_capability,1.096540996513795,SUCCESS
8d25cfbb-773e-4987-b6d8-e3f172833ba7,2026-07-26T21:40:20.498180+00:00,KNOT_DNS,dap,dap_encrypt_enc_cap,1.0544579999987036,SUCCESS
8d25cfbb-773e-4987-b6d8-e3f172833ba7,2026-07-26T21:40:20.498580+00:00,KNOT_DNS,idap,client_session_init,0.24779100203886628,SUCCESS
8d25cfbb-773e-4987-b6d8-e3f172833ba7,2026-07-26T21:40:20.498679+00:00,KNOT_DNS,idap,client_ephemeral_public_key,0.006082998879719526,SUCCESS
8d25cfbb-773e-4987-b6d8-e3f172833ba7,2026-07-26T21:40:20.499268+00:00,KNOT_DNS,idap,client_request_sign,0.500916998134926,SUCCESS
8d25cfbb-773e-4987-b6d8-e3f172833ba7,2026-07-26T21:40:20.499381+00:00,KNOT_DNS,idap,canonical_request_payload,0.02699999458855018,SUCCESS
8d25cfbb-773e-4987-b6d8-e3f172833ba7,2026-07-26T21:40:20.510071+00:00,KNOT_DNS,knot_dns,dnssec_txt_resolve,9.791708005650435,SUCCESS
8d25cfbb-773e-4987-b6d8-e3f172833ba7,2026-07-26T21:40:20.520858+00:00,KNOT_DNS,knot_dns,dnssec_txt_resolve,10.397250000096392,SUCCESS
8d25cfbb-773e-4987-b6d8-e3f172833ba7,2026-07-26T21:40:20.531542+00:00,KNOT_DNS,knot_dns,dnssec_txt_resolve,10.370916003012098,SUCCESS
8d25cfbb-773e-4987-b6d8-e3f172833ba7,2026-07-26T21:40:20.540837+00:00,KNOT_DNS,knot_dns,dnssec_txt_resolve,9.01141700160224,SUCCESS
8d25cfbb-773e-4987-b6d8-e3f172833ba7,2026-07-26T21:40:20.544043+00:00,KNOT_DNS,idap,idap_authorize,44.5441660049255,SUCCESS
8d25cfbb-773e-4987-b6d8-e3f172833ba7,2026-07-26T21:40:20.554801+00:00,KNOT_DNS,knot_dns,dnssec_txt_resolve,9.947583006578498,SUCCESS
8d25cfbb-773e-4987-b6d8-e3f172833ba7,2026-07-26T21:40:20.564678+00:00,KNOT_DNS,knot_dns,dnssec_txt_resolve,9.624583995901048,SUCCESS
8d25cfbb-773e-4987-b6d8-e3f172833ba7,2026-07-26T21:40:20.576723+00:00,KNOT_DNS,knot_dns,dnssec_txt_resolve,11.833666998427361,SUCCESS
8d25cfbb-773e-4987-b6d8-e3f172833ba7,2026-07-26T21:40:20.593014+00:00,KNOT_DNS,knot_dns,dnssec_txt_resolve,16.086000003269874,SUCCESS
8d25cfbb-773e-4987-b6d8-e3f172833ba7,2026-07-26T21:40:20.594692+00:00,KNOT_DNS,idap,idap_replay_check,50.51879100210499,SUCCESS
8d25cfbb-773e-4987-b6d8-e3f172833ba7,2026-07-26T21:40:20.606218+00:00,KNOT_DNS,knot_dns,dnssec_txt_resolve,11.353167006745934,SUCCESS
8d25cfbb-773e-4987-b6d8-e3f172833ba7,2026-07-26T21:40:20.606402+00:00,KNOT_DNS,idap,resolve_service_public_key,11.595374999160413,SUCCESS
8d25cfbb-773e-4987-b6d8-e3f172833ba7,2026-07-26T21:40:20.606529+00:00,KNOT_DNS,idap,compute_transcript,0.03529200330376625,SUCCESS
8d25cfbb-773e-4987-b6d8-e3f172833ba7,2026-07-26T21:40:20.607121+00:00,KNOT_DNS,idap,transcript_verify,0.5125840034452267,SUCCESS
8d25cfbb-773e-4987-b6d8-e3f172833ba7,2026-07-26T21:40:20.607560+00:00,KNOT_DNS,idap,client_shared_secret_derivation,0.35570800537243485,SUCCESS
8d25cfbb-773e-4987-b6d8-e3f172833ba7,2026-07-26T21:40:20.607665+00:00,KNOT_DNS,idap,client_session_key_derivation,0.02983299782499671,SUCCESS
8d25cfbb-773e-4987-b6d8-e3f172833ba7,2026-07-26T21:40:20.607810+00:00,KNOT_DNS,crypto,encrypt_message,0.040166996768675745,SUCCESS
8d25cfbb-773e-4987-b6d8-e3f172833ba7,2026-07-26T21:40:20.607953+00:00,KNOT_DNS,crypto,decrypt_message,0.0360000049113296,SUCCESS
8d25cfbb-773e-4987-b6d8-e3f172833ba7,2026-07-26T21:40:20.608605+00:00,KNOT_DNS,tampering,tampered_request_sign,0.4447920000529848,SUCCESS
8d25cfbb-773e-4987-b6d8-e3f172833ba7,2026-07-26T21:40:20.623121+00:00,KNOT_DNS,knot_dns,dnssec_txt_resolve,13.702999996894505,SUCCESS
8d25cfbb-773e-4987-b6d8-e3f172833ba7,2026-07-26T21:40:20.636238+00:00,KNOT_DNS,knot_dns,dnssec_txt_resolve,12.783167003362905,SUCCESS
8d25cfbb-773e-4987-b6d8-e3f172833ba7,2026-07-26T21:40:20.646810+00:00,KNOT_DNS,knot_dns,dnssec_txt_resolve,10.218374998657964,SUCCESS
8d25cfbb-773e-4987-b6d8-e3f172833ba7,2026-07-26T21:40:20.658134+00:00,KNOT_DNS,knot_dns,dnssec_txt_resolve,10.982790998241398,SUCCESS
8d25cfbb-773e-4987-b6d8-e3f172833ba7,2026-07-26T21:40:20.660131+00:00,KNOT_DNS,tampering,tampering_check,51.37300000205869,SUCCESS
8d25cfbb-773e-4987-b6d8-e3f172833ba7,2026-07-26T21:40:20.660266+00:00,KNOT_DNS,summary,total_flow,2423.3450000028824,SUCCESS
0202ddd5-eea9-4774-ae8f-686c8d88ab3f,2026-07-26T21:40:20.770888+00:00,KNOT_DNS,startup,initialize_store,0.0034999975468963385,SUCCESS
0202ddd5-eea9-4774-ae8f-686c8d88ab3f,2026-07-26T21:40:20.773572+00:00,KNOT_DNS,startup,generate_identity_cp,2.3791249986970797,SUCCESS
0202ddd5-eea9-4774-ae8f-686c8d88ab3f,2026-07-26T21:40:20.773861+00:00,KNOT_DNS,startup,generate_identity_sp,0.2150410000467673,SUCCESS
0202ddd5-eea9-4774-ae8f-686c8d88ab3f,2026-07-26T21:40:20.774099+00:00,KNOT_DNS,startup,generate_identity_c1,0.1932500017574057,SUCCESS
0202ddd5-eea9-4774-ae8f-686c8d88ab3f,2026-07-26T21:40:20.774317+00:00,KNOT_DNS,startup,generate_identity_s1,0.17700000171316788,SUCCESS
0202ddd5-eea9-4774-ae8f-686c8d88ab3f,2026-07-26T21:40:21.561245+00:00,KNOT_DNS,knot_dns,dns_txt_update,785.722499997064,SUCCESS
0202ddd5-eea9-4774-ae8f-686c8d88ab3f,2026-07-26T21:40:21.561981+00:00,KNOT_DNS,publish,publish_identity_cp,787.407957999676,SUCCESS
0202ddd5-eea9-4774-ae8f-686c8d88ab3f,2026-07-26T21:40:21.739666+00:00,KNOT_DNS,knot_dns,dns_txt_update,176.81749999610474,SUCCESS
0202ddd5-eea9-4774-ae8f-686c8d88ab3f,2026-07-26T21:40:21.740268+00:00,KNOT_DNS,publish,publish_identity_sp,177.7794579975307,SUCCESS
0202ddd5-eea9-4774-ae8f-686c8d88ab3f,2026-07-26T21:40:21.901985+00:00,KNOT_DNS,knot_dns,dns_txt_update,161.13191699696472,SUCCESS
0202ddd5-eea9-4774-ae8f-686c8d88ab3f,2026-07-26T21:40:21.902381+00:00,KNOT_DNS,publish,publish_identity_c1,161.82529199431883,SUCCESS
0202ddd5-eea9-4774-ae8f-686c8d88ab3f,2026-07-26T21:40:22.057992+00:00,KNOT_DNS,knot_dns,dns_txt_update,155.21925000211922,SUCCESS
0202ddd5-eea9-4774-ae8f-686c8d88ab3f,2026-07-26T21:40:22.058252+00:00,KNOT_DNS,publish,publish_identity_s1,155.7335420002346,SUCCESS
0202ddd5-eea9-4774-ae8f-686c8d88ab3f,2026-07-26T21:40:22.194398+00:00,KNOT_DNS,knot_dns,dns_txt_update,135.84979200095404,SUCCESS
0202ddd5-eea9-4774-ae8f-686c8d88ab3f,2026-07-26T21:40:22.348148+00:00,KNOT_DNS,knot_dns,dns_txt_update,153.37662499950966,SUCCESS
0202ddd5-eea9-4774-ae8f-686c8d88ab3f,2026-07-26T21:40:22.348347+00:00,KNOT_DNS,publish,publish_service_metadata,289.9826659995597,SUCCESS
0202ddd5-eea9-4774-ae8f-686c8d88ab3f,2026-07-26T21:40:22.483444+00:00,KNOT_DNS,knot_dns,dns_txt_update,134.7678750025807,SUCCESS
0202ddd5-eea9-4774-ae8f-686c8d88ab3f,2026-07-26T21:40:23.543692+00:00,KNOT_DNS,knot_dns,dns_txt_update,1059.007832998759,SUCCESS
0202ddd5-eea9-4774-ae8f-686c8d88ab3f,2026-07-26T21:40:23.544333+00:00,KNOT_DNS,publish,publish_provider_registry,1195.7220830008737,SUCCESS
0202ddd5-eea9-4774-ae8f-686c8d88ab3f,2026-07-26T21:40:23.561680+00:00,KNOT_DNS,knot_dns,dnssec_txt_resolve,16.902916999242734,SUCCESS
0202ddd5-eea9-4774-ae8f-686c8d88ab3f,2026-07-26T21:40:23.575122+00:00,KNOT_DNS,knot_dns,dnssec_txt_resolve,13.013625000894535,SUCCESS
0202ddd5-eea9-4774-ae8f-686c8d88ab3f,2026-07-26T21:40:23.575410+00:00,KNOT_DNS,discovery,broker_discovery,30.76058399892645,SUCCESS
0202ddd5-eea9-4774-ae8f-686c8d88ab3f,2026-07-26T21:40:23.576645+00:00,KNOT_DNS,dap,dap_create_capability,1.0926670001936145,SUCCESS
0202ddd5-eea9-4774-ae8f-686c8d88ab3f,2026-07-26T21:40:23.577828+00:00,KNOT_DNS,dap,dap_encrypt_enc_cap,0.9961250034393743,SUCCESS
0202ddd5-eea9-4774-ae8f-686c8d88ab3f,2026-07-26T21:40:23.578187+00:00,KNOT_DNS,idap,client_session_init,0.21095800184411928,SUCCESS
0202ddd5-eea9-4774-ae8f-686c8d88ab3f,2026-07-26T21:40:23.578284+00:00,KNOT_DNS,idap,client_ephemeral_public_key,0.0056249991757795215,SUCCESS
0202ddd5-eea9-4774-ae8f-686c8d88ab3f,2026-07-26T21:40:23.578795+00:00,KNOT_DNS,idap,client_request_sign,0.4278330015949905,SUCCESS
0202ddd5-eea9-4774-ae8f-686c8d88ab3f,2026-07-26T21:40:23.578896+00:00,KNOT_DNS,idap,canonical_request_payload,0.022499996703118086,SUCCESS
0202ddd5-eea9-4774-ae8f-686c8d88ab3f,2026-07-26T21:40:23.588209+00:00,KNOT_DNS,knot_dns,dnssec_txt_resolve,8.517624999512918,SUCCESS
0202ddd5-eea9-4774-ae8f-686c8d88ab3f,2026-07-26T21:40:23.594606+00:00,KNOT_DNS,knot_dns,dnssec_txt_resolve,6.1204580051708035,SUCCESS
0202ddd5-eea9-4774-ae8f-686c8d88ab3f,2026-07-26T21:40:23.602339+00:00,KNOT_DNS,knot_dns,dnssec_txt_resolve,7.511000003432855,SUCCESS
0202ddd5-eea9-4774-ae8f-686c8d88ab3f,2026-07-26T21:40:23.610424+00:00,KNOT_DNS,knot_dns,dnssec_txt_resolve,7.852791000914294,SUCCESS
0202ddd5-eea9-4774-ae8f-686c8d88ab3f,2026-07-26T21:40:23.612845+00:00,KNOT_DNS,idap,idap_authorize,33.81241699389648,SUCCESS
0202ddd5-eea9-4774-ae8f-686c8d88ab3f,2026-07-26T21:40:23.622798+00:00,KNOT_DNS,knot_dns,dnssec_txt_resolve,8.966166999016423,SUCCESS
0202ddd5-eea9-4774-ae8f-686c8d88ab3f,2026-07-26T21:40:23.630826+00:00,KNOT_DNS,knot_dns,dnssec_txt_resolve,7.81745800486533,SUCCESS
0202ddd5-eea9-4774-ae8f-686c8d88ab3f,2026-07-26T21:40:23.637677+00:00,KNOT_DNS,knot_dns,dnssec_txt_resolve,6.672458002867643,SUCCESS
0202ddd5-eea9-4774-ae8f-686c8d88ab3f,2026-07-26T21:40:23.645640+00:00,KNOT_DNS,knot_dns,dnssec_txt_resolve,7.802125001035165,SUCCESS
0202ddd5-eea9-4774-ae8f-686c8d88ab3f,2026-07-26T21:40:23.647111+00:00,KNOT_DNS,idap,idap_replay_check,34.03899999830173,SUCCESS
0202ddd5-eea9-4774-ae8f-686c8d88ab3f,2026-07-26T21:40:23.655785+00:00,KNOT_DNS,knot_dns,dnssec_txt_resolve,8.52074999420438,SUCCESS
0202ddd5-eea9-4774-ae8f-686c8d88ab3f,2026-07-26T21:40:23.655936+00:00,KNOT_DNS,idap,resolve_service_public_key,8.710250003787223,SUCCESS
0202ddd5-eea9-4774-ae8f-686c8d88ab3f,2026-07-26T21:40:23.656051+00:00,KNOT_DNS,idap,compute_transcript,0.027791997126769274,SUCCESS
0202ddd5-eea9-4774-ae8f-686c8d88ab3f,2026-07-26T21:40:23.656531+00:00,KNOT_DNS,idap,transcript_verify,0.40329199691768736,SUCCESS
0202ddd5-eea9-4774-ae8f-686c8d88ab3f,2026-07-26T21:40:23.656900+00:00,KNOT_DNS,idap,client_shared_secret_derivation,0.29758400341961533,SUCCESS
0202ddd5-eea9-4774-ae8f-686c8d88ab3f,2026-07-26T21:40:23.656986+00:00,KNOT_DNS,idap,client_session_key_derivation,0.02216600114479661,SUCCESS
0202ddd5-eea9-4774-ae8f-686c8d88ab3f,2026-07-26T21:40:23.657098+00:00,KNOT_DNS,crypto,encrypt_message,0.02787500125123188,SUCCESS
0202ddd5-eea9-4774-ae8f-686c8d88ab3f,2026-07-26T21:40:23.657175+00:00,KNOT_DNS,crypto,decrypt_message,0.010791001841425896,SUCCESS
0202ddd5-eea9-4774-ae8f-686c8d88ab3f,2026-07-26T21:40:23.657641+00:00,KNOT_DNS,tampering,tampered_request_sign,0.3648329948191531,SUCCESS
0202ddd5-eea9-4774-ae8f-686c8d88ab3f,2026-07-26T21:40:23.666089+00:00,KNOT_DNS,knot_dns,dnssec_txt_resolve,7.843583000067156,SUCCESS
0202ddd5-eea9-4774-ae8f-686c8d88ab3f,2026-07-26T21:40:23.674641+00:00,KNOT_DNS,knot_dns,dnssec_txt_resolve,8.387250003579538,SUCCESS
0202ddd5-eea9-4774-ae8f-686c8d88ab3f,2026-07-26T21:40:23.681423+00:00,KNOT_DNS,knot_dns,dnssec_txt_resolve,6.639708000875544,SUCCESS
0202ddd5-eea9-4774-ae8f-686c8d88ab3f,2026-07-26T21:40:23.689348+00:00,KNOT_DNS,knot_dns,dnssec_txt_resolve,7.759874999464955,SUCCESS
0202ddd5-eea9-4774-ae8f-686c8d88ab3f,2026-07-26T21:40:23.690933+00:00,KNOT_DNS,tampering,tampering_check,33.19983300025342,SUCCESS
0202ddd5-eea9-4774-ae8f-686c8d88ab3f,2026-07-26T21:40:23.691035+00:00,KNOT_DNS,summary,total_flow,2920.227916998556,SUCCESS
c405c2c7-38b9-4972-ad1f-471086eaef81,2026-07-26T21:40:23.794895+00:00,KNOT_DNS,startup,initialize_store,0.004499997885432094,SUCCESS
c405c2c7-38b9-4972-ad1f-471086eaef81,2026-07-26T21:40:23.797642+00:00,KNOT_DNS,startup,generate_identity_cp,2.4323339966940694,SUCCESS
c405c2c7-38b9-4972-ad1f-471086eaef81,2026-07-26T21:40:23.797900+00:00,KNOT_DNS,startup,generate_identity_sp,0.18200000340584666,SUCCESS
c405c2c7-38b9-4972-ad1f-471086eaef81,2026-07-26T21:40:23.798118+00:00,KNOT_DNS,startup,generate_identity_c1,0.1729159994283691,SUCCESS
c405c2c7-38b9-4972-ad1f-471086eaef81,2026-07-26T21:40:23.798357+00:00,KNOT_DNS,startup,generate_identity_s1,0.20029200095450506,SUCCESS
c405c2c7-38b9-4972-ad1f-471086eaef81,2026-07-26T21:40:23.956747+00:00,KNOT_DNS,knot_dns,dns_txt_update,158.17012499610428,SUCCESS
c405c2c7-38b9-4972-ad1f-471086eaef81,2026-07-26T21:40:23.957651+00:00,KNOT_DNS,publish,publish_identity_cp,159.2316669994034,SUCCESS
c405c2c7-38b9-4972-ad1f-471086eaef81,2026-07-26T21:40:24.111396+00:00,KNOT_DNS,knot_dns,dns_txt_update,153.4350000001723,SUCCESS
c405c2c7-38b9-4972-ad1f-471086eaef81,2026-07-26T21:40:24.111593+00:00,KNOT_DNS,publish,publish_identity_sp,153.85400000377558,SUCCESS
c405c2c7-38b9-4972-ad1f-471086eaef81,2026-07-26T21:40:24.271534+00:00,KNOT_DNS,knot_dns,dns_txt_update,159.6795830046176,SUCCESS
c405c2c7-38b9-4972-ad1f-471086eaef81,2026-07-26T21:40:24.271691+00:00,KNOT_DNS,publish,publish_identity_c1,160.02366699831327,SUCCESS
c405c2c7-38b9-4972-ad1f-471086eaef81,2026-07-26T21:40:24.408796+00:00,KNOT_DNS,knot_dns,dns_txt_update,136.862374994962,SUCCESS
c405c2c7-38b9-4972-ad1f-471086eaef81,2026-07-26T21:40:24.408978+00:00,KNOT_DNS,publish,publish_identity_s1,137.2229589978815,SUCCESS
c405c2c7-38b9-4972-ad1f-471086eaef81,2026-07-26T21:40:25.467817+00:00,KNOT_DNS,knot_dns,dns_txt_update,1057.7919999996084,SUCCESS
c405c2c7-38b9-4972-ad1f-471086eaef81,2026-07-26T21:40:25.665101+00:00,KNOT_DNS,knot_dns,dns_txt_update,196.02395800029626,SUCCESS
c405c2c7-38b9-4972-ad1f-471086eaef81,2026-07-26T21:40:25.665840+00:00,KNOT_DNS,publish,publish_service_metadata,1256.350042000122,SUCCESS
c405c2c7-38b9-4972-ad1f-471086eaef81,2026-07-26T21:40:25.835076+00:00,KNOT_DNS,knot_dns,dns_txt_update,168.69729199970607,SUCCESS
c405c2c7-38b9-4972-ad1f-471086eaef81,2026-07-26T21:40:26.010171+00:00,KNOT_DNS,knot_dns,dns_txt_update,174.6719589937129,SUCCESS
c405c2c7-38b9-4972-ad1f-471086eaef81,2026-07-26T21:40:26.010365+00:00,KNOT_DNS,publish,publish_provider_registry,344.194500001322,SUCCESS
c405c2c7-38b9-4972-ad1f-471086eaef81,2026-07-26T21:40:26.018950+00:00,KNOT_DNS,knot_dns,dnssec_txt_resolve,8.26183300523553,SUCCESS
c405c2c7-38b9-4972-ad1f-471086eaef81,2026-07-26T21:40:26.023592+00:00,KNOT_DNS,knot_dns,dnssec_txt_resolve,4.507665995333809,SUCCESS
c405c2c7-38b9-4972-ad1f-471086eaef81,2026-07-26T21:40:26.023679+00:00,KNOT_DNS,discovery,broker_discovery,13.045791994954925,SUCCESS
c405c2c7-38b9-4972-ad1f-471086eaef81,2026-07-26T21:40:26.024255+00:00,KNOT_DNS,dap,dap_create_capability,0.5133329977979884,SUCCESS
c405c2c7-38b9-4972-ad1f-471086eaef81,2026-07-26T21:40:26.024847+00:00,KNOT_DNS,dap,dap_encrypt_enc_cap,0.5052080014138483,SUCCESS
c405c2c7-38b9-4972-ad1f-471086eaef81,2026-07-26T21:40:26.025025+00:00,KNOT_DNS,idap,client_session_init,0.10704199667088687,SUCCESS
c405c2c7-38b9-4972-ad1f-471086eaef81,2026-07-26T21:40:26.025069+00:00,KNOT_DNS,idap,client_ephemeral_public_key,0.00325000291923061,SUCCESS
c405c2c7-38b9-4972-ad1f-471086eaef81,2026-07-26T21:40:26.025326+00:00,KNOT_DNS,idap,client_request_sign,0.21745899721281603,SUCCESS
c405c2c7-38b9-4972-ad1f-471086eaef81,2026-07-26T21:40:26.025375+00:00,KNOT_DNS,idap,canonical_request_payload,0.010000003385357559,SUCCESS
c405c2c7-38b9-4972-ad1f-471086eaef81,2026-07-26T21:40:26.030854+00:00,KNOT_DNS,knot_dns,dnssec_txt_resolve,5.111790997034404,SUCCESS
c405c2c7-38b9-4972-ad1f-471086eaef81,2026-07-26T21:40:26.035683+00:00,KNOT_DNS,knot_dns,dnssec_txt_resolve,4.707915999460965,SUCCESS
c405c2c7-38b9-4972-ad1f-471086eaef81,2026-07-26T21:40:26.040389+00:00,KNOT_DNS,knot_dns,dnssec_txt_resolve,4.590541000652593,SUCCESS
c405c2c7-38b9-4972-ad1f-471086eaef81,2026-07-26T21:40:26.044844+00:00,KNOT_DNS,knot_dns,dnssec_txt_resolve,4.325624999182764,SUCCESS
c405c2c7-38b9-4972-ad1f-471086eaef81,2026-07-26T21:40:26.046320+00:00,KNOT_DNS,idap,idap_authorize,20.88779200130375,SUCCESS
c405c2c7-38b9-4972-ad1f-471086eaef81,2026-07-26T21:40:26.052818+00:00,KNOT_DNS,knot_dns,dnssec_txt_resolve,6.076332996599376,SUCCESS
c405c2c7-38b9-4972-ad1f-471086eaef81,2026-07-26T21:40:26.057816+00:00,KNOT_DNS,knot_dns,dnssec_txt_resolve,4.876709004747681,SUCCESS
c405c2c7-38b9-4972-ad1f-471086eaef81,2026-07-26T21:40:26.062378+00:00,KNOT_DNS,knot_dns,dnssec_txt_resolve,4.440708995389286,SUCCESS
c405c2c7-38b9-4972-ad1f-471086eaef81,2026-07-26T21:40:26.067902+00:00,KNOT_DNS,knot_dns,dnssec_txt_resolve,5.4351250000763685,SUCCESS
c405c2c7-38b9-4972-ad1f-471086eaef81,2026-07-26T21:40:26.068778+00:00,KNOT_DNS,idap,idap_replay_check,22.386915996321477,SUCCESS
c405c2c7-38b9-4972-ad1f-471086eaef81,2026-07-26T21:40:26.075451+00:00,KNOT_DNS,knot_dns,dnssec_txt_resolve,6.596457998966798,SUCCESS
c405c2c7-38b9-4972-ad1f-471086eaef81,2026-07-26T21:40:26.075523+00:00,KNOT_DNS,idap,resolve_service_public_key,6.68408400088083,SUCCESS
c405c2c7-38b9-4972-ad1f-471086eaef81,2026-07-26T21:40:26.075585+00:00,KNOT_DNS,idap,compute_transcript,0.01587499718880281,SUCCESS
c405c2c7-38b9-4972-ad1f-471086eaef81,2026-07-26T21:40:26.075878+00:00,KNOT_DNS,idap,transcript_verify,0.24958300491562113,SUCCESS
c405c2c7-38b9-4972-ad1f-471086eaef81,2026-07-26T21:40:26.076112+00:00,KNOT_DNS,idap,client_shared_secret_derivation,0.18862500292016193,SUCCESS
c405c2c7-38b9-4972-ad1f-471086eaef81,2026-07-26T21:40:26.076162+00:00,KNOT_DNS,idap,client_session_key_derivation,0.013374999980442226,SUCCESS
c405c2c7-38b9-4972-ad1f-471086eaef81,2026-07-26T21:40:26.076236+00:00,KNOT_DNS,crypto,encrypt_message,0.020083003619220108,SUCCESS
c405c2c7-38b9-4972-ad1f-471086eaef81,2026-07-26T21:40:26.076282+00:00,KNOT_DNS,crypto,decrypt_message,0.00654099858365953,SUCCESS
c405c2c7-38b9-4972-ad1f-471086eaef81,2026-07-26T21:40:26.076564+00:00,KNOT_DNS,tampering,tampered_request_sign,0.2200840026489459,SUCCESS
c405c2c7-38b9-4972-ad1f-471086eaef81,2026-07-26T21:40:26.083937+00:00,KNOT_DNS,knot_dns,dnssec_txt_resolve,7.012707996182144,SUCCESS
c405c2c7-38b9-4972-ad1f-471086eaef81,2026-07-26T21:40:26.089574+00:00,KNOT_DNS,knot_dns,dnssec_txt_resolve,5.534042000363115,SUCCESS
c405c2c7-38b9-4972-ad1f-471086eaef81,2026-07-26T21:40:26.097345+00:00,KNOT_DNS,knot_dns,dnssec_txt_resolve,5.795707998913713,SUCCESS
c405c2c7-38b9-4972-ad1f-471086eaef81,2026-07-26T21:40:26.105495+00:00,KNOT_DNS,knot_dns,dnssec_txt_resolve,8.057082995946985,SUCCESS
c405c2c7-38b9-4972-ad1f-471086eaef81,2026-07-26T21:40:26.106355+00:00,KNOT_DNS,tampering,tampering_check,29.744457999186125,SUCCESS
c405c2c7-38b9-4972-ad1f-471086eaef81,2026-07-26T21:40:26.106410+00:00,KNOT_DNS,summary,total_flow,2311.610083001142,SUCCESS
0271742c-1944-4eb8-80f4-ffcedcb9c7b5,2026-07-26T21:40:26.201653+00:00,KNOT_DNS,startup,initialize_store,0.0038750004023313522,SUCCESS
0271742c-1944-4eb8-80f4-ffcedcb9c7b5,2026-07-26T21:40:26.204864+00:00,KNOT_DNS,startup,generate_identity_cp,2.3032500030240044,SUCCESS
0271742c-1944-4eb8-80f4-ffcedcb9c7b5,2026-07-26T21:40:26.205130+00:00,KNOT_DNS,startup,generate_identity_sp,0.19829200027743354,SUCCESS
0271742c-1944-4eb8-80f4-ffcedcb9c7b5,2026-07-26T21:40:26.205352+00:00,KNOT_DNS,startup,generate_identity_c1,0.17516600200906396,SUCCESS
0271742c-1944-4eb8-80f4-ffcedcb9c7b5,2026-07-26T21:40:26.205588+00:00,KNOT_DNS,startup,generate_identity_s1,0.19245900330133736,SUCCESS
0271742c-1944-4eb8-80f4-ffcedcb9c7b5,2026-07-26T21:40:26.355910+00:00,KNOT_DNS,knot_dns,dns_txt_update,150.09745800489327,SUCCESS
0271742c-1944-4eb8-80f4-ffcedcb9c7b5,2026-07-26T21:40:26.356109+00:00,KNOT_DNS,publish,publish_identity_cp,150.4655420067138,SUCCESS
0271742c-1944-4eb8-80f4-ffcedcb9c7b5,2026-07-26T21:40:26.489992+00:00,KNOT_DNS,knot_dns,dns_txt_update,133.50324999919394,SUCCESS
0271742c-1944-4eb8-80f4-ffcedcb9c7b5,2026-07-26T21:40:26.490167+00:00,KNOT_DNS,publish,publish_identity_sp,133.828457997879,SUCCESS
0271742c-1944-4eb8-80f4-ffcedcb9c7b5,2026-07-26T21:40:26.633420+00:00,KNOT_DNS,knot_dns,dns_txt_update,142.9904169999645,SUCCESS
0271742c-1944-4eb8-80f4-ffcedcb9c7b5,2026-07-26T21:40:26.633631+00:00,KNOT_DNS,publish,publish_identity_c1,143.3819579979172,SUCCESS
0271742c-1944-4eb8-80f4-ffcedcb9c7b5,2026-07-26T21:40:26.782767+00:00,KNOT_DNS,knot_dns,dns_txt_update,148.73041700047906,SUCCESS
0271742c-1944-4eb8-80f4-ffcedcb9c7b5,2026-07-26T21:40:26.782944+00:00,KNOT_DNS,publish,publish_identity_s1,149.08183400257258,SUCCESS
0271742c-1944-4eb8-80f4-ffcedcb9c7b5,2026-07-26T21:40:26.917459+00:00,KNOT_DNS,knot_dns,dns_txt_update,134.1258749962435,SUCCESS
0271742c-1944-4eb8-80f4-ffcedcb9c7b5,2026-07-26T21:40:27.066571+00:00,KNOT_DNS,knot_dns,dns_txt_update,148.79795799788553,SUCCESS
0271742c-1944-4eb8-80f4-ffcedcb9c7b5,2026-07-26T21:40:27.066755+00:00,KNOT_DNS,publish,publish_service_metadata,283.5730410006363,SUCCESS
0271742c-1944-4eb8-80f4-ffcedcb9c7b5,2026-07-26T21:40:27.202806+00:00,KNOT_DNS,knot_dns,dns_txt_update,135.65662499604514,SUCCESS
0271742c-1944-4eb8-80f4-ffcedcb9c7b5,2026-07-26T21:40:27.353731+00:00,KNOT_DNS,knot_dns,dns_txt_update,150.57166699989466,SUCCESS
0271742c-1944-4eb8-80f4-ffcedcb9c7b5,2026-07-26T21:40:27.353907+00:00,KNOT_DNS,publish,publish_provider_registry,286.91895899828523,SUCCESS
0271742c-1944-4eb8-80f4-ffcedcb9c7b5,2026-07-26T21:40:27.366214+00:00,KNOT_DNS,knot_dns,dnssec_txt_resolve,12.17124999675434,SUCCESS
0271742c-1944-4eb8-80f4-ffcedcb9c7b5,2026-07-26T21:40:27.372688+00:00,KNOT_DNS,knot_dns,dnssec_txt_resolve,6.331500000669621,SUCCESS
0271742c-1944-4eb8-80f4-ffcedcb9c7b5,2026-07-26T21:40:27.372791+00:00,KNOT_DNS,discovery,broker_discovery,18.793374998494983,SUCCESS
0271742c-1944-4eb8-80f4-ffcedcb9c7b5,2026-07-26T21:40:27.373570+00:00,KNOT_DNS,dap,dap_create_capability,0.6899580039316788,SUCCESS
0271742c-1944-4eb8-80f4-ffcedcb9c7b5,2026-07-26T21:40:27.374377+00:00,KNOT_DNS,dap,dap_encrypt_enc_cap,0.6851250000181608,SUCCESS
0271742c-1944-4eb8-80f4-ffcedcb9c7b5,2026-07-26T21:40:27.374628+00:00,KNOT_DNS,idap,client_session_init,0.153207998664584,SUCCESS
0271742c-1944-4eb8-80f4-ffcedcb9c7b5,2026-07-26T21:40:27.374698+00:00,KNOT_DNS,idap,client_ephemeral_public_key,0.006374997610691935,SUCCESS
0271742c-1944-4eb8-80f4-ffcedcb9c7b5,2026-07-26T21:40:27.375070+00:00,KNOT_DNS,idap,client_request_sign,0.3142499990644865,SUCCESS
0271742c-1944-4eb8-80f4-ffcedcb9c7b5,2026-07-26T21:40:27.375142+00:00,KNOT_DNS,idap,canonical_request_payload,0.01666600292082876,SUCCESS
0271742c-1944-4eb8-80f4-ffcedcb9c7b5,2026-07-26T21:40:27.383819+00:00,KNOT_DNS,knot_dns,dnssec_txt_resolve,8.13137499790173,SUCCESS
0271742c-1944-4eb8-80f4-ffcedcb9c7b5,2026-07-26T21:40:27.392883+00:00,KNOT_DNS,knot_dns,dnssec_txt_resolve,8.866166994266678,SUCCESS
0271742c-1944-4eb8-80f4-ffcedcb9c7b5,2026-07-26T21:40:27.402512+00:00,KNOT_DNS,knot_dns,dnssec_txt_resolve,9.48124999558786,SUCCESS
0271742c-1944-4eb8-80f4-ffcedcb9c7b5,2026-07-26T21:40:27.412027+00:00,KNOT_DNS,knot_dns,dnssec_txt_resolve,9.378209004353266,SUCCESS
0271742c-1944-4eb8-80f4-ffcedcb9c7b5,2026-07-26T21:40:27.414407+00:00,KNOT_DNS,idap,idap_authorize,39.17708300286904,SUCCESS
0271742c-1944-4eb8-80f4-ffcedcb9c7b5,2026-07-26T21:40:27.424406+00:00,KNOT_DNS,knot_dns,dnssec_txt_resolve,9.247374997357838,SUCCESS
0271742c-1944-4eb8-80f4-ffcedcb9c7b5,2026-07-26T21:40:27.436858+00:00,KNOT_DNS,knot_dns,dnssec_txt_resolve,12.237666996952612,SUCCESS
0271742c-1944-4eb8-80f4-ffcedcb9c7b5,2026-07-26T21:40:27.446344+00:00,KNOT_DNS,knot_dns,dnssec_txt_resolve,9.31674999446841,SUCCESS
0271742c-1944-4eb8-80f4-ffcedcb9c7b5,2026-07-26T21:40:27.456191+00:00,KNOT_DNS,knot_dns,dnssec_txt_resolve,9.67116699757753,SUCCESS
0271742c-1944-4eb8-80f4-ffcedcb9c7b5,2026-07-26T21:40:27.458151+00:00,KNOT_DNS,idap,idap_replay_check,43.6010420016828,SUCCESS
0271742c-1944-4eb8-80f4-ffcedcb9c7b5,2026-07-26T21:40:27.469798+00:00,KNOT_DNS,knot_dns,dnssec_txt_resolve,11.32895900082076,SUCCESS
0271742c-1944-4eb8-80f4-ffcedcb9c7b5,2026-07-26T21:40:27.470569+00:00,KNOT_DNS,idap,resolve_service_public_key,12.087916999007575,SUCCESS
0271742c-1944-4eb8-80f4-ffcedcb9c7b5,2026-07-26T21:40:27.471024+00:00,KNOT_DNS,idap,compute_transcript,0.07383399497484788,SUCCESS
0271742c-1944-4eb8-80f4-ffcedcb9c7b5,2026-07-26T21:40:27.471858+00:00,KNOT_DNS,idap,transcript_verify,0.6119999961811118,SUCCESS
0271742c-1944-4eb8-80f4-ffcedcb9c7b5,2026-07-26T21:40:27.472644+00:00,KNOT_DNS,idap,client_shared_secret_derivation,0.48641600005794317,SUCCESS
0271742c-1944-4eb8-80f4-ffcedcb9c7b5,2026-07-26T21:40:27.472892+00:00,KNOT_DNS,idap,client_session_key_derivation,0.045209002564661205,SUCCESS
0271742c-1944-4eb8-80f4-ffcedcb9c7b5,2026-07-26T21:40:27.473091+00:00,KNOT_DNS,crypto,encrypt_message,0.05291699926601723,SUCCESS
0271742c-1944-4eb8-80f4-ffcedcb9c7b5,2026-07-26T21:40:27.473218+00:00,KNOT_DNS,crypto,decrypt_message,0.01575000351294875,SUCCESS
0271742c-1944-4eb8-80f4-ffcedcb9c7b5,2026-07-26T21:40:27.473973+00:00,KNOT_DNS,tampering,tampered_request_sign,0.5418750006356277,SUCCESS
0271742c-1944-4eb8-80f4-ffcedcb9c7b5,2026-07-26T21:40:27.487055+00:00,KNOT_DNS,knot_dns,dnssec_txt_resolve,12.033042003167793,SUCCESS
0271742c-1944-4eb8-80f4-ffcedcb9c7b5,2026-07-26T21:40:27.498280+00:00,KNOT_DNS,knot_dns,dnssec_txt_resolve,10.118375001184177,SUCCESS
0271742c-1944-4eb8-80f4-ffcedcb9c7b5,2026-07-26T21:40:27.527253+00:00,KNOT_DNS,knot_dns,dnssec_txt_resolve,28.350624997983687,SUCCESS
0271742c-1944-4eb8-80f4-ffcedcb9c7b5,2026-07-26T21:40:27.534853+00:00,KNOT_DNS,knot_dns,dnssec_txt_resolve,7.331250002607703,SUCCESS
0271742c-1944-4eb8-80f4-ffcedcb9c7b5,2026-07-26T21:40:27.535916+00:00,KNOT_DNS,tampering,tampering_check,61.771333996148314,SUCCESS
0271742c-1944-4eb8-80f4-ffcedcb9c7b5,2026-07-26T21:40:27.535991+00:00,KNOT_DNS,summary,total_flow,1334.3992500012973,SUCCESS
295ec295-5d59-4f13-8f1a-5b99dee88307,2026-07-26T21:40:27.646068+00:00,KNOT_DNS,startup,initialize_store,0.0036249984987080097,SUCCESS
295ec295-5d59-4f13-8f1a-5b99dee88307,2026-07-26T21:40:27.648809+00:00,KNOT_DNS,startup,generate_identity_cp,2.4362500043935142,SUCCESS
295ec295-5d59-4f13-8f1a-5b99dee88307,2026-07-26T21:40:27.649067+00:00,KNOT_DNS,startup,generate_identity_sp,0.1812919945223257,SUCCESS
295ec295-5d59-4f13-8f1a-5b99dee88307,2026-07-26T21:40:27.649298+00:00,KNOT_DNS,startup,generate_identity_c1,0.1768750007613562,SUCCESS
295ec295-5d59-4f13-8f1a-5b99dee88307,2026-07-26T21:40:27.649511+00:00,KNOT_DNS,startup,generate_identity_s1,0.17058299999916926,SUCCESS
295ec295-5d59-4f13-8f1a-5b99dee88307,2026-07-26T21:40:28.439841+00:00,KNOT_DNS,knot_dns,dns_txt_update,789.3892909996794,SUCCESS
295ec295-5d59-4f13-8f1a-5b99dee88307,2026-07-26T21:40:28.441031+00:00,KNOT_DNS,publish,publish_identity_cp,791.1831659948803,SUCCESS
295ec295-5d59-4f13-8f1a-5b99dee88307,2026-07-26T21:40:28.617989+00:00,KNOT_DNS,knot_dns,dns_txt_update,176.31395899661584,SUCCESS
295ec295-5d59-4f13-8f1a-5b99dee88307,2026-07-26T21:40:28.618192+00:00,KNOT_DNS,publish,publish_identity_sp,176.78324999724282,SUCCESS
295ec295-5d59-4f13-8f1a-5b99dee88307,2026-07-26T21:40:28.750457+00:00,KNOT_DNS,knot_dns,dns_txt_update,131.97320800099988,SUCCESS
295ec295-5d59-4f13-8f1a-5b99dee88307,2026-07-26T21:40:28.750666+00:00,KNOT_DNS,publish,publish_identity_c1,132.39829200028908,SUCCESS
295ec295-5d59-4f13-8f1a-5b99dee88307,2026-07-26T21:40:28.889686+00:00,KNOT_DNS,knot_dns,dns_txt_update,138.79287499730708,SUCCESS
295ec295-5d59-4f13-8f1a-5b99dee88307,2026-07-26T21:40:28.889859+00:00,KNOT_DNS,publish,publish_identity_s1,139.12420799897518,SUCCESS
295ec295-5d59-4f13-8f1a-5b99dee88307,2026-07-26T21:40:29.011635+00:00,KNOT_DNS,knot_dns,dns_txt_update,121.55787499796133,SUCCESS
295ec295-5d59-4f13-8f1a-5b99dee88307,2026-07-26T21:40:29.168659+00:00,KNOT_DNS,knot_dns,dns_txt_update,156.73829200386535,SUCCESS
295ec295-5d59-4f13-8f1a-5b99dee88307,2026-07-26T21:40:29.168820+00:00,KNOT_DNS,publish,publish_service_metadata,278.8797920002253,SUCCESS
295ec295-5d59-4f13-8f1a-5b99dee88307,2026-07-26T21:40:29.318054+00:00,KNOT_DNS,knot_dns,dns_txt_update,148.98108399938792,SUCCESS
295ec295-5d59-4f13-8f1a-5b99dee88307,2026-07-26T21:40:29.499683+00:00,KNOT_DNS,knot_dns,dns_txt_update,181.26658300025156,SUCCESS
295ec295-5d59-4f13-8f1a-5b99dee88307,2026-07-26T21:40:29.499862+00:00,KNOT_DNS,publish,publish_provider_registry,330.9650419978425,SUCCESS
295ec295-5d59-4f13-8f1a-5b99dee88307,2026-07-26T21:40:29.511596+00:00,KNOT_DNS,knot_dns,dnssec_txt_resolve,11.590000001888257,SUCCESS
295ec295-5d59-4f13-8f1a-5b99dee88307,2026-07-26T21:40:29.518946+00:00,KNOT_DNS,knot_dns,dnssec_txt_resolve,7.212583004729822,SUCCESS
295ec295-5d59-4f13-8f1a-5b99dee88307,2026-07-26T21:40:29.519031+00:00,KNOT_DNS,discovery,broker_discovery,19.096292002359405,SUCCESS
295ec295-5d59-4f13-8f1a-5b99dee88307,2026-07-26T21:40:29.519700+00:00,KNOT_DNS,dap,dap_create_capability,0.5820410005981103,SUCCESS
295ec295-5d59-4f13-8f1a-5b99dee88307,2026-07-26T21:40:29.520396+00:00,KNOT_DNS,dap,dap_encrypt_enc_cap,0.5884999991394579,SUCCESS
295ec295-5d59-4f13-8f1a-5b99dee88307,2026-07-26T21:40:29.520595+00:00,KNOT_DNS,idap,client_session_init,0.11862500105053186,SUCCESS
295ec295-5d59-4f13-8f1a-5b99dee88307,2026-07-26T21:40:29.520656+00:00,KNOT_DNS,idap,client_ephemeral_public_key,0.003625005774665624,SUCCESS
295ec295-5d59-4f13-8f1a-5b99dee88307,2026-07-26T21:40:29.520950+00:00,KNOT_DNS,idap,client_request_sign,0.24279200442833826,SUCCESS
295ec295-5d59-4f13-8f1a-5b99dee88307,2026-07-26T21:40:29.521014+00:00,KNOT_DNS,idap,canonical_request_payload,0.015832993085496128,SUCCESS
295ec295-5d59-4f13-8f1a-5b99dee88307,2026-07-26T21:40:29.529595+00:00,KNOT_DNS,knot_dns,dnssec_txt_resolve,8.155625000654254,SUCCESS
295ec295-5d59-4f13-8f1a-5b99dee88307,2026-07-26T21:40:29.537221+00:00,KNOT_DNS,knot_dns,dnssec_txt_resolve,7.414583000354469,SUCCESS
295ec295-5d59-4f13-8f1a-5b99dee88307,2026-07-26T21:40:29.543685+00:00,KNOT_DNS,knot_dns,dnssec_txt_resolve,6.256291999306995,SUCCESS
295ec295-5d59-4f13-8f1a-5b99dee88307,2026-07-26T21:40:29.551315+00:00,KNOT_DNS,knot_dns,dnssec_txt_resolve,7.4714999936986715,SUCCESS
295ec295-5d59-4f13-8f1a-5b99dee88307,2026-07-26T21:40:29.552897+00:00,KNOT_DNS,idap,idap_authorize,31.817625000257976,SUCCESS
295ec295-5d59-4f13-8f1a-5b99dee88307,2026-07-26T21:40:29.561849+00:00,KNOT_DNS,knot_dns,dnssec_txt_resolve,8.511334002832882,SUCCESS
295ec295-5d59-4f13-8f1a-5b99dee88307,2026-07-26T21:40:29.569275+00:00,KNOT_DNS,knot_dns,dnssec_txt_resolve,7.320917000470217,SUCCESS
295ec295-5d59-4f13-8f1a-5b99dee88307,2026-07-26T21:40:29.575983+00:00,KNOT_DNS,knot_dns,dnssec_txt_resolve,6.595250000827946,SUCCESS
295ec295-5d59-4f13-8f1a-5b99dee88307,2026-07-26T21:40:29.583332+00:00,KNOT_DNS,knot_dns,dnssec_txt_resolve,7.223500004329253,SUCCESS
295ec295-5d59-4f13-8f1a-5b99dee88307,2026-07-26T21:40:29.584302+00:00,KNOT_DNS,idap,idap_replay_check,31.32795800047461,SUCCESS
295ec295-5d59-4f13-8f1a-5b99dee88307,2026-07-26T21:40:29.592842+00:00,KNOT_DNS,knot_dns,dnssec_txt_resolve,8.459083001071122,SUCCESS
295ec295-5d59-4f13-8f1a-5b99dee88307,2026-07-26T21:40:29.592933+00:00,KNOT_DNS,idap,resolve_service_public_key,8.564000003389083,SUCCESS
295ec295-5d59-4f13-8f1a-5b99dee88307,2026-07-26T21:40:29.593013+00:00,KNOT_DNS,idap,compute_transcript,0.0191670042113401,SUCCESS
295ec295-5d59-4f13-8f1a-5b99dee88307,2026-07-26T21:40:29.593353+00:00,KNOT_DNS,idap,transcript_verify,0.29024999821558595,SUCCESS
295ec295-5d59-4f13-8f1a-5b99dee88307,2026-07-26T21:40:29.593620+00:00,KNOT_DNS,idap,client_shared_secret_derivation,0.21600000036414713,SUCCESS
295ec295-5d59-4f13-8f1a-5b99dee88307,2026-07-26T21:40:29.593680+00:00,KNOT_DNS,idap,client_session_key_derivation,0.014999997802078724,SUCCESS
295ec295-5d59-4f13-8f1a-5b99dee88307,2026-07-26T21:40:29.593764+00:00,KNOT_DNS,crypto,encrypt_message,0.024000000848900527,SUCCESS
295ec295-5d59-4f13-8f1a-5b99dee88307,2026-07-26T21:40:29.593818+00:00,KNOT_DNS,crypto,decrypt_message,0.006874994141981006,SUCCESS
295ec295-5d59-4f13-8f1a-5b99dee88307,2026-07-26T21:40:29.594167+00:00,KNOT_DNS,tampering,tampered_request_sign,0.26337500457884744,SUCCESS
295ec295-5d59-4f13-8f1a-5b99dee88307,2026-07-26T21:40:29.601775+00:00,KNOT_DNS,knot_dns,dnssec_txt_resolve,7.180207998317201,SUCCESS
295ec295-5d59-4f13-8f1a-5b99dee88307,2026-07-26T21:40:29.610628+00:00,KNOT_DNS,knot_dns,dnssec_txt_resolve,8.721957994566765,SUCCESS
295ec295-5d59-4f13-8f1a-5b99dee88307,2026-07-26T21:40:29.620451+00:00,KNOT_DNS,knot_dns,dnssec_txt_resolve,9.699709000415169,SUCCESS
295ec295-5d59-4f13-8f1a-5b99dee88307,2026-07-26T21:40:29.627659+00:00,KNOT_DNS,knot_dns,dnssec_txt_resolve,7.106666002073325,SUCCESS
295ec295-5d59-4f13-8f1a-5b99dee88307,2026-07-26T21:40:29.628635+00:00,KNOT_DNS,tampering,tampering_check,34.41129199927673,SUCCESS
295ec295-5d59-4f13-8f1a-5b99dee88307,2026-07-26T21:40:29.628692+00:00,KNOT_DNS,summary,total_flow,1982.6972499940894,SUCCESS
5703d69c-1e78-4398-8f86-cbf8c41b4977,2026-07-26T21:40:29.720078+00:00,KNOT_DNS,startup,initialize_store,0.0038329962990246713,SUCCESS
5703d69c-1e78-4398-8f86-cbf8c41b4977,2026-07-26T21:40:29.722539+00:00,KNOT_DNS,startup,generate_identity_cp,2.2004580023349263,SUCCESS
5703d69c-1e78-4398-8f86-cbf8c41b4977,2026-07-26T21:40:29.722799+00:00,KNOT_DNS,startup,generate_identity_sp,0.19816699932562187,SUCCESS
5703d69c-1e78-4398-8f86-cbf8c41b4977,2026-07-26T21:40:29.723028+00:00,KNOT_DNS,startup,generate_identity_c1,0.18691700097406283,SUCCESS
5703d69c-1e78-4398-8f86-cbf8c41b4977,2026-07-26T21:40:29.723249+00:00,KNOT_DNS,startup,generate_identity_s1,0.18420900596538559,SUCCESS
5703d69c-1e78-4398-8f86-cbf8c41b4977,2026-07-26T21:40:29.876481+00:00,KNOT_DNS,knot_dns,dns_txt_update,153.01479100162396,SUCCESS
5703d69c-1e78-4398-8f86-cbf8c41b4977,2026-07-26T21:40:29.876711+00:00,KNOT_DNS,publish,publish_identity_cp,153.4052499991958,SUCCESS
5703d69c-1e78-4398-8f86-cbf8c41b4977,2026-07-26T21:40:30.007752+00:00,KNOT_DNS,knot_dns,dns_txt_update,130.76662499952363,SUCCESS
5703d69c-1e78-4398-8f86-cbf8c41b4977,2026-07-26T21:40:30.007951+00:00,KNOT_DNS,publish,publish_identity_sp,131.15683299838565,SUCCESS
5703d69c-1e78-4398-8f86-cbf8c41b4977,2026-07-26T21:40:30.161244+00:00,KNOT_DNS,knot_dns,dns_txt_update,152.95795899874065,SUCCESS
5703d69c-1e78-4398-8f86-cbf8c41b4977,2026-07-26T21:40:30.161482+00:00,KNOT_DNS,publish,publish_identity_c1,153.4583750035381,SUCCESS
5703d69c-1e78-4398-8f86-cbf8c41b4977,2026-07-26T21:40:30.316397+00:00,KNOT_DNS,knot_dns,dns_txt_update,154.4337080049445,SUCCESS
5703d69c-1e78-4398-8f86-cbf8c41b4977,2026-07-26T21:40:30.316836+00:00,KNOT_DNS,publish,publish_identity_s1,155.1698330004001,SUCCESS
5703d69c-1e78-4398-8f86-cbf8c41b4977,2026-07-26T21:40:30.483186+00:00,KNOT_DNS,knot_dns,dns_txt_update,165.47033399547217,SUCCESS
5703d69c-1e78-4398-8f86-cbf8c41b4977,2026-07-26T21:40:31.506193+00:00,KNOT_DNS,knot_dns,dns_txt_update,1022.0269580022432,SUCCESS
5703d69c-1e78-4398-8f86-cbf8c41b4977,2026-07-26T21:40:31.506813+00:00,KNOT_DNS,publish,publish_service_metadata,1189.5702499969047,SUCCESS
5703d69c-1e78-4398-8f86-cbf8c41b4977,2026-07-26T21:40:31.687119+00:00,KNOT_DNS,knot_dns,dns_txt_update,179.09299999882933,SUCCESS
5703d69c-1e78-4398-8f86-cbf8c41b4977,2026-07-26T21:40:31.896492+00:00,KNOT_DNS,knot_dns,dns_txt_update,207.8397919976851,SUCCESS
5703d69c-1e78-4398-8f86-cbf8c41b4977,2026-07-26T21:40:31.897196+00:00,KNOT_DNS,publish,publish_provider_registry,389.7925000055693,SUCCESS
5703d69c-1e78-4398-8f86-cbf8c41b4977,2026-07-26T21:40:31.918582+00:00,KNOT_DNS,knot_dns,dnssec_txt_resolve,20.67216699651908,SUCCESS
5703d69c-1e78-4398-8f86-cbf8c41b4977,2026-07-26T21:40:31.930522+00:00,KNOT_DNS,knot_dns,dnssec_txt_resolve,11.327374995744321,SUCCESS
5703d69c-1e78-4398-8f86-cbf8c41b4977,2026-07-26T21:40:31.931193+00:00,KNOT_DNS,discovery,broker_discovery,33.452040996053256,SUCCESS
5703d69c-1e78-4398-8f86-cbf8c41b4977,2026-07-26T21:40:31.934770+00:00,KNOT_DNS,dap,dap_create_capability,2.7589999954216182,SUCCESS
5703d69c-1e78-4398-8f86-cbf8c41b4977,2026-07-26T21:40:31.936710+00:00,KNOT_DNS,dap,dap_encrypt_enc_cap,1.34937500115484,SUCCESS
5703d69c-1e78-4398-8f86-cbf8c41b4977,2026-07-26T21:40:31.937416+00:00,KNOT_DNS,idap,client_session_init,0.3391249993001111,SUCCESS
5703d69c-1e78-4398-8f86-cbf8c41b4977,2026-07-26T21:40:31.937634+00:00,KNOT_DNS,idap,client_ephemeral_public_key,0.00841599830891937,SUCCESS
5703d69c-1e78-4398-8f86-cbf8c41b4977,2026-07-26T21:40:31.938454+00:00,KNOT_DNS,idap,client_request_sign,0.6707080028718337,SUCCESS
5703d69c-1e78-4398-8f86-cbf8c41b4977,2026-07-26T21:40:31.938607+00:00,KNOT_DNS,idap,canonical_request_payload,0.030834002245683223,SUCCESS
5703d69c-1e78-4398-8f86-cbf8c41b4977,2026-07-26T21:40:31.949644+00:00,KNOT_DNS,knot_dns,dnssec_txt_resolve,9.995540996897034,SUCCESS
5703d69c-1e78-4398-8f86-cbf8c41b4977,2026-07-26T21:40:31.959830+00:00,KNOT_DNS,knot_dns,dnssec_txt_resolve,9.611458001018036,SUCCESS
5703d69c-1e78-4398-8f86-cbf8c41b4977,2026-07-26T21:40:31.968379+00:00,KNOT_DNS,knot_dns,dnssec_txt_resolve,8.257166999101173,SUCCESS
5703d69c-1e78-4398-8f86-cbf8c41b4977,2026-07-26T21:40:31.980837+00:00,KNOT_DNS,knot_dns,dnssec_txt_resolve,12.017416003800463,SUCCESS
5703d69c-1e78-4398-8f86-cbf8c41b4977,2026-07-26T21:40:31.984867+00:00,KNOT_DNS,idap,idap_authorize,45.8827089969418,SUCCESS
5703d69c-1e78-4398-8f86-cbf8c41b4977,2026-07-26T21:40:32.000009+00:00,KNOT_DNS,knot_dns,dnssec_txt_resolve,13.784208000288345,SUCCESS
5703d69c-1e78-4398-8f86-cbf8c41b4977,2026-07-26T21:40:32.015159+00:00,KNOT_DNS,knot_dns,dnssec_txt_resolve,14.35379199392628,SUCCESS
5703d69c-1e78-4398-8f86-cbf8c41b4977,2026-07-26T21:40:32.038113+00:00,KNOT_DNS,knot_dns,dnssec_txt_resolve,21.435957998619415,SUCCESS
5703d69c-1e78-4398-8f86-cbf8c41b4977,2026-07-26T21:40:32.049203+00:00,KNOT_DNS,knot_dns,dnssec_txt_resolve,10.771583001769613,SUCCESS
5703d69c-1e78-4398-8f86-cbf8c41b4977,2026-07-26T21:40:32.051032+00:00,KNOT_DNS,idap,idap_replay_check,65.7722499963711,SUCCESS
5703d69c-1e78-4398-8f86-cbf8c41b4977,2026-07-26T21:40:32.063965+00:00,KNOT_DNS,knot_dns,dnssec_txt_resolve,12.43895800143946,SUCCESS
5703d69c-1e78-4398-8f86-cbf8c41b4977,2026-07-26T21:40:32.064516+00:00,KNOT_DNS,idap,resolve_service_public_key,13.235958002042025,SUCCESS
5703d69c-1e78-4398-8f86-cbf8c41b4977,2026-07-26T21:40:32.064777+00:00,KNOT_DNS,idap,compute_transcript,0.05562499427469447,SUCCESS
5703d69c-1e78-4398-8f86-cbf8c41b4977,2026-07-26T21:40:32.066468+00:00,KNOT_DNS,idap,transcript_verify,0.8624590045656078,SUCCESS
5703d69c-1e78-4398-8f86-cbf8c41b4977,2026-07-26T21:40:32.067223+00:00,KNOT_DNS,idap,client_shared_secret_derivation,0.3485830020508729,SUCCESS
5703d69c-1e78-4398-8f86-cbf8c41b4977,2026-07-26T21:40:32.067479+00:00,KNOT_DNS,idap,client_session_key_derivation,0.04779199662152678,SUCCESS
5703d69c-1e78-4398-8f86-cbf8c41b4977,2026-07-26T21:40:32.067715+00:00,KNOT_DNS,crypto,encrypt_message,0.046875000407453626,SUCCESS
5703d69c-1e78-4398-8f86-cbf8c41b4977,2026-07-26T21:40:32.067851+00:00,KNOT_DNS,crypto,decrypt_message,0.014040997484698892,SUCCESS
5703d69c-1e78-4398-8f86-cbf8c41b4977,2026-07-26T21:40:32.068672+00:00,KNOT_DNS,tampering,tampered_request_sign,0.5560000063269399,SUCCESS
5703d69c-1e78-4398-8f86-cbf8c41b4977,2026-07-26T21:40:32.082606+00:00,KNOT_DNS,knot_dns,dnssec_txt_resolve,12.901415997475851,SUCCESS
5703d69c-1e78-4398-8f86-cbf8c41b4977,2026-07-26T21:40:32.095283+00:00,KNOT_DNS,knot_dns,dnssec_txt_resolve,12.146958004450426,SUCCESS
5703d69c-1e78-4398-8f86-cbf8c41b4977,2026-07-26T21:40:32.106875+00:00,KNOT_DNS,knot_dns,dnssec_txt_resolve,11.030374997062609,SUCCESS
5703d69c-1e78-4398-8f86-cbf8c41b4977,2026-07-26T21:40:32.119577+00:00,KNOT_DNS,knot_dns,dnssec_txt_resolve,12.027042001136579,SUCCESS
5703d69c-1e78-4398-8f86-cbf8c41b4977,2026-07-26T21:40:32.121610+00:00,KNOT_DNS,tampering,tampering_check,52.73487499653129,SUCCESS
5703d69c-1e78-4398-8f86-cbf8c41b4977,2026-07-26T21:40:32.121744+00:00,KNOT_DNS,summary,total_flow,2401.7120829958003,SUCCESS
9a716746-0252-4a6c-bf72-08a569e4fec8,2026-07-26T21:40:32.228768+00:00,KNOT_DNS,startup,initialize_store,0.0036249984987080097,SUCCESS
9a716746-0252-4a6c-bf72-08a569e4fec8,2026-07-26T21:40:32.231347+00:00,KNOT_DNS,startup,generate_identity_cp,2.266208997752983,SUCCESS
9a716746-0252-4a6c-bf72-08a569e4fec8,2026-07-26T21:40:32.231613+00:00,KNOT_DNS,startup,generate_identity_sp,0.1928750061779283,SUCCESS
9a716746-0252-4a6c-bf72-08a569e4fec8,2026-07-26T21:40:32.231831+00:00,KNOT_DNS,startup,generate_identity_c1,0.1737080019665882,SUCCESS
9a716746-0252-4a6c-bf72-08a569e4fec8,2026-07-26T21:40:32.232044+00:00,KNOT_DNS,startup,generate_identity_s1,0.17412500164937228,SUCCESS
9a716746-0252-4a6c-bf72-08a569e4fec8,2026-07-26T21:40:32.402660+00:00,KNOT_DNS,knot_dns,dns_txt_update,170.32458299945574,SUCCESS
9a716746-0252-4a6c-bf72-08a569e4fec8,2026-07-26T21:40:32.402852+00:00,KNOT_DNS,publish,publish_identity_cp,170.7461250043707,SUCCESS
9a716746-0252-4a6c-bf72-08a569e4fec8,2026-07-26T21:40:33.492402+00:00,KNOT_DNS,knot_dns,dns_txt_update,1088.7612080041436,SUCCESS
9a716746-0252-4a6c-bf72-08a569e4fec8,2026-07-26T21:40:33.493310+00:00,KNOT_DNS,publish,publish_identity_sp,1090.0709999987157,SUCCESS
9a716746-0252-4a6c-bf72-08a569e4fec8,2026-07-26T21:40:33.666989+00:00,KNOT_DNS,knot_dns,dns_txt_update,171.94854099943768,SUCCESS
9a716746-0252-4a6c-bf72-08a569e4fec8,2026-07-26T21:40:33.667787+00:00,KNOT_DNS,publish,publish_identity_c1,173.8344170007622,SUCCESS
9a716746-0252-4a6c-bf72-08a569e4fec8,2026-07-26T21:40:33.839607+00:00,KNOT_DNS,knot_dns,dns_txt_update,171.05758400430204,SUCCESS
9a716746-0252-4a6c-bf72-08a569e4fec8,2026-07-26T21:40:33.840046+00:00,KNOT_DNS,publish,publish_identity_s1,171.80037499929313,SUCCESS
9a716746-0252-4a6c-bf72-08a569e4fec8,2026-07-26T21:40:33.990430+00:00,KNOT_DNS,knot_dns,dns_txt_update,149.79399999720044,SUCCESS
9a716746-0252-4a6c-bf72-08a569e4fec8,2026-07-26T21:40:34.152488+00:00,KNOT_DNS,knot_dns,dns_txt_update,161.51849999732804,SUCCESS
9a716746-0252-4a6c-bf72-08a569e4fec8,2026-07-26T21:40:34.152730+00:00,KNOT_DNS,publish,publish_service_metadata,312.46174999978393,SUCCESS
9a716746-0252-4a6c-bf72-08a569e4fec8,2026-07-26T21:40:34.302730+00:00,KNOT_DNS,knot_dns,dns_txt_update,149.59608399658464,SUCCESS
9a716746-0252-4a6c-bf72-08a569e4fec8,2026-07-26T21:40:34.479144+00:00,KNOT_DNS,knot_dns,dns_txt_update,175.8631670018076,SUCCESS
9a716746-0252-4a6c-bf72-08a569e4fec8,2026-07-26T21:40:34.479401+00:00,KNOT_DNS,publish,publish_provider_registry,326.55345799867064,SUCCESS
9a716746-0252-4a6c-bf72-08a569e4fec8,2026-07-26T21:40:34.494456+00:00,KNOT_DNS,knot_dns,dnssec_txt_resolve,14.80312499916181,SUCCESS
9a716746-0252-4a6c-bf72-08a569e4fec8,2026-07-26T21:40:34.500549+00:00,KNOT_DNS,knot_dns,dnssec_txt_resolve,5.941290997725446,SUCCESS
9a716746-0252-4a6c-bf72-08a569e4fec8,2026-07-26T21:40:34.500701+00:00,KNOT_DNS,discovery,broker_discovery,21.08204099931754,SUCCESS
9a716746-0252-4a6c-bf72-08a569e4fec8,2026-07-26T21:40:34.501970+00:00,KNOT_DNS,dap,dap_create_capability,1.128333002270665,SUCCESS
9a716746-0252-4a6c-bf72-08a569e4fec8,2026-07-26T21:40:34.503215+00:00,KNOT_DNS,dap,dap_encrypt_enc_cap,1.0593340048217215,SUCCESS
9a716746-0252-4a6c-bf72-08a569e4fec8,2026-07-26T21:40:34.503588+00:00,KNOT_DNS,idap,client_session_init,0.240625005972106,SUCCESS
9a716746-0252-4a6c-bf72-08a569e4fec8,2026-07-26T21:40:34.503755+00:00,KNOT_DNS,idap,client_ephemeral_public_key,0.006249996658880264,SUCCESS
9a716746-0252-4a6c-bf72-08a569e4fec8,2026-07-26T21:40:34.504202+00:00,KNOT_DNS,idap,client_request_sign,0.34137500188080594,SUCCESS
9a716746-0252-4a6c-bf72-08a569e4fec8,2026-07-26T21:40:34.504327+00:00,KNOT_DNS,idap,canonical_request_payload,0.023916996724437922,SUCCESS
9a716746-0252-4a6c-bf72-08a569e4fec8,2026-07-26T21:40:34.512576+00:00,KNOT_DNS,knot_dns,dnssec_txt_resolve,7.494708996091504,SUCCESS
9a716746-0252-4a6c-bf72-08a569e4fec8,2026-07-26T21:40:34.521729+00:00,KNOT_DNS,knot_dns,dnssec_txt_resolve,8.772499997576233,SUCCESS
9a716746-0252-4a6c-bf72-08a569e4fec8,2026-07-26T21:40:34.531542+00:00,KNOT_DNS,knot_dns,dnssec_txt_resolve,9.49445799778914,SUCCESS
9a716746-0252-4a6c-bf72-08a569e4fec8,2026-07-26T21:40:34.542436+00:00,KNOT_DNS,knot_dns,dnssec_txt_resolve,10.599082997941878,SUCCESS
9a716746-0252-4a6c-bf72-08a569e4fec8,2026-07-26T21:40:34.545281+00:00,KNOT_DNS,idap,idap_authorize,40.8276670059422,SUCCESS
9a716746-0252-4a6c-bf72-08a569e4fec8,2026-07-26T21:40:34.556469+00:00,KNOT_DNS,knot_dns,dnssec_txt_resolve,10.248124999634456,SUCCESS
9a716746-0252-4a6c-bf72-08a569e4fec8,2026-07-26T21:40:34.567952+00:00,KNOT_DNS,knot_dns,dnssec_txt_resolve,10.865042000659741,SUCCESS
9a716746-0252-4a6c-bf72-08a569e4fec8,2026-07-26T21:40:34.578015+00:00,KNOT_DNS,knot_dns,dnssec_txt_resolve,9.688000005553477,SUCCESS
9a716746-0252-4a6c-bf72-08a569e4fec8,2026-07-26T21:40:34.589852+00:00,KNOT_DNS,knot_dns,dnssec_txt_resolve,11.429750004026573,SUCCESS
9a716746-0252-4a6c-bf72-08a569e4fec8,2026-07-26T21:40:34.591383+00:00,KNOT_DNS,idap,idap_replay_check,45.931709006254096,SUCCESS
9a716746-0252-4a6c-bf72-08a569e4fec8,2026-07-26T21:40:34.603870+00:00,KNOT_DNS,knot_dns,dnssec_txt_resolve,12.09370800643228,SUCCESS
9a716746-0252-4a6c-bf72-08a569e4fec8,2026-07-26T21:40:34.604144+00:00,KNOT_DNS,idap,resolve_service_public_key,12.626458003069274,SUCCESS
9a716746-0252-4a6c-bf72-08a569e4fec8,2026-07-26T21:40:34.604278+00:00,KNOT_DNS,idap,compute_transcript,0.0411669971072115,SUCCESS
9a716746-0252-4a6c-bf72-08a569e4fec8,2026-07-26T21:40:34.604781+00:00,KNOT_DNS,idap,transcript_verify,0.4261249996488914,SUCCESS
9a716746-0252-4a6c-bf72-08a569e4fec8,2026-07-26T21:40:34.605162+00:00,KNOT_DNS,idap,client_shared_secret_derivation,0.30666599923279136,SUCCESS
9a716746-0252-4a6c-bf72-08a569e4fec8,2026-07-26T21:40:34.605252+00:00,KNOT_DNS,idap,client_session_key_derivation,0.02216600114479661,SUCCESS
9a716746-0252-4a6c-bf72-08a569e4fec8,2026-07-26T21:40:34.605369+00:00,KNOT_DNS,crypto,encrypt_message,0.03058400034205988,SUCCESS
9a716746-0252-4a6c-bf72-08a569e4fec8,2026-07-26T21:40:34.605447+00:00,KNOT_DNS,crypto,decrypt_message,0.010042000212706625,SUCCESS
9a716746-0252-4a6c-bf72-08a569e4fec8,2026-07-26T21:40:34.605928+00:00,KNOT_DNS,tampering,tampered_request_sign,0.3727919975062832,SUCCESS
9a716746-0252-4a6c-bf72-08a569e4fec8,2026-07-26T21:40:34.616375+00:00,KNOT_DNS,knot_dns,dnssec_txt_resolve,9.812374999455642,SUCCESS
9a716746-0252-4a6c-bf72-08a569e4fec8,2026-07-26T21:40:34.627061+00:00,KNOT_DNS,knot_dns,dnssec_txt_resolve,10.388583003077656,SUCCESS
9a716746-0252-4a6c-bf72-08a569e4fec8,2026-07-26T21:40:34.637942+00:00,KNOT_DNS,knot_dns,dnssec_txt_resolve,10.618124993925449,SUCCESS
9a716746-0252-4a6c-bf72-08a569e4fec8,2026-07-26T21:40:34.648120+00:00,KNOT_DNS,knot_dns,dnssec_txt_resolve,9.936582995578647,SUCCESS
9a716746-0252-4a6c-bf72-08a569e4fec8,2026-07-26T21:40:34.649785+00:00,KNOT_DNS,tampering,tampering_check,43.754416998126544,SUCCESS
9a716746-0252-4a6c-bf72-08a569e4fec8,2026-07-26T21:40:34.649901+00:00,KNOT_DNS,summary,total_flow,2421.1850840001716,SUCCESS
82f51f4b-eeb8-48ea-8b00-e59aeb1ed8bd,2026-07-26T21:40:34.758600+00:00,KNOT_DNS,startup,initialize_store,0.0033329997677356005,SUCCESS
82f51f4b-eeb8-48ea-8b00-e59aeb1ed8bd,2026-07-26T21:40:34.761232+00:00,KNOT_DNS,startup,generate_identity_cp,2.3360420018434525,SUCCESS
82f51f4b-eeb8-48ea-8b00-e59aeb1ed8bd,2026-07-26T21:40:34.761503+00:00,KNOT_DNS,startup,generate_identity_sp,0.20000000222353265,SUCCESS
82f51f4b-eeb8-48ea-8b00-e59aeb1ed8bd,2026-07-26T21:40:34.761741+00:00,KNOT_DNS,startup,generate_identity_c1,0.18883400480262935,SUCCESS
82f51f4b-eeb8-48ea-8b00-e59aeb1ed8bd,2026-07-26T21:40:34.761966+00:00,KNOT_DNS,startup,generate_identity_s1,0.18475000251783058,SUCCESS
82f51f4b-eeb8-48ea-8b00-e59aeb1ed8bd,2026-07-26T21:40:34.912503+00:00,KNOT_DNS,knot_dns,dns_txt_update,150.28029100358253,SUCCESS
82f51f4b-eeb8-48ea-8b00-e59aeb1ed8bd,2026-07-26T21:40:34.912672+00:00,KNOT_DNS,publish,publish_identity_cp,150.648959002865,SUCCESS
82f51f4b-eeb8-48ea-8b00-e59aeb1ed8bd,2026-07-26T21:40:35.067836+00:00,KNOT_DNS,knot_dns,dns_txt_update,154.91166599531425,SUCCESS
82f51f4b-eeb8-48ea-8b00-e59aeb1ed8bd,2026-07-26T21:40:35.068051+00:00,KNOT_DNS,publish,publish_identity_sp,155.2922090049833,SUCCESS
82f51f4b-eeb8-48ea-8b00-e59aeb1ed8bd,2026-07-26T21:40:35.208133+00:00,KNOT_DNS,knot_dns,dns_txt_update,139.65654200001154,SUCCESS
82f51f4b-eeb8-48ea-8b00-e59aeb1ed8bd,2026-07-26T21:40:35.208352+00:00,KNOT_DNS,publish,publish_identity_c1,140.04795799701242,SUCCESS
82f51f4b-eeb8-48ea-8b00-e59aeb1ed8bd,2026-07-26T21:40:35.361323+00:00,KNOT_DNS,knot_dns,dns_txt_update,152.55649999744492,SUCCESS
82f51f4b-eeb8-48ea-8b00-e59aeb1ed8bd,2026-07-26T21:40:35.361542+00:00,KNOT_DNS,publish,publish_identity_s1,152.96987499459647,SUCCESS
82f51f4b-eeb8-48ea-8b00-e59aeb1ed8bd,2026-07-26T21:40:35.501646+00:00,KNOT_DNS,knot_dns,dns_txt_update,139.7255000047153,SUCCESS
82f51f4b-eeb8-48ea-8b00-e59aeb1ed8bd,2026-07-26T21:40:36.544833+00:00,KNOT_DNS,knot_dns,dns_txt_update,1042.2340000004624,SUCCESS
82f51f4b-eeb8-48ea-8b00-e59aeb1ed8bd,2026-07-26T21:40:36.546116+00:00,KNOT_DNS,publish,publish_service_metadata,1183.7946250016103,SUCCESS
82f51f4b-eeb8-48ea-8b00-e59aeb1ed8bd,2026-07-26T21:40:36.701475+00:00,KNOT_DNS,knot_dns,dns_txt_update,154.50179199979175,SUCCESS
82f51f4b-eeb8-48ea-8b00-e59aeb1ed8bd,2026-07-26T21:40:36.877959+00:00,KNOT_DNS,knot_dns,dns_txt_update,175.88341700320598,SUCCESS
82f51f4b-eeb8-48ea-8b00-e59aeb1ed8bd,2026-07-26T21:40:36.878206+00:00,KNOT_DNS,publish,publish_provider_registry,331.6622499987716,SUCCESS
82f51f4b-eeb8-48ea-8b00-e59aeb1ed8bd,2026-07-26T21:40:36.888335+00:00,KNOT_DNS,knot_dns,dnssec_txt_resolve,9.996291999414098,SUCCESS
82f51f4b-eeb8-48ea-8b00-e59aeb1ed8bd,2026-07-26T21:40:36.896227+00:00,KNOT_DNS,knot_dns,dnssec_txt_resolve,7.729124998149928,SUCCESS
82f51f4b-eeb8-48ea-8b00-e59aeb1ed8bd,2026-07-26T21:40:36.896357+00:00,KNOT_DNS,discovery,broker_discovery,18.061916998703964,SUCCESS
82f51f4b-eeb8-48ea-8b00-e59aeb1ed8bd,2026-07-26T21:40:36.897123+00:00,KNOT_DNS,dap,dap_create_capability,0.6768329985789023,SUCCESS
82f51f4b-eeb8-48ea-8b00-e59aeb1ed8bd,2026-07-26T21:40:36.897917+00:00,KNOT_DNS,dap,dap_encrypt_enc_cap,0.6487089995061979,SUCCESS
82f51f4b-eeb8-48ea-8b00-e59aeb1ed8bd,2026-07-26T21:40:36.898173+00:00,KNOT_DNS,idap,client_session_init,0.14275000285124406,SUCCESS
82f51f4b-eeb8-48ea-8b00-e59aeb1ed8bd,2026-07-26T21:40:36.898229+00:00,KNOT_DNS,idap,client_ephemeral_public_key,0.003207998815923929,SUCCESS
82f51f4b-eeb8-48ea-8b00-e59aeb1ed8bd,2026-07-26T21:40:36.898560+00:00,KNOT_DNS,idap,client_request_sign,0.2810000005410984,SUCCESS
82f51f4b-eeb8-48ea-8b00-e59aeb1ed8bd,2026-07-26T21:40:36.898621+00:00,KNOT_DNS,idap,canonical_request_payload,0.01220900594489649,SUCCESS
82f51f4b-eeb8-48ea-8b00-e59aeb1ed8bd,2026-07-26T21:40:36.908845+00:00,KNOT_DNS,knot_dns,dnssec_txt_resolve,9.72787500359118,SUCCESS
82f51f4b-eeb8-48ea-8b00-e59aeb1ed8bd,2026-07-26T21:40:36.918482+00:00,KNOT_DNS,knot_dns,dnssec_txt_resolve,9.341334000055213,SUCCESS
82f51f4b-eeb8-48ea-8b00-e59aeb1ed8bd,2026-07-26T21:40:36.927028+00:00,KNOT_DNS,knot_dns,dnssec_txt_resolve,8.26020899694413,SUCCESS
82f51f4b-eeb8-48ea-8b00-e59aeb1ed8bd,2026-07-26T21:40:36.937849+00:00,KNOT_DNS,knot_dns,dnssec_txt_resolve,10.608290998789016,SUCCESS
82f51f4b-eeb8-48ea-8b00-e59aeb1ed8bd,2026-07-26T21:40:36.940617+00:00,KNOT_DNS,idap,idap_authorize,41.90799999923911,SUCCESS
82f51f4b-eeb8-48ea-8b00-e59aeb1ed8bd,2026-07-26T21:40:36.950260+00:00,KNOT_DNS,knot_dns,dnssec_txt_resolve,8.920125001168344,SUCCESS
82f51f4b-eeb8-48ea-8b00-e59aeb1ed8bd,2026-07-26T21:40:36.959830+00:00,KNOT_DNS,knot_dns,dnssec_txt_resolve,9.374749999551568,SUCCESS
82f51f4b-eeb8-48ea-8b00-e59aeb1ed8bd,2026-07-26T21:40:36.968770+00:00,KNOT_DNS,knot_dns,dnssec_txt_resolve,8.720415993593633,SUCCESS
82f51f4b-eeb8-48ea-8b00-e59aeb1ed8bd,2026-07-26T21:40:36.978546+00:00,KNOT_DNS,knot_dns,dnssec_txt_resolve,9.594333001587074,SUCCESS
82f51f4b-eeb8-48ea-8b00-e59aeb1ed8bd,2026-07-26T21:40:36.979986+00:00,KNOT_DNS,idap,idap_replay_check,39.24558299331693,SUCCESS
82f51f4b-eeb8-48ea-8b00-e59aeb1ed8bd,2026-07-26T21:40:36.990086+00:00,KNOT_DNS,knot_dns,dnssec_txt_resolve,9.903540994855575,SUCCESS
82f51f4b-eeb8-48ea-8b00-e59aeb1ed8bd,2026-07-26T21:40:36.990296+00:00,KNOT_DNS,idap,resolve_service_public_key,10.197875002631918,SUCCESS
82f51f4b-eeb8-48ea-8b00-e59aeb1ed8bd,2026-07-26T21:40:36.990431+00:00,KNOT_DNS,idap,compute_transcript,0.047458997869398445,SUCCESS
82f51f4b-eeb8-48ea-8b00-e59aeb1ed8bd,2026-07-26T21:40:36.990919+00:00,KNOT_DNS,idap,transcript_verify,0.4121250021853484,SUCCESS
82f51f4b-eeb8-48ea-8b00-e59aeb1ed8bd,2026-07-26T21:40:36.991303+00:00,KNOT_DNS,idap,client_shared_secret_derivation,0.3074999985983595,SUCCESS
82f51f4b-eeb8-48ea-8b00-e59aeb1ed8bd,2026-07-26T21:40:36.991393+00:00,KNOT_DNS,idap,client_session_key_derivation,0.025959001504816115,SUCCESS
82f51f4b-eeb8-48ea-8b00-e59aeb1ed8bd,2026-07-26T21:40:36.991527+00:00,KNOT_DNS,crypto,encrypt_message,0.04624999564839527,SUCCESS
82f51f4b-eeb8-48ea-8b00-e59aeb1ed8bd,2026-07-26T21:40:36.991605+00:00,KNOT_DNS,crypto,decrypt_message,0.011541000276338309,SUCCESS
82f51f4b-eeb8-48ea-8b00-e59aeb1ed8bd,2026-07-26T21:40:36.992090+00:00,KNOT_DNS,tampering,tampered_request_sign,0.3708340009325184,SUCCESS
82f51f4b-eeb8-48ea-8b00-e59aeb1ed8bd,2026-07-26T21:40:37.002274+00:00,KNOT_DNS,knot_dns,dnssec_txt_resolve,9.463832997425925,SUCCESS
82f51f4b-eeb8-48ea-8b00-e59aeb1ed8bd,2026-07-26T21:40:37.013168+00:00,KNOT_DNS,knot_dns,dnssec_txt_resolve,10.609749995637685,SUCCESS
82f51f4b-eeb8-48ea-8b00-e59aeb1ed8bd,2026-07-26T21:40:37.025679+00:00,KNOT_DNS,knot_dns,dnssec_txt_resolve,12.18483399861725,SUCCESS
82f51f4b-eeb8-48ea-8b00-e59aeb1ed8bd,2026-07-26T21:40:37.034865+00:00,KNOT_DNS,knot_dns,dnssec_txt_resolve,8.892249999917112,SUCCESS
82f51f4b-eeb8-48ea-8b00-e59aeb1ed8bd,2026-07-26T21:40:37.036301+00:00,KNOT_DNS,tampering,tampering_check,44.12483399937628,SUCCESS
82f51f4b-eeb8-48ea-8b00-e59aeb1ed8bd,2026-07-26T21:40:37.036394+00:00,KNOT_DNS,summary,total_flow,2277.856332999363,SUCCESS
9b05b13b-2ddf-4a00-81f1-3762445d5a9b,2026-07-26T21:40:37.137218+00:00,KNOT_DNS,startup,initialize_store,0.004415996954776347,SUCCESS
9b05b13b-2ddf-4a00-81f1-3762445d5a9b,2026-07-26T21:40:37.139789+00:00,KNOT_DNS,startup,generate_identity_cp,2.291333999892231,SUCCESS
9b05b13b-2ddf-4a00-81f1-3762445d5a9b,2026-07-26T21:40:37.140048+00:00,KNOT_DNS,startup,generate_identity_sp,0.18279199866810814,SUCCESS
9b05b13b-2ddf-4a00-81f1-3762445d5a9b,2026-07-26T21:40:37.140272+00:00,KNOT_DNS,startup,generate_identity_c1,0.17808299890020862,SUCCESS
9b05b13b-2ddf-4a00-81f1-3762445d5a9b,2026-07-26T21:40:37.140489+00:00,KNOT_DNS,startup,generate_identity_s1,0.1760420054779388,SUCCESS
9b05b13b-2ddf-4a00-81f1-3762445d5a9b,2026-07-26T21:40:37.302804+00:00,KNOT_DNS,knot_dns,dns_txt_update,162.06483299902175,SUCCESS
9b05b13b-2ddf-4a00-81f1-3762445d5a9b,2026-07-26T21:40:37.302985+00:00,KNOT_DNS,publish,publish_identity_cp,162.44237500359304,SUCCESS
9b05b13b-2ddf-4a00-81f1-3762445d5a9b,2026-07-26T21:40:37.449691+00:00,KNOT_DNS,knot_dns,dns_txt_update,146.48120800120523,SUCCESS
9b05b13b-2ddf-4a00-81f1-3762445d5a9b,2026-07-26T21:40:37.449884+00:00,KNOT_DNS,publish,publish_identity_sp,146.82720800192328,SUCCESS
9b05b13b-2ddf-4a00-81f1-3762445d5a9b,2026-07-26T21:40:38.537807+00:00,KNOT_DNS,knot_dns,dns_txt_update,1086.8856250017416,SUCCESS
9b05b13b-2ddf-4a00-81f1-3762445d5a9b,2026-07-26T21:40:38.538565+00:00,KNOT_DNS,publish,publish_identity_c1,1088.131374999648,SUCCESS
9b05b13b-2ddf-4a00-81f1-3762445d5a9b,2026-07-26T21:40:38.717327+00:00,KNOT_DNS,knot_dns,dns_txt_update,177.9838330039638,SUCCESS
9b05b13b-2ddf-4a00-81f1-3762445d5a9b,2026-07-26T21:40:38.718722+00:00,KNOT_DNS,publish,publish_identity_s1,179.61183300212724,SUCCESS
9b05b13b-2ddf-4a00-81f1-3762445d5a9b,2026-07-26T21:40:38.867757+00:00,KNOT_DNS,knot_dns,dns_txt_update,148.0312909989152,SUCCESS
9b05b13b-2ddf-4a00-81f1-3762445d5a9b,2026-07-26T21:40:39.066246+00:00,KNOT_DNS,knot_dns,dns_txt_update,196.48262499686098,SUCCESS
9b05b13b-2ddf-4a00-81f1-3762445d5a9b,2026-07-26T21:40:39.068400+00:00,KNOT_DNS,publish,publish_service_metadata,347.8948330011917,SUCCESS
9b05b13b-2ddf-4a00-81f1-3762445d5a9b,2026-07-26T21:40:39.256170+00:00,KNOT_DNS,knot_dns,dns_txt_update,187.0802910052589,SUCCESS
9b05b13b-2ddf-4a00-81f1-3762445d5a9b,2026-07-26T21:40:39.414958+00:00,KNOT_DNS,knot_dns,dns_txt_update,158.32616700208746,SUCCESS
9b05b13b-2ddf-4a00-81f1-3762445d5a9b,2026-07-26T21:40:39.415138+00:00,KNOT_DNS,publish,publish_provider_registry,346.4127909974195,SUCCESS
9b05b13b-2ddf-4a00-81f1-3762445d5a9b,2026-07-26T21:40:39.424599+00:00,KNOT_DNS,knot_dns,dnssec_txt_resolve,9.325874998467043,SUCCESS
9b05b13b-2ddf-4a00-81f1-3762445d5a9b,2026-07-26T21:40:39.429903+00:00,KNOT_DNS,knot_dns,dnssec_txt_resolve,5.152750003617257,SUCCESS
9b05b13b-2ddf-4a00-81f1-3762445d5a9b,2026-07-26T21:40:39.430007+00:00,KNOT_DNS,discovery,broker_discovery,14.792000001762062,SUCCESS
9b05b13b-2ddf-4a00-81f1-3762445d5a9b,2026-07-26T21:40:39.430706+00:00,KNOT_DNS,dap,dap_create_capability,0.6151670022518374,SUCCESS
9b05b13b-2ddf-4a00-81f1-3762445d5a9b,2026-07-26T21:40:39.431424+00:00,KNOT_DNS,dap,dap_encrypt_enc_cap,0.6144579965621233,SUCCESS
9b05b13b-2ddf-4a00-81f1-3762445d5a9b,2026-07-26T21:40:39.431637+00:00,KNOT_DNS,idap,client_session_init,0.12808400060748681,SUCCESS
9b05b13b-2ddf-4a00-81f1-3762445d5a9b,2026-07-26T21:40:39.431691+00:00,KNOT_DNS,idap,client_ephemeral_public_key,0.0037089994293637574,SUCCESS
9b05b13b-2ddf-4a00-81f1-3762445d5a9b,2026-07-26T21:40:39.432004+00:00,KNOT_DNS,idap,client_request_sign,0.2630000017234124,SUCCESS
9b05b13b-2ddf-4a00-81f1-3762445d5a9b,2026-07-26T21:40:39.432064+00:00,KNOT_DNS,idap,canonical_request_payload,0.011749994882848114,SUCCESS
9b05b13b-2ddf-4a00-81f1-3762445d5a9b,2026-07-26T21:40:39.438180+00:00,KNOT_DNS,knot_dns,dnssec_txt_resolve,5.651125000440516,SUCCESS
9b05b13b-2ddf-4a00-81f1-3762445d5a9b,2026-07-26T21:40:39.442873+00:00,KNOT_DNS,knot_dns,dnssec_txt_resolve,4.5187919968157075,SUCCESS
9b05b13b-2ddf-4a00-81f1-3762445d5a9b,2026-07-26T21:40:39.447557+00:00,KNOT_DNS,knot_dns,dnssec_txt_resolve,4.577916995913256,SUCCESS
9b05b13b-2ddf-4a00-81f1-3762445d5a9b,2026-07-26T21:40:39.453302+00:00,KNOT_DNS,knot_dns,dnssec_txt_resolve,5.633458000374958,SUCCESS
9b05b13b-2ddf-4a00-81f1-3762445d5a9b,2026-07-26T21:40:39.455111+00:00,KNOT_DNS,idap,idap_authorize,22.965790994931012,SUCCESS
9b05b13b-2ddf-4a00-81f1-3762445d5a9b,2026-07-26T21:40:39.460694+00:00,KNOT_DNS,knot_dns,dnssec_txt_resolve,5.089458005386405,SUCCESS
9b05b13b-2ddf-4a00-81f1-3762445d5a9b,2026-07-26T21:40:39.466162+00:00,KNOT_DNS,knot_dns,dnssec_txt_resolve,5.344084005628247,SUCCESS
9b05b13b-2ddf-4a00-81f1-3762445d5a9b,2026-07-26T21:40:39.472912+00:00,KNOT_DNS,knot_dns,dnssec_txt_resolve,6.625624999287538,SUCCESS
9b05b13b-2ddf-4a00-81f1-3762445d5a9b,2026-07-26T21:40:39.478491+00:00,KNOT_DNS,knot_dns,dnssec_txt_resolve,5.45554199925391,SUCCESS
9b05b13b-2ddf-4a00-81f1-3762445d5a9b,2026-07-26T21:40:39.479568+00:00,KNOT_DNS,idap,idap_replay_check,24.361124997085426,SUCCESS
9b05b13b-2ddf-4a00-81f1-3762445d5a9b,2026-07-26T21:40:39.485165+00:00,KNOT_DNS,knot_dns,dnssec_txt_resolve,5.5127500017988496,SUCCESS
9b05b13b-2ddf-4a00-81f1-3762445d5a9b,2026-07-26T21:40:39.485248+00:00,KNOT_DNS,idap,resolve_service_public_key,5.610333995718975,SUCCESS
9b05b13b-2ddf-4a00-81f1-3762445d5a9b,2026-07-26T21:40:39.485317+00:00,KNOT_DNS,idap,compute_transcript,0.017291000403929502,SUCCESS
9b05b13b-2ddf-4a00-81f1-3762445d5a9b,2026-07-26T21:40:39.485656+00:00,KNOT_DNS,idap,transcript_verify,0.2876250000554137,SUCCESS
9b05b13b-2ddf-4a00-81f1-3762445d5a9b,2026-07-26T21:40:39.485995+00:00,KNOT_DNS,idap,client_shared_secret_derivation,0.2257919986732304,SUCCESS
9b05b13b-2ddf-4a00-81f1-3762445d5a9b,2026-07-26T21:40:39.486122+00:00,KNOT_DNS,idap,client_session_key_derivation,0.029292001272551715,SUCCESS
9b05b13b-2ddf-4a00-81f1-3762445d5a9b,2026-07-26T21:40:39.486234+00:00,KNOT_DNS,crypto,encrypt_message,0.0322499981848523,SUCCESS
9b05b13b-2ddf-4a00-81f1-3762445d5a9b,2026-07-26T21:40:39.486301+00:00,KNOT_DNS,crypto,decrypt_message,0.008875002095010132,SUCCESS
9b05b13b-2ddf-4a00-81f1-3762445d5a9b,2026-07-26T21:40:39.486672+00:00,KNOT_DNS,tampering,tampered_request_sign,0.2817090062308125,SUCCESS
9b05b13b-2ddf-4a00-81f1-3762445d5a9b,2026-07-26T21:40:39.493197+00:00,KNOT_DNS,knot_dns,dnssec_txt_resolve,6.0665410055662505,SUCCESS
9b05b13b-2ddf-4a00-81f1-3762445d5a9b,2026-07-26T21:40:39.501280+00:00,KNOT_DNS,knot_dns,dnssec_txt_resolve,7.924625002488028,SUCCESS
9b05b13b-2ddf-4a00-81f1-3762445d5a9b,2026-07-26T21:40:39.509096+00:00,KNOT_DNS,knot_dns,dnssec_txt_resolve,7.6730000000679865,SUCCESS
9b05b13b-2ddf-4a00-81f1-3762445d5a9b,2026-07-26T21:40:39.515214+00:00,KNOT_DNS,knot_dns,dnssec_txt_resolve,5.986916003166698,SUCCESS
9b05b13b-2ddf-4a00-81f1-3762445d5a9b,2026-07-26T21:40:39.516206+00:00,KNOT_DNS,tampering,tampering_check,29.469875000359025,SUCCESS
9b05b13b-2ddf-4a00-81f1-3762445d5a9b,2026-07-26T21:40:39.516270+00:00,KNOT_DNS,summary,total_flow,2379.128666994802,SUCCESS
f70a6841-6e60-4e15-8430-272a51a4f561,2026-07-26T21:40:39.614804+00:00,KNOT_DNS,startup,initialize_store,0.003917004505638033,SUCCESS
f70a6841-6e60-4e15-8430-272a51a4f561,2026-07-26T21:40:39.617275+00:00,KNOT_DNS,startup,generate_identity_cp,2.2406250063795596,SUCCESS
f70a6841-6e60-4e15-8430-272a51a4f561,2026-07-26T21:40:39.617525+00:00,KNOT_DNS,startup,generate_identity_sp,0.19012499978998676,SUCCESS
f70a6841-6e60-4e15-8430-272a51a4f561,2026-07-26T21:40:39.617761+00:00,KNOT_DNS,startup,generate_identity_c1,0.18762499530566856,SUCCESS
f70a6841-6e60-4e15-8430-272a51a4f561,2026-07-26T21:40:39.617983+00:00,KNOT_DNS,startup,generate_identity_s1,0.18141699547413737,SUCCESS
f70a6841-6e60-4e15-8430-272a51a4f561,2026-07-26T21:40:40.513218+00:00,KNOT_DNS,knot_dns,dns_txt_update,893.8852909996058,SUCCESS
f70a6841-6e60-4e15-8430-272a51a4f561,2026-07-26T21:40:40.514617+00:00,KNOT_DNS,publish,publish_identity_cp,896.0246669957996,SUCCESS
f70a6841-6e60-4e15-8430-272a51a4f561,2026-07-26T21:40:40.687413+00:00,KNOT_DNS,knot_dns,dns_txt_update,171.7256659976556,SUCCESS
f70a6841-6e60-4e15-8430-272a51a4f561,2026-07-26T21:40:40.687945+00:00,KNOT_DNS,publish,publish_identity_sp,172.73329199815635,SUCCESS
f70a6841-6e60-4e15-8430-272a51a4f561,2026-07-26T21:40:40.887232+00:00,KNOT_DNS,knot_dns,dns_txt_update,198.59737499791663,SUCCESS
f70a6841-6e60-4e15-8430-272a51a4f561,2026-07-26T21:40:40.887873+00:00,KNOT_DNS,publish,publish_identity_c1,199.56850000016857,SUCCESS
f70a6841-6e60-4e15-8430-272a51a4f561,2026-07-26T21:40:41.073894+00:00,KNOT_DNS,knot_dns,dns_txt_update,185.15904200467048,SUCCESS
f70a6841-6e60-4e15-8430-272a51a4f561,2026-07-26T21:40:41.074528+00:00,KNOT_DNS,publish,publish_identity_s1,186.20891699538333,SUCCESS
f70a6841-6e60-4e15-8430-272a51a4f561,2026-07-26T21:40:41.247657+00:00,KNOT_DNS,knot_dns,dns_txt_update,172.56104099942604,SUCCESS
f70a6841-6e60-4e15-8430-272a51a4f561,2026-07-26T21:40:41.433654+00:00,KNOT_DNS,knot_dns,dns_txt_update,184.69441599881975,SUCCESS
f70a6841-6e60-4e15-8430-272a51a4f561,2026-07-26T21:40:41.434855+00:00,KNOT_DNS,publish,publish_service_metadata,359.49566699855495,SUCCESS
f70a6841-6e60-4e15-8430-272a51a4f561,2026-07-26T21:40:42.499598+00:00,KNOT_DNS,knot_dns,dns_txt_update,1062.8465420013526,SUCCESS
f70a6841-6e60-4e15-8430-272a51a4f561,2026-07-26T21:40:42.686007+00:00,KNOT_DNS,knot_dns,dns_txt_update,185.12987499707378,SUCCESS
f70a6841-6e60-4e15-8430-272a51a4f561,2026-07-26T21:40:42.686593+00:00,KNOT_DNS,publish,publish_provider_registry,1251.0572079991107,SUCCESS
f70a6841-6e60-4e15-8430-272a51a4f561,2026-07-26T21:40:42.705000+00:00,KNOT_DNS,knot_dns,dnssec_txt_resolve,17.88566699542571,SUCCESS
f70a6841-6e60-4e15-8430-272a51a4f561,2026-07-26T21:40:42.713918+00:00,KNOT_DNS,knot_dns,dnssec_txt_resolve,8.388583002670202,SUCCESS
f70a6841-6e60-4e15-8430-272a51a4f561,2026-07-26T21:40:42.714435+00:00,KNOT_DNS,discovery,broker_discovery,27.310582998325117,SUCCESS
f70a6841-6e60-4e15-8430-272a51a4f561,2026-07-26T21:40:42.716472+00:00,KNOT_DNS,dap,dap_create_capability,1.5849170013098046,SUCCESS
f70a6841-6e60-4e15-8430-272a51a4f561,2026-07-26T21:40:42.718105+00:00,KNOT_DNS,dap,dap_encrypt_enc_cap,1.1610000001383014,SUCCESS
f70a6841-6e60-4e15-8430-272a51a4f561,2026-07-26T21:40:42.718741+00:00,KNOT_DNS,idap,client_session_init,0.26058399816975,SUCCESS
f70a6841-6e60-4e15-8430-272a51a4f561,2026-07-26T21:40:42.719041+00:00,KNOT_DNS,idap,client_ephemeral_public_key,0.008208000508602709,SUCCESS
f70a6841-6e60-4e15-8430-272a51a4f561,2026-07-26T21:40:42.720181+00:00,KNOT_DNS,idap,client_request_sign,0.7438750035362318,SUCCESS
f70a6841-6e60-4e15-8430-272a51a4f561,2026-07-26T21:40:42.720810+00:00,KNOT_DNS,idap,canonical_request_payload,0.04587500006891787,SUCCESS
f70a6841-6e60-4e15-8430-272a51a4f561,2026-07-26T21:40:42.731758+00:00,KNOT_DNS,knot_dns,dnssec_txt_resolve,9.558291996654589,SUCCESS
f70a6841-6e60-4e15-8430-272a51a4f561,2026-07-26T21:40:42.740437+00:00,KNOT_DNS,knot_dns,dnssec_txt_resolve,8.326333998411428,SUCCESS
f70a6841-6e60-4e15-8430-272a51a4f561,2026-07-26T21:40:42.748725+00:00,KNOT_DNS,knot_dns,dnssec_txt_resolve,7.972583000082523,SUCCESS
f70a6841-6e60-4e15-8430-272a51a4f561,2026-07-26T21:40:42.758387+00:00,KNOT_DNS,knot_dns,dnssec_txt_resolve,9.167417003482115,SUCCESS
f70a6841-6e60-4e15-8430-272a51a4f561,2026-07-26T21:40:42.762922+00:00,KNOT_DNS,idap,idap_authorize,41.17750000295928,SUCCESS
f70a6841-6e60-4e15-8430-272a51a4f561,2026-07-26T21:40:42.774840+00:00,KNOT_DNS,knot_dns,dnssec_txt_resolve,10.578957997495309,SUCCESS
f70a6841-6e60-4e15-8430-272a51a4f561,2026-07-26T21:40:42.782366+00:00,KNOT_DNS,knot_dns,dnssec_txt_resolve,7.223291002446786,SUCCESS
f70a6841-6e60-4e15-8430-272a51a4f561,2026-07-26T21:40:42.793038+00:00,KNOT_DNS,knot_dns,dnssec_txt_resolve,10.440041005495004,SUCCESS
f70a6841-6e60-4e15-8430-272a51a4f561,2026-07-26T21:40:42.803286+00:00,KNOT_DNS,knot_dns,dnssec_txt_resolve,9.953959000995383,SUCCESS
f70a6841-6e60-4e15-8430-272a51a4f561,2026-07-26T21:40:42.804818+00:00,KNOT_DNS,idap,idap_replay_check,41.56208300264552,SUCCESS
f70a6841-6e60-4e15-8430-272a51a4f561,2026-07-26T21:40:42.818856+00:00,KNOT_DNS,knot_dns,dnssec_txt_resolve,13.707500002055895,SUCCESS
f70a6841-6e60-4e15-8430-272a51a4f561,2026-07-26T21:40:42.819323+00:00,KNOT_DNS,idap,resolve_service_public_key,14.320708003651816,SUCCESS
f70a6841-6e60-4e15-8430-272a51a4f561,2026-07-26T21:40:42.819568+00:00,KNOT_DNS,idap,compute_transcript,0.04641700070351362,SUCCESS
f70a6841-6e60-4e15-8430-272a51a4f561,2026-07-26T21:40:42.820372+00:00,KNOT_DNS,idap,transcript_verify,0.5797920020995662,SUCCESS
f70a6841-6e60-4e15-8430-272a51a4f561,2026-07-26T21:40:42.821031+00:00,KNOT_DNS,idap,client_shared_secret_derivation,0.372291004168801,SUCCESS
f70a6841-6e60-4e15-8430-272a51a4f561,2026-07-26T21:40:42.821334+00:00,KNOT_DNS,idap,client_session_key_derivation,0.047666995669715106,SUCCESS
f70a6841-6e60-4e15-8430-272a51a4f561,2026-07-26T21:40:42.821749+00:00,KNOT_DNS,crypto,encrypt_message,0.12529200466815382,SUCCESS
f70a6841-6e60-4e15-8430-272a51a4f561,2026-07-26T21:40:42.821959+00:00,KNOT_DNS,crypto,decrypt_message,0.01895800232887268,SUCCESS
f70a6841-6e60-4e15-8430-272a51a4f561,2026-07-26T21:40:42.822872+00:00,KNOT_DNS,tampering,tampered_request_sign,0.6320829998003319,SUCCESS
f70a6841-6e60-4e15-8430-272a51a4f561,2026-07-26T21:40:42.832619+00:00,KNOT_DNS,knot_dns,dnssec_txt_resolve,8.748916996410117,SUCCESS
f70a6841-6e60-4e15-8430-272a51a4f561,2026-07-26T21:40:42.841971+00:00,KNOT_DNS,knot_dns,dnssec_txt_resolve,8.960374994785525,SUCCESS
f70a6841-6e60-4e15-8430-272a51a4f561,2026-07-26T21:40:42.850331+00:00,KNOT_DNS,knot_dns,dnssec_txt_resolve,7.980166999914218,SUCCESS
f70a6841-6e60-4e15-8430-272a51a4f561,2026-07-26T21:40:42.859668+00:00,KNOT_DNS,knot_dns,dnssec_txt_resolve,8.945334004238248,SUCCESS
f70a6841-6e60-4e15-8430-272a51a4f561,2026-07-26T21:40:42.861902+00:00,KNOT_DNS,tampering,tampering_check,38.70216599898413,SUCCESS
f70a6841-6e60-4e15-8430-272a51a4f561,2026-07-26T21:40:42.862272+00:00,KNOT_DNS,summary,total_flow,3247.443332998955,SUCCESS
8c04de0c-1314-40a6-a4ab-07bffe4cf42e,2026-07-26T21:40:42.971783+00:00,KNOT_DNS,startup,initialize_store,0.0033750038710422814,SUCCESS
8c04de0c-1314-40a6-a4ab-07bffe4cf42e,2026-07-26T21:40:42.974225+00:00,KNOT_DNS,startup,generate_identity_cp,2.17358300142223,SUCCESS
8c04de0c-1314-40a6-a4ab-07bffe4cf42e,2026-07-26T21:40:42.974493+00:00,KNOT_DNS,startup,generate_identity_sp,0.20116700034122914,SUCCESS
8c04de0c-1314-40a6-a4ab-07bffe4cf42e,2026-07-26T21:40:42.974732+00:00,KNOT_DNS,startup,generate_identity_c1,0.1907090045278892,SUCCESS
8c04de0c-1314-40a6-a4ab-07bffe4cf42e,2026-07-26T21:40:42.974958+00:00,KNOT_DNS,startup,generate_identity_s1,0.18545800412539393,SUCCESS
8c04de0c-1314-40a6-a4ab-07bffe4cf42e,2026-07-26T21:40:43.129859+00:00,KNOT_DNS,knot_dns,dns_txt_update,154.63595800247276,SUCCESS
8c04de0c-1314-40a6-a4ab-07bffe4cf42e,2026-07-26T21:40:43.130067+00:00,KNOT_DNS,publish,publish_identity_cp,155.04662499733968,SUCCESS
8c04de0c-1314-40a6-a4ab-07bffe4cf42e,2026-07-26T21:40:43.283008+00:00,KNOT_DNS,knot_dns,dns_txt_update,152.3827920027543,SUCCESS
8c04de0c-1314-40a6-a4ab-07bffe4cf42e,2026-07-26T21:40:43.283525+00:00,KNOT_DNS,publish,publish_identity_sp,153.21837500232505,SUCCESS
8c04de0c-1314-40a6-a4ab-07bffe4cf42e,2026-07-26T21:40:43.436318+00:00,KNOT_DNS,knot_dns,dns_txt_update,152.19700000307057,SUCCESS
8c04de0c-1314-40a6-a4ab-07bffe4cf42e,2026-07-26T21:40:43.436660+00:00,KNOT_DNS,publish,publish_identity_c1,152.8210409960593,SUCCESS
8c04de0c-1314-40a6-a4ab-07bffe4cf42e,2026-07-26T21:40:44.490778+00:00,KNOT_DNS,knot_dns,dns_txt_update,1053.1032090002554,SUCCESS
8c04de0c-1314-40a6-a4ab-07bffe4cf42e,2026-07-26T21:40:44.491773+00:00,KNOT_DNS,publish,publish_identity_s1,1054.6716250028112,SUCCESS
8c04de0c-1314-40a6-a4ab-07bffe4cf42e,2026-07-26T21:40:44.645974+00:00,KNOT_DNS,knot_dns,dns_txt_update,151.436415995704,SUCCESS
8c04de0c-1314-40a6-a4ab-07bffe4cf42e,2026-07-26T21:40:44.816506+00:00,KNOT_DNS,knot_dns,dns_txt_update,169.31741600274108,SUCCESS
8c04de0c-1314-40a6-a4ab-07bffe4cf42e,2026-07-26T21:40:44.817360+00:00,KNOT_DNS,publish,publish_service_metadata,323.57274999958463,SUCCESS
8c04de0c-1314-40a6-a4ab-07bffe4cf42e,2026-07-26T21:40:44.973818+00:00,KNOT_DNS,knot_dns,dns_txt_update,155.2530420012772,SUCCESS
8c04de0c-1314-40a6-a4ab-07bffe4cf42e,2026-07-26T21:40:45.158244+00:00,KNOT_DNS,knot_dns,dns_txt_update,183.1247079971945,SUCCESS
8c04de0c-1314-40a6-a4ab-07bffe4cf42e,2026-07-26T21:40:45.158916+00:00,KNOT_DNS,publish,publish_provider_registry,341.0120829939842,SUCCESS
8c04de0c-1314-40a6-a4ab-07bffe4cf42e,2026-07-26T21:40:45.177614+00:00,KNOT_DNS,knot_dns,dnssec_txt_resolve,18.1390419966192,SUCCESS
8c04de0c-1314-40a6-a4ab-07bffe4cf42e,2026-07-26T21:40:45.189814+00:00,KNOT_DNS,knot_dns,dnssec_txt_resolve,11.517332997755148,SUCCESS
8c04de0c-1314-40a6-a4ab-07bffe4cf42e,2026-07-26T21:40:45.190486+00:00,KNOT_DNS,discovery,broker_discovery,31.057666994456667,SUCCESS
8c04de0c-1314-40a6-a4ab-07bffe4cf42e,2026-07-26T21:40:45.193132+00:00,KNOT_DNS,dap,dap_create_capability,2.0710829994641244,SUCCESS
8c04de0c-1314-40a6-a4ab-07bffe4cf42e,2026-07-26T21:40:45.198091+00:00,KNOT_DNS,dap,dap_encrypt_enc_cap,4.299457999877632,SUCCESS
8c04de0c-1314-40a6-a4ab-07bffe4cf42e,2026-07-26T21:40:45.199151+00:00,KNOT_DNS,idap,client_session_init,0.396167000872083,SUCCESS
8c04de0c-1314-40a6-a4ab-07bffe4cf42e,2026-07-26T21:40:45.199810+00:00,KNOT_DNS,idap,client_ephemeral_public_key,0.017166996258310974,SUCCESS
8c04de0c-1314-40a6-a4ab-07bffe4cf42e,2026-07-26T21:40:45.201151+00:00,KNOT_DNS,idap,client_request_sign,0.7554170006187633,SUCCESS
8c04de0c-1314-40a6-a4ab-07bffe4cf42e,2026-07-26T21:40:45.201862+00:00,KNOT_DNS,idap,canonical_request_payload,0.05287499516271055,SUCCESS
8c04de0c-1314-40a6-a4ab-07bffe4cf42e,2026-07-26T21:40:45.217369+00:00,KNOT_DNS,knot_dns,dnssec_txt_resolve,14.155333999951836,SUCCESS
8c04de0c-1314-40a6-a4ab-07bffe4cf42e,2026-07-26T21:40:45.238390+00:00,KNOT_DNS,knot_dns,dnssec_txt_resolve,19.89562500239117,SUCCESS
8c04de0c-1314-40a6-a4ab-07bffe4cf42e,2026-07-26T21:40:45.252442+00:00,KNOT_DNS,knot_dns,dnssec_txt_resolve,13.196458006859757,SUCCESS
8c04de0c-1314-40a6-a4ab-07bffe4cf42e,2026-07-26T21:40:45.273144+00:00,KNOT_DNS,knot_dns,dnssec_txt_resolve,19.79279199440498,SUCCESS
8c04de0c-1314-40a6-a4ab-07bffe4cf42e,2026-07-26T21:40:45.276149+00:00,KNOT_DNS,idap,idap_authorize,73.95383300172398,SUCCESS
8c04de0c-1314-40a6-a4ab-07bffe4cf42e,2026-07-26T21:40:45.288827+00:00,KNOT_DNS,knot_dns,dnssec_txt_resolve,11.802166001871228,SUCCESS
8c04de0c-1314-40a6-a4ab-07bffe4cf42e,2026-07-26T21:40:45.299517+00:00,KNOT_DNS,knot_dns,dnssec_txt_resolve,10.400957995443605,SUCCESS
8c04de0c-1314-40a6-a4ab-07bffe4cf42e,2026-07-26T21:40:45.310130+00:00,KNOT_DNS,knot_dns,dnssec_txt_resolve,10.27224999415921,SUCCESS
8c04de0c-1314-40a6-a4ab-07bffe4cf42e,2026-07-26T21:40:45.321112+00:00,KNOT_DNS,knot_dns,dnssec_txt_resolve,10.697707999497652,SUCCESS
8c04de0c-1314-40a6-a4ab-07bffe4cf42e,2026-07-26T21:40:45.323079+00:00,KNOT_DNS,idap,idap_replay_check,46.7707080024411,SUCCESS
8c04de0c-1314-40a6-a4ab-07bffe4cf42e,2026-07-26T21:40:45.334738+00:00,KNOT_DNS,knot_dns,dnssec_txt_resolve,11.358625000866596,SUCCESS
8c04de0c-1314-40a6-a4ab-07bffe4cf42e,2026-07-26T21:40:45.335113+00:00,KNOT_DNS,idap,resolve_service_public_key,11.873291994561441,SUCCESS
8c04de0c-1314-40a6-a4ab-07bffe4cf42e,2026-07-26T21:40:45.335304+00:00,KNOT_DNS,idap,compute_transcript,0.05020800017518923,SUCCESS
8c04de0c-1314-40a6-a4ab-07bffe4cf42e,2026-07-26T21:40:45.336041+00:00,KNOT_DNS,idap,transcript_verify,0.5421249952632934,SUCCESS
8c04de0c-1314-40a6-a4ab-07bffe4cf42e,2026-07-26T21:40:45.336917+00:00,KNOT_DNS,idap,client_shared_secret_derivation,0.4795829954673536,SUCCESS
8c04de0c-1314-40a6-a4ab-07bffe4cf42e,2026-07-26T21:40:45.337285+00:00,KNOT_DNS,idap,client_session_key_derivation,0.05162500019650906,SUCCESS
8c04de0c-1314-40a6-a4ab-07bffe4cf42e,2026-07-26T21:40:45.337509+00:00,KNOT_DNS,crypto,encrypt_message,0.06262499664444476,SUCCESS
8c04de0c-1314-40a6-a4ab-07bffe4cf42e,2026-07-26T21:40:45.337649+00:00,KNOT_DNS,crypto,decrypt_message,0.014208002539817244,SUCCESS
8c04de0c-1314-40a6-a4ab-07bffe4cf42e,2026-07-26T21:40:45.338425+00:00,KNOT_DNS,tampering,tampered_request_sign,0.5464999994728714,SUCCESS
8c04de0c-1314-40a6-a4ab-07bffe4cf42e,2026-07-26T21:40:45.349909+00:00,KNOT_DNS,knot_dns,dnssec_txt_resolve,10.459459001140203,SUCCESS
8c04de0c-1314-40a6-a4ab-07bffe4cf42e,2026-07-26T21:40:45.361763+00:00,KNOT_DNS,knot_dns,dnssec_txt_resolve,11.367833001713734,SUCCESS
8c04de0c-1314-40a6-a4ab-07bffe4cf42e,2026-07-26T21:40:45.376100+00:00,KNOT_DNS,knot_dns,dnssec_txt_resolve,13.526582995837089,SUCCESS
8c04de0c-1314-40a6-a4ab-07bffe4cf42e,2026-07-26T21:40:45.389917+00:00,KNOT_DNS,knot_dns,dnssec_txt_resolve,13.193999999202788,SUCCESS
8c04de0c-1314-40a6-a4ab-07bffe4cf42e,2026-07-26T21:40:45.392541+00:00,KNOT_DNS,tampering,tampering_check,53.51325000083307,SUCCESS
8c04de0c-1314-40a6-a4ab-07bffe4cf42e,2026-07-26T21:40:45.392867+00:00,KNOT_DNS,summary,total_flow,2421.068165996985,SUCCESS
50bde085-12fe-4e2f-8937-4400559656ab,2026-07-26T21:40:45.503146+00:00,KNOT_DNS,startup,initialize_store,0.003957997250836343,SUCCESS
50bde085-12fe-4e2f-8937-4400559656ab,2026-07-26T21:40:45.505546+00:00,KNOT_DNS,startup,generate_identity_cp,2.1370419999584556,SUCCESS
50bde085-12fe-4e2f-8937-4400559656ab,2026-07-26T21:40:45.505809+00:00,KNOT_DNS,startup,generate_identity_sp,0.19845800125040114,SUCCESS
50bde085-12fe-4e2f-8937-4400559656ab,2026-07-26T21:40:45.506038+00:00,KNOT_DNS,startup,generate_identity_c1,0.18737500067800283,SUCCESS
50bde085-12fe-4e2f-8937-4400559656ab,2026-07-26T21:40:45.506259+00:00,KNOT_DNS,startup,generate_identity_s1,0.1841670018620789,SUCCESS
50bde085-12fe-4e2f-8937-4400559656ab,2026-07-26T21:40:46.235137+00:00,KNOT_DNS,knot_dns,dns_txt_update,728.3599589936784,SUCCESS
50bde085-12fe-4e2f-8937-4400559656ab,2026-07-26T21:40:46.235529+00:00,KNOT_DNS,publish,publish_identity_cp,729.132499996922,SUCCESS
50bde085-12fe-4e2f-8937-4400559656ab,2026-07-26T21:40:46.393962+00:00,KNOT_DNS,knot_dns,dns_txt_update,157.81354100181488,SUCCESS
50bde085-12fe-4e2f-8937-4400559656ab,2026-07-26T21:40:46.394339+00:00,KNOT_DNS,publish,publish_identity_sp,158.5397090020706,SUCCESS
50bde085-12fe-4e2f-8937-4400559656ab,2026-07-26T21:40:47.453848+00:00,KNOT_DNS,knot_dns,dns_txt_update,1058.8908339996124,SUCCESS
50bde085-12fe-4e2f-8937-4400559656ab,2026-07-26T21:40:47.454260+00:00,KNOT_DNS,publish,publish_identity_c1,1059.6734170030686,SUCCESS
50bde085-12fe-4e2f-8937-4400559656ab,2026-07-26T21:40:47.610258+00:00,KNOT_DNS,knot_dns,dns_txt_update,155.58662499825004,SUCCESS
50bde085-12fe-4e2f-8937-4400559656ab,2026-07-26T21:40:47.610461+00:00,KNOT_DNS,publish,publish_identity_s1,156.0152090023621,SUCCESS
50bde085-12fe-4e2f-8937-4400559656ab,2026-07-26T21:40:47.762887+00:00,KNOT_DNS,knot_dns,dns_txt_update,152.01154199894518,SUCCESS
50bde085-12fe-4e2f-8937-4400559656ab,2026-07-26T21:40:47.919796+00:00,KNOT_DNS,knot_dns,dns_txt_update,156.3564590032911,SUCCESS
50bde085-12fe-4e2f-8937-4400559656ab,2026-07-26T21:40:47.920013+00:00,KNOT_DNS,publish,publish_service_metadata,309.46558299910976,SUCCESS
50bde085-12fe-4e2f-8937-4400559656ab,2026-07-26T21:40:48.052252+00:00,KNOT_DNS,knot_dns,dns_txt_update,131.65883399778977,SUCCESS
50bde085-12fe-4e2f-8937-4400559656ab,2026-07-26T21:40:48.214748+00:00,KNOT_DNS,knot_dns,dns_txt_update,161.85950000362936,SUCCESS
50bde085-12fe-4e2f-8937-4400559656ab,2026-07-26T21:40:48.215200+00:00,KNOT_DNS,publish,publish_provider_registry,294.8997089988552,SUCCESS
50bde085-12fe-4e2f-8937-4400559656ab,2026-07-26T21:40:48.226526+00:00,KNOT_DNS,knot_dns,dnssec_txt_resolve,11.135999993712176,SUCCESS
50bde085-12fe-4e2f-8937-4400559656ab,2026-07-26T21:40:48.233119+00:00,KNOT_DNS,knot_dns,dnssec_txt_resolve,6.331333999696653,SUCCESS
50bde085-12fe-4e2f-8937-4400559656ab,2026-07-26T21:40:48.233309+00:00,KNOT_DNS,discovery,broker_discovery,17.981083001359366,SUCCESS
50bde085-12fe-4e2f-8937-4400559656ab,2026-07-26T21:40:48.234072+00:00,KNOT_DNS,dap,dap_create_capability,0.6654169992543757,SUCCESS
50bde085-12fe-4e2f-8937-4400559656ab,2026-07-26T21:40:48.234835+00:00,KNOT_DNS,dap,dap_encrypt_enc_cap,0.6439999997382984,SUCCESS
50bde085-12fe-4e2f-8937-4400559656ab,2026-07-26T21:40:48.235066+00:00,KNOT_DNS,idap,client_session_init,0.1392499980283901,SUCCESS
50bde085-12fe-4e2f-8937-4400559656ab,2026-07-26T21:40:48.235124+00:00,KNOT_DNS,idap,client_ephemeral_public_key,0.0040000013541430235,SUCCESS
50bde085-12fe-4e2f-8937-4400559656ab,2026-07-26T21:40:48.235463+00:00,KNOT_DNS,idap,client_request_sign,0.2860000022337772,SUCCESS
50bde085-12fe-4e2f-8937-4400559656ab,2026-07-26T21:40:48.235529+00:00,KNOT_DNS,idap,canonical_request_payload,0.014292003470472991,SUCCESS
50bde085-12fe-4e2f-8937-4400559656ab,2026-07-26T21:40:48.242927+00:00,KNOT_DNS,knot_dns,dnssec_txt_resolve,6.897375002154149,SUCCESS
50bde085-12fe-4e2f-8937-4400559656ab,2026-07-26T21:40:48.248572+00:00,KNOT_DNS,knot_dns,dnssec_txt_resolve,5.397624998295214,SUCCESS
50bde085-12fe-4e2f-8937-4400559656ab,2026-07-26T21:40:48.260049+00:00,KNOT_DNS,knot_dns,dnssec_txt_resolve,11.208750001969747,SUCCESS
50bde085-12fe-4e2f-8937-4400559656ab,2026-07-26T21:40:48.264619+00:00,KNOT_DNS,knot_dns,dnssec_txt_resolve,4.299166001146659,SUCCESS
50bde085-12fe-4e2f-8937-4400559656ab,2026-07-26T21:40:48.267574+00:00,KNOT_DNS,idap,idap_authorize,31.954875004885253,SUCCESS
50bde085-12fe-4e2f-8937-4400559656ab,2026-07-26T21:40:48.278474+00:00,KNOT_DNS,knot_dns,dnssec_txt_resolve,10.322500005713664,SUCCESS
50bde085-12fe-4e2f-8937-4400559656ab,2026-07-26T21:40:48.285021+00:00,KNOT_DNS,knot_dns,dnssec_txt_resolve,6.379500002367422,SUCCESS
50bde085-12fe-4e2f-8937-4400559656ab,2026-07-26T21:40:48.293075+00:00,KNOT_DNS,knot_dns,dnssec_txt_resolve,7.885040999099147,SUCCESS
50bde085-12fe-4e2f-8937-4400559656ab,2026-07-26T21:40:48.299584+00:00,KNOT_DNS,knot_dns,dnssec_txt_resolve,6.370583003445063,SUCCESS
50bde085-12fe-4e2f-8937-4400559656ab,2026-07-26T21:40:48.300770+00:00,KNOT_DNS,idap,idap_replay_check,33.09904199704761,SUCCESS
50bde085-12fe-4e2f-8937-4400559656ab,2026-07-26T21:40:48.308475+00:00,KNOT_DNS,knot_dns,dnssec_txt_resolve,7.612666006025393,SUCCESS
50bde085-12fe-4e2f-8937-4400559656ab,2026-07-26T21:40:48.308577+00:00,KNOT_DNS,idap,resolve_service_public_key,7.730416997219436,SUCCESS
50bde085-12fe-4e2f-8937-4400559656ab,2026-07-26T21:40:48.308664+00:00,KNOT_DNS,idap,compute_transcript,0.020958999812137336,SUCCESS
50bde085-12fe-4e2f-8937-4400559656ab,2026-07-26T21:40:48.309066+00:00,KNOT_DNS,idap,transcript_verify,0.34250000317115337,SUCCESS
50bde085-12fe-4e2f-8937-4400559656ab,2026-07-26T21:40:48.309382+00:00,KNOT_DNS,idap,client_shared_secret_derivation,0.2566249968367629,SUCCESS
50bde085-12fe-4e2f-8937-4400559656ab,2026-07-26T21:40:48.309452+00:00,KNOT_DNS,idap,client_session_key_derivation,0.01683399750618264,SUCCESS
50bde085-12fe-4e2f-8937-4400559656ab,2026-07-26T21:40:48.309551+00:00,KNOT_DNS,crypto,encrypt_message,0.024917004338931292,SUCCESS
50bde085-12fe-4e2f-8937-4400559656ab,2026-07-26T21:40:48.309616+00:00,KNOT_DNS,crypto,decrypt_message,0.008584000170230865,SUCCESS
50bde085-12fe-4e2f-8937-4400559656ab,2026-07-26T21:40:48.310018+00:00,KNOT_DNS,tampering,tampered_request_sign,0.3156670063617639,SUCCESS
50bde085-12fe-4e2f-8937-4400559656ab,2026-07-26T21:40:48.316377+00:00,KNOT_DNS,knot_dns,dnssec_txt_resolve,5.85891700029606,SUCCESS
50bde085-12fe-4e2f-8937-4400559656ab,2026-07-26T21:40:48.323295+00:00,KNOT_DNS,knot_dns,dnssec_txt_resolve,6.792166001105215,SUCCESS
50bde085-12fe-4e2f-8937-4400559656ab,2026-07-26T21:40:48.330092+00:00,KNOT_DNS,knot_dns,dnssec_txt_resolve,6.62104100047145,SUCCESS
50bde085-12fe-4e2f-8937-4400559656ab,2026-07-26T21:40:48.337937+00:00,KNOT_DNS,knot_dns,dnssec_txt_resolve,7.642333999683615,SUCCESS
50bde085-12fe-4e2f-8937-4400559656ab,2026-07-26T21:40:48.339250+00:00,KNOT_DNS,tampering,tampering_check,29.162833001464605,SUCCESS
50bde085-12fe-4e2f-8937-4400559656ab,2026-07-26T21:40:48.339322+00:00,KNOT_DNS,summary,total_flow,2836.2381250044564,SUCCESS
f1bc5e76-8a6d-45c4-bf77-3024ca761d60,2026-07-26T21:40:48.440638+00:00,KNOT_DNS,startup,initialize_store,0.003957997250836343,SUCCESS
f1bc5e76-8a6d-45c4-bf77-3024ca761d60,2026-07-26T21:40:48.443226+00:00,KNOT_DNS,startup,generate_identity_cp,2.318916995136533,SUCCESS
f1bc5e76-8a6d-45c4-bf77-3024ca761d60,2026-07-26T21:40:48.443489+00:00,KNOT_DNS,startup,generate_identity_sp,0.19720799900824204,SUCCESS
f1bc5e76-8a6d-45c4-bf77-3024ca761d60,2026-07-26T21:40:48.443720+00:00,KNOT_DNS,startup,generate_identity_c1,0.18858299881685525,SUCCESS
f1bc5e76-8a6d-45c4-bf77-3024ca761d60,2026-07-26T21:40:48.443942+00:00,KNOT_DNS,startup,generate_identity_s1,0.18491700029699132,SUCCESS
f1bc5e76-8a6d-45c4-bf77-3024ca761d60,2026-07-26T21:40:49.298845+00:00,KNOT_DNS,knot_dns,dns_txt_update,854.0567079980974,SUCCESS
f1bc5e76-8a6d-45c4-bf77-3024ca761d60,2026-07-26T21:40:49.299754+00:00,KNOT_DNS,publish,publish_identity_cp,855.4772919960669,SUCCESS
f1bc5e76-8a6d-45c4-bf77-3024ca761d60,2026-07-26T21:40:49.468623+00:00,KNOT_DNS,knot_dns,dns_txt_update,168.3909580024192,SUCCESS
f1bc5e76-8a6d-45c4-bf77-3024ca761d60,2026-07-26T21:40:49.468854+00:00,KNOT_DNS,publish,publish_identity_sp,168.82220799743664,SUCCESS
f1bc5e76-8a6d-45c4-bf77-3024ca761d60,2026-07-26T21:40:50.537028+00:00,KNOT_DNS,knot_dns,dns_txt_update,1067.6654999988386,SUCCESS
f1bc5e76-8a6d-45c4-bf77-3024ca761d60,2026-07-26T21:40:50.537462+00:00,KNOT_DNS,publish,publish_identity_c1,1068.5306670056889,SUCCESS
f1bc5e76-8a6d-45c4-bf77-3024ca761d60,2026-07-26T21:40:50.690100+00:00,KNOT_DNS,knot_dns,dns_txt_update,152.30300000257557,SUCCESS
f1bc5e76-8a6d-45c4-bf77-3024ca761d60,2026-07-26T21:40:50.690331+00:00,KNOT_DNS,publish,publish_identity_s1,152.78712500003166,SUCCESS
f1bc5e76-8a6d-45c4-bf77-3024ca761d60,2026-07-26T21:40:50.821159+00:00,KNOT_DNS,knot_dns,dns_txt_update,130.4312919965014,SUCCESS
f1bc5e76-8a6d-45c4-bf77-3024ca761d60,2026-07-26T21:40:50.982810+00:00,KNOT_DNS,knot_dns,dns_txt_update,161.16362500179093,SUCCESS
f1bc5e76-8a6d-45c4-bf77-3024ca761d60,2026-07-26T21:40:50.983041+00:00,KNOT_DNS,publish,publish_service_metadata,292.54479199880734,SUCCESS
f1bc5e76-8a6d-45c4-bf77-3024ca761d60,2026-07-26T21:40:51.128500+00:00,KNOT_DNS,knot_dns,dns_txt_update,145.06220799376024,SUCCESS
f1bc5e76-8a6d-45c4-bf77-3024ca761d60,2026-07-26T21:40:51.304935+00:00,KNOT_DNS,knot_dns,dns_txt_update,175.8409579997533,SUCCESS
f1bc5e76-8a6d-45c4-bf77-3024ca761d60,2026-07-26T21:40:51.305184+00:00,KNOT_DNS,publish,publish_provider_registry,322.0528329984518,SUCCESS
f1bc5e76-8a6d-45c4-bf77-3024ca761d60,2026-07-26T21:40:51.319435+00:00,KNOT_DNS,knot_dns,dnssec_txt_resolve,14.074208003876265,SUCCESS
f1bc5e76-8a6d-45c4-bf77-3024ca761d60,2026-07-26T21:40:51.325573+00:00,KNOT_DNS,knot_dns,dnssec_txt_resolve,5.928625003434718,SUCCESS
f1bc5e76-8a6d-45c4-bf77-3024ca761d60,2026-07-26T21:40:51.325718+00:00,KNOT_DNS,discovery,broker_discovery,20.428666997759137,SUCCESS
f1bc5e76-8a6d-45c4-bf77-3024ca761d60,2026-07-26T21:40:51.326970+00:00,KNOT_DNS,dap,dap_create_capability,1.1157499975524843,SUCCESS
f1bc5e76-8a6d-45c4-bf77-3024ca761d60,2026-07-26T21:40:51.328256+00:00,KNOT_DNS,dap,dap_encrypt_enc_cap,1.091582998924423,SUCCESS
f1bc5e76-8a6d-45c4-bf77-3024ca761d60,2026-07-26T21:40:51.328656+00:00,KNOT_DNS,idap,client_session_init,0.24570900131948292,SUCCESS
f1bc5e76-8a6d-45c4-bf77-3024ca761d60,2026-07-26T21:40:51.328758+00:00,KNOT_DNS,idap,client_ephemeral_public_key,0.006415997631847858,SUCCESS
f1bc5e76-8a6d-45c4-bf77-3024ca761d60,2026-07-26T21:40:51.329354+00:00,KNOT_DNS,idap,client_request_sign,0.5011249959352426,SUCCESS
f1bc5e76-8a6d-45c4-bf77-3024ca761d60,2026-07-26T21:40:51.329453+00:00,KNOT_DNS,idap,canonical_request_payload,0.019708000763785094,SUCCESS
f1bc5e76-8a6d-45c4-bf77-3024ca761d60,2026-07-26T21:40:51.338471+00:00,KNOT_DNS,knot_dns,dnssec_txt_resolve,8.253749998402782,SUCCESS
f1bc5e76-8a6d-45c4-bf77-3024ca761d60,2026-07-26T21:40:51.344871+00:00,KNOT_DNS,knot_dns,dnssec_txt_resolve,6.071333998988848,SUCCESS
f1bc5e76-8a6d-45c4-bf77-3024ca761d60,2026-07-26T21:40:51.352192+00:00,KNOT_DNS,knot_dns,dnssec_txt_resolve,7.0840830012457445,SUCCESS
f1bc5e76-8a6d-45c4-bf77-3024ca761d60,2026-07-26T21:40:51.360340+00:00,KNOT_DNS,knot_dns,dnssec_txt_resolve,7.950957995490171,SUCCESS
f1bc5e76-8a6d-45c4-bf77-3024ca761d60,2026-07-26T21:40:51.363450+00:00,KNOT_DNS,idap,idap_authorize,33.88266600086354,SUCCESS
f1bc5e76-8a6d-45c4-bf77-3024ca761d60,2026-07-26T21:40:51.371030+00:00,KNOT_DNS,knot_dns,dnssec_txt_resolve,6.723291997332126,SUCCESS
f1bc5e76-8a6d-45c4-bf77-3024ca761d60,2026-07-26T21:40:51.378888+00:00,KNOT_DNS,knot_dns,dnssec_txt_resolve,7.642374999704771,SUCCESS
f1bc5e76-8a6d-45c4-bf77-3024ca761d60,2026-07-26T21:40:51.387732+00:00,KNOT_DNS,knot_dns,dnssec_txt_resolve,8.567416000005323,SUCCESS
f1bc5e76-8a6d-45c4-bf77-3024ca761d60,2026-07-26T21:40:51.394969+00:00,KNOT_DNS,knot_dns,dnssec_txt_resolve,7.024209000519477,SUCCESS
f1bc5e76-8a6d-45c4-bf77-3024ca761d60,2026-07-26T21:40:51.396908+00:00,KNOT_DNS,idap,idap_replay_check,33.300999995844904,SUCCESS
f1bc5e76-8a6d-45c4-bf77-3024ca761d60,2026-07-26T21:40:51.406964+00:00,KNOT_DNS,knot_dns,dnssec_txt_resolve,9.909250002237968,SUCCESS
f1bc5e76-8a6d-45c4-bf77-3024ca761d60,2026-07-26T21:40:51.407119+00:00,KNOT_DNS,idap,resolve_service_public_key,10.086540998599958,SUCCESS
f1bc5e76-8a6d-45c4-bf77-3024ca761d60,2026-07-26T21:40:51.407254+00:00,KNOT_DNS,idap,compute_transcript,0.032457995985168964,SUCCESS
f1bc5e76-8a6d-45c4-bf77-3024ca761d60,2026-07-26T21:40:51.407913+00:00,KNOT_DNS,idap,transcript_verify,0.5571250003413297,SUCCESS
f1bc5e76-8a6d-45c4-bf77-3024ca761d60,2026-07-26T21:40:51.408433+00:00,KNOT_DNS,idap,client_shared_secret_derivation,0.42179199954262003,SUCCESS
f1bc5e76-8a6d-45c4-bf77-3024ca761d60,2026-07-26T21:40:51.408558+00:00,KNOT_DNS,idap,client_session_key_derivation,0.031584000680595636,SUCCESS
f1bc5e76-8a6d-45c4-bf77-3024ca761d60,2026-07-26T21:40:51.408736+00:00,KNOT_DNS,crypto,encrypt_message,0.055000004067551345,SUCCESS
f1bc5e76-8a6d-45c4-bf77-3024ca761d60,2026-07-26T21:40:51.408845+00:00,KNOT_DNS,crypto,decrypt_message,0.014833000022917986,SUCCESS
f1bc5e76-8a6d-45c4-bf77-3024ca761d60,2026-07-26T21:40:51.409501+00:00,KNOT_DNS,tampering,tampered_request_sign,0.5120830028317869,SUCCESS
f1bc5e76-8a6d-45c4-bf77-3024ca761d60,2026-07-26T21:40:51.420473+00:00,KNOT_DNS,knot_dns,dnssec_txt_resolve,10.061749999294989,SUCCESS
f1bc5e76-8a6d-45c4-bf77-3024ca761d60,2026-07-26T21:40:51.430276+00:00,KNOT_DNS,knot_dns,dnssec_txt_resolve,9.129790996666998,SUCCESS
f1bc5e76-8a6d-45c4-bf77-3024ca761d60,2026-07-26T21:40:51.441565+00:00,KNOT_DNS,knot_dns,dnssec_txt_resolve,10.639915999490768,SUCCESS
f1bc5e76-8a6d-45c4-bf77-3024ca761d60,2026-07-26T21:40:51.453712+00:00,KNOT_DNS,knot_dns,dnssec_txt_resolve,11.729375000868458,SUCCESS
f1bc5e76-8a6d-45c4-bf77-3024ca761d60,2026-07-26T21:40:51.455965+00:00,KNOT_DNS,tampering,tampering_check,46.328749995154794,SUCCESS
f1bc5e76-8a6d-45c4-bf77-3024ca761d60,2026-07-26T21:40:51.456100+00:00,KNOT_DNS,summary,total_flow,3015.5062080011703,SUCCESS
b74e4338-d87f-476d-a6f0-22d28595774a,2026-07-26T21:40:51.567800+00:00,KNOT_DNS,startup,initialize_store,0.003458997525740415,SUCCESS
b74e4338-d87f-476d-a6f0-22d28595774a,2026-07-26T21:40:51.570545+00:00,KNOT_DNS,startup,generate_identity_cp,2.46454200532753,SUCCESS
b74e4338-d87f-476d-a6f0-22d28595774a,2026-07-26T21:40:51.570850+00:00,KNOT_DNS,startup,generate_identity_sp,0.20762499480042607,SUCCESS
b74e4338-d87f-476d-a6f0-22d28595774a,2026-07-26T21:40:51.571088+00:00,KNOT_DNS,startup,generate_identity_c1,0.1892910004244186,SUCCESS
b74e4338-d87f-476d-a6f0-22d28595774a,2026-07-26T21:40:51.571316+00:00,KNOT_DNS,startup,generate_identity_s1,0.18591700063552707,SUCCESS
b74e4338-d87f-476d-a6f0-22d28595774a,2026-07-26T21:40:52.380093+00:00,KNOT_DNS,knot_dns,dns_txt_update,808.1349580024835,SUCCESS
b74e4338-d87f-476d-a6f0-22d28595774a,2026-07-26T21:40:52.380772+00:00,KNOT_DNS,publish,publish_identity_cp,809.2009579995647,SUCCESS
b74e4338-d87f-476d-a6f0-22d28595774a,2026-07-26T21:40:52.551108+00:00,KNOT_DNS,knot_dns,dns_txt_update,169.45283400127664,SUCCESS
b74e4338-d87f-476d-a6f0-22d28595774a,2026-07-26T21:40:52.551805+00:00,KNOT_DNS,publish,publish_identity_sp,170.52712500299094,SUCCESS
b74e4338-d87f-476d-a6f0-22d28595774a,2026-07-26T21:40:52.719920+00:00,KNOT_DNS,knot_dns,dns_txt_update,167.11566699814284,SUCCESS
b74e4338-d87f-476d-a6f0-22d28595774a,2026-07-26T21:40:52.720692+00:00,KNOT_DNS,publish,publish_identity_c1,168.33233299985295,SUCCESS
b74e4338-d87f-476d-a6f0-22d28595774a,2026-07-26T21:40:52.888785+00:00,KNOT_DNS,knot_dns,dns_txt_update,167.34725000424078,SUCCESS
b74e4338-d87f-476d-a6f0-22d28595774a,2026-07-26T21:40:52.889283+00:00,KNOT_DNS,publish,publish_identity_s1,168.12645900063217,SUCCESS
b74e4338-d87f-476d-a6f0-22d28595774a,2026-07-26T21:40:53.046865+00:00,KNOT_DNS,knot_dns,dns_txt_update,156.66808399691945,SUCCESS
b74e4338-d87f-476d-a6f0-22d28595774a,2026-07-26T21:40:53.239893+00:00,KNOT_DNS,knot_dns,dns_txt_update,191.87891700130422,SUCCESS
b74e4338-d87f-476d-a6f0-22d28595774a,2026-07-26T21:40:53.240544+00:00,KNOT_DNS,publish,publish_service_metadata,350.8305420036777,SUCCESS
b74e4338-d87f-476d-a6f0-22d28595774a,2026-07-26T21:40:53.438513+00:00,KNOT_DNS,knot_dns,dns_txt_update,196.93225000082748,SUCCESS
b74e4338-d87f-476d-a6f0-22d28595774a,2026-07-26T21:40:54.471481+00:00,KNOT_DNS,knot_dns,dns_txt_update,1032.027166998887,SUCCESS
b74e4338-d87f-476d-a6f0-22d28595774a,2026-07-26T21:40:54.471719+00:00,KNOT_DNS,publish,publish_provider_registry,1230.8730000004289,SUCCESS
b74e4338-d87f-476d-a6f0-22d28595774a,2026-07-26T21:40:54.482747+00:00,KNOT_DNS,knot_dns,dnssec_txt_resolve,10.866416996577755,SUCCESS
b74e4338-d87f-476d-a6f0-22d28595774a,2026-07-26T21:40:54.490307+00:00,KNOT_DNS,knot_dns,dnssec_txt_resolve,7.292000002053101,SUCCESS
b74e4338-d87f-476d-a6f0-22d28595774a,2026-07-26T21:40:54.490463+00:00,KNOT_DNS,discovery,broker_discovery,18.648750003194436,SUCCESS
b74e4338-d87f-476d-a6f0-22d28595774a,2026-07-26T21:40:54.491513+00:00,KNOT_DNS,dap,dap_create_capability,0.9254999968106858,SUCCESS
b74e4338-d87f-476d-a6f0-22d28595774a,2026-07-26T21:40:54.492453+00:00,KNOT_DNS,dap,dap_encrypt_enc_cap,0.7567499997094274,SUCCESS
b74e4338-d87f-476d-a6f0-22d28595774a,2026-07-26T21:40:54.492682+00:00,KNOT_DNS,idap,client_session_init,0.12362499546725303,SUCCESS
b74e4338-d87f-476d-a6f0-22d28595774a,2026-07-26T21:40:54.492743+00:00,KNOT_DNS,idap,client_ephemeral_public_key,0.0038329962990246713,SUCCESS
b74e4338-d87f-476d-a6f0-22d28595774a,2026-07-26T21:40:54.493207+00:00,KNOT_DNS,idap,client_request_sign,0.4012499994132668,SUCCESS
b74e4338-d87f-476d-a6f0-22d28595774a,2026-07-26T21:40:54.493287+00:00,KNOT_DNS,idap,canonical_request_payload,0.023291002435144037,SUCCESS
b74e4338-d87f-476d-a6f0-22d28595774a,2026-07-26T21:40:54.502598+00:00,KNOT_DNS,knot_dns,dnssec_txt_resolve,8.717415999853984,SUCCESS
b74e4338-d87f-476d-a6f0-22d28595774a,2026-07-26T21:40:54.510226+00:00,KNOT_DNS,knot_dns,dnssec_txt_resolve,7.332624998525716,SUCCESS
b74e4338-d87f-476d-a6f0-22d28595774a,2026-07-26T21:40:54.518188+00:00,KNOT_DNS,knot_dns,dnssec_txt_resolve,7.647416998224799,SUCCESS
b74e4338-d87f-476d-a6f0-22d28595774a,2026-07-26T21:40:54.526712+00:00,KNOT_DNS,knot_dns,dnssec_txt_resolve,8.292957994854078,SUCCESS
b74e4338-d87f-476d-a6f0-22d28595774a,2026-07-26T21:40:54.528815+00:00,KNOT_DNS,idap,idap_authorize,35.40120900288457,SUCCESS
b74e4338-d87f-476d-a6f0-22d28595774a,2026-07-26T21:40:54.537222+00:00,KNOT_DNS,knot_dns,dnssec_txt_resolve,7.749999997031409,SUCCESS
b74e4338-d87f-476d-a6f0-22d28595774a,2026-07-26T21:40:54.543797+00:00,KNOT_DNS,knot_dns,dnssec_txt_resolve,6.3928329982445575,SUCCESS
b74e4338-d87f-476d-a6f0-22d28595774a,2026-07-26T21:40:54.551024+00:00,KNOT_DNS,knot_dns,dnssec_txt_resolve,7.004749997577164,SUCCESS
b74e4338-d87f-476d-a6f0-22d28595774a,2026-07-26T21:40:54.556959+00:00,KNOT_DNS,knot_dns,dnssec_txt_resolve,5.679291003616527,SUCCESS
b74e4338-d87f-476d-a6f0-22d28595774a,2026-07-26T21:40:54.558381+00:00,KNOT_DNS,idap,idap_replay_check,29.439582998747937,SUCCESS
b74e4338-d87f-476d-a6f0-22d28595774a,2026-07-26T21:40:54.564817+00:00,KNOT_DNS,knot_dns,dnssec_txt_resolve,6.264208997890819,SUCCESS
b74e4338-d87f-476d-a6f0-22d28595774a,2026-07-26T21:40:54.565073+00:00,KNOT_DNS,idap,resolve_service_public_key,6.564000002981629,SUCCESS
b74e4338-d87f-476d-a6f0-22d28595774a,2026-07-26T21:40:54.565286+00:00,KNOT_DNS,idap,compute_transcript,0.02970799687318504,SUCCESS
b74e4338-d87f-476d-a6f0-22d28595774a,2026-07-26T21:40:54.565753+00:00,KNOT_DNS,idap,transcript_verify,0.36579199513653293,SUCCESS
b74e4338-d87f-476d-a6f0-22d28595774a,2026-07-26T21:40:54.566115+00:00,KNOT_DNS,idap,client_shared_secret_derivation,0.28212500183144584,SUCCESS
b74e4338-d87f-476d-a6f0-22d28595774a,2026-07-26T21:40:54.566204+00:00,KNOT_DNS,idap,client_session_key_derivation,0.023500004317611456,SUCCESS
b74e4338-d87f-476d-a6f0-22d28595774a,2026-07-26T21:40:54.566321+00:00,KNOT_DNS,crypto,encrypt_message,0.030290997528936714,SUCCESS
b74e4338-d87f-476d-a6f0-22d28595774a,2026-07-26T21:40:54.566412+00:00,KNOT_DNS,crypto,decrypt_message,0.008957998943515122,SUCCESS
b74e4338-d87f-476d-a6f0-22d28595774a,2026-07-26T21:40:54.566874+00:00,KNOT_DNS,tampering,tampered_request_sign,0.3362909992574714,SUCCESS
b74e4338-d87f-476d-a6f0-22d28595774a,2026-07-26T21:40:54.574300+00:00,KNOT_DNS,knot_dns,dnssec_txt_resolve,6.863583002996165,SUCCESS
b74e4338-d87f-476d-a6f0-22d28595774a,2026-07-26T21:40:54.582156+00:00,KNOT_DNS,knot_dns,dnssec_txt_resolve,7.671042003494222,SUCCESS
b74e4338-d87f-476d-a6f0-22d28595774a,2026-07-26T21:40:54.589913+00:00,KNOT_DNS,knot_dns,dnssec_txt_resolve,7.571624999400228,SUCCESS
b74e4338-d87f-476d-a6f0-22d28595774a,2026-07-26T21:40:54.597299+00:00,KNOT_DNS,knot_dns,dnssec_txt_resolve,7.236790996103082,SUCCESS
b74e4338-d87f-476d-a6f0-22d28595774a,2026-07-26T21:40:54.598498+00:00,KNOT_DNS,tampering,tampering_check,31.546624995826278,SUCCESS
b74e4338-d87f-476d-a6f0-22d28595774a,2026-07-26T21:40:54.598579+00:00,KNOT_DNS,summary,total_flow,3030.8465829948545,SUCCESS
931d4d00-b2f4-4539-af8b-f6f5a721c705,2026-07-26T21:40:54.704902+00:00,DNSLINK_IPFS,startup,initialize_store,0.0045000051613897085,SUCCESS
931d4d00-b2f4-4539-af8b-f6f5a721c705,2026-07-26T21:40:54.707417+00:00,DNSLINK_IPFS,startup,generate_identity_cp,2.2401249952963553,SUCCESS
931d4d00-b2f4-4539-af8b-f6f5a721c705,2026-07-26T21:40:54.707686+00:00,DNSLINK_IPFS,startup,generate_identity_sp,0.2009169984376058,SUCCESS
931d4d00-b2f4-4539-af8b-f6f5a721c705,2026-07-26T21:40:54.707917+00:00,DNSLINK_IPFS,startup,generate_identity_c1,0.1899999988381751,SUCCESS
931d4d00-b2f4-4539-af8b-f6f5a721c705,2026-07-26T21:40:54.708138+00:00,DNSLINK_IPFS,startup,generate_identity_s1,0.18445800378685817,SUCCESS
931d4d00-b2f4-4539-af8b-f6f5a721c705,2026-07-26T21:40:54.758098+00:00,DNSLINK_IPFS,dnslink_ipfs,ipfs_add_json,49.82704199937871,SUCCESS
931d4d00-b2f4-4539-af8b-f6f5a721c705,2026-07-26T21:40:54.928794+00:00,DNSLINK_IPFS,dnslink_ipfs,dns_txt_update,169.5519580025575,SUCCESS
931d4d00-b2f4-4539-af8b-f6f5a721c705,2026-07-26T21:40:54.928970+00:00,DNSLINK_IPFS,publish,publish_identity_cp,220.78195799986133,SUCCESS
931d4d00-b2f4-4539-af8b-f6f5a721c705,2026-07-26T21:40:54.948716+00:00,DNSLINK_IPFS,dnslink_ipfs,ipfs_add_json,19.279166001069825,SUCCESS
931d4d00-b2f4-4539-af8b-f6f5a721c705,2026-07-26T21:40:55.087323+00:00,DNSLINK_IPFS,dnslink_ipfs,dns_txt_update,138.28445900435327,SUCCESS
931d4d00-b2f4-4539-af8b-f6f5a721c705,2026-07-26T21:40:55.087540+00:00,DNSLINK_IPFS,publish,publish_identity_sp,158.36545800266322,SUCCESS
931d4d00-b2f4-4539-af8b-f6f5a721c705,2026-07-26T21:40:55.108869+00:00,DNSLINK_IPFS,dnslink_ipfs,ipfs_add_json,21.02395900146803,SUCCESS
931d4d00-b2f4-4539-af8b-f6f5a721c705,2026-07-26T21:40:55.244126+00:00,DNSLINK_IPFS,dnslink_ipfs,dns_txt_update,134.88870800210861,SUCCESS
931d4d00-b2f4-4539-af8b-f6f5a721c705,2026-07-26T21:40:55.244372+00:00,DNSLINK_IPFS,publish,publish_identity_c1,156.57599999394733,SUCCESS
931d4d00-b2f4-4539-af8b-f6f5a721c705,2026-07-26T21:40:55.261205+00:00,DNSLINK_IPFS,dnslink_ipfs,ipfs_add_json,16.549084000871517,SUCCESS
931d4d00-b2f4-4539-af8b-f6f5a721c705,2026-07-26T21:40:55.402247+00:00,DNSLINK_IPFS,dnslink_ipfs,dns_txt_update,140.66687499871477,SUCCESS
931d4d00-b2f4-4539-af8b-f6f5a721c705,2026-07-26T21:40:55.402513+00:00,DNSLINK_IPFS,publish,publish_identity_s1,157.94291700149188,SUCCESS
931d4d00-b2f4-4539-af8b-f6f5a721c705,2026-07-26T21:40:55.422994+00:00,DNSLINK_IPFS,dnslink_ipfs,ipfs_add_json,20.229249996191356,SUCCESS
931d4d00-b2f4-4539-af8b-f6f5a721c705,2026-07-26T21:40:56.474833+00:00,DNSLINK_IPFS,dnslink_ipfs,dns_txt_update,1051.219332999608,SUCCESS
931d4d00-b2f4-4539-af8b-f6f5a721c705,2026-07-26T21:40:56.475430+00:00,DNSLINK_IPFS,publish,publish_service_metadata,1072.6575840017176,SUCCESS
931d4d00-b2f4-4539-af8b-f6f5a721c705,2026-07-26T21:40:56.496862+00:00,DNSLINK_IPFS,dnslink_ipfs,ipfs_add_json,20.894250003038906,SUCCESS
931d4d00-b2f4-4539-af8b-f6f5a721c705,2026-07-26T21:40:56.653702+00:00,DNSLINK_IPFS,dnslink_ipfs,dns_txt_update,156.35595800267765,SUCCESS
931d4d00-b2f4-4539-af8b-f6f5a721c705,2026-07-26T21:40:56.653928+00:00,DNSLINK_IPFS,publish,publish_provider_registry,178.23750000388827,SUCCESS
931d4d00-b2f4-4539-af8b-f6f5a721c705,2026-07-26T21:40:56.664064+00:00,DNSLINK_IPFS,dnslink_ipfs,dnssec_txt_resolve,10.018790999311022,SUCCESS
931d4d00-b2f4-4539-af8b-f6f5a721c705,2026-07-26T21:40:56.667445+00:00,DNSLINK_IPFS,dnslink_ipfs,ipfs_cat_json,3.2573339994996786,SUCCESS
931d4d00-b2f4-4539-af8b-f6f5a721c705,2026-07-26T21:40:56.676065+00:00,DNSLINK_IPFS,dnslink_ipfs,dnssec_txt_resolve,8.431916001427453,SUCCESS
931d4d00-b2f4-4539-af8b-f6f5a721c705,2026-07-26T21:40:56.677391+00:00,DNSLINK_IPFS,dnslink_ipfs,ipfs_cat_json,1.1633329995675012,SUCCESS
931d4d00-b2f4-4539-af8b-f6f5a721c705,2026-07-26T21:40:56.677491+00:00,DNSLINK_IPFS,discovery,broker_discovery,23.481374999391846,SUCCESS
931d4d00-b2f4-4539-af8b-f6f5a721c705,2026-07-26T21:40:56.678295+00:00,DNSLINK_IPFS,dap,dap_create_capability,0.7162080000853166,SUCCESS
931d4d00-b2f4-4539-af8b-f6f5a721c705,2026-07-26T21:40:56.679163+00:00,DNSLINK_IPFS,dap,dap_encrypt_enc_cap,0.7382499970844947,SUCCESS
931d4d00-b2f4-4539-af8b-f6f5a721c705,2026-07-26T21:40:56.679418+00:00,DNSLINK_IPFS,idap,client_session_init,0.1549160006106831,SUCCESS
931d4d00-b2f4-4539-af8b-f6f5a721c705,2026-07-26T21:40:56.679482+00:00,DNSLINK_IPFS,idap,client_ephemeral_public_key,0.004125002305954695,SUCCESS
931d4d00-b2f4-4539-af8b-f6f5a721c705,2026-07-26T21:40:56.679852+00:00,DNSLINK_IPFS,idap,client_request_sign,0.3132089987047948,SUCCESS
931d4d00-b2f4-4539-af8b-f6f5a721c705,2026-07-26T21:40:56.679927+00:00,DNSLINK_IPFS,idap,canonical_request_payload,0.020667001081164926,SUCCESS
931d4d00-b2f4-4539-af8b-f6f5a721c705,2026-07-26T21:40:56.686384+00:00,DNSLINK_IPFS,dnslink_ipfs,dnssec_txt_resolve,5.893166002351791,SUCCESS
931d4d00-b2f4-4539-af8b-f6f5a721c705,2026-07-26T21:40:56.687257+00:00,DNSLINK_IPFS,dnslink_ipfs,ipfs_cat_json,0.746000005165115,SUCCESS
931d4d00-b2f4-4539-af8b-f6f5a721c705,2026-07-26T21:40:56.695155+00:00,DNSLINK_IPFS,dnslink_ipfs,dnssec_txt_resolve,7.720584006165154,SUCCESS
931d4d00-b2f4-4539-af8b-f6f5a721c705,2026-07-26T21:40:56.696246+00:00,DNSLINK_IPFS,dnslink_ipfs,ipfs_cat_json,0.9980830000131391,SUCCESS
931d4d00-b2f4-4539-af8b-f6f5a721c705,2026-07-26T21:40:56.703346+00:00,DNSLINK_IPFS,dnslink_ipfs,dnssec_txt_resolve,6.990499998209998,SUCCESS
931d4d00-b2f4-4539-af8b-f6f5a721c705,2026-07-26T21:40:56.704290+00:00,DNSLINK_IPFS,dnslink_ipfs,ipfs_cat_json,0.8555410022381693,SUCCESS
931d4d00-b2f4-4539-af8b-f6f5a721c705,2026-07-26T21:40:56.711598+00:00,DNSLINK_IPFS,dnslink_ipfs,dnssec_txt_resolve,7.149375000153668,SUCCESS
931d4d00-b2f4-4539-af8b-f6f5a721c705,2026-07-26T21:40:56.712552+00:00,DNSLINK_IPFS,dnslink_ipfs,ipfs_cat_json,0.8565829994040541,SUCCESS
931d4d00-b2f4-4539-af8b-f6f5a721c705,2026-07-26T21:40:56.714495+00:00,DNSLINK_IPFS,idap,idap_authorize,34.50054099812405,SUCCESS
931d4d00-b2f4-4539-af8b-f6f5a721c705,2026-07-26T21:40:56.722130+00:00,DNSLINK_IPFS,dnslink_ipfs,dnssec_txt_resolve,7.1092500002123415,SUCCESS
931d4d00-b2f4-4539-af8b-f6f5a721c705,2026-07-26T21:40:56.723016+00:00,DNSLINK_IPFS,dnslink_ipfs,ipfs_cat_json,0.7971669983817264,SUCCESS
931d4d00-b2f4-4539-af8b-f6f5a721c705,2026-07-26T21:40:56.730855+00:00,DNSLINK_IPFS,dnslink_ipfs,dnssec_txt_resolve,7.669416998396628,SUCCESS
931d4d00-b2f4-4539-af8b-f6f5a721c705,2026-07-26T21:40:56.732141+00:00,DNSLINK_IPFS,dnslink_ipfs,ipfs_cat_json,1.1174999963259324,SUCCESS
931d4d00-b2f4-4539-af8b-f6f5a721c705,2026-07-26T21:40:56.739711+00:00,DNSLINK_IPFS,dnslink_ipfs,dnssec_txt_resolve,7.415499996568542,SUCCESS
931d4d00-b2f4-4539-af8b-f6f5a721c705,2026-07-26T21:40:56.740739+00:00,DNSLINK_IPFS,dnslink_ipfs,ipfs_cat_json,0.9254169999621809,SUCCESS
931d4d00-b2f4-4539-af8b-f6f5a721c705,2026-07-26T21:40:56.746981+00:00,DNSLINK_IPFS,dnslink_ipfs,dnssec_txt_resolve,6.102665996877477,SUCCESS
931d4d00-b2f4-4539-af8b-f6f5a721c705,2026-07-26T21:40:56.747866+00:00,DNSLINK_IPFS,dnslink_ipfs,ipfs_cat_json,0.7756670020171441,SUCCESS
931d4d00-b2f4-4539-af8b-f6f5a721c705,2026-07-26T21:40:56.749079+00:00,DNSLINK_IPFS,idap,idap_replay_check,34.50399999564979,SUCCESS
931d4d00-b2f4-4539-af8b-f6f5a721c705,2026-07-26T21:40:56.757652+00:00,DNSLINK_IPFS,dnslink_ipfs,dnssec_txt_resolve,8.459374999802094,SUCCESS
931d4d00-b2f4-4539-af8b-f6f5a721c705,2026-07-26T21:40:56.758698+00:00,DNSLINK_IPFS,dnslink_ipfs,ipfs_cat_json,0.9304170016548596,SUCCESS
931d4d00-b2f4-4539-af8b-f6f5a721c705,2026-07-26T21:40:56.758814+00:00,DNSLINK_IPFS,idap,resolve_service_public_key,9.656374997575767,SUCCESS
931d4d00-b2f4-4539-af8b-f6f5a721c705,2026-07-26T21:40:56.758905+00:00,DNSLINK_IPFS,idap,compute_transcript,0.02566599869169295,SUCCESS
931d4d00-b2f4-4539-af8b-f6f5a721c705,2026-07-26T21:40:56.759335+00:00,DNSLINK_IPFS,idap,transcript_verify,0.36858399835182354,SUCCESS
931d4d00-b2f4-4539-af8b-f6f5a721c705,2026-07-26T21:40:56.759657+00:00,DNSLINK_IPFS,idap,client_shared_secret_derivation,0.26116699882550165,SUCCESS
931d4d00-b2f4-4539-af8b-f6f5a721c705,2026-07-26T21:40:56.759734+00:00,DNSLINK_IPFS,idap,client_session_key_derivation,0.020499996026046574,SUCCESS
931d4d00-b2f4-4539-af8b-f6f5a721c705,2026-07-26T21:40:56.759837+00:00,DNSLINK_IPFS,crypto,encrypt_message,0.029416005418170244,SUCCESS
931d4d00-b2f4-4539-af8b-f6f5a721c705,2026-07-26T21:40:56.759903+00:00,DNSLINK_IPFS,crypto,decrypt_message,0.008875002095010132,SUCCESS
931d4d00-b2f4-4539-af8b-f6f5a721c705,2026-07-26T21:40:56.760306+00:00,DNSLINK_IPFS,tampering,tampered_request_sign,0.31954199948813766,SUCCESS
931d4d00-b2f4-4539-af8b-f6f5a721c705,2026-07-26T21:40:56.769036+00:00,DNSLINK_IPFS,dnslink_ipfs,dnssec_txt_resolve,8.190665997972246,SUCCESS
931d4d00-b2f4-4539-af8b-f6f5a721c705,2026-07-26T21:40:56.770059+00:00,DNSLINK_IPFS,dnslink_ipfs,ipfs_cat_json,0.9112080006161705,SUCCESS
931d4d00-b2f4-4539-af8b-f6f5a721c705,2026-07-26T21:40:56.778514+00:00,DNSLINK_IPFS,dnslink_ipfs,dnssec_txt_resolve,8.328166004503146,SUCCESS
931d4d00-b2f4-4539-af8b-f6f5a721c705,2026-07-26T21:40:56.779370+00:00,DNSLINK_IPFS,dnslink_ipfs,ipfs_cat_json,0.7713750019320287,SUCCESS
931d4d00-b2f4-4539-af8b-f6f5a721c705,2026-07-26T21:40:56.787731+00:00,DNSLINK_IPFS,dnslink_ipfs,dnssec_txt_resolve,8.250999999290798,SUCCESS
931d4d00-b2f4-4539-af8b-f6f5a721c705,2026-07-26T21:40:56.788644+00:00,DNSLINK_IPFS,dnslink_ipfs,ipfs_cat_json,0.8114579977700487,SUCCESS
931d4d00-b2f4-4539-af8b-f6f5a721c705,2026-07-26T21:40:56.797236+00:00,DNSLINK_IPFS,dnslink_ipfs,dnssec_txt_resolve,8.402874998864718,SUCCESS
931d4d00-b2f4-4539-af8b-f6f5a721c705,2026-07-26T21:40:56.798507+00:00,DNSLINK_IPFS,dnslink_ipfs,ipfs_cat_json,1.1258329977863468,SUCCESS
931d4d00-b2f4-4539-af8b-f6f5a721c705,2026-07-26T21:40:56.799790+00:00,DNSLINK_IPFS,tampering,tampering_check,39.407958000083454,SUCCESS
931d4d00-b2f4-4539-af8b-f6f5a721c705,2026-07-26T21:40:56.799877+00:00,DNSLINK_IPFS,summary,total_flow,2095.029374999285,SUCCESS
ec6df3d6-e0d5-4610-9c5c-35cb56e3dcbe,2026-07-26T21:40:56.901548+00:00,DNSLINK_IPFS,startup,initialize_store,0.00470800296170637,SUCCESS
ec6df3d6-e0d5-4610-9c5c-35cb56e3dcbe,2026-07-26T21:40:56.904183+00:00,DNSLINK_IPFS,startup,generate_identity_cp,2.303041001141537,SUCCESS
ec6df3d6-e0d5-4610-9c5c-35cb56e3dcbe,2026-07-26T21:40:56.904442+00:00,DNSLINK_IPFS,startup,generate_identity_sp,0.18629099940881133,SUCCESS
ec6df3d6-e0d5-4610-9c5c-35cb56e3dcbe,2026-07-26T21:40:56.904665+00:00,DNSLINK_IPFS,startup,generate_identity_c1,0.17620899598114192,SUCCESS
ec6df3d6-e0d5-4610-9c5c-35cb56e3dcbe,2026-07-26T21:40:56.904892+00:00,DNSLINK_IPFS,startup,generate_identity_s1,0.18679200002225116,SUCCESS
ec6df3d6-e0d5-4610-9c5c-35cb56e3dcbe,2026-07-26T21:40:56.928336+00:00,DNSLINK_IPFS,dnslink_ipfs,ipfs_add_json,23.32775000104448,SUCCESS
ec6df3d6-e0d5-4610-9c5c-35cb56e3dcbe,2026-07-26T21:40:57.077728+00:00,DNSLINK_IPFS,dnslink_ipfs,dns_txt_update,149.09891699790023,SUCCESS
ec6df3d6-e0d5-4610-9c5c-35cb56e3dcbe,2026-07-26T21:40:57.077951+00:00,DNSLINK_IPFS,publish,publish_identity_cp,173.00254199653864,SUCCESS
ec6df3d6-e0d5-4610-9c5c-35cb56e3dcbe,2026-07-26T21:40:57.097648+00:00,DNSLINK_IPFS,dnslink_ipfs,ipfs_add_json,19.514291001542006,SUCCESS
ec6df3d6-e0d5-4610-9c5c-35cb56e3dcbe,2026-07-26T21:40:57.251387+00:00,DNSLINK_IPFS,dnslink_ipfs,dns_txt_update,153.4568749993923,SUCCESS
ec6df3d6-e0d5-4610-9c5c-35cb56e3dcbe,2026-07-26T21:40:57.251583+00:00,DNSLINK_IPFS,publish,publish_identity_sp,173.55966699687997,SUCCESS
ec6df3d6-e0d5-4610-9c5c-35cb56e3dcbe,2026-07-26T21:40:57.274391+00:00,DNSLINK_IPFS,dnslink_ipfs,ipfs_add_json,22.633749998931307,SUCCESS
ec6df3d6-e0d5-4610-9c5c-35cb56e3dcbe,2026-07-26T21:40:57.430930+00:00,DNSLINK_IPFS,dnslink_ipfs,dns_txt_update,153.6528750002617,SUCCESS
ec6df3d6-e0d5-4610-9c5c-35cb56e3dcbe,2026-07-26T21:40:57.431135+00:00,DNSLINK_IPFS,publish,publish_identity_c1,179.46295799629297,SUCCESS
ec6df3d6-e0d5-4610-9c5c-35cb56e3dcbe,2026-07-26T21:40:57.451209+00:00,DNSLINK_IPFS,dnslink_ipfs,ipfs_add_json,19.800000001851004,SUCCESS
ec6df3d6-e0d5-4610-9c5c-35cb56e3dcbe,2026-07-26T21:40:58.509614+00:00,DNSLINK_IPFS,dnslink_ipfs,dns_txt_update,1057.7965000047698,SUCCESS
ec6df3d6-e0d5-4610-9c5c-35cb56e3dcbe,2026-07-26T21:40:58.510135+00:00,DNSLINK_IPFS,publish,publish_identity_s1,1078.66891699814,SUCCESS
ec6df3d6-e0d5-4610-9c5c-35cb56e3dcbe,2026-07-26T21:40:58.535018+00:00,DNSLINK_IPFS,dnslink_ipfs,ipfs_add_json,24.088584003038704,SUCCESS
ec6df3d6-e0d5-4610-9c5c-35cb56e3dcbe,2026-07-26T21:40:58.719076+00:00,DNSLINK_IPFS,dnslink_ipfs,dns_txt_update,183.07733399706194,SUCCESS
ec6df3d6-e0d5-4610-9c5c-35cb56e3dcbe,2026-07-26T21:40:58.719705+00:00,DNSLINK_IPFS,publish,publish_service_metadata,209.17645799636375,SUCCESS
ec6df3d6-e0d5-4610-9c5c-35cb56e3dcbe,2026-07-26T21:40:58.746206+00:00,DNSLINK_IPFS,dnslink_ipfs,ipfs_add_json,25.831500002823304,SUCCESS
ec6df3d6-e0d5-4610-9c5c-35cb56e3dcbe,2026-07-26T21:40:58.902287+00:00,DNSLINK_IPFS,dnslink_ipfs,dns_txt_update,155.52999999636086,SUCCESS
ec6df3d6-e0d5-4610-9c5c-35cb56e3dcbe,2026-07-26T21:40:58.902547+00:00,DNSLINK_IPFS,publish,publish_provider_registry,182.56554099934874,SUCCESS
ec6df3d6-e0d5-4610-9c5c-35cb56e3dcbe,2026-07-26T21:40:58.915191+00:00,DNSLINK_IPFS,dnslink_ipfs,dnssec_txt_resolve,12.506125000072643,SUCCESS
ec6df3d6-e0d5-4610-9c5c-35cb56e3dcbe,2026-07-26T21:40:58.916508+00:00,DNSLINK_IPFS,dnslink_ipfs,ipfs_cat_json,1.171999996586237,SUCCESS
ec6df3d6-e0d5-4610-9c5c-35cb56e3dcbe,2026-07-26T21:40:58.924667+00:00,DNSLINK_IPFS,dnslink_ipfs,dnssec_txt_resolve,8.014166996872518,SUCCESS
ec6df3d6-e0d5-4610-9c5c-35cb56e3dcbe,2026-07-26T21:40:58.925908+00:00,DNSLINK_IPFS,dnslink_ipfs,ipfs_cat_json,1.1106660022051074,SUCCESS
ec6df3d6-e0d5-4610-9c5c-35cb56e3dcbe,2026-07-26T21:40:58.926023+00:00,DNSLINK_IPFS,discovery,broker_discovery,23.392541996145155,SUCCESS
ec6df3d6-e0d5-4610-9c5c-35cb56e3dcbe,2026-07-26T21:40:58.927124+00:00,DNSLINK_IPFS,dap,dap_create_capability,0.9865000029094517,SUCCESS
ec6df3d6-e0d5-4610-9c5c-35cb56e3dcbe,2026-07-26T21:40:58.928311+00:00,DNSLINK_IPFS,dap,dap_encrypt_enc_cap,1.0220830008620396,SUCCESS
ec6df3d6-e0d5-4610-9c5c-35cb56e3dcbe,2026-07-26T21:40:58.928655+00:00,DNSLINK_IPFS,idap,client_session_init,0.21258399647194892,SUCCESS
ec6df3d6-e0d5-4610-9c5c-35cb56e3dcbe,2026-07-26T21:40:58.928740+00:00,DNSLINK_IPFS,idap,client_ephemeral_public_key,0.0056249991757795215,SUCCESS
ec6df3d6-e0d5-4610-9c5c-35cb56e3dcbe,2026-07-26T21:40:58.929243+00:00,DNSLINK_IPFS,idap,client_request_sign,0.42541700531728566,SUCCESS
ec6df3d6-e0d5-4610-9c5c-35cb56e3dcbe,2026-07-26T21:40:58.929343+00:00,DNSLINK_IPFS,idap,canonical_request_payload,0.02466700243530795,SUCCESS
ec6df3d6-e0d5-4610-9c5c-35cb56e3dcbe,2026-07-26T21:40:58.941511+00:00,DNSLINK_IPFS,dnslink_ipfs,dnssec_txt_resolve,11.438625006121583,SUCCESS
ec6df3d6-e0d5-4610-9c5c-35cb56e3dcbe,2026-07-26T21:40:58.942850+00:00,DNSLINK_IPFS,dnslink_ipfs,ipfs_cat_json,1.1535840021679178,SUCCESS
ec6df3d6-e0d5-4610-9c5c-35cb56e3dcbe,2026-07-26T21:40:58.957363+00:00,DNSLINK_IPFS,dnslink_ipfs,dnssec_txt_resolve,14.183708000928164,SUCCESS
ec6df3d6-e0d5-4610-9c5c-35cb56e3dcbe,2026-07-26T21:40:58.958539+00:00,DNSLINK_IPFS,dnslink_ipfs,ipfs_cat_json,1.0021670022979379,SUCCESS
ec6df3d6-e0d5-4610-9c5c-35cb56e3dcbe,2026-07-26T21:40:58.972066+00:00,DNSLINK_IPFS,dnslink_ipfs,dnssec_txt_resolve,13.32166700012749,SUCCESS
ec6df3d6-e0d5-4610-9c5c-35cb56e3dcbe,2026-07-26T21:40:58.973543+00:00,DNSLINK_IPFS,dnslink_ipfs,ipfs_cat_json,1.337209003395401,SUCCESS
ec6df3d6-e0d5-4610-9c5c-35cb56e3dcbe,2026-07-26T21:40:58.989055+00:00,DNSLINK_IPFS,dnslink_ipfs,dnssec_txt_resolve,15.332750001107343,SUCCESS
ec6df3d6-e0d5-4610-9c5c-35cb56e3dcbe,2026-07-26T21:40:58.990381+00:00,DNSLINK_IPFS,dnslink_ipfs,ipfs_cat_json,1.1493749989313073,SUCCESS
ec6df3d6-e0d5-4610-9c5c-35cb56e3dcbe,2026-07-26T21:40:58.993641+00:00,DNSLINK_IPFS,idap,idap_authorize,64.17841700022109,SUCCESS
ec6df3d6-e0d5-4610-9c5c-35cb56e3dcbe,2026-07-26T21:40:59.005931+00:00,DNSLINK_IPFS,dnslink_ipfs,dnssec_txt_resolve,11.439207999501377,SUCCESS
ec6df3d6-e0d5-4610-9c5c-35cb56e3dcbe,2026-07-26T21:40:59.007420+00:00,DNSLINK_IPFS,dnslink_ipfs,ipfs_cat_json,1.3320829966687597,SUCCESS
ec6df3d6-e0d5-4610-9c5c-35cb56e3dcbe,2026-07-26T21:40:59.023177+00:00,DNSLINK_IPFS,dnslink_ipfs,dnssec_txt_resolve,15.460208000149578,SUCCESS
ec6df3d6-e0d5-4610-9c5c-35cb56e3dcbe,2026-07-26T21:40:59.024718+00:00,DNSLINK_IPFS,dnslink_ipfs,ipfs_cat_json,1.3210839970270172,SUCCESS
ec6df3d6-e0d5-4610-9c5c-35cb56e3dcbe,2026-07-26T21:40:59.043640+00:00,DNSLINK_IPFS,dnslink_ipfs,dnssec_txt_resolve,18.65012499911245,SUCCESS
ec6df3d6-e0d5-4610-9c5c-35cb56e3dcbe,2026-07-26T21:40:59.045161+00:00,DNSLINK_IPFS,dnslink_ipfs,ipfs_cat_json,1.3467919998220168,SUCCESS
ec6df3d6-e0d5-4610-9c5c-35cb56e3dcbe,2026-07-26T21:40:59.064995+00:00,DNSLINK_IPFS,dnslink_ipfs,dnssec_txt_resolve,19.427332998020574,SUCCESS
ec6df3d6-e0d5-4610-9c5c-35cb56e3dcbe,2026-07-26T21:40:59.066531+00:00,DNSLINK_IPFS,dnslink_ipfs,ipfs_cat_json,1.2682090018643066,SUCCESS
ec6df3d6-e0d5-4610-9c5c-35cb56e3dcbe,2026-07-26T21:40:59.068008+00:00,DNSLINK_IPFS,idap,idap_replay_check,74.23079200088978,SUCCESS
ec6df3d6-e0d5-4610-9c5c-35cb56e3dcbe,2026-07-26T21:40:59.075466+00:00,DNSLINK_IPFS,dnslink_ipfs,dnssec_txt_resolve,7.247875000757631,SUCCESS
ec6df3d6-e0d5-4610-9c5c-35cb56e3dcbe,2026-07-26T21:40:59.085485+00:00,DNSLINK_IPFS,dnslink_ipfs,ipfs_cat_json,9.713999999803491,SUCCESS
ec6df3d6-e0d5-4610-9c5c-35cb56e3dcbe,2026-07-26T21:40:59.085805+00:00,DNSLINK_IPFS,idap,resolve_service_public_key,17.680333003227133,SUCCESS
ec6df3d6-e0d5-4610-9c5c-35cb56e3dcbe,2026-07-26T21:40:59.086079+00:00,DNSLINK_IPFS,idap,compute_transcript,0.048499998229090124,SUCCESS
ec6df3d6-e0d5-4610-9c5c-35cb56e3dcbe,2026-07-26T21:40:59.086722+00:00,DNSLINK_IPFS,idap,transcript_verify,0.5434170016087592,SUCCESS
ec6df3d6-e0d5-4610-9c5c-35cb56e3dcbe,2026-07-26T21:40:59.087123+00:00,DNSLINK_IPFS,idap,client_shared_secret_derivation,0.3035830013686791,SUCCESS
ec6df3d6-e0d5-4610-9c5c-35cb56e3dcbe,2026-07-26T21:40:59.087216+00:00,DNSLINK_IPFS,idap,client_session_key_derivation,0.02704199869185686,SUCCESS
ec6df3d6-e0d5-4610-9c5c-35cb56e3dcbe,2026-07-26T21:40:59.087333+00:00,DNSLINK_IPFS,crypto,encrypt_message,0.032791998819448054,SUCCESS
ec6df3d6-e0d5-4610-9c5c-35cb56e3dcbe,2026-07-26T21:40:59.087407+00:00,DNSLINK_IPFS,crypto,decrypt_message,0.009125003998633474,SUCCESS
ec6df3d6-e0d5-4610-9c5c-35cb56e3dcbe,2026-07-26T21:40:59.087838+00:00,DNSLINK_IPFS,tampering,tampered_request_sign,0.33091600198531523,SUCCESS
ec6df3d6-e0d5-4610-9c5c-35cb56e3dcbe,2026-07-26T21:40:59.102245+00:00,DNSLINK_IPFS,dnslink_ipfs,dnssec_txt_resolve,13.726332996156998,SUCCESS
ec6df3d6-e0d5-4610-9c5c-35cb56e3dcbe,2026-07-26T21:40:59.103497+00:00,DNSLINK_IPFS,dnslink_ipfs,ipfs_cat_json,1.0309999997843988,SUCCESS
ec6df3d6-e0d5-4610-9c5c-35cb56e3dcbe,2026-07-26T21:40:59.114780+00:00,DNSLINK_IPFS,dnslink_ipfs,dnssec_txt_resolve,11.051916997530498,SUCCESS
ec6df3d6-e0d5-4610-9c5c-35cb56e3dcbe,2026-07-26T21:40:59.116323+00:00,DNSLINK_IPFS,dnslink_ipfs,ipfs_cat_json,1.367457996821031,SUCCESS
ec6df3d6-e0d5-4610-9c5c-35cb56e3dcbe,2026-07-26T21:40:59.129880+00:00,DNSLINK_IPFS,dnslink_ipfs,dnssec_txt_resolve,13.192041995353065,SUCCESS
ec6df3d6-e0d5-4610-9c5c-35cb56e3dcbe,2026-07-26T21:40:59.131661+00:00,DNSLINK_IPFS,dnslink_ipfs,ipfs_cat_json,1.5283749962691218,SUCCESS
ec6df3d6-e0d5-4610-9c5c-35cb56e3dcbe,2026-07-26T21:40:59.142752+00:00,DNSLINK_IPFS,dnslink_ipfs,dnssec_txt_resolve,10.836375004146248,SUCCESS
ec6df3d6-e0d5-4610-9c5c-35cb56e3dcbe,2026-07-26T21:40:59.144169+00:00,DNSLINK_IPFS,dnslink_ipfs,ipfs_cat_json,1.2501249948400073,SUCCESS
ec6df3d6-e0d5-4610-9c5c-35cb56e3dcbe,2026-07-26T21:40:59.145826+00:00,DNSLINK_IPFS,tampering,tampering_check,57.89691599784419,SUCCESS
ec6df3d6-e0d5-4610-9c5c-35cb56e3dcbe,2026-07-26T21:40:59.145928+00:00,DNSLINK_IPFS,summary,total_flow,2244.431082996016,SUCCESS
e46c10d1-e6a3-4380-9410-daff796c2643,2026-07-26T21:40:59.255785+00:00,DNSLINK_IPFS,startup,initialize_store,0.0041669991333037615,SUCCESS
e46c10d1-e6a3-4380-9410-daff796c2643,2026-07-26T21:40:59.258199+00:00,DNSLINK_IPFS,startup,generate_identity_cp,2.150792002794333,SUCCESS
e46c10d1-e6a3-4380-9410-daff796c2643,2026-07-26T21:40:59.258461+00:00,DNSLINK_IPFS,startup,generate_identity_sp,0.201083006686531,SUCCESS
e46c10d1-e6a3-4380-9410-daff796c2643,2026-07-26T21:40:59.258693+00:00,DNSLINK_IPFS,startup,generate_identity_c1,0.18945899500977248,SUCCESS
e46c10d1-e6a3-4380-9410-daff796c2643,2026-07-26T21:40:59.258922+00:00,DNSLINK_IPFS,startup,generate_identity_s1,0.18795899813994765,SUCCESS
e46c10d1-e6a3-4380-9410-daff796c2643,2026-07-26T21:40:59.281670+00:00,DNSLINK_IPFS,dnslink_ipfs,ipfs_add_json,22.67458399728639,SUCCESS
e46c10d1-e6a3-4380-9410-daff796c2643,2026-07-26T21:40:59.464347+00:00,DNSLINK_IPFS,dnslink_ipfs,dns_txt_update,182.4352080002427,SUCCESS
e46c10d1-e6a3-4380-9410-daff796c2643,2026-07-26T21:40:59.464544+00:00,DNSLINK_IPFS,publish,publish_identity_cp,205.5674170042039,SUCCESS
e46c10d1-e6a3-4380-9410-daff796c2643,2026-07-26T21:40:59.483853+00:00,DNSLINK_IPFS,dnslink_ipfs,ipfs_add_json,19.136582995997742,SUCCESS
e46c10d1-e6a3-4380-9410-daff796c2643,2026-07-26T21:41:00.525790+00:00,DNSLINK_IPFS,dnslink_ipfs,dns_txt_update,1040.876874998503,SUCCESS
e46c10d1-e6a3-4380-9410-daff796c2643,2026-07-26T21:41:00.526693+00:00,DNSLINK_IPFS,publish,publish_identity_sp,1061.599374996149,SUCCESS
e46c10d1-e6a3-4380-9410-daff796c2643,2026-07-26T21:41:00.553241+00:00,DNSLINK_IPFS,dnslink_ipfs,ipfs_add_json,26.005416999396402,SUCCESS
e46c10d1-e6a3-4380-9410-daff796c2643,2026-07-26T21:41:00.764077+00:00,DNSLINK_IPFS,dnslink_ipfs,dns_txt_update,210.0260840015835,SUCCESS
e46c10d1-e6a3-4380-9410-daff796c2643,2026-07-26T21:41:00.764650+00:00,DNSLINK_IPFS,publish,publish_identity_c1,237.46229099924676,SUCCESS
e46c10d1-e6a3-4380-9410-daff796c2643,2026-07-26T21:41:00.790308+00:00,DNSLINK_IPFS,dnslink_ipfs,ipfs_add_json,24.949041995569132,SUCCESS
e46c10d1-e6a3-4380-9410-daff796c2643,2026-07-26T21:41:00.963634+00:00,DNSLINK_IPFS,dnslink_ipfs,dns_txt_update,172.34604099940043,SUCCESS
e46c10d1-e6a3-4380-9410-daff796c2643,2026-07-26T21:41:00.964144+00:00,DNSLINK_IPFS,publish,publish_identity_s1,198.930708997068,SUCCESS
e46c10d1-e6a3-4380-9410-daff796c2643,2026-07-26T21:41:00.987389+00:00,DNSLINK_IPFS,dnslink_ipfs,ipfs_add_json,22.799667000072077,SUCCESS
e46c10d1-e6a3-4380-9410-daff796c2643,2026-07-26T21:41:01.157254+00:00,DNSLINK_IPFS,dnslink_ipfs,dns_txt_update,169.23229199892376,SUCCESS
e46c10d1-e6a3-4380-9410-daff796c2643,2026-07-26T21:41:01.157544+00:00,DNSLINK_IPFS,publish,publish_service_metadata,193.16950000211364,SUCCESS
e46c10d1-e6a3-4380-9410-daff796c2643,2026-07-26T21:41:01.181962+00:00,DNSLINK_IPFS,dnslink_ipfs,ipfs_add_json,23.904875000880565,SUCCESS
e46c10d1-e6a3-4380-9410-daff796c2643,2026-07-26T21:41:01.340500+00:00,DNSLINK_IPFS,dnslink_ipfs,dns_txt_update,157.75358300015796,SUCCESS
e46c10d1-e6a3-4380-9410-daff796c2643,2026-07-26T21:41:01.341471+00:00,DNSLINK_IPFS,publish,publish_provider_registry,183.67487499926938,SUCCESS
e46c10d1-e6a3-4380-9410-daff796c2643,2026-07-26T21:41:01.354908+00:00,DNSLINK_IPFS,dnslink_ipfs,dnssec_txt_resolve,13.079583994112909,SUCCESS
e46c10d1-e6a3-4380-9410-daff796c2643,2026-07-26T21:41:01.356304+00:00,DNSLINK_IPFS,dnslink_ipfs,ipfs_cat_json,1.222708000568673,SUCCESS
e46c10d1-e6a3-4380-9410-daff796c2643,2026-07-26T21:41:01.365224+00:00,DNSLINK_IPFS,dnslink_ipfs,dnssec_txt_resolve,8.686291999765672,SUCCESS
e46c10d1-e6a3-4380-9410-daff796c2643,2026-07-26T21:41:01.367455+00:00,DNSLINK_IPFS,dnslink_ipfs,ipfs_cat_json,1.2378339961287566,SUCCESS
e46c10d1-e6a3-4380-9410-daff796c2643,2026-07-26T21:41:01.367678+00:00,DNSLINK_IPFS,discovery,broker_discovery,25.9280829995987,SUCCESS
e46c10d1-e6a3-4380-9410-daff796c2643,2026-07-26T21:41:01.368814+00:00,DNSLINK_IPFS,dap,dap_create_capability,0.9846250031841919,SUCCESS
e46c10d1-e6a3-4380-9410-daff796c2643,2026-07-26T21:41:01.370084+00:00,DNSLINK_IPFS,dap,dap_encrypt_enc_cap,1.071666003554128,SUCCESS
e46c10d1-e6a3-4380-9410-daff796c2643,2026-07-26T21:41:01.370460+00:00,DNSLINK_IPFS,idap,client_session_init,0.22354199609253556,SUCCESS
e46c10d1-e6a3-4380-9410-daff796c2643,2026-07-26T21:41:01.370537+00:00,DNSLINK_IPFS,idap,client_ephemeral_public_key,0.004791996616404504,SUCCESS
e46c10d1-e6a3-4380-9410-daff796c2643,2026-07-26T21:41:01.370969+00:00,DNSLINK_IPFS,idap,client_request_sign,0.3646670011221431,SUCCESS
e46c10d1-e6a3-4380-9410-daff796c2643,2026-07-26T21:41:01.371065+00:00,DNSLINK_IPFS,idap,canonical_request_payload,0.02108299668179825,SUCCESS
e46c10d1-e6a3-4380-9410-daff796c2643,2026-07-26T21:41:01.380796+00:00,DNSLINK_IPFS,dnslink_ipfs,dnssec_txt_resolve,9.009083005366847,SUCCESS
e46c10d1-e6a3-4380-9410-daff796c2643,2026-07-26T21:41:01.381992+00:00,DNSLINK_IPFS,dnslink_ipfs,ipfs_cat_json,1.0216660011792555,SUCCESS
e46c10d1-e6a3-4380-9410-daff796c2643,2026-07-26T21:41:01.392318+00:00,DNSLINK_IPFS,dnslink_ipfs,dnssec_txt_resolve,10.054833997855894,SUCCESS
e46c10d1-e6a3-4380-9410-daff796c2643,2026-07-26T21:41:01.393585+00:00,DNSLINK_IPFS,dnslink_ipfs,ipfs_cat_json,1.1032920010620728,SUCCESS
e46c10d1-e6a3-4380-9410-daff796c2643,2026-07-26T21:41:01.401170+00:00,DNSLINK_IPFS,dnslink_ipfs,dnssec_txt_resolve,7.399750000331551,SUCCESS
e46c10d1-e6a3-4380-9410-daff796c2643,2026-07-26T21:41:01.402101+00:00,DNSLINK_IPFS,dnslink_ipfs,ipfs_cat_json,0.8176670016837306,SUCCESS
e46c10d1-e6a3-4380-9410-daff796c2643,2026-07-26T21:41:01.409177+00:00,DNSLINK_IPFS,dnslink_ipfs,dnssec_txt_resolve,6.9210410001687706,SUCCESS
e46c10d1-e6a3-4380-9410-daff796c2643,2026-07-26T21:41:01.410328+00:00,DNSLINK_IPFS,dnslink_ipfs,ipfs_cat_json,1.039083996147383,SUCCESS
e46c10d1-e6a3-4380-9410-daff796c2643,2026-07-26T21:41:01.412575+00:00,DNSLINK_IPFS,idap,idap_authorize,41.425458002777305,SUCCESS
e46c10d1-e6a3-4380-9410-daff796c2643,2026-07-26T21:41:01.421761+00:00,DNSLINK_IPFS,dnslink_ipfs,dnssec_txt_resolve,8.565833006286994,SUCCESS
e46c10d1-e6a3-4380-9410-daff796c2643,2026-07-26T21:41:01.422920+00:00,DNSLINK_IPFS,dnslink_ipfs,ipfs_cat_json,1.0465419982210733,SUCCESS
e46c10d1-e6a3-4380-9410-daff796c2643,2026-07-26T21:41:01.430346+00:00,DNSLINK_IPFS,dnslink_ipfs,dnssec_txt_resolve,7.292417001735885,SUCCESS
e46c10d1-e6a3-4380-9410-daff796c2643,2026-07-26T21:41:01.431313+00:00,DNSLINK_IPFS,dnslink_ipfs,ipfs_cat_json,0.8739999975659885,SUCCESS
e46c10d1-e6a3-4380-9410-daff796c2643,2026-07-26T21:41:01.439666+00:00,DNSLINK_IPFS,dnslink_ipfs,dnssec_txt_resolve,8.209958999941591,SUCCESS
e46c10d1-e6a3-4380-9410-daff796c2643,2026-07-26T21:41:01.440832+00:00,DNSLINK_IPFS,dnslink_ipfs,ipfs_cat_json,1.0324579998268746,SUCCESS
e46c10d1-e6a3-4380-9410-daff796c2643,2026-07-26T21:41:01.450125+00:00,DNSLINK_IPFS,dnslink_ipfs,dnssec_txt_resolve,9.125083000981249,SUCCESS
e46c10d1-e6a3-4380-9410-daff796c2643,2026-07-26T21:41:01.451336+00:00,DNSLINK_IPFS,dnslink_ipfs,ipfs_cat_json,1.0845830038306303,SUCCESS
e46c10d1-e6a3-4380-9410-daff796c2643,2026-07-26T21:41:01.452948+00:00,DNSLINK_IPFS,idap,idap_replay_check,40.26987499673851,SUCCESS
e46c10d1-e6a3-4380-9410-daff796c2643,2026-07-26T21:41:01.463761+00:00,DNSLINK_IPFS,dnslink_ipfs,dnssec_txt_resolve,10.642166998877656,SUCCESS
e46c10d1-e6a3-4380-9410-daff796c2643,2026-07-26T21:41:01.464801+00:00,DNSLINK_IPFS,dnslink_ipfs,ipfs_cat_json,0.8929590039770119,SUCCESS
e46c10d1-e6a3-4380-9410-daff796c2643,2026-07-26T21:41:01.464917+00:00,DNSLINK_IPFS,idap,resolve_service_public_key,11.8668750001234,SUCCESS
e46c10d1-e6a3-4380-9410-daff796c2643,2026-07-26T21:41:01.465014+00:00,DNSLINK_IPFS,idap,compute_transcript,0.024291999579872936,SUCCESS
e46c10d1-e6a3-4380-9410-daff796c2643,2026-07-26T21:41:01.465477+00:00,DNSLINK_IPFS,idap,transcript_verify,0.3981669942731969,SUCCESS
e46c10d1-e6a3-4380-9410-daff796c2643,2026-07-26T21:41:01.465844+00:00,DNSLINK_IPFS,idap,client_shared_secret_derivation,0.2989170025102794,SUCCESS
e46c10d1-e6a3-4380-9410-daff796c2643,2026-07-26T21:41:01.465931+00:00,DNSLINK_IPFS,idap,client_session_key_derivation,0.022124993847683072,SUCCESS
e46c10d1-e6a3-4380-9410-daff796c2643,2026-07-26T21:41:01.466038+00:00,DNSLINK_IPFS,crypto,encrypt_message,0.0270830059889704,SUCCESS
e46c10d1-e6a3-4380-9410-daff796c2643,2026-07-26T21:41:01.466112+00:00,DNSLINK_IPFS,crypto,decrypt_message,0.01016599708236754,SUCCESS
e46c10d1-e6a3-4380-9410-daff796c2643,2026-07-26T21:41:01.466572+00:00,DNSLINK_IPFS,tampering,tampered_request_sign,0.3644169992185198,SUCCESS
e46c10d1-e6a3-4380-9410-daff796c2643,2026-07-26T21:41:01.476624+00:00,DNSLINK_IPFS,dnslink_ipfs,dnssec_txt_resolve,9.465499999350868,SUCCESS
e46c10d1-e6a3-4380-9410-daff796c2643,2026-07-26T21:41:01.477880+00:00,DNSLINK_IPFS,dnslink_ipfs,ipfs_cat_json,1.1435409978730604,SUCCESS
e46c10d1-e6a3-4380-9410-daff796c2643,2026-07-26T21:41:01.486691+00:00,DNSLINK_IPFS,dnslink_ipfs,dnssec_txt_resolve,8.672791998833418,SUCCESS
e46c10d1-e6a3-4380-9410-daff796c2643,2026-07-26T21:41:01.487835+00:00,DNSLINK_IPFS,dnslink_ipfs,ipfs_cat_json,1.039916998706758,SUCCESS
e46c10d1-e6a3-4380-9410-daff796c2643,2026-07-26T21:41:01.497115+00:00,DNSLINK_IPFS,dnslink_ipfs,dnssec_txt_resolve,9.15483300195774,SUCCESS
e46c10d1-e6a3-4380-9410-daff796c2643,2026-07-26T21:41:01.498103+00:00,DNSLINK_IPFS,dnslink_ipfs,ipfs_cat_json,0.8904580026865005,SUCCESS
e46c10d1-e6a3-4380-9410-daff796c2643,2026-07-26T21:41:01.506286+00:00,DNSLINK_IPFS,dnslink_ipfs,dnssec_txt_resolve,8.018250002351124,SUCCESS
e46c10d1-e6a3-4380-9410-daff796c2643,2026-07-26T21:41:01.507595+00:00,DNSLINK_IPFS,dnslink_ipfs,ipfs_cat_json,1.1819589999504387,SUCCESS
e46c10d1-e6a3-4380-9410-daff796c2643,2026-07-26T21:41:01.509169+00:00,DNSLINK_IPFS,tampering,tampering_check,42.51637500419747,SUCCESS
e46c10d1-e6a3-4380-9410-daff796c2643,2026-07-26T21:41:01.509266+00:00,DNSLINK_IPFS,summary,total_flow,2253.53412500408,SUCCESS
de33484e-f2fb-441d-ab2f-0f1ff10c0897,2026-07-26T21:41:01.614956+00:00,DNSLINK_IPFS,startup,initialize_store,0.004749999789055437,SUCCESS
de33484e-f2fb-441d-ab2f-0f1ff10c0897,2026-07-26T21:41:01.617787+00:00,DNSLINK_IPFS,startup,generate_identity_cp,2.552666002884507,SUCCESS
de33484e-f2fb-441d-ab2f-0f1ff10c0897,2026-07-26T21:41:01.618069+00:00,DNSLINK_IPFS,startup,generate_identity_sp,0.20545900042634457,SUCCESS
de33484e-f2fb-441d-ab2f-0f1ff10c0897,2026-07-26T21:41:01.618303+00:00,DNSLINK_IPFS,startup,generate_identity_c1,0.18504099716665223,SUCCESS
de33484e-f2fb-441d-ab2f-0f1ff10c0897,2026-07-26T21:41:01.618515+00:00,DNSLINK_IPFS,startup,generate_identity_s1,0.17295799625571817,SUCCESS
de33484e-f2fb-441d-ab2f-0f1ff10c0897,2026-07-26T21:41:01.643118+00:00,DNSLINK_IPFS,dnslink_ipfs,ipfs_add_json,24.502749998646323,SUCCESS
de33484e-f2fb-441d-ab2f-0f1ff10c0897,2026-07-26T21:41:02.424114+00:00,DNSLINK_IPFS,dnslink_ipfs,dns_txt_update,780.4441249973024,SUCCESS
de33484e-f2fb-441d-ab2f-0f1ff10c0897,2026-07-26T21:41:02.424655+00:00,DNSLINK_IPFS,publish,publish_identity_cp,805.9535829961533,SUCCESS
de33484e-f2fb-441d-ab2f-0f1ff10c0897,2026-07-26T21:41:02.446785+00:00,DNSLINK_IPFS,dnslink_ipfs,ipfs_add_json,21.679375000530854,SUCCESS
de33484e-f2fb-441d-ab2f-0f1ff10c0897,2026-07-26T21:41:02.603190+00:00,DNSLINK_IPFS,dnslink_ipfs,dns_txt_update,155.41825000400422,SUCCESS
de33484e-f2fb-441d-ab2f-0f1ff10c0897,2026-07-26T21:41:02.603678+00:00,DNSLINK_IPFS,publish,publish_identity_sp,178.66729199886322,SUCCESS
de33484e-f2fb-441d-ab2f-0f1ff10c0897,2026-07-26T21:41:02.635733+00:00,DNSLINK_IPFS,dnslink_ipfs,ipfs_add_json,31.243165998603217,SUCCESS
de33484e-f2fb-441d-ab2f-0f1ff10c0897,2026-07-26T21:41:02.796632+00:00,DNSLINK_IPFS,dnslink_ipfs,dns_txt_update,160.13179199944716,SUCCESS
de33484e-f2fb-441d-ab2f-0f1ff10c0897,2026-07-26T21:41:02.796869+00:00,DNSLINK_IPFS,publish,publish_identity_c1,192.95404199510813,SUCCESS
de33484e-f2fb-441d-ab2f-0f1ff10c0897,2026-07-26T21:41:02.819259+00:00,DNSLINK_IPFS,dnslink_ipfs,ipfs_add_json,22.230750000744592,SUCCESS
de33484e-f2fb-441d-ab2f-0f1ff10c0897,2026-07-26T21:41:02.961981+00:00,DNSLINK_IPFS,dnslink_ipfs,dns_txt_update,142.3900420049904,SUCCESS
de33484e-f2fb-441d-ab2f-0f1ff10c0897,2026-07-26T21:41:02.962188+00:00,DNSLINK_IPFS,publish,publish_identity_s1,165.23412500100676,SUCCESS
de33484e-f2fb-441d-ab2f-0f1ff10c0897,2026-07-26T21:41:02.984265+00:00,DNSLINK_IPFS,dnslink_ipfs,ipfs_add_json,21.921667001151945,SUCCESS
de33484e-f2fb-441d-ab2f-0f1ff10c0897,2026-07-26T21:41:03.131033+00:00,DNSLINK_IPFS,dnslink_ipfs,dns_txt_update,146.34062500408618,SUCCESS
de33484e-f2fb-441d-ab2f-0f1ff10c0897,2026-07-26T21:41:03.131302+00:00,DNSLINK_IPFS,publish,publish_service_metadata,169.02641599881463,SUCCESS
de33484e-f2fb-441d-ab2f-0f1ff10c0897,2026-07-26T21:41:03.152281+00:00,DNSLINK_IPFS,dnslink_ipfs,ipfs_add_json,20.749292001710273,SUCCESS
de33484e-f2fb-441d-ab2f-0f1ff10c0897,2026-07-26T21:41:03.309193+00:00,DNSLINK_IPFS,dnslink_ipfs,dns_txt_update,156.42716699949233,SUCCESS
de33484e-f2fb-441d-ab2f-0f1ff10c0897,2026-07-26T21:41:03.309453+00:00,DNSLINK_IPFS,publish,publish_provider_registry,178.06195899902377,SUCCESS
de33484e-f2fb-441d-ab2f-0f1ff10c0897,2026-07-26T21:41:03.322362+00:00,DNSLINK_IPFS,dnslink_ipfs,dnssec_txt_resolve,12.717165998765267,SUCCESS
de33484e-f2fb-441d-ab2f-0f1ff10c0897,2026-07-26T21:41:03.323782+00:00,DNSLINK_IPFS,dnslink_ipfs,ipfs_cat_json,1.2395000012475066,SUCCESS
de33484e-f2fb-441d-ab2f-0f1ff10c0897,2026-07-26T21:41:03.331284+00:00,DNSLINK_IPFS,dnslink_ipfs,dnssec_txt_resolve,7.369875005679205,SUCCESS
de33484e-f2fb-441d-ab2f-0f1ff10c0897,2026-07-26T21:41:03.332261+00:00,DNSLINK_IPFS,dnslink_ipfs,ipfs_cat_json,0.8819159993436188,SUCCESS
de33484e-f2fb-441d-ab2f-0f1ff10c0897,2026-07-26T21:41:03.332344+00:00,DNSLINK_IPFS,discovery,broker_discovery,22.814666997874156,SUCCESS
de33484e-f2fb-441d-ab2f-0f1ff10c0897,2026-07-26T21:41:03.333036+00:00,DNSLINK_IPFS,dap,dap_create_capability,0.6208329941728152,SUCCESS
de33484e-f2fb-441d-ab2f-0f1ff10c0897,2026-07-26T21:41:03.333774+00:00,DNSLINK_IPFS,dap,dap_encrypt_enc_cap,0.6312499972409569,SUCCESS
de33484e-f2fb-441d-ab2f-0f1ff10c0897,2026-07-26T21:41:03.334174+00:00,DNSLINK_IPFS,idap,client_session_init,0.24462500005029142,SUCCESS
de33484e-f2fb-441d-ab2f-0f1ff10c0897,2026-07-26T21:41:03.334270+00:00,DNSLINK_IPFS,idap,client_ephemeral_public_key,0.00541700137546286,SUCCESS
de33484e-f2fb-441d-ab2f-0f1ff10c0897,2026-07-26T21:41:03.334856+00:00,DNSLINK_IPFS,idap,client_request_sign,0.49804199807113037,SUCCESS
de33484e-f2fb-441d-ab2f-0f1ff10c0897,2026-07-26T21:41:03.334965+00:00,DNSLINK_IPFS,idap,canonical_request_payload,0.02258300082758069,SUCCESS
de33484e-f2fb-441d-ab2f-0f1ff10c0897,2026-07-26T21:41:03.343019+00:00,DNSLINK_IPFS,dnslink_ipfs,dnssec_txt_resolve,7.252249997691251,SUCCESS
de33484e-f2fb-441d-ab2f-0f1ff10c0897,2026-07-26T21:41:03.344187+00:00,DNSLINK_IPFS,dnslink_ipfs,ipfs_cat_json,1.0357919964008033,SUCCESS
de33484e-f2fb-441d-ab2f-0f1ff10c0897,2026-07-26T21:41:03.355444+00:00,DNSLINK_IPFS,dnslink_ipfs,dnssec_txt_resolve,10.982375002640765,SUCCESS
de33484e-f2fb-441d-ab2f-0f1ff10c0897,2026-07-26T21:41:03.356700+00:00,DNSLINK_IPFS,dnslink_ipfs,ipfs_cat_json,1.0546660050749779,SUCCESS
de33484e-f2fb-441d-ab2f-0f1ff10c0897,2026-07-26T21:41:03.364083+00:00,DNSLINK_IPFS,dnslink_ipfs,dnssec_txt_resolve,7.2076659998856485,SUCCESS
de33484e-f2fb-441d-ab2f-0f1ff10c0897,2026-07-26T21:41:03.365331+00:00,DNSLINK_IPFS,dnslink_ipfs,ipfs_cat_json,1.1238329971092753,SUCCESS
de33484e-f2fb-441d-ab2f-0f1ff10c0897,2026-07-26T21:41:03.373502+00:00,DNSLINK_IPFS,dnslink_ipfs,dnssec_txt_resolve,7.9843339990475215,SUCCESS
de33484e-f2fb-441d-ab2f-0f1ff10c0897,2026-07-26T21:41:03.374493+00:00,DNSLINK_IPFS,dnslink_ipfs,ipfs_cat_json,0.8659590021125041,SUCCESS
de33484e-f2fb-441d-ab2f-0f1ff10c0897,2026-07-26T21:41:03.377160+00:00,DNSLINK_IPFS,idap,idap_authorize,42.09508399799233,SUCCESS
de33484e-f2fb-441d-ab2f-0f1ff10c0897,2026-07-26T21:41:03.385842+00:00,DNSLINK_IPFS,dnslink_ipfs,dnssec_txt_resolve,7.94550000136951,SUCCESS
de33484e-f2fb-441d-ab2f-0f1ff10c0897,2026-07-26T21:41:03.386916+00:00,DNSLINK_IPFS,dnslink_ipfs,ipfs_cat_json,0.9508329967502505,SUCCESS
de33484e-f2fb-441d-ab2f-0f1ff10c0897,2026-07-26T21:41:03.393239+00:00,DNSLINK_IPFS,dnslink_ipfs,dnssec_txt_resolve,6.172749999677762,SUCCESS
de33484e-f2fb-441d-ab2f-0f1ff10c0897,2026-07-26T21:41:03.394254+00:00,DNSLINK_IPFS,dnslink_ipfs,ipfs_cat_json,0.8580840003560297,SUCCESS
de33484e-f2fb-441d-ab2f-0f1ff10c0897,2026-07-26T21:41:03.402584+00:00,DNSLINK_IPFS,dnslink_ipfs,dnssec_txt_resolve,8.08270800189348,SUCCESS
de33484e-f2fb-441d-ab2f-0f1ff10c0897,2026-07-26T21:41:03.403852+00:00,DNSLINK_IPFS,dnslink_ipfs,ipfs_cat_json,1.0994170006597415,SUCCESS
de33484e-f2fb-441d-ab2f-0f1ff10c0897,2026-07-26T21:41:03.411589+00:00,DNSLINK_IPFS,dnslink_ipfs,dnssec_txt_resolve,7.574624993139878,SUCCESS
de33484e-f2fb-441d-ab2f-0f1ff10c0897,2026-07-26T21:41:03.413164+00:00,DNSLINK_IPFS,dnslink_ipfs,ipfs_cat_json,1.4343330039991997,SUCCESS
de33484e-f2fb-441d-ab2f-0f1ff10c0897,2026-07-26T21:41:03.414773+00:00,DNSLINK_IPFS,idap,idap_replay_check,37.5027920017601,SUCCESS
de33484e-f2fb-441d-ab2f-0f1ff10c0897,2026-07-26T21:41:03.423724+00:00,DNSLINK_IPFS,dnslink_ipfs,dnssec_txt_resolve,8.828874997561797,SUCCESS
de33484e-f2fb-441d-ab2f-0f1ff10c0897,2026-07-26T21:41:03.424612+00:00,DNSLINK_IPFS,dnslink_ipfs,ipfs_cat_json,0.7889159969636239,SUCCESS
de33484e-f2fb-441d-ab2f-0f1ff10c0897,2026-07-26T21:41:03.424722+00:00,DNSLINK_IPFS,idap,resolve_service_public_key,9.853791998466477,SUCCESS
de33484e-f2fb-441d-ab2f-0f1ff10c0897,2026-07-26T21:41:03.424816+00:00,DNSLINK_IPFS,idap,compute_transcript,0.025207998987752944,SUCCESS
de33484e-f2fb-441d-ab2f-0f1ff10c0897,2026-07-26T21:41:03.425287+00:00,DNSLINK_IPFS,idap,transcript_verify,0.40712500049266964,SUCCESS
de33484e-f2fb-441d-ab2f-0f1ff10c0897,2026-07-26T21:41:03.425653+00:00,DNSLINK_IPFS,idap,client_shared_secret_derivation,0.298332997772377,SUCCESS
de33484e-f2fb-441d-ab2f-0f1ff10c0897,2026-07-26T21:41:03.425738+00:00,DNSLINK_IPFS,idap,client_session_key_derivation,0.022249994799494743,SUCCESS
de33484e-f2fb-441d-ab2f-0f1ff10c0897,2026-07-26T21:41:03.425845+00:00,DNSLINK_IPFS,crypto,encrypt_message,0.027084002795163542,SUCCESS
de33484e-f2fb-441d-ab2f-0f1ff10c0897,2026-07-26T21:41:03.425924+00:00,DNSLINK_IPFS,crypto,decrypt_message,0.010083000233862549,SUCCESS
de33484e-f2fb-441d-ab2f-0f1ff10c0897,2026-07-26T21:41:03.426389+00:00,DNSLINK_IPFS,tampering,tampered_request_sign,0.3668749995995313,SUCCESS
de33484e-f2fb-441d-ab2f-0f1ff10c0897,2026-07-26T21:41:03.436597+00:00,DNSLINK_IPFS,dnslink_ipfs,dnssec_txt_resolve,9.585499996319413,SUCCESS
de33484e-f2fb-441d-ab2f-0f1ff10c0897,2026-07-26T21:41:03.437522+00:00,DNSLINK_IPFS,dnslink_ipfs,ipfs_cat_json,0.810874997114297,SUCCESS
de33484e-f2fb-441d-ab2f-0f1ff10c0897,2026-07-26T21:41:03.446685+00:00,DNSLINK_IPFS,dnslink_ipfs,dnssec_txt_resolve,9.024749997479375,SUCCESS
de33484e-f2fb-441d-ab2f-0f1ff10c0897,2026-07-26T21:41:03.447579+00:00,DNSLINK_IPFS,dnslink_ipfs,ipfs_cat_json,0.7769579970045015,SUCCESS
de33484e-f2fb-441d-ab2f-0f1ff10c0897,2026-07-26T21:41:03.457162+00:00,DNSLINK_IPFS,dnslink_ipfs,dnssec_txt_resolve,9.431457998289261,SUCCESS
de33484e-f2fb-441d-ab2f-0f1ff10c0897,2026-07-26T21:41:03.458275+00:00,DNSLINK_IPFS,dnslink_ipfs,ipfs_cat_json,1.013875000353437,SUCCESS
de33484e-f2fb-441d-ab2f-0f1ff10c0897,2026-07-26T21:41:03.466499+00:00,DNSLINK_IPFS,dnslink_ipfs,dnssec_txt_resolve,8.078375001787208,SUCCESS
de33484e-f2fb-441d-ab2f-0f1ff10c0897,2026-07-26T21:41:03.467383+00:00,DNSLINK_IPFS,dnslink_ipfs,ipfs_cat_json,0.7601670004078187,SUCCESS
de33484e-f2fb-441d-ab2f-0f1ff10c0897,2026-07-26T21:41:03.468725+00:00,DNSLINK_IPFS,tampering,tampering_check,42.258124994987156,SUCCESS
de33484e-f2fb-441d-ab2f-0f1ff10c0897,2026-07-26T21:41:03.468802+00:00,DNSLINK_IPFS,summary,total_flow,1853.8969170040218,SUCCESS
9ca35dc7-1c42-46db-9c2a-b2b91079c06a,2026-07-26T21:41:03.570058+00:00,DNSLINK_IPFS,startup,initialize_store,0.004624998837243766,SUCCESS
9ca35dc7-1c42-46db-9c2a-b2b91079c06a,2026-07-26T21:41:03.572669+00:00,DNSLINK_IPFS,startup,generate_identity_cp,2.3252079990925267,SUCCESS
9ca35dc7-1c42-46db-9c2a-b2b91079c06a,2026-07-26T21:41:03.572938+00:00,DNSLINK_IPFS,startup,generate_identity_sp,0.19874999998137355,SUCCESS
9ca35dc7-1c42-46db-9c2a-b2b91079c06a,2026-07-26T21:41:03.573172+00:00,DNSLINK_IPFS,startup,generate_identity_c1,0.18799999816110358,SUCCESS
9ca35dc7-1c42-46db-9c2a-b2b91079c06a,2026-07-26T21:41:03.573397+00:00,DNSLINK_IPFS,startup,generate_identity_s1,0.18470900249667466,SUCCESS
9ca35dc7-1c42-46db-9c2a-b2b91079c06a,2026-07-26T21:41:03.597111+00:00,DNSLINK_IPFS,dnslink_ipfs,ipfs_add_json,23.573416998260655,SUCCESS
9ca35dc7-1c42-46db-9c2a-b2b91079c06a,2026-07-26T21:41:04.380729+00:00,DNSLINK_IPFS,dnslink_ipfs,dns_txt_update,782.244083005935,SUCCESS
9ca35dc7-1c42-46db-9c2a-b2b91079c06a,2026-07-26T21:41:04.381609+00:00,DNSLINK_IPFS,publish,publish_identity_cp,807.9244170003221,SUCCESS
9ca35dc7-1c42-46db-9c2a-b2b91079c06a,2026-07-26T21:41:04.406942+00:00,DNSLINK_IPFS,dnslink_ipfs,ipfs_add_json,24.572540998633485,SUCCESS
9ca35dc7-1c42-46db-9c2a-b2b91079c06a,2026-07-26T21:41:04.586574+00:00,DNSLINK_IPFS,dnslink_ipfs,dns_txt_update,179.09737499576295,SUCCESS
9ca35dc7-1c42-46db-9c2a-b2b91079c06a,2026-07-26T21:41:04.587058+00:00,DNSLINK_IPFS,publish,publish_identity_sp,204.7818749997532,SUCCESS
9ca35dc7-1c42-46db-9c2a-b2b91079c06a,2026-07-26T21:41:04.614269+00:00,DNSLINK_IPFS,dnslink_ipfs,ipfs_add_json,26.816958001290914,SUCCESS
9ca35dc7-1c42-46db-9c2a-b2b91079c06a,2026-07-26T21:41:04.764159+00:00,DNSLINK_IPFS,dnslink_ipfs,dns_txt_update,149.53345799585804,SUCCESS
9ca35dc7-1c42-46db-9c2a-b2b91079c06a,2026-07-26T21:41:04.764386+00:00,DNSLINK_IPFS,publish,publish_identity_c1,177.05233299784595,SUCCESS
9ca35dc7-1c42-46db-9c2a-b2b91079c06a,2026-07-26T21:41:04.786215+00:00,DNSLINK_IPFS,dnslink_ipfs,ipfs_add_json,21.68054199864855,SUCCESS
9ca35dc7-1c42-46db-9c2a-b2b91079c06a,2026-07-26T21:41:04.947633+00:00,DNSLINK_IPFS,dnslink_ipfs,dns_txt_update,161.05287499522092,SUCCESS
9ca35dc7-1c42-46db-9c2a-b2b91079c06a,2026-07-26T21:41:04.947898+00:00,DNSLINK_IPFS,publish,publish_identity_s1,183.40858399460558,SUCCESS
9ca35dc7-1c42-46db-9c2a-b2b91079c06a,2026-07-26T21:41:04.967602+00:00,DNSLINK_IPFS,dnslink_ipfs,ipfs_add_json,19.391791996895336,SUCCESS
9ca35dc7-1c42-46db-9c2a-b2b91079c06a,2026-07-26T21:41:05.123200+00:00,DNSLINK_IPFS,dnslink_ipfs,dns_txt_update,155.18229200097267,SUCCESS
9ca35dc7-1c42-46db-9c2a-b2b91079c06a,2026-07-26T21:41:05.123472+00:00,DNSLINK_IPFS,publish,publish_service_metadata,175.3240830003051,SUCCESS
9ca35dc7-1c42-46db-9c2a-b2b91079c06a,2026-07-26T21:41:05.144946+00:00,DNSLINK_IPFS,dnslink_ipfs,ipfs_add_json,21.130458000698127,SUCCESS
9ca35dc7-1c42-46db-9c2a-b2b91079c06a,2026-07-26T21:41:05.289819+00:00,DNSLINK_IPFS,dnslink_ipfs,dns_txt_update,144.4809999957215,SUCCESS
9ca35dc7-1c42-46db-9c2a-b2b91079c06a,2026-07-26T21:41:05.290071+00:00,DNSLINK_IPFS,publish,publish_provider_registry,166.36429200298153,SUCCESS
9ca35dc7-1c42-46db-9c2a-b2b91079c06a,2026-07-26T21:41:05.301980+00:00,DNSLINK_IPFS,dnslink_ipfs,dnssec_txt_resolve,11.642833997029811,SUCCESS
9ca35dc7-1c42-46db-9c2a-b2b91079c06a,2026-07-26T21:41:05.303211+00:00,DNSLINK_IPFS,dnslink_ipfs,ipfs_cat_json,1.1007920038537122,SUCCESS
9ca35dc7-1c42-46db-9c2a-b2b91079c06a,2026-07-26T21:41:05.310377+00:00,DNSLINK_IPFS,dnslink_ipfs,dnssec_txt_resolve,6.984167004702613,SUCCESS
9ca35dc7-1c42-46db-9c2a-b2b91079c06a,2026-07-26T21:41:05.311682+00:00,DNSLINK_IPFS,dnslink_ipfs,ipfs_cat_json,1.1258329977863468,SUCCESS
9ca35dc7-1c42-46db-9c2a-b2b91079c06a,2026-07-26T21:41:05.311848+00:00,DNSLINK_IPFS,discovery,broker_discovery,21.53658300085226,SUCCESS
9ca35dc7-1c42-46db-9c2a-b2b91079c06a,2026-07-26T21:41:05.313075+00:00,DNSLINK_IPFS,dap,dap_create_capability,1.0824999990290962,SUCCESS
9ca35dc7-1c42-46db-9c2a-b2b91079c06a,2026-07-26T21:41:05.314165+00:00,DNSLINK_IPFS,dap,dap_encrypt_enc_cap,0.9187909963657148,SUCCESS
9ca35dc7-1c42-46db-9c2a-b2b91079c06a,2026-07-26T21:41:05.314506+00:00,DNSLINK_IPFS,idap,client_session_init,0.20862499513896182,SUCCESS
9ca35dc7-1c42-46db-9c2a-b2b91079c06a,2026-07-26T21:41:05.314590+00:00,DNSLINK_IPFS,idap,client_ephemeral_public_key,0.005207999492995441,SUCCESS
9ca35dc7-1c42-46db-9c2a-b2b91079c06a,2026-07-26T21:41:05.315092+00:00,DNSLINK_IPFS,idap,client_request_sign,0.4242089999024756,SUCCESS
9ca35dc7-1c42-46db-9c2a-b2b91079c06a,2026-07-26T21:41:05.315185+00:00,DNSLINK_IPFS,idap,canonical_request_payload,0.018999999156221747,SUCCESS
9ca35dc7-1c42-46db-9c2a-b2b91079c06a,2026-07-26T21:41:05.324342+00:00,DNSLINK_IPFS,dnslink_ipfs,dnssec_txt_resolve,8.457833995635156,SUCCESS
9ca35dc7-1c42-46db-9c2a-b2b91079c06a,2026-07-26T21:41:05.325495+00:00,DNSLINK_IPFS,dnslink_ipfs,ipfs_cat_json,1.0095420002471656,SUCCESS
9ca35dc7-1c42-46db-9c2a-b2b91079c06a,2026-07-26T21:41:05.333638+00:00,DNSLINK_IPFS,dnslink_ipfs,dnssec_txt_resolve,7.862332997319754,SUCCESS
9ca35dc7-1c42-46db-9c2a-b2b91079c06a,2026-07-26T21:41:05.334923+00:00,DNSLINK_IPFS,dnslink_ipfs,ipfs_cat_json,1.1231660027988255,SUCCESS
9ca35dc7-1c42-46db-9c2a-b2b91079c06a,2026-07-26T21:41:05.342525+00:00,DNSLINK_IPFS,dnslink_ipfs,dnssec_txt_resolve,7.371542000328191,SUCCESS
9ca35dc7-1c42-46db-9c2a-b2b91079c06a,2026-07-26T21:41:05.343787+00:00,DNSLINK_IPFS,dnslink_ipfs,ipfs_cat_json,1.0890830017160624,SUCCESS
9ca35dc7-1c42-46db-9c2a-b2b91079c06a,2026-07-26T21:41:05.351691+00:00,DNSLINK_IPFS,dnslink_ipfs,dnssec_txt_resolve,7.716708001680672,SUCCESS
9ca35dc7-1c42-46db-9c2a-b2b91079c06a,2026-07-26T21:41:05.352856+00:00,DNSLINK_IPFS,dnslink_ipfs,ipfs_cat_json,0.982292003754992,SUCCESS
9ca35dc7-1c42-46db-9c2a-b2b91079c06a,2026-07-26T21:41:05.355552+00:00,DNSLINK_IPFS,idap,idap_authorize,40.25779200310353,SUCCESS
9ca35dc7-1c42-46db-9c2a-b2b91079c06a,2026-07-26T21:41:05.364841+00:00,DNSLINK_IPFS,dnslink_ipfs,dnssec_txt_resolve,8.522040996467695,SUCCESS
9ca35dc7-1c42-46db-9c2a-b2b91079c06a,2026-07-26T21:41:05.366000+00:00,DNSLINK_IPFS,dnslink_ipfs,ipfs_cat_json,1.0064589951070957,SUCCESS
9ca35dc7-1c42-46db-9c2a-b2b91079c06a,2026-07-26T21:41:05.374010+00:00,DNSLINK_IPFS,dnslink_ipfs,dnssec_txt_resolve,7.815833996573929,SUCCESS
9ca35dc7-1c42-46db-9c2a-b2b91079c06a,2026-07-26T21:41:05.375392+00:00,DNSLINK_IPFS,dnslink_ipfs,ipfs_cat_json,1.2610830017365515,SUCCESS
9ca35dc7-1c42-46db-9c2a-b2b91079c06a,2026-07-26T21:41:05.383300+00:00,DNSLINK_IPFS,dnslink_ipfs,dnssec_txt_resolve,7.760082997265272,SUCCESS
9ca35dc7-1c42-46db-9c2a-b2b91079c06a,2026-07-26T21:41:05.384285+00:00,DNSLINK_IPFS,dnslink_ipfs,ipfs_cat_json,0.8761249991948716,SUCCESS
9ca35dc7-1c42-46db-9c2a-b2b91079c06a,2026-07-26T21:41:05.393128+00:00,DNSLINK_IPFS,dnslink_ipfs,dnssec_txt_resolve,8.683250001922715,SUCCESS
9ca35dc7-1c42-46db-9c2a-b2b91079c06a,2026-07-26T21:41:05.394119+00:00,DNSLINK_IPFS,dnslink_ipfs,ipfs_cat_json,0.8186659979401156,SUCCESS
9ca35dc7-1c42-46db-9c2a-b2b91079c06a,2026-07-26T21:41:05.395831+00:00,DNSLINK_IPFS,idap,idap_replay_check,40.1514999975916,SUCCESS
9ca35dc7-1c42-46db-9c2a-b2b91079c06a,2026-07-26T21:41:05.408438+00:00,DNSLINK_IPFS,dnslink_ipfs,dnssec_txt_resolve,10.114374999830034,SUCCESS
9ca35dc7-1c42-46db-9c2a-b2b91079c06a,2026-07-26T21:41:05.409926+00:00,DNSLINK_IPFS,dnslink_ipfs,ipfs_cat_json,1.3028329994995147,SUCCESS
9ca35dc7-1c42-46db-9c2a-b2b91079c06a,2026-07-26T21:41:05.410090+00:00,DNSLINK_IPFS,idap,resolve_service_public_key,11.833667005703319,SUCCESS
9ca35dc7-1c42-46db-9c2a-b2b91079c06a,2026-07-26T21:41:05.410215+00:00,DNSLINK_IPFS,idap,compute_transcript,0.03454199759289622,SUCCESS
9ca35dc7-1c42-46db-9c2a-b2b91079c06a,2026-07-26T21:41:05.410782+00:00,DNSLINK_IPFS,idap,transcript_verify,0.4862080022576265,SUCCESS
9ca35dc7-1c42-46db-9c2a-b2b91079c06a,2026-07-26T21:41:05.411221+00:00,DNSLINK_IPFS,idap,client_shared_secret_derivation,0.35641700378619134,SUCCESS
9ca35dc7-1c42-46db-9c2a-b2b91079c06a,2026-07-26T21:41:05.411328+00:00,DNSLINK_IPFS,idap,client_session_key_derivation,0.029666996852029115,SUCCESS
9ca35dc7-1c42-46db-9c2a-b2b91079c06a,2026-07-26T21:41:05.411467+00:00,DNSLINK_IPFS,crypto,encrypt_message,0.03949999518226832,SUCCESS
9ca35dc7-1c42-46db-9c2a-b2b91079c06a,2026-07-26T21:41:05.411559+00:00,DNSLINK_IPFS,crypto,decrypt_message,0.013374999980442226,SUCCESS
9ca35dc7-1c42-46db-9c2a-b2b91079c06a,2026-07-26T21:41:05.412114+00:00,DNSLINK_IPFS,tampering,tampered_request_sign,0.43641700176522136,SUCCESS
9ca35dc7-1c42-46db-9c2a-b2b91079c06a,2026-07-26T21:41:05.424368+00:00,DNSLINK_IPFS,dnslink_ipfs,dnssec_txt_resolve,11.45791699673282,SUCCESS
9ca35dc7-1c42-46db-9c2a-b2b91079c06a,2026-07-26T21:41:05.425572+00:00,DNSLINK_IPFS,dnslink_ipfs,ipfs_cat_json,1.0284579984727316,SUCCESS
9ca35dc7-1c42-46db-9c2a-b2b91079c06a,2026-07-26T21:41:05.438073+00:00,DNSLINK_IPFS,dnslink_ipfs,dnssec_txt_resolve,12.251625004864763,SUCCESS
9ca35dc7-1c42-46db-9c2a-b2b91079c06a,2026-07-26T21:41:05.439611+00:00,DNSLINK_IPFS,dnslink_ipfs,ipfs_cat_json,1.3275000019348226,SUCCESS
9ca35dc7-1c42-46db-9c2a-b2b91079c06a,2026-07-26T21:41:05.450765+00:00,DNSLINK_IPFS,dnslink_ipfs,dnssec_txt_resolve,10.843333999218885,SUCCESS
9ca35dc7-1c42-46db-9c2a-b2b91079c06a,2026-07-26T21:41:05.452060+00:00,DNSLINK_IPFS,dnslink_ipfs,ipfs_cat_json,1.084457995602861,SUCCESS
9ca35dc7-1c42-46db-9c2a-b2b91079c06a,2026-07-26T21:41:05.465595+00:00,DNSLINK_IPFS,dnslink_ipfs,dnssec_txt_resolve,13.255042002128903,SUCCESS
9ca35dc7-1c42-46db-9c2a-b2b91079c06a,2026-07-26T21:41:05.467139+00:00,DNSLINK_IPFS,dnslink_ipfs,ipfs_cat_json,1.33050000295043,SUCCESS
9ca35dc7-1c42-46db-9c2a-b2b91079c06a,2026-07-26T21:41:05.468559+00:00,DNSLINK_IPFS,tampering,tampering_check,56.35454200091772,SUCCESS
9ca35dc7-1c42-46db-9c2a-b2b91079c06a,2026-07-26T21:41:05.468647+00:00,DNSLINK_IPFS,summary,total_flow,1898.6344169970835,SUCCESS
70993995-66ff-49e5-8d49-2a7720d515ff,2026-07-26T21:41:05.570618+00:00,DNSLINK_IPFS,startup,initialize_store,0.006333000783342868,SUCCESS
70993995-66ff-49e5-8d49-2a7720d515ff,2026-07-26T21:41:05.573377+00:00,DNSLINK_IPFS,startup,generate_identity_cp,2.4484579989803024,SUCCESS
70993995-66ff-49e5-8d49-2a7720d515ff,2026-07-26T21:41:05.573660+00:00,DNSLINK_IPFS,startup,generate_identity_sp,0.20229200163157657,SUCCESS
70993995-66ff-49e5-8d49-2a7720d515ff,2026-07-26T21:41:05.573896+00:00,DNSLINK_IPFS,startup,generate_identity_c1,0.18841700511984527,SUCCESS
70993995-66ff-49e5-8d49-2a7720d515ff,2026-07-26T21:41:05.574123+00:00,DNSLINK_IPFS,startup,generate_identity_s1,0.1850830012699589,SUCCESS
70993995-66ff-49e5-8d49-2a7720d515ff,2026-07-26T21:41:05.596457+00:00,DNSLINK_IPFS,dnslink_ipfs,ipfs_add_json,22.225208005693275,SUCCESS
70993995-66ff-49e5-8d49-2a7720d515ff,2026-07-26T21:41:06.364301+00:00,DNSLINK_IPFS,dnslink_ipfs,dns_txt_update,767.0980830007466,SUCCESS
70993995-66ff-49e5-8d49-2a7720d515ff,2026-07-26T21:41:06.365008+00:00,DNSLINK_IPFS,publish,publish_identity_cp,790.6155419987044,SUCCESS
70993995-66ff-49e5-8d49-2a7720d515ff,2026-07-26T21:41:06.387611+00:00,DNSLINK_IPFS,dnslink_ipfs,ipfs_add_json,21.97254099883139,SUCCESS
70993995-66ff-49e5-8d49-2a7720d515ff,2026-07-26T21:41:06.558389+00:00,DNSLINK_IPFS,dnslink_ipfs,dns_txt_update,170.03775000193855,SUCCESS
70993995-66ff-49e5-8d49-2a7720d515ff,2026-07-26T21:41:06.558801+00:00,DNSLINK_IPFS,publish,publish_identity_sp,193.2989999986603,SUCCESS
70993995-66ff-49e5-8d49-2a7720d515ff,2026-07-26T21:41:06.583914+00:00,DNSLINK_IPFS,dnslink_ipfs,ipfs_add_json,24.822542000038084,SUCCESS
70993995-66ff-49e5-8d49-2a7720d515ff,2026-07-26T21:41:06.739896+00:00,DNSLINK_IPFS,dnslink_ipfs,dns_txt_update,155.279041005997,SUCCESS
70993995-66ff-49e5-8d49-2a7720d515ff,2026-07-26T21:41:06.740156+00:00,DNSLINK_IPFS,publish,publish_identity_c1,181.2226250040112,SUCCESS
70993995-66ff-49e5-8d49-2a7720d515ff,2026-07-26T21:41:06.758531+00:00,DNSLINK_IPFS,dnslink_ipfs,ipfs_add_json,18.047582998406142,SUCCESS
70993995-66ff-49e5-8d49-2a7720d515ff,2026-07-26T21:41:06.914940+00:00,DNSLINK_IPFS,dnslink_ipfs,dns_txt_update,156.05054199841106,SUCCESS
70993995-66ff-49e5-8d49-2a7720d515ff,2026-07-26T21:41:06.915140+00:00,DNSLINK_IPFS,publish,publish_identity_s1,174.76308399636764,SUCCESS
70993995-66ff-49e5-8d49-2a7720d515ff,2026-07-26T21:41:06.936610+00:00,DNSLINK_IPFS,dnslink_ipfs,ipfs_add_json,21.310249998350628,SUCCESS
70993995-66ff-49e5-8d49-2a7720d515ff,2026-07-26T21:41:07.082071+00:00,DNSLINK_IPFS,dnslink_ipfs,dns_txt_update,145.17083299870137,SUCCESS
70993995-66ff-49e5-8d49-2a7720d515ff,2026-07-26T21:41:07.082268+00:00,DNSLINK_IPFS,publish,publish_service_metadata,167.04575000039767,SUCCESS
70993995-66ff-49e5-8d49-2a7720d515ff,2026-07-26T21:41:07.101939+00:00,DNSLINK_IPFS,dnslink_ipfs,ipfs_add_json,19.369792003999464,SUCCESS
70993995-66ff-49e5-8d49-2a7720d515ff,2026-07-26T21:41:07.252847+00:00,DNSLINK_IPFS,dnslink_ipfs,dns_txt_update,150.22154100006446,SUCCESS
70993995-66ff-49e5-8d49-2a7720d515ff,2026-07-26T21:41:07.253073+00:00,DNSLINK_IPFS,publish,publish_provider_registry,170.56675000640098,SUCCESS
70993995-66ff-49e5-8d49-2a7720d515ff,2026-07-26T21:41:07.267396+00:00,DNSLINK_IPFS,dnslink_ipfs,dnssec_txt_resolve,14.053708997380454,SUCCESS
70993995-66ff-49e5-8d49-2a7720d515ff,2026-07-26T21:41:07.268572+00:00,DNSLINK_IPFS,dnslink_ipfs,ipfs_cat_json,1.028291997499764,SUCCESS
70993995-66ff-49e5-8d49-2a7720d515ff,2026-07-26T21:41:07.275738+00:00,DNSLINK_IPFS,dnslink_ipfs,dnssec_txt_resolve,7.007542000792455,SUCCESS
70993995-66ff-49e5-8d49-2a7720d515ff,2026-07-26T21:41:07.276913+00:00,DNSLINK_IPFS,dnslink_ipfs,ipfs_cat_json,1.0400000028312206,SUCCESS
70993995-66ff-49e5-8d49-2a7720d515ff,2026-07-26T21:41:07.277016+00:00,DNSLINK_IPFS,discovery,broker_discovery,23.728874999505933,SUCCESS
70993995-66ff-49e5-8d49-2a7720d515ff,2026-07-26T21:41:07.277803+00:00,DNSLINK_IPFS,dap,dap_create_capability,0.6975419964874163,SUCCESS
70993995-66ff-49e5-8d49-2a7720d515ff,2026-07-26T21:41:07.278625+00:00,DNSLINK_IPFS,dap,dap_encrypt_enc_cap,0.6933750046300702,SUCCESS
70993995-66ff-49e5-8d49-2a7720d515ff,2026-07-26T21:41:07.278887+00:00,DNSLINK_IPFS,idap,client_session_init,0.15341700054705143,SUCCESS
70993995-66ff-49e5-8d49-2a7720d515ff,2026-07-26T21:41:07.278954+00:00,DNSLINK_IPFS,idap,client_ephemeral_public_key,0.004125002305954695,SUCCESS
70993995-66ff-49e5-8d49-2a7720d515ff,2026-07-26T21:41:07.279322+00:00,DNSLINK_IPFS,idap,client_request_sign,0.30808400333626196,SUCCESS
70993995-66ff-49e5-8d49-2a7720d515ff,2026-07-26T21:41:07.279387+00:00,DNSLINK_IPFS,idap,canonical_request_payload,0.013167002180125564,SUCCESS
70993995-66ff-49e5-8d49-2a7720d515ff,2026-07-26T21:41:07.288077+00:00,DNSLINK_IPFS,dnslink_ipfs,dnssec_txt_resolve,8.201791999454144,SUCCESS
70993995-66ff-49e5-8d49-2a7720d515ff,2026-07-26T21:41:07.289440+00:00,DNSLINK_IPFS,dnslink_ipfs,ipfs_cat_json,1.218208999489434,SUCCESS
70993995-66ff-49e5-8d49-2a7720d515ff,2026-07-26T21:41:07.298122+00:00,DNSLINK_IPFS,dnslink_ipfs,dnssec_txt_resolve,8.474041998852044,SUCCESS
70993995-66ff-49e5-8d49-2a7720d515ff,2026-07-26T21:41:07.299022+00:00,DNSLINK_IPFS,dnslink_ipfs,ipfs_cat_json,0.7780839951010421,SUCCESS
70993995-66ff-49e5-8d49-2a7720d515ff,2026-07-26T21:41:07.306309+00:00,DNSLINK_IPFS,dnslink_ipfs,dnssec_txt_resolve,7.111334001820069,SUCCESS
70993995-66ff-49e5-8d49-2a7720d515ff,2026-07-26T21:41:07.307216+00:00,DNSLINK_IPFS,dnslink_ipfs,ipfs_cat_json,0.7873750000726432,SUCCESS
70993995-66ff-49e5-8d49-2a7720d515ff,2026-07-26T21:41:07.314649+00:00,DNSLINK_IPFS,dnslink_ipfs,dnssec_txt_resolve,7.296625000890344,SUCCESS
70993995-66ff-49e5-8d49-2a7720d515ff,2026-07-26T21:41:07.315529+00:00,DNSLINK_IPFS,dnslink_ipfs,ipfs_cat_json,0.7849579997127876,SUCCESS
70993995-66ff-49e5-8d49-2a7720d515ff,2026-07-26T21:41:07.317507+00:00,DNSLINK_IPFS,idap,idap_authorize,38.04995799873723,SUCCESS
70993995-66ff-49e5-8d49-2a7720d515ff,2026-07-26T21:41:07.324636+00:00,DNSLINK_IPFS,dnslink_ipfs,dnssec_txt_resolve,6.428125001548324,SUCCESS
70993995-66ff-49e5-8d49-2a7720d515ff,2026-07-26T21:41:07.325780+00:00,DNSLINK_IPFS,dnslink_ipfs,ipfs_cat_json,0.9083330005523749,SUCCESS
70993995-66ff-49e5-8d49-2a7720d515ff,2026-07-26T21:41:07.332791+00:00,DNSLINK_IPFS,dnslink_ipfs,dnssec_txt_resolve,6.871249999676365,SUCCESS
70993995-66ff-49e5-8d49-2a7720d515ff,2026-07-26T21:41:07.333843+00:00,DNSLINK_IPFS,dnslink_ipfs,ipfs_cat_json,0.8776249960646965,SUCCESS
70993995-66ff-49e5-8d49-2a7720d515ff,2026-07-26T21:41:07.341286+00:00,DNSLINK_IPFS,dnslink_ipfs,dnssec_txt_resolve,7.289291999768466,SUCCESS
70993995-66ff-49e5-8d49-2a7720d515ff,2026-07-26T21:41:07.342433+00:00,DNSLINK_IPFS,dnslink_ipfs,ipfs_cat_json,1.0411670009489171,SUCCESS
70993995-66ff-49e5-8d49-2a7720d515ff,2026-07-26T21:41:07.348749+00:00,DNSLINK_IPFS,dnslink_ipfs,dnssec_txt_resolve,6.188624996866565,SUCCESS
70993995-66ff-49e5-8d49-2a7720d515ff,2026-07-26T21:41:07.349551+00:00,DNSLINK_IPFS,dnslink_ipfs,ipfs_cat_json,0.7081669973558746,SUCCESS
70993995-66ff-49e5-8d49-2a7720d515ff,2026-07-26T21:41:07.350917+00:00,DNSLINK_IPFS,idap,idap_replay_check,33.311125000182074,SUCCESS
70993995-66ff-49e5-8d49-2a7720d515ff,2026-07-26T21:41:07.357253+00:00,DNSLINK_IPFS,dnslink_ipfs,dnssec_txt_resolve,6.215708002855536,SUCCESS
70993995-66ff-49e5-8d49-2a7720d515ff,2026-07-26T21:41:07.358267+00:00,DNSLINK_IPFS,dnslink_ipfs,ipfs_cat_json,0.8928750030463561,SUCCESS
70993995-66ff-49e5-8d49-2a7720d515ff,2026-07-26T21:41:07.358395+00:00,DNSLINK_IPFS,idap,resolve_service_public_key,7.387749996269122,SUCCESS
70993995-66ff-49e5-8d49-2a7720d515ff,2026-07-26T21:41:07.358496+00:00,DNSLINK_IPFS,idap,compute_transcript,0.02495900116628036,SUCCESS
70993995-66ff-49e5-8d49-2a7720d515ff,2026-07-26T21:41:07.358973+00:00,DNSLINK_IPFS,idap,transcript_verify,0.40587499825051054,SUCCESS
70993995-66ff-49e5-8d49-2a7720d515ff,2026-07-26T21:41:07.359343+00:00,DNSLINK_IPFS,idap,client_shared_secret_derivation,0.29675000405404717,SUCCESS
70993995-66ff-49e5-8d49-2a7720d515ff,2026-07-26T21:41:07.359429+00:00,DNSLINK_IPFS,idap,client_session_key_derivation,0.019041995983570814,SUCCESS
70993995-66ff-49e5-8d49-2a7720d515ff,2026-07-26T21:41:07.359539+00:00,DNSLINK_IPFS,crypto,encrypt_message,0.024916997062973678,SUCCESS
70993995-66ff-49e5-8d49-2a7720d515ff,2026-07-26T21:41:07.359617+00:00,DNSLINK_IPFS,crypto,decrypt_message,0.009583003702573478,SUCCESS
70993995-66ff-49e5-8d49-2a7720d515ff,2026-07-26T21:41:07.360081+00:00,DNSLINK_IPFS,tampering,tampered_request_sign,0.36308300332166255,SUCCESS
70993995-66ff-49e5-8d49-2a7720d515ff,2026-07-26T21:41:07.369340+00:00,DNSLINK_IPFS,dnslink_ipfs,dnssec_txt_resolve,8.667707996210083,SUCCESS
70993995-66ff-49e5-8d49-2a7720d515ff,2026-07-26T21:41:07.370339+00:00,DNSLINK_IPFS,dnslink_ipfs,ipfs_cat_json,0.8766660030232742,SUCCESS
70993995-66ff-49e5-8d49-2a7720d515ff,2026-07-26T21:41:07.378770+00:00,DNSLINK_IPFS,dnslink_ipfs,dnssec_txt_resolve,8.234250002715271,SUCCESS
70993995-66ff-49e5-8d49-2a7720d515ff,2026-07-26T21:41:07.379629+00:00,DNSLINK_IPFS,dnslink_ipfs,ipfs_cat_json,0.743040996894706,SUCCESS
70993995-66ff-49e5-8d49-2a7720d515ff,2026-07-26T21:41:07.388226+00:00,DNSLINK_IPFS,dnslink_ipfs,dnssec_txt_resolve,8.443667000392452,SUCCESS
70993995-66ff-49e5-8d49-2a7720d515ff,2026-07-26T21:41:07.389090+00:00,DNSLINK_IPFS,dnslink_ipfs,ipfs_cat_json,0.7402080009342171,SUCCESS
70993995-66ff-49e5-8d49-2a7720d515ff,2026-07-26T21:41:07.398029+00:00,DNSLINK_IPFS,dnslink_ipfs,dnssec_txt_resolve,8.773290996032301,SUCCESS
70993995-66ff-49e5-8d49-2a7720d515ff,2026-07-26T21:41:07.399011+00:00,DNSLINK_IPFS,dnslink_ipfs,ipfs_cat_json,0.8514999935869128,SUCCESS
70993995-66ff-49e5-8d49-2a7720d515ff,2026-07-26T21:41:07.400601+00:00,DNSLINK_IPFS,tampering,tampering_check,40.4265410033986,SUCCESS
70993995-66ff-49e5-8d49-2a7720d515ff,2026-07-26T21:41:07.400704+00:00,DNSLINK_IPFS,summary,total_flow,1830.1417080001556,SUCCESS
4a95cdb2-1134-4d34-90fa-4671222918f5,2026-07-26T21:41:07.503720+00:00,DNSLINK_IPFS,startup,initialize_store,0.0045000051613897085,SUCCESS
4a95cdb2-1134-4d34-90fa-4671222918f5,2026-07-26T21:41:07.506198+00:00,DNSLINK_IPFS,startup,generate_identity_cp,2.20462500146823,SUCCESS
4a95cdb2-1134-4d34-90fa-4671222918f5,2026-07-26T21:41:07.506448+00:00,DNSLINK_IPFS,startup,generate_identity_sp,0.17766699602361768,SUCCESS
4a95cdb2-1134-4d34-90fa-4671222918f5,2026-07-26T21:41:07.506671+00:00,DNSLINK_IPFS,startup,generate_identity_c1,0.17312500131083652,SUCCESS
4a95cdb2-1134-4d34-90fa-4671222918f5,2026-07-26T21:41:07.506891+00:00,DNSLINK_IPFS,startup,generate_identity_s1,0.17520899564260617,SUCCESS
4a95cdb2-1134-4d34-90fa-4671222918f5,2026-07-26T21:41:07.531437+00:00,DNSLINK_IPFS,dnslink_ipfs,ipfs_add_json,24.452500001643784,SUCCESS
4a95cdb2-1134-4d34-90fa-4671222918f5,2026-07-26T21:41:08.324662+00:00,DNSLINK_IPFS,dnslink_ipfs,dns_txt_update,792.6859579965821,SUCCESS
4a95cdb2-1134-4d34-90fa-4671222918f5,2026-07-26T21:41:08.325057+00:00,DNSLINK_IPFS,publish,publish_identity_cp,818.1035420057015,SUCCESS
4a95cdb2-1134-4d34-90fa-4671222918f5,2026-07-26T21:41:08.347759+00:00,DNSLINK_IPFS,dnslink_ipfs,ipfs_add_json,22.552084003109485,SUCCESS
4a95cdb2-1134-4d34-90fa-4671222918f5,2026-07-26T21:41:08.494635+00:00,DNSLINK_IPFS,dnslink_ipfs,dns_txt_update,146.12091700109886,SUCCESS
4a95cdb2-1134-4d34-90fa-4671222918f5,2026-07-26T21:41:08.495996+00:00,DNSLINK_IPFS,publish,publish_identity_sp,170.4716250023921,SUCCESS
4a95cdb2-1134-4d34-90fa-4671222918f5,2026-07-26T21:41:08.521275+00:00,DNSLINK_IPFS,dnslink_ipfs,ipfs_add_json,24.549999994633254,SUCCESS
4a95cdb2-1134-4d34-90fa-4671222918f5,2026-07-26T21:41:08.672913+00:00,DNSLINK_IPFS,dnslink_ipfs,dns_txt_update,150.52566699887393,SUCCESS
4a95cdb2-1134-4d34-90fa-4671222918f5,2026-07-26T21:41:08.673407+00:00,DNSLINK_IPFS,publish,publish_identity_c1,176.8609170030686,SUCCESS
4a95cdb2-1134-4d34-90fa-4671222918f5,2026-07-26T21:41:08.693162+00:00,DNSLINK_IPFS,dnslink_ipfs,ipfs_add_json,19.121166995319072,SUCCESS
4a95cdb2-1134-4d34-90fa-4671222918f5,2026-07-26T21:41:08.894504+00:00,DNSLINK_IPFS,dnslink_ipfs,dns_txt_update,200.72445800178684,SUCCESS
4a95cdb2-1134-4d34-90fa-4671222918f5,2026-07-26T21:41:08.894792+00:00,DNSLINK_IPFS,publish,publish_identity_s1,220.98316600022372,SUCCESS
4a95cdb2-1134-4d34-90fa-4671222918f5,2026-07-26T21:41:08.919558+00:00,DNSLINK_IPFS,dnslink_ipfs,ipfs_add_json,24.300292003317736,SUCCESS
4a95cdb2-1134-4d34-90fa-4671222918f5,2026-07-26T21:41:09.080748+00:00,DNSLINK_IPFS,dnslink_ipfs,dns_txt_update,160.42362499865703,SUCCESS
4a95cdb2-1134-4d34-90fa-4671222918f5,2026-07-26T21:41:09.081021+00:00,DNSLINK_IPFS,publish,publish_service_metadata,186.10329100192757,SUCCESS
4a95cdb2-1134-4d34-90fa-4671222918f5,2026-07-26T21:41:09.100081+00:00,DNSLINK_IPFS,dnslink_ipfs,ipfs_add_json,18.76258299307665,SUCCESS
4a95cdb2-1134-4d34-90fa-4671222918f5,2026-07-26T21:41:09.257451+00:00,DNSLINK_IPFS,dnslink_ipfs,dns_txt_update,156.9092920035473,SUCCESS
4a95cdb2-1134-4d34-90fa-4671222918f5,2026-07-26T21:41:09.257706+00:00,DNSLINK_IPFS,publish,publish_provider_registry,176.5978749972419,SUCCESS
4a95cdb2-1134-4d34-90fa-4671222918f5,2026-07-26T21:41:09.273518+00:00,DNSLINK_IPFS,dnslink_ipfs,dnssec_txt_resolve,15.657665993785486,SUCCESS
4a95cdb2-1134-4d34-90fa-4671222918f5,2026-07-26T21:41:09.275150+00:00,DNSLINK_IPFS,dnslink_ipfs,ipfs_cat_json,1.3526250040740706,SUCCESS
4a95cdb2-1134-4d34-90fa-4671222918f5,2026-07-26T21:41:09.285018+00:00,DNSLINK_IPFS,dnslink_ipfs,dnssec_txt_resolve,9.610624998458661,SUCCESS
4a95cdb2-1134-4d34-90fa-4671222918f5,2026-07-26T21:41:09.286466+00:00,DNSLINK_IPFS,dnslink_ipfs,ipfs_cat_json,1.2487910062191077,SUCCESS
4a95cdb2-1134-4d34-90fa-4671222918f5,2026-07-26T21:41:09.286650+00:00,DNSLINK_IPFS,discovery,broker_discovery,28.846749999502208,SUCCESS
4a95cdb2-1134-4d34-90fa-4671222918f5,2026-07-26T21:41:09.287849+00:00,DNSLINK_IPFS,dap,dap_create_capability,0.91637500008801,SUCCESS
4a95cdb2-1134-4d34-90fa-4671222918f5,2026-07-26T21:41:09.289224+00:00,DNSLINK_IPFS,dap,dap_encrypt_enc_cap,1.1353329973644577,SUCCESS
4a95cdb2-1134-4d34-90fa-4671222918f5,2026-07-26T21:41:09.289631+00:00,DNSLINK_IPFS,idap,client_session_init,0.23941699328133836,SUCCESS
4a95cdb2-1134-4d34-90fa-4671222918f5,2026-07-26T21:41:09.289727+00:00,DNSLINK_IPFS,idap,client_ephemeral_public_key,0.005292000423651189,SUCCESS
4a95cdb2-1134-4d34-90fa-4671222918f5,2026-07-26T21:41:09.290238+00:00,DNSLINK_IPFS,idap,client_request_sign,0.4256250031176023,SUCCESS
4a95cdb2-1134-4d34-90fa-4671222918f5,2026-07-26T21:41:09.290345+00:00,DNSLINK_IPFS,idap,canonical_request_payload,0.024499997380189598,SUCCESS
4a95cdb2-1134-4d34-90fa-4671222918f5,2026-07-26T21:41:09.299939+00:00,DNSLINK_IPFS,dnslink_ipfs,dnssec_txt_resolve,8.87141699786298,SUCCESS
4a95cdb2-1134-4d34-90fa-4671222918f5,2026-07-26T21:41:09.301246+00:00,DNSLINK_IPFS,dnslink_ipfs,ipfs_cat_json,1.1125829987577163,SUCCESS
4a95cdb2-1134-4d34-90fa-4671222918f5,2026-07-26T21:41:09.310835+00:00,DNSLINK_IPFS,dnslink_ipfs,dnssec_txt_resolve,9.256916004233062,SUCCESS
4a95cdb2-1134-4d34-90fa-4671222918f5,2026-07-26T21:41:09.312153+00:00,DNSLINK_IPFS,dnslink_ipfs,ipfs_cat_json,1.0755420007626526,SUCCESS
4a95cdb2-1134-4d34-90fa-4671222918f5,2026-07-26T21:41:09.323436+00:00,DNSLINK_IPFS,dnslink_ipfs,dnssec_txt_resolve,10.955500001728069,SUCCESS
4a95cdb2-1134-4d34-90fa-4671222918f5,2026-07-26T21:41:09.324948+00:00,DNSLINK_IPFS,dnslink_ipfs,ipfs_cat_json,1.3307920016814023,SUCCESS
4a95cdb2-1134-4d34-90fa-4671222918f5,2026-07-26T21:41:09.334850+00:00,DNSLINK_IPFS,dnslink_ipfs,dnssec_txt_resolve,9.626874998502899,SUCCESS
4a95cdb2-1134-4d34-90fa-4671222918f5,2026-07-26T21:41:09.337382+00:00,DNSLINK_IPFS,dnslink_ipfs,ipfs_cat_json,2.2979170025791973,SUCCESS
4a95cdb2-1134-4d34-90fa-4671222918f5,2026-07-26T21:41:09.339776+00:00,DNSLINK_IPFS,idap,idap_authorize,49.24620899691945,SUCCESS
4a95cdb2-1134-4d34-90fa-4671222918f5,2026-07-26T21:41:09.354754+00:00,DNSLINK_IPFS,dnslink_ipfs,dnssec_txt_resolve,14.254542002163362,SUCCESS
4a95cdb2-1134-4d34-90fa-4671222918f5,2026-07-26T21:41:09.356057+00:00,DNSLINK_IPFS,dnslink_ipfs,ipfs_cat_json,1.1145000025862828,SUCCESS
4a95cdb2-1134-4d34-90fa-4671222918f5,2026-07-26T21:41:09.368442+00:00,DNSLINK_IPFS,dnslink_ipfs,dnssec_txt_resolve,12.17483400250785,SUCCESS
4a95cdb2-1134-4d34-90fa-4671222918f5,2026-07-26T21:41:09.369406+00:00,DNSLINK_IPFS,dnslink_ipfs,ipfs_cat_json,0.825542003440205,SUCCESS
4a95cdb2-1134-4d34-90fa-4671222918f5,2026-07-26T21:41:09.377976+00:00,DNSLINK_IPFS,dnslink_ipfs,dnssec_txt_resolve,8.396749995881692,SUCCESS
4a95cdb2-1134-4d34-90fa-4671222918f5,2026-07-26T21:41:09.378999+00:00,DNSLINK_IPFS,dnslink_ipfs,ipfs_cat_json,0.9253329990315251,SUCCESS
4a95cdb2-1134-4d34-90fa-4671222918f5,2026-07-26T21:41:09.388951+00:00,DNSLINK_IPFS,dnslink_ipfs,dnssec_txt_resolve,9.734166000271216,SUCCESS
4a95cdb2-1134-4d34-90fa-4671222918f5,2026-07-26T21:41:09.389843+00:00,DNSLINK_IPFS,dnslink_ipfs,ipfs_cat_json,0.7656250018044375,SUCCESS
4a95cdb2-1134-4d34-90fa-4671222918f5,2026-07-26T21:41:09.390822+00:00,DNSLINK_IPFS,idap,idap_replay_check,50.887958001112565,SUCCESS
4a95cdb2-1134-4d34-90fa-4671222918f5,2026-07-26T21:41:09.399690+00:00,DNSLINK_IPFS,dnslink_ipfs,dnssec_txt_resolve,8.75004100089427,SUCCESS
4a95cdb2-1134-4d34-90fa-4671222918f5,2026-07-26T21:41:09.400850+00:00,DNSLINK_IPFS,dnslink_ipfs,ipfs_cat_json,1.0274160013068467,SUCCESS
4a95cdb2-1134-4d34-90fa-4671222918f5,2026-07-26T21:41:09.400988+00:00,DNSLINK_IPFS,idap,resolve_service_public_key,10.097500002302695,SUCCESS
4a95cdb2-1134-4d34-90fa-4671222918f5,2026-07-26T21:41:09.401072+00:00,DNSLINK_IPFS,idap,compute_transcript,0.023542001144960523,SUCCESS
4a95cdb2-1134-4d34-90fa-4671222918f5,2026-07-26T21:41:09.401414+00:00,DNSLINK_IPFS,idap,transcript_verify,0.2883750057662837,SUCCESS
4a95cdb2-1134-4d34-90fa-4671222918f5,2026-07-26T21:41:09.401672+00:00,DNSLINK_IPFS,idap,client_shared_secret_derivation,0.20729200332425535,SUCCESS
4a95cdb2-1134-4d34-90fa-4671222918f5,2026-07-26T21:41:09.401736+00:00,DNSLINK_IPFS,idap,client_session_key_derivation,0.018375001673121005,SUCCESS
4a95cdb2-1134-4d34-90fa-4671222918f5,2026-07-26T21:41:09.401823+00:00,DNSLINK_IPFS,crypto,encrypt_message,0.02566599869169295,SUCCESS
4a95cdb2-1134-4d34-90fa-4671222918f5,2026-07-26T21:41:09.401876+00:00,DNSLINK_IPFS,crypto,decrypt_message,0.007333001121878624,SUCCESS
4a95cdb2-1134-4d34-90fa-4671222918f5,2026-07-26T21:41:09.402200+00:00,DNSLINK_IPFS,tampering,tampered_request_sign,0.2512499995646067,SUCCESS
4a95cdb2-1134-4d34-90fa-4671222918f5,2026-07-26T21:41:09.411043+00:00,DNSLINK_IPFS,dnslink_ipfs,dnssec_txt_resolve,8.357999999134336,SUCCESS
4a95cdb2-1134-4d34-90fa-4671222918f5,2026-07-26T21:41:09.411927+00:00,DNSLINK_IPFS,dnslink_ipfs,ipfs_cat_json,0.7750419972580858,SUCCESS
4a95cdb2-1134-4d34-90fa-4671222918f5,2026-07-26T21:41:09.420436+00:00,DNSLINK_IPFS,dnslink_ipfs,dnssec_txt_resolve,8.337457999004982,SUCCESS
4a95cdb2-1134-4d34-90fa-4671222918f5,2026-07-26T21:41:09.421470+00:00,DNSLINK_IPFS,dnslink_ipfs,ipfs_cat_json,0.9356250011478551,SUCCESS
4a95cdb2-1134-4d34-90fa-4671222918f5,2026-07-26T21:41:09.430104+00:00,DNSLINK_IPFS,dnslink_ipfs,dnssec_txt_resolve,8.497666000039317,SUCCESS
4a95cdb2-1134-4d34-90fa-4671222918f5,2026-07-26T21:41:09.430837+00:00,DNSLINK_IPFS,dnslink_ipfs,ipfs_cat_json,0.6415000025299378,SUCCESS
4a95cdb2-1134-4d34-90fa-4671222918f5,2026-07-26T21:41:09.439500+00:00,DNSLINK_IPFS,dnslink_ipfs,dnssec_txt_resolve,8.517249996657483,SUCCESS
4a95cdb2-1134-4d34-90fa-4671222918f5,2026-07-26T21:41:09.440241+00:00,DNSLINK_IPFS,dnslink_ipfs,ipfs_cat_json,0.6612500001210719,SUCCESS
4a95cdb2-1134-4d34-90fa-4671222918f5,2026-07-26T21:41:09.441027+00:00,DNSLINK_IPFS,tampering,tampering_check,38.77325000212295,SUCCESS
4a95cdb2-1134-4d34-90fa-4671222918f5,2026-07-26T21:41:09.441077+00:00,DNSLINK_IPFS,summary,total_flow,1937.4203339975793,SUCCESS
866b7948-c4b2-484d-b576-0d7b38331a68,2026-07-26T21:41:09.536711+00:00,DNSLINK_IPFS,startup,initialize_store,0.0046670029405504465,SUCCESS
866b7948-c4b2-484d-b576-0d7b38331a68,2026-07-26T21:41:09.539439+00:00,DNSLINK_IPFS,startup,generate_identity_cp,2.4438749969704077,SUCCESS
866b7948-c4b2-484d-b576-0d7b38331a68,2026-07-26T21:41:09.539693+00:00,DNSLINK_IPFS,startup,generate_identity_sp,0.1839579999796115,SUCCESS
866b7948-c4b2-484d-b576-0d7b38331a68,2026-07-26T21:41:09.539930+00:00,DNSLINK_IPFS,startup,generate_identity_c1,0.19079099729424343,SUCCESS
866b7948-c4b2-484d-b576-0d7b38331a68,2026-07-26T21:41:09.540156+00:00,DNSLINK_IPFS,startup,generate_identity_s1,0.18608300160849467,SUCCESS
866b7948-c4b2-484d-b576-0d7b38331a68,2026-07-26T21:41:09.566651+00:00,DNSLINK_IPFS,dnslink_ipfs,ipfs_add_json,26.381499999843072,SUCCESS
866b7948-c4b2-484d-b576-0d7b38331a68,2026-07-26T21:41:10.376606+00:00,DNSLINK_IPFS,dnslink_ipfs,dns_txt_update,809.1193750005914,SUCCESS
866b7948-c4b2-484d-b576-0d7b38331a68,2026-07-26T21:41:10.377631+00:00,DNSLINK_IPFS,publish,publish_identity_cp,837.0994169963524,SUCCESS
866b7948-c4b2-484d-b576-0d7b38331a68,2026-07-26T21:41:10.457062+00:00,DNSLINK_IPFS,dnslink_ipfs,ipfs_add_json,78.86137499735923,SUCCESS
866b7948-c4b2-484d-b576-0d7b38331a68,2026-07-26T21:41:10.640244+00:00,DNSLINK_IPFS,dnslink_ipfs,dns_txt_update,182.68766700202832,SUCCESS
866b7948-c4b2-484d-b576-0d7b38331a68,2026-07-26T21:41:10.640441+00:00,DNSLINK_IPFS,publish,publish_identity_sp,262.4947080039419,SUCCESS
866b7948-c4b2-484d-b576-0d7b38331a68,2026-07-26T21:41:10.710086+00:00,DNSLINK_IPFS,dnslink_ipfs,ipfs_add_json,69.49612499738578,SUCCESS
866b7948-c4b2-484d-b576-0d7b38331a68,2026-07-26T21:41:10.894104+00:00,DNSLINK_IPFS,dnslink_ipfs,dns_txt_update,183.41112499911105,SUCCESS
866b7948-c4b2-484d-b576-0d7b38331a68,2026-07-26T21:41:10.894420+00:00,DNSLINK_IPFS,publish,publish_identity_c1,253.8640420025331,SUCCESS
866b7948-c4b2-484d-b576-0d7b38331a68,2026-07-26T21:41:10.934306+00:00,DNSLINK_IPFS,dnslink_ipfs,ipfs_add_json,39.49937500146916,SUCCESS
866b7948-c4b2-484d-b576-0d7b38331a68,2026-07-26T21:41:11.094617+00:00,DNSLINK_IPFS,dnslink_ipfs,dns_txt_update,159.63195799849927,SUCCESS
866b7948-c4b2-484d-b576-0d7b38331a68,2026-07-26T21:41:11.095189+00:00,DNSLINK_IPFS,publish,publish_identity_s1,200.45220799511299,SUCCESS
866b7948-c4b2-484d-b576-0d7b38331a68,2026-07-26T21:41:11.168952+00:00,DNSLINK_IPFS,dnslink_ipfs,ipfs_add_json,73.02158300444717,SUCCESS
866b7948-c4b2-484d-b576-0d7b38331a68,2026-07-26T21:41:11.321960+00:00,DNSLINK_IPFS,dnslink_ipfs,dns_txt_update,152.57995799765922,SUCCESS
866b7948-c4b2-484d-b576-0d7b38331a68,2026-07-26T21:41:11.322171+00:00,DNSLINK_IPFS,publish,publish_service_metadata,226.38604199892143,SUCCESS
866b7948-c4b2-484d-b576-0d7b38331a68,2026-07-26T21:41:11.392737+00:00,DNSLINK_IPFS,dnslink_ipfs,ipfs_add_json,70.34333299816353,SUCCESS
866b7948-c4b2-484d-b576-0d7b38331a68,2026-07-26T21:41:12.395669+00:00,DNSLINK_IPFS,dnslink_ipfs,dns_txt_update,1001.4697919978062,SUCCESS
866b7948-c4b2-484d-b576-0d7b38331a68,2026-07-26T21:41:12.399212+00:00,DNSLINK_IPFS,publish,publish_provider_registry,1076.4327910001157,SUCCESS
866b7948-c4b2-484d-b576-0d7b38331a68,2026-07-26T21:41:12.416833+00:00,DNSLINK_IPFS,dnslink_ipfs,dnssec_txt_resolve,17.08116700319806,SUCCESS
866b7948-c4b2-484d-b576-0d7b38331a68,2026-07-26T21:41:12.418723+00:00,DNSLINK_IPFS,dnslink_ipfs,ipfs_cat_json,1.677250002103392,SUCCESS
866b7948-c4b2-484d-b576-0d7b38331a68,2026-07-26T21:41:12.426311+00:00,DNSLINK_IPFS,dnslink_ipfs,dnssec_txt_resolve,7.409625002765097,SUCCESS
866b7948-c4b2-484d-b576-0d7b38331a68,2026-07-26T21:41:12.427674+00:00,DNSLINK_IPFS,dnslink_ipfs,ipfs_cat_json,1.2285830016480759,SUCCESS
866b7948-c4b2-484d-b576-0d7b38331a68,2026-07-26T21:41:12.427797+00:00,DNSLINK_IPFS,discovery,broker_discovery,28.285708001931198,SUCCESS
866b7948-c4b2-484d-b576-0d7b38331a68,2026-07-26T21:41:12.428877+00:00,DNSLINK_IPFS,dap,dap_create_capability,0.9719589943415485,SUCCESS
866b7948-c4b2-484d-b576-0d7b38331a68,2026-07-26T21:41:12.430012+00:00,DNSLINK_IPFS,dap,dap_encrypt_enc_cap,0.9811670024646446,SUCCESS
866b7948-c4b2-484d-b576-0d7b38331a68,2026-07-26T21:41:12.430422+00:00,DNSLINK_IPFS,idap,client_session_init,0.23258399596670642,SUCCESS
866b7948-c4b2-484d-b576-0d7b38331a68,2026-07-26T21:41:12.430571+00:00,DNSLINK_IPFS,idap,client_ephemeral_public_key,0.007665999874006957,SUCCESS
866b7948-c4b2-484d-b576-0d7b38331a68,2026-07-26T21:41:12.431130+00:00,DNSLINK_IPFS,idap,client_request_sign,0.4596660000970587,SUCCESS
866b7948-c4b2-484d-b576-0d7b38331a68,2026-07-26T21:41:12.431465+00:00,DNSLINK_IPFS,idap,canonical_request_payload,0.2504579970263876,SUCCESS
866b7948-c4b2-484d-b576-0d7b38331a68,2026-07-26T21:41:12.443817+00:00,DNSLINK_IPFS,dnslink_ipfs,dnssec_txt_resolve,11.464834002254065,SUCCESS
866b7948-c4b2-484d-b576-0d7b38331a68,2026-07-26T21:41:12.445538+00:00,DNSLINK_IPFS,dnslink_ipfs,ipfs_cat_json,1.4750420014024712,SUCCESS
866b7948-c4b2-484d-b576-0d7b38331a68,2026-07-26T21:41:12.455796+00:00,DNSLINK_IPFS,dnslink_ipfs,dnssec_txt_resolve,9.875374998955522,SUCCESS
866b7948-c4b2-484d-b576-0d7b38331a68,2026-07-26T21:41:12.457239+00:00,DNSLINK_IPFS,dnslink_ipfs,ipfs_cat_json,1.2589160032803193,SUCCESS
866b7948-c4b2-484d-b576-0d7b38331a68,2026-07-26T21:41:12.469395+00:00,DNSLINK_IPFS,dnslink_ipfs,dnssec_txt_resolve,11.895999996340834,SUCCESS
866b7948-c4b2-484d-b576-0d7b38331a68,2026-07-26T21:41:12.471728+00:00,DNSLINK_IPFS,dnslink_ipfs,ipfs_cat_json,2.031292002357077,SUCCESS
866b7948-c4b2-484d-b576-0d7b38331a68,2026-07-26T21:41:12.482650+00:00,DNSLINK_IPFS,dnslink_ipfs,dnssec_txt_resolve,10.58112499595154,SUCCESS
866b7948-c4b2-484d-b576-0d7b38331a68,2026-07-26T21:41:12.484054+00:00,DNSLINK_IPFS,dnslink_ipfs,ipfs_cat_json,1.2212919973535463,SUCCESS
866b7948-c4b2-484d-b576-0d7b38331a68,2026-07-26T21:41:12.486870+00:00,DNSLINK_IPFS,idap,idap_authorize,55.285875001573004,SUCCESS
866b7948-c4b2-484d-b576-0d7b38331a68,2026-07-26T21:41:12.498481+00:00,DNSLINK_IPFS,dnslink_ipfs,dnssec_txt_resolve,10.796542002935894,SUCCESS
866b7948-c4b2-484d-b576-0d7b38331a68,2026-07-26T21:41:12.499843+00:00,DNSLINK_IPFS,dnslink_ipfs,ipfs_cat_json,1.1653330002445728,SUCCESS
866b7948-c4b2-484d-b576-0d7b38331a68,2026-07-26T21:41:12.518607+00:00,DNSLINK_IPFS,dnslink_ipfs,dnssec_txt_resolve,18.476541998097673,SUCCESS
866b7948-c4b2-484d-b576-0d7b38331a68,2026-07-26T21:41:12.520442+00:00,DNSLINK_IPFS,dnslink_ipfs,ipfs_cat_json,1.574999994772952,SUCCESS
866b7948-c4b2-484d-b576-0d7b38331a68,2026-07-26T21:41:12.539308+00:00,DNSLINK_IPFS,dnslink_ipfs,dnssec_txt_resolve,18.33295899996301,SUCCESS
866b7948-c4b2-484d-b576-0d7b38331a68,2026-07-26T21:41:12.540886+00:00,DNSLINK_IPFS,dnslink_ipfs,ipfs_cat_json,1.299083000048995,SUCCESS
866b7948-c4b2-484d-b576-0d7b38331a68,2026-07-26T21:41:12.554632+00:00,DNSLINK_IPFS,dnslink_ipfs,dnssec_txt_resolve,13.416541994956788,SUCCESS
866b7948-c4b2-484d-b576-0d7b38331a68,2026-07-26T21:41:12.556760+00:00,DNSLINK_IPFS,dnslink_ipfs,ipfs_cat_json,1.8815829971572384,SUCCESS
866b7948-c4b2-484d-b576-0d7b38331a68,2026-07-26T21:41:12.558616+00:00,DNSLINK_IPFS,idap,idap_replay_check,71.61524999537505,SUCCESS
866b7948-c4b2-484d-b576-0d7b38331a68,2026-07-26T21:41:12.571101+00:00,DNSLINK_IPFS,dnslink_ipfs,dnssec_txt_resolve,12.2626250013127,SUCCESS
866b7948-c4b2-484d-b576-0d7b38331a68,2026-07-26T21:41:12.572258+00:00,DNSLINK_IPFS,dnslink_ipfs,ipfs_cat_json,0.9813340002438053,SUCCESS
866b7948-c4b2-484d-b576-0d7b38331a68,2026-07-26T21:41:12.572440+00:00,DNSLINK_IPFS,idap,resolve_service_public_key,13.69637499738019,SUCCESS
866b7948-c4b2-484d-b576-0d7b38331a68,2026-07-26T21:41:12.572558+00:00,DNSLINK_IPFS,idap,compute_transcript,0.03562500205589458,SUCCESS
866b7948-c4b2-484d-b576-0d7b38331a68,2026-07-26T21:41:12.573065+00:00,DNSLINK_IPFS,idap,transcript_verify,0.4307079943828285,SUCCESS
866b7948-c4b2-484d-b576-0d7b38331a68,2026-07-26T21:41:12.573448+00:00,DNSLINK_IPFS,idap,client_shared_secret_derivation,0.30379099916899577,SUCCESS
866b7948-c4b2-484d-b576-0d7b38331a68,2026-07-26T21:41:12.573546+00:00,DNSLINK_IPFS,idap,client_session_key_derivation,0.027999994927085936,SUCCESS
866b7948-c4b2-484d-b576-0d7b38331a68,2026-07-26T21:41:12.573688+00:00,DNSLINK_IPFS,crypto,encrypt_message,0.042625004425644875,SUCCESS
866b7948-c4b2-484d-b576-0d7b38331a68,2026-07-26T21:41:12.573777+00:00,DNSLINK_IPFS,crypto,decrypt_message,0.01091699959943071,SUCCESS
866b7948-c4b2-484d-b576-0d7b38331a68,2026-07-26T21:41:12.574264+00:00,DNSLINK_IPFS,tampering,tampered_request_sign,0.38129200402181596,SUCCESS
866b7948-c4b2-484d-b576-0d7b38331a68,2026-07-26T21:41:12.590678+00:00,DNSLINK_IPFS,dnslink_ipfs,dnssec_txt_resolve,15.704042001743801,SUCCESS
866b7948-c4b2-484d-b576-0d7b38331a68,2026-07-26T21:41:12.592512+00:00,DNSLINK_IPFS,dnslink_ipfs,ipfs_cat_json,1.48862499918323,SUCCESS
866b7948-c4b2-484d-b576-0d7b38331a68,2026-07-26T21:41:12.606267+00:00,DNSLINK_IPFS,dnslink_ipfs,dnssec_txt_resolve,13.26474999950733,SUCCESS
866b7948-c4b2-484d-b576-0d7b38331a68,2026-07-26T21:41:12.607984+00:00,DNSLINK_IPFS,dnslink_ipfs,ipfs_cat_json,1.485000000684522,SUCCESS
866b7948-c4b2-484d-b576-0d7b38331a68,2026-07-26T21:41:12.623462+00:00,DNSLINK_IPFS,dnslink_ipfs,dnssec_txt_resolve,15.213999999104999,SUCCESS
866b7948-c4b2-484d-b576-0d7b38331a68,2026-07-26T21:41:12.624908+00:00,DNSLINK_IPFS,dnslink_ipfs,ipfs_cat_json,1.1924999998882413,SUCCESS
866b7948-c4b2-484d-b576-0d7b38331a68,2026-07-26T21:41:12.639098+00:00,DNSLINK_IPFS,dnslink_ipfs,dnssec_txt_resolve,13.869000002159737,SUCCESS
866b7948-c4b2-484d-b576-0d7b38331a68,2026-07-26T21:41:12.640885+00:00,DNSLINK_IPFS,dnslink_ipfs,ipfs_cat_json,1.5571670010103844,SUCCESS
866b7948-c4b2-484d-b576-0d7b38331a68,2026-07-26T21:41:12.642593+00:00,DNSLINK_IPFS,tampering,tampering_check,68.22249999822816,SUCCESS
866b7948-c4b2-484d-b576-0d7b38331a68,2026-07-26T21:41:12.642710+00:00,DNSLINK_IPFS,summary,total_flow,3106.052416995226,SUCCESS
917c6053-ba30-4b6f-8b29-787dba7b333e,2026-07-26T21:41:12.771320+00:00,DNSLINK_IPFS,startup,initialize_store,0.004791996616404504,SUCCESS
917c6053-ba30-4b6f-8b29-787dba7b333e,2026-07-26T21:41:12.781459+00:00,DNSLINK_IPFS,startup,generate_identity_cp,2.3285419956664555,SUCCESS
917c6053-ba30-4b6f-8b29-787dba7b333e,2026-07-26T21:41:12.781724+00:00,DNSLINK_IPFS,startup,generate_identity_sp,0.19758300186367705,SUCCESS
917c6053-ba30-4b6f-8b29-787dba7b333e,2026-07-26T21:41:12.781956+00:00,DNSLINK_IPFS,startup,generate_identity_c1,0.18700000509852543,SUCCESS
917c6053-ba30-4b6f-8b29-787dba7b333e,2026-07-26T21:41:12.782191+00:00,DNSLINK_IPFS,startup,generate_identity_s1,0.19204199634259567,SUCCESS
917c6053-ba30-4b6f-8b29-787dba7b333e,2026-07-26T21:41:12.856252+00:00,DNSLINK_IPFS,dnslink_ipfs,ipfs_add_json,73.8949170045089,SUCCESS
917c6053-ba30-4b6f-8b29-787dba7b333e,2026-07-26T21:41:13.006736+00:00,DNSLINK_IPFS,dnslink_ipfs,dns_txt_update,150.19054100412177,SUCCESS
917c6053-ba30-4b6f-8b29-787dba7b333e,2026-07-26T21:41:13.006914+00:00,DNSLINK_IPFS,publish,publish_identity_cp,224.66462499869522,SUCCESS
917c6053-ba30-4b6f-8b29-787dba7b333e,2026-07-26T21:41:13.074671+00:00,DNSLINK_IPFS,dnslink_ipfs,ipfs_add_json,67.58391600305913,SUCCESS
917c6053-ba30-4b6f-8b29-787dba7b333e,2026-07-26T21:41:13.258295+00:00,DNSLINK_IPFS,dnslink_ipfs,dns_txt_update,183.19620799593395,SUCCESS
917c6053-ba30-4b6f-8b29-787dba7b333e,2026-07-26T21:41:13.258557+00:00,DNSLINK_IPFS,publish,publish_identity_sp,251.5525830021943,SUCCESS
917c6053-ba30-4b6f-8b29-787dba7b333e,2026-07-26T21:41:13.313963+00:00,DNSLINK_IPFS,dnslink_ipfs,ipfs_add_json,55.1546250062529,SUCCESS
917c6053-ba30-4b6f-8b29-787dba7b333e,2026-07-26T21:41:13.487527+00:00,DNSLINK_IPFS,dnslink_ipfs,dns_txt_update,173.1731249965378,SUCCESS
917c6053-ba30-4b6f-8b29-787dba7b333e,2026-07-26T21:41:13.487742+00:00,DNSLINK_IPFS,publish,publish_identity_c1,229.0723340047407,SUCCESS
917c6053-ba30-4b6f-8b29-787dba7b333e,2026-07-26T21:41:13.510000+00:00,DNSLINK_IPFS,dnslink_ipfs,ipfs_add_json,22.02858400414698,SUCCESS
917c6053-ba30-4b6f-8b29-787dba7b333e,2026-07-26T21:41:13.675545+00:00,DNSLINK_IPFS,dnslink_ipfs,dns_txt_update,165.18520799581893,SUCCESS
917c6053-ba30-4b6f-8b29-787dba7b333e,2026-07-26T21:41:13.675740+00:00,DNSLINK_IPFS,publish,publish_identity_s1,187.9097080018255,SUCCESS
917c6053-ba30-4b6f-8b29-787dba7b333e,2026-07-26T21:41:13.696715+00:00,DNSLINK_IPFS,dnslink_ipfs,ipfs_add_json,20.859209005720913,SUCCESS
917c6053-ba30-4b6f-8b29-787dba7b333e,2026-07-26T21:41:13.842709+00:00,DNSLINK_IPFS,dnslink_ipfs,dns_txt_update,145.71245799743338,SUCCESS
917c6053-ba30-4b6f-8b29-787dba7b333e,2026-07-26T21:41:13.842968+00:00,DNSLINK_IPFS,publish,publish_service_metadata,167.10495800361969,SUCCESS
917c6053-ba30-4b6f-8b29-787dba7b333e,2026-07-26T21:41:13.865883+00:00,DNSLINK_IPFS,dnslink_ipfs,ipfs_add_json,22.713582999131177,SUCCESS
917c6053-ba30-4b6f-8b29-787dba7b333e,2026-07-26T21:41:14.011996+00:00,DNSLINK_IPFS,dnslink_ipfs,dns_txt_update,145.81229200121015,SUCCESS
917c6053-ba30-4b6f-8b29-787dba7b333e,2026-07-26T21:41:14.012155+00:00,DNSLINK_IPFS,publish,publish_provider_registry,169.08424999564886,SUCCESS
917c6053-ba30-4b6f-8b29-787dba7b333e,2026-07-26T21:41:14.022502+00:00,DNSLINK_IPFS,dnslink_ipfs,dnssec_txt_resolve,10.221832999377511,SUCCESS
917c6053-ba30-4b6f-8b29-787dba7b333e,2026-07-26T21:41:14.023641+00:00,DNSLINK_IPFS,dnslink_ipfs,ipfs_cat_json,0.984667000011541,SUCCESS
917c6053-ba30-4b6f-8b29-787dba7b333e,2026-07-26T21:41:14.029219+00:00,DNSLINK_IPFS,dnslink_ipfs,dnssec_txt_resolve,5.445500006317161,SUCCESS
917c6053-ba30-4b6f-8b29-787dba7b333e,2026-07-26T21:41:14.030026+00:00,DNSLINK_IPFS,dnslink_ipfs,ipfs_cat_json,0.70616599987261,SUCCESS
917c6053-ba30-4b6f-8b29-787dba7b333e,2026-07-26T21:41:14.030100+00:00,DNSLINK_IPFS,discovery,broker_discovery,17.88245799980359,SUCCESS
917c6053-ba30-4b6f-8b29-787dba7b333e,2026-07-26T21:41:14.030721+00:00,DNSLINK_IPFS,dap,dap_create_capability,0.5484580033225939,SUCCESS
917c6053-ba30-4b6f-8b29-787dba7b333e,2026-07-26T21:41:14.031395+00:00,DNSLINK_IPFS,dap,dap_encrypt_enc_cap,0.577291997615248,SUCCESS
917c6053-ba30-4b6f-8b29-787dba7b333e,2026-07-26T21:41:14.031596+00:00,DNSLINK_IPFS,idap,client_session_init,0.12045799667248502,SUCCESS
917c6053-ba30-4b6f-8b29-787dba7b333e,2026-07-26T21:41:14.031646+00:00,DNSLINK_IPFS,idap,client_ephemeral_public_key,0.003125001967418939,SUCCESS
917c6053-ba30-4b6f-8b29-787dba7b333e,2026-07-26T21:41:14.031934+00:00,DNSLINK_IPFS,idap,client_request_sign,0.243417001911439,SUCCESS
917c6053-ba30-4b6f-8b29-787dba7b333e,2026-07-26T21:41:14.031993+00:00,DNSLINK_IPFS,idap,canonical_request_payload,0.015040997823234648,SUCCESS
917c6053-ba30-4b6f-8b29-787dba7b333e,2026-07-26T21:41:14.038170+00:00,DNSLINK_IPFS,dnslink_ipfs,dnssec_txt_resolve,5.7399590004934,SUCCESS
917c6053-ba30-4b6f-8b29-787dba7b333e,2026-07-26T21:41:14.038980+00:00,DNSLINK_IPFS,dnslink_ipfs,ipfs_cat_json,0.705749996996019,SUCCESS
917c6053-ba30-4b6f-8b29-787dba7b333e,2026-07-26T21:41:14.044248+00:00,DNSLINK_IPFS,dnslink_ipfs,dnssec_txt_resolve,5.068749997008126,SUCCESS
917c6053-ba30-4b6f-8b29-787dba7b333e,2026-07-26T21:41:14.045103+00:00,DNSLINK_IPFS,dnslink_ipfs,ipfs_cat_json,0.7390419996227138,SUCCESS
917c6053-ba30-4b6f-8b29-787dba7b333e,2026-07-26T21:41:14.052674+00:00,DNSLINK_IPFS,dnslink_ipfs,dnssec_txt_resolve,7.343542005401105,SUCCESS
917c6053-ba30-4b6f-8b29-787dba7b333e,2026-07-26T21:41:14.053793+00:00,DNSLINK_IPFS,dnslink_ipfs,ipfs_cat_json,0.951916998019442,SUCCESS
917c6053-ba30-4b6f-8b29-787dba7b333e,2026-07-26T21:41:14.060075+00:00,DNSLINK_IPFS,dnslink_ipfs,dnssec_txt_resolve,6.1047920025885105,SUCCESS
917c6053-ba30-4b6f-8b29-787dba7b333e,2026-07-26T21:41:14.060923+00:00,DNSLINK_IPFS,dnslink_ipfs,ipfs_cat_json,0.738792004995048,SUCCESS
917c6053-ba30-4b6f-8b29-787dba7b333e,2026-07-26T21:41:14.062947+00:00,DNSLINK_IPFS,idap,idap_authorize,30.878999998094514,SUCCESS
917c6053-ba30-4b6f-8b29-787dba7b333e,2026-07-26T21:41:14.080262+00:00,DNSLINK_IPFS,dnslink_ipfs,dnssec_txt_resolve,16.741457999160048,SUCCESS
917c6053-ba30-4b6f-8b29-787dba7b333e,2026-07-26T21:41:14.081246+00:00,DNSLINK_IPFS,dnslink_ipfs,ipfs_cat_json,0.8570830032113008,SUCCESS
917c6053-ba30-4b6f-8b29-787dba7b333e,2026-07-26T21:41:14.089893+00:00,DNSLINK_IPFS,dnslink_ipfs,dnssec_txt_resolve,8.335582999279723,SUCCESS
917c6053-ba30-4b6f-8b29-787dba7b333e,2026-07-26T21:41:14.090833+00:00,DNSLINK_IPFS,dnslink_ipfs,ipfs_cat_json,0.7408750025206245,SUCCESS
917c6053-ba30-4b6f-8b29-787dba7b333e,2026-07-26T21:41:14.097658+00:00,DNSLINK_IPFS,dnslink_ipfs,dnssec_txt_resolve,6.646417001320515,SUCCESS
917c6053-ba30-4b6f-8b29-787dba7b333e,2026-07-26T21:41:14.098326+00:00,DNSLINK_IPFS,dnslink_ipfs,ipfs_cat_json,0.556541999685578,SUCCESS
917c6053-ba30-4b6f-8b29-787dba7b333e,2026-07-26T21:41:14.105252+00:00,DNSLINK_IPFS,dnslink_ipfs,dnssec_txt_resolve,6.782333999581169,SUCCESS
917c6053-ba30-4b6f-8b29-787dba7b333e,2026-07-26T21:41:14.105898+00:00,DNSLINK_IPFS,dnslink_ipfs,ipfs_cat_json,0.5471249969559722,SUCCESS
917c6053-ba30-4b6f-8b29-787dba7b333e,2026-07-26T21:41:14.106990+00:00,DNSLINK_IPFS,idap,idap_replay_check,43.95758300233865,SUCCESS
917c6053-ba30-4b6f-8b29-787dba7b333e,2026-07-26T21:41:14.113368+00:00,DNSLINK_IPFS,dnslink_ipfs,dnssec_txt_resolve,6.246875003853347,SUCCESS
917c6053-ba30-4b6f-8b29-787dba7b333e,2026-07-26T21:41:14.114210+00:00,DNSLINK_IPFS,dnslink_ipfs,ipfs_cat_json,0.7119170040823519,SUCCESS
917c6053-ba30-4b6f-8b29-787dba7b333e,2026-07-26T21:41:14.114367+00:00,DNSLINK_IPFS,idap,resolve_service_public_key,7.299124998098705,SUCCESS
917c6053-ba30-4b6f-8b29-787dba7b333e,2026-07-26T21:41:14.114480+00:00,DNSLINK_IPFS,idap,compute_transcript,0.03899999865097925,SUCCESS
917c6053-ba30-4b6f-8b29-787dba7b333e,2026-07-26T21:41:14.114955+00:00,DNSLINK_IPFS,idap,transcript_verify,0.4074160024174489,SUCCESS
917c6053-ba30-4b6f-8b29-787dba7b333e,2026-07-26T21:41:14.115363+00:00,DNSLINK_IPFS,idap,client_shared_secret_derivation,0.33849999454105273,SUCCESS
917c6053-ba30-4b6f-8b29-787dba7b333e,2026-07-26T21:41:14.115465+00:00,DNSLINK_IPFS,idap,client_session_key_derivation,0.03591700078686699,SUCCESS
917c6053-ba30-4b6f-8b29-787dba7b333e,2026-07-26T21:41:14.115595+00:00,DNSLINK_IPFS,crypto,encrypt_message,0.03495900455163792,SUCCESS
917c6053-ba30-4b6f-8b29-787dba7b333e,2026-07-26T21:41:14.115689+00:00,DNSLINK_IPFS,crypto,decrypt_message,0.02050000330200419,SUCCESS
917c6053-ba30-4b6f-8b29-787dba7b333e,2026-07-26T21:41:14.116171+00:00,DNSLINK_IPFS,tampering,tampered_request_sign,0.37429200165206566,SUCCESS
917c6053-ba30-4b6f-8b29-787dba7b333e,2026-07-26T21:41:14.127610+00:00,DNSLINK_IPFS,dnslink_ipfs,dnssec_txt_resolve,10.420167003758252,SUCCESS
917c6053-ba30-4b6f-8b29-787dba7b333e,2026-07-26T21:41:14.128826+00:00,DNSLINK_IPFS,dnslink_ipfs,ipfs_cat_json,1.0748330023488961,SUCCESS
917c6053-ba30-4b6f-8b29-787dba7b333e,2026-07-26T21:41:14.138585+00:00,DNSLINK_IPFS,dnslink_ipfs,dnssec_txt_resolve,9.587083994119894,SUCCESS
917c6053-ba30-4b6f-8b29-787dba7b333e,2026-07-26T21:41:14.139474+00:00,DNSLINK_IPFS,dnslink_ipfs,ipfs_cat_json,0.7803749977028929,SUCCESS
917c6053-ba30-4b6f-8b29-787dba7b333e,2026-07-26T21:41:14.148554+00:00,DNSLINK_IPFS,dnslink_ipfs,dnssec_txt_resolve,8.949125003709923,SUCCESS
917c6053-ba30-4b6f-8b29-787dba7b333e,2026-07-26T21:41:14.149535+00:00,DNSLINK_IPFS,dnslink_ipfs,ipfs_cat_json,0.8812090018182062,SUCCESS
917c6053-ba30-4b6f-8b29-787dba7b333e,2026-07-26T21:41:14.159768+00:00,DNSLINK_IPFS,dnslink_ipfs,dnssec_txt_resolve,10.083125001983717,SUCCESS
917c6053-ba30-4b6f-8b29-787dba7b333e,2026-07-26T21:41:14.160654+00:00,DNSLINK_IPFS,dnslink_ipfs,ipfs_cat_json,0.7632080014445819,SUCCESS
917c6053-ba30-4b6f-8b29-787dba7b333e,2026-07-26T21:41:14.161873+00:00,DNSLINK_IPFS,tampering,tampering_check,45.50829200161388,SUCCESS
917c6053-ba30-4b6f-8b29-787dba7b333e,2026-07-26T21:41:14.162104+00:00,DNSLINK_IPFS,summary,total_flow,1390.7259170009638,SUCCESS
28eacaf6-74b7-4eb9-bd26-7d30a7a65d4e,2026-07-26T21:41:14.266562+00:00,DNSLINK_IPFS,startup,initialize_store,0.005292000423651189,SUCCESS
28eacaf6-74b7-4eb9-bd26-7d30a7a65d4e,2026-07-26T21:41:14.269631+00:00,DNSLINK_IPFS,startup,generate_identity_cp,2.7539579969015904,SUCCESS
28eacaf6-74b7-4eb9-bd26-7d30a7a65d4e,2026-07-26T21:41:14.269918+00:00,DNSLINK_IPFS,startup,generate_identity_sp,0.20520899852272123,SUCCESS
28eacaf6-74b7-4eb9-bd26-7d30a7a65d4e,2026-07-26T21:41:14.270155+00:00,DNSLINK_IPFS,startup,generate_identity_c1,0.18762499530566856,SUCCESS
28eacaf6-74b7-4eb9-bd26-7d30a7a65d4e,2026-07-26T21:41:14.270379+00:00,DNSLINK_IPFS,startup,generate_identity_s1,0.1847079984145239,SUCCESS
28eacaf6-74b7-4eb9-bd26-7d30a7a65d4e,2026-07-26T21:41:14.295607+00:00,DNSLINK_IPFS,dnslink_ipfs,ipfs_add_json,25.1037499983795,SUCCESS
28eacaf6-74b7-4eb9-bd26-7d30a7a65d4e,2026-07-26T21:41:14.467443+00:00,DNSLINK_IPFS,dnslink_ipfs,dns_txt_update,171.59220799658215,SUCCESS
28eacaf6-74b7-4eb9-bd26-7d30a7a65d4e,2026-07-26T21:41:14.467584+00:00,DNSLINK_IPFS,publish,publish_identity_cp,197.1545420019538,SUCCESS
28eacaf6-74b7-4eb9-bd26-7d30a7a65d4e,2026-07-26T21:41:14.486542+00:00,DNSLINK_IPFS,dnslink_ipfs,ipfs_add_json,18.860541997128166,SUCCESS
28eacaf6-74b7-4eb9-bd26-7d30a7a65d4e,2026-07-26T21:41:15.526141+00:00,DNSLINK_IPFS,dnslink_ipfs,dns_txt_update,1039.3377919972409,SUCCESS
28eacaf6-74b7-4eb9-bd26-7d30a7a65d4e,2026-07-26T21:41:15.526455+00:00,DNSLINK_IPFS,publish,publish_identity_sp,1058.7902499974007,SUCCESS
28eacaf6-74b7-4eb9-bd26-7d30a7a65d4e,2026-07-26T21:41:15.545939+00:00,DNSLINK_IPFS,dnslink_ipfs,ipfs_add_json,19.247709002229385,SUCCESS
28eacaf6-74b7-4eb9-bd26-7d30a7a65d4e,2026-07-26T21:41:15.704013+00:00,DNSLINK_IPFS,dnslink_ipfs,dns_txt_update,157.66591599822277,SUCCESS
28eacaf6-74b7-4eb9-bd26-7d30a7a65d4e,2026-07-26T21:41:15.704215+00:00,DNSLINK_IPFS,publish,publish_identity_c1,177.65974999929313,SUCCESS
28eacaf6-74b7-4eb9-bd26-7d30a7a65d4e,2026-07-26T21:41:15.736631+00:00,DNSLINK_IPFS,dnslink_ipfs,ipfs_add_json,32.22700000333134,SUCCESS
28eacaf6-74b7-4eb9-bd26-7d30a7a65d4e,2026-07-26T21:41:15.889215+00:00,DNSLINK_IPFS,dnslink_ipfs,dns_txt_update,152.28029200079618,SUCCESS
28eacaf6-74b7-4eb9-bd26-7d30a7a65d4e,2026-07-26T21:41:15.889387+00:00,DNSLINK_IPFS,publish,publish_identity_s1,185.09650000487454,SUCCESS
28eacaf6-74b7-4eb9-bd26-7d30a7a65d4e,2026-07-26T21:41:15.911023+00:00,DNSLINK_IPFS,dnslink_ipfs,ipfs_add_json,21.458707997226156,SUCCESS
28eacaf6-74b7-4eb9-bd26-7d30a7a65d4e,2026-07-26T21:41:16.091330+00:00,DNSLINK_IPFS,dnslink_ipfs,dns_txt_update,179.94687499594875,SUCCESS
28eacaf6-74b7-4eb9-bd26-7d30a7a65d4e,2026-07-26T21:41:16.091554+00:00,DNSLINK_IPFS,publish,publish_service_metadata,202.07941599801416,SUCCESS
28eacaf6-74b7-4eb9-bd26-7d30a7a65d4e,2026-07-26T21:41:16.113173+00:00,DNSLINK_IPFS,dnslink_ipfs,ipfs_add_json,21.399790995928925,SUCCESS
28eacaf6-74b7-4eb9-bd26-7d30a7a65d4e,2026-07-26T21:41:16.270963+00:00,DNSLINK_IPFS,dnslink_ipfs,dns_txt_update,157.43650000513298,SUCCESS
28eacaf6-74b7-4eb9-bd26-7d30a7a65d4e,2026-07-26T21:41:16.271163+00:00,DNSLINK_IPFS,publish,publish_provider_registry,179.4952500058571,SUCCESS
28eacaf6-74b7-4eb9-bd26-7d30a7a65d4e,2026-07-26T21:41:16.286319+00:00,DNSLINK_IPFS,dnslink_ipfs,dnssec_txt_resolve,14.968874995247461,SUCCESS
28eacaf6-74b7-4eb9-bd26-7d30a7a65d4e,2026-07-26T21:41:16.287910+00:00,DNSLINK_IPFS,dnslink_ipfs,ipfs_cat_json,1.3933329973951913,SUCCESS
28eacaf6-74b7-4eb9-bd26-7d30a7a65d4e,2026-07-26T21:41:16.298321+00:00,DNSLINK_IPFS,dnslink_ipfs,dnssec_txt_resolve,10.185584003920667,SUCCESS
28eacaf6-74b7-4eb9-bd26-7d30a7a65d4e,2026-07-26T21:41:16.299628+00:00,DNSLINK_IPFS,dnslink_ipfs,ipfs_cat_json,1.1331659989082254,SUCCESS
28eacaf6-74b7-4eb9-bd26-7d30a7a65d4e,2026-07-26T21:41:16.299752+00:00,DNSLINK_IPFS,discovery,broker_discovery,28.489584001363255,SUCCESS
28eacaf6-74b7-4eb9-bd26-7d30a7a65d4e,2026-07-26T21:41:16.300822+00:00,DNSLINK_IPFS,dap,dap_create_capability,0.9594160001142882,SUCCESS
28eacaf6-74b7-4eb9-bd26-7d30a7a65d4e,2026-07-26T21:41:16.301933+00:00,DNSLINK_IPFS,dap,dap_encrypt_enc_cap,0.9532920012134127,SUCCESS
28eacaf6-74b7-4eb9-bd26-7d30a7a65d4e,2026-07-26T21:41:16.302270+00:00,DNSLINK_IPFS,idap,client_session_init,0.2078340039588511,SUCCESS
28eacaf6-74b7-4eb9-bd26-7d30a7a65d4e,2026-07-26T21:41:16.302356+00:00,DNSLINK_IPFS,idap,client_ephemeral_public_key,0.005250003596302122,SUCCESS
28eacaf6-74b7-4eb9-bd26-7d30a7a65d4e,2026-07-26T21:41:16.302860+00:00,DNSLINK_IPFS,idap,client_request_sign,0.42354100150987506,SUCCESS
28eacaf6-74b7-4eb9-bd26-7d30a7a65d4e,2026-07-26T21:41:16.303033+00:00,DNSLINK_IPFS,idap,canonical_request_payload,0.02058300015050918,SUCCESS
28eacaf6-74b7-4eb9-bd26-7d30a7a65d4e,2026-07-26T21:41:16.316109+00:00,DNSLINK_IPFS,dnslink_ipfs,dnssec_txt_resolve,12.260916002560407,SUCCESS
28eacaf6-74b7-4eb9-bd26-7d30a7a65d4e,2026-07-26T21:41:16.317195+00:00,DNSLINK_IPFS,dnslink_ipfs,ipfs_cat_json,0.9292089962400496,SUCCESS
28eacaf6-74b7-4eb9-bd26-7d30a7a65d4e,2026-07-26T21:41:16.325530+00:00,DNSLINK_IPFS,dnslink_ipfs,dnssec_txt_resolve,8.136708005622495,SUCCESS
28eacaf6-74b7-4eb9-bd26-7d30a7a65d4e,2026-07-26T21:41:16.326497+00:00,DNSLINK_IPFS,dnslink_ipfs,ipfs_cat_json,0.8525000012014061,SUCCESS
28eacaf6-74b7-4eb9-bd26-7d30a7a65d4e,2026-07-26T21:41:16.334922+00:00,DNSLINK_IPFS,dnslink_ipfs,dnssec_txt_resolve,8.266958000604063,SUCCESS
28eacaf6-74b7-4eb9-bd26-7d30a7a65d4e,2026-07-26T21:41:16.335786+00:00,DNSLINK_IPFS,dnslink_ipfs,ipfs_cat_json,0.7569999943370931,SUCCESS
28eacaf6-74b7-4eb9-bd26-7d30a7a65d4e,2026-07-26T21:41:16.350432+00:00,DNSLINK_IPFS,dnslink_ipfs,dnssec_txt_resolve,14.446875000430737,SUCCESS
28eacaf6-74b7-4eb9-bd26-7d30a7a65d4e,2026-07-26T21:41:16.351847+00:00,DNSLINK_IPFS,dnslink_ipfs,ipfs_cat_json,1.1955840018345043,SUCCESS
28eacaf6-74b7-4eb9-bd26-7d30a7a65d4e,2026-07-26T21:41:16.355060+00:00,DNSLINK_IPFS,idap,idap_authorize,51.88287499913713,SUCCESS
28eacaf6-74b7-4eb9-bd26-7d30a7a65d4e,2026-07-26T21:41:16.366291+00:00,DNSLINK_IPFS,dnslink_ipfs,dnssec_txt_resolve,10.563208001258317,SUCCESS
28eacaf6-74b7-4eb9-bd26-7d30a7a65d4e,2026-07-26T21:41:16.367506+00:00,DNSLINK_IPFS,dnslink_ipfs,ipfs_cat_json,1.066333003109321,SUCCESS
28eacaf6-74b7-4eb9-bd26-7d30a7a65d4e,2026-07-26T21:41:16.384893+00:00,DNSLINK_IPFS,dnslink_ipfs,dnssec_txt_resolve,17.175916000269353,SUCCESS
28eacaf6-74b7-4eb9-bd26-7d30a7a65d4e,2026-07-26T21:41:16.386256+00:00,DNSLINK_IPFS,dnslink_ipfs,ipfs_cat_json,1.179582999611739,SUCCESS
28eacaf6-74b7-4eb9-bd26-7d30a7a65d4e,2026-07-26T21:41:16.396587+00:00,DNSLINK_IPFS,dnslink_ipfs,dnssec_txt_resolve,10.104957997100428,SUCCESS
28eacaf6-74b7-4eb9-bd26-7d30a7a65d4e,2026-07-26T21:41:16.397582+00:00,DNSLINK_IPFS,dnslink_ipfs,ipfs_cat_json,0.8516669986420311,SUCCESS
28eacaf6-74b7-4eb9-bd26-7d30a7a65d4e,2026-07-26T21:41:16.407766+00:00,DNSLINK_IPFS,dnslink_ipfs,dnssec_txt_resolve,9.996166998462286,SUCCESS
28eacaf6-74b7-4eb9-bd26-7d30a7a65d4e,2026-07-26T21:41:16.409134+00:00,DNSLINK_IPFS,dnslink_ipfs,ipfs_cat_json,1.2295410051592626,SUCCESS
28eacaf6-74b7-4eb9-bd26-7d30a7a65d4e,2026-07-26T21:41:16.410771+00:00,DNSLINK_IPFS,idap,idap_replay_check,55.59466600243468,SUCCESS
28eacaf6-74b7-4eb9-bd26-7d30a7a65d4e,2026-07-26T21:41:16.419712+00:00,DNSLINK_IPFS,dnslink_ipfs,dnssec_txt_resolve,8.815000001050066,SUCCESS
28eacaf6-74b7-4eb9-bd26-7d30a7a65d4e,2026-07-26T21:41:16.420597+00:00,DNSLINK_IPFS,dnslink_ipfs,ipfs_cat_json,0.7715000028838404,SUCCESS
28eacaf6-74b7-4eb9-bd26-7d30a7a65d4e,2026-07-26T21:41:16.420719+00:00,DNSLINK_IPFS,idap,resolve_service_public_key,9.849749993009027,SUCCESS
28eacaf6-74b7-4eb9-bd26-7d30a7a65d4e,2026-07-26T21:41:16.420827+00:00,DNSLINK_IPFS,idap,compute_transcript,0.02654200216056779,SUCCESS
28eacaf6-74b7-4eb9-bd26-7d30a7a65d4e,2026-07-26T21:41:16.421377+00:00,DNSLINK_IPFS,idap,transcript_verify,0.47074999747565016,SUCCESS
28eacaf6-74b7-4eb9-bd26-7d30a7a65d4e,2026-07-26T21:41:16.421823+00:00,DNSLINK_IPFS,idap,client_shared_secret_derivation,0.35679199936566874,SUCCESS
28eacaf6-74b7-4eb9-bd26-7d30a7a65d4e,2026-07-26T21:41:16.421932+00:00,DNSLINK_IPFS,idap,client_session_key_derivation,0.02966700412798673,SUCCESS
28eacaf6-74b7-4eb9-bd26-7d30a7a65d4e,2026-07-26T21:41:16.422074+00:00,DNSLINK_IPFS,crypto,encrypt_message,0.0387090040021576,SUCCESS
28eacaf6-74b7-4eb9-bd26-7d30a7a65d4e,2026-07-26T21:41:16.422171+00:00,DNSLINK_IPFS,crypto,decrypt_message,0.013958997442387044,SUCCESS
28eacaf6-74b7-4eb9-bd26-7d30a7a65d4e,2026-07-26T21:41:16.422740+00:00,DNSLINK_IPFS,tampering,tampered_request_sign,0.43720900430344045,SUCCESS
28eacaf6-74b7-4eb9-bd26-7d30a7a65d4e,2026-07-26T21:41:16.434967+00:00,DNSLINK_IPFS,dnslink_ipfs,dnssec_txt_resolve,11.448792000010144,SUCCESS
28eacaf6-74b7-4eb9-bd26-7d30a7a65d4e,2026-07-26T21:41:16.437225+00:00,DNSLINK_IPFS,dnslink_ipfs,ipfs_cat_json,2.037209000263829,SUCCESS
28eacaf6-74b7-4eb9-bd26-7d30a7a65d4e,2026-07-26T21:41:16.450008+00:00,DNSLINK_IPFS,dnslink_ipfs,dnssec_txt_resolve,12.563958996906877,SUCCESS
28eacaf6-74b7-4eb9-bd26-7d30a7a65d4e,2026-07-26T21:41:16.451060+00:00,DNSLINK_IPFS,dnslink_ipfs,ipfs_cat_json,0.9172079953714274,SUCCESS
28eacaf6-74b7-4eb9-bd26-7d30a7a65d4e,2026-07-26T21:41:16.459963+00:00,DNSLINK_IPFS,dnslink_ipfs,dnssec_txt_resolve,8.698582998476923,SUCCESS
28eacaf6-74b7-4eb9-bd26-7d30a7a65d4e,2026-07-26T21:41:16.462173+00:00,DNSLINK_IPFS,dnslink_ipfs,ipfs_cat_json,0.8358749983017333,SUCCESS
28eacaf6-74b7-4eb9-bd26-7d30a7a65d4e,2026-07-26T21:41:16.470826+00:00,DNSLINK_IPFS,dnslink_ipfs,dnssec_txt_resolve,8.468042004096787,SUCCESS
28eacaf6-74b7-4eb9-bd26-7d30a7a65d4e,2026-07-26T21:41:16.472187+00:00,DNSLINK_IPFS,dnslink_ipfs,ipfs_cat_json,1.1792500008596107,SUCCESS
28eacaf6-74b7-4eb9-bd26-7d30a7a65d4e,2026-07-26T21:41:16.474146+00:00,DNSLINK_IPFS,tampering,tampering_check,51.29108300025109,SUCCESS
28eacaf6-74b7-4eb9-bd26-7d30a7a65d4e,2026-07-26T21:41:16.474256+00:00,DNSLINK_IPFS,summary,total_flow,2207.7389580008457,SUCCESS
7b236552-5f2a-40d2-8d9d-a9915fb5bc49,2026-07-26T21:41:16.586212+00:00,DNSLINK_IPFS,startup,initialize_store,0.005332993168849498,SUCCESS
7b236552-5f2a-40d2-8d9d-a9915fb5bc49,2026-07-26T21:41:16.588994+00:00,DNSLINK_IPFS,startup,generate_identity_cp,2.491625004040543,SUCCESS
7b236552-5f2a-40d2-8d9d-a9915fb5bc49,2026-07-26T21:41:16.589298+00:00,DNSLINK_IPFS,startup,generate_identity_sp,0.2123749945894815,SUCCESS
7b236552-5f2a-40d2-8d9d-a9915fb5bc49,2026-07-26T21:41:16.589531+00:00,DNSLINK_IPFS,startup,generate_identity_c1,0.18079100118484348,SUCCESS
7b236552-5f2a-40d2-8d9d-a9915fb5bc49,2026-07-26T21:41:16.589755+00:00,DNSLINK_IPFS,startup,generate_identity_s1,0.17825000395532697,SUCCESS
7b236552-5f2a-40d2-8d9d-a9915fb5bc49,2026-07-26T21:41:16.612261+00:00,DNSLINK_IPFS,dnslink_ipfs,ipfs_add_json,22.4035829960485,SUCCESS
7b236552-5f2a-40d2-8d9d-a9915fb5bc49,2026-07-26T21:41:17.340337+00:00,DNSLINK_IPFS,dnslink_ipfs,dns_txt_update,727.7475410010084,SUCCESS
7b236552-5f2a-40d2-8d9d-a9915fb5bc49,2026-07-26T21:41:17.340539+00:00,DNSLINK_IPFS,publish,publish_identity_cp,750.7209999967017,SUCCESS
7b236552-5f2a-40d2-8d9d-a9915fb5bc49,2026-07-26T21:41:17.363721+00:00,DNSLINK_IPFS,dnslink_ipfs,ipfs_add_json,23.068665999744553,SUCCESS
7b236552-5f2a-40d2-8d9d-a9915fb5bc49,2026-07-26T21:41:17.534315+00:00,DNSLINK_IPFS,dnslink_ipfs,dns_txt_update,170.24695799773326,SUCCESS
7b236552-5f2a-40d2-8d9d-a9915fb5bc49,2026-07-26T21:41:17.534534+00:00,DNSLINK_IPFS,publish,publish_identity_sp,193.90533400292043,SUCCESS
7b236552-5f2a-40d2-8d9d-a9915fb5bc49,2026-07-26T21:41:17.557985+00:00,DNSLINK_IPFS,dnslink_ipfs,ipfs_add_json,23.249249999935273,SUCCESS
7b236552-5f2a-40d2-8d9d-a9915fb5bc49,2026-07-26T21:41:17.712095+00:00,DNSLINK_IPFS,dnslink_ipfs,dns_txt_update,153.08479200029979,SUCCESS
7b236552-5f2a-40d2-8d9d-a9915fb5bc49,2026-07-26T21:41:17.712478+00:00,DNSLINK_IPFS,publish,publish_identity_c1,177.86570799944457,SUCCESS
7b236552-5f2a-40d2-8d9d-a9915fb5bc49,2026-07-26T21:41:17.735306+00:00,DNSLINK_IPFS,dnslink_ipfs,ipfs_add_json,22.655583001323976,SUCCESS
7b236552-5f2a-40d2-8d9d-a9915fb5bc49,2026-07-26T21:41:17.881880+00:00,DNSLINK_IPFS,dnslink_ipfs,dns_txt_update,146.26270800363272,SUCCESS
7b236552-5f2a-40d2-8d9d-a9915fb5bc49,2026-07-26T21:41:17.882075+00:00,DNSLINK_IPFS,publish,publish_identity_s1,169.51362499821698,SUCCESS
7b236552-5f2a-40d2-8d9d-a9915fb5bc49,2026-07-26T21:41:17.902890+00:00,DNSLINK_IPFS,dnslink_ipfs,ipfs_add_json,20.645292002882343,SUCCESS
7b236552-5f2a-40d2-8d9d-a9915fb5bc49,2026-07-26T21:41:18.045361+00:00,DNSLINK_IPFS,dnslink_ipfs,dns_txt_update,142.1723750027013,SUCCESS
7b236552-5f2a-40d2-8d9d-a9915fb5bc49,2026-07-26T21:41:18.045531+00:00,DNSLINK_IPFS,publish,publish_service_metadata,163.36954100552248,SUCCESS
7b236552-5f2a-40d2-8d9d-a9915fb5bc49,2026-07-26T21:41:18.068622+00:00,DNSLINK_IPFS,dnslink_ipfs,ipfs_add_json,22.880165997776203,SUCCESS
7b236552-5f2a-40d2-8d9d-a9915fb5bc49,2026-07-26T21:41:18.210233+00:00,DNSLINK_IPFS,dnslink_ipfs,dns_txt_update,141.20770800218452,SUCCESS
7b236552-5f2a-40d2-8d9d-a9915fb5bc49,2026-07-26T21:41:18.210495+00:00,DNSLINK_IPFS,publish,publish_provider_registry,164.87416699965252,SUCCESS
7b236552-5f2a-40d2-8d9d-a9915fb5bc49,2026-07-26T21:41:18.222647+00:00,DNSLINK_IPFS,dnslink_ipfs,dnssec_txt_resolve,11.972375003097113,SUCCESS
7b236552-5f2a-40d2-8d9d-a9915fb5bc49,2026-07-26T21:41:18.223978+00:00,DNSLINK_IPFS,dnslink_ipfs,ipfs_cat_json,1.1190830045961775,SUCCESS
7b236552-5f2a-40d2-8d9d-a9915fb5bc49,2026-07-26T21:41:18.232733+00:00,DNSLINK_IPFS,dnslink_ipfs,dnssec_txt_resolve,8.508708000590559,SUCCESS
7b236552-5f2a-40d2-8d9d-a9915fb5bc49,2026-07-26T21:41:18.233828+00:00,DNSLINK_IPFS,dnslink_ipfs,ipfs_cat_json,0.9104170021601021,SUCCESS
7b236552-5f2a-40d2-8d9d-a9915fb5bc49,2026-07-26T21:41:18.233945+00:00,DNSLINK_IPFS,discovery,broker_discovery,23.361500003375113,SUCCESS
7b236552-5f2a-40d2-8d9d-a9915fb5bc49,2026-07-26T21:41:18.234748+00:00,DNSLINK_IPFS,dap,dap_create_capability,0.713708002876956,SUCCESS
7b236552-5f2a-40d2-8d9d-a9915fb5bc49,2026-07-26T21:41:18.235563+00:00,DNSLINK_IPFS,dap,dap_encrypt_enc_cap,0.6961250037420541,SUCCESS
7b236552-5f2a-40d2-8d9d-a9915fb5bc49,2026-07-26T21:41:18.235794+00:00,DNSLINK_IPFS,idap,client_session_init,0.1402080015395768,SUCCESS
7b236552-5f2a-40d2-8d9d-a9915fb5bc49,2026-07-26T21:41:18.235852+00:00,DNSLINK_IPFS,idap,client_ephemeral_public_key,0.0041669991333037615,SUCCESS
7b236552-5f2a-40d2-8d9d-a9915fb5bc49,2026-07-26T21:41:18.236186+00:00,DNSLINK_IPFS,idap,client_request_sign,0.2821669986587949,SUCCESS
7b236552-5f2a-40d2-8d9d-a9915fb5bc49,2026-07-26T21:41:18.236249+00:00,DNSLINK_IPFS,idap,canonical_request_payload,0.013124998076818883,SUCCESS
7b236552-5f2a-40d2-8d9d-a9915fb5bc49,2026-07-26T21:41:18.248888+00:00,DNSLINK_IPFS,dnslink_ipfs,dnssec_txt_resolve,12.08954200410517,SUCCESS
7b236552-5f2a-40d2-8d9d-a9915fb5bc49,2026-07-26T21:41:18.250044+00:00,DNSLINK_IPFS,dnslink_ipfs,ipfs_cat_json,0.9864999956334941,SUCCESS
7b236552-5f2a-40d2-8d9d-a9915fb5bc49,2026-07-26T21:41:18.257443+00:00,DNSLINK_IPFS,dnslink_ipfs,dnssec_txt_resolve,7.191791999503039,SUCCESS
7b236552-5f2a-40d2-8d9d-a9915fb5bc49,2026-07-26T21:41:18.258319+00:00,DNSLINK_IPFS,dnslink_ipfs,ipfs_cat_json,0.73487500048941,SUCCESS
7b236552-5f2a-40d2-8d9d-a9915fb5bc49,2026-07-26T21:41:18.265503+00:00,DNSLINK_IPFS,dnslink_ipfs,dnssec_txt_resolve,6.975375006732065,SUCCESS
7b236552-5f2a-40d2-8d9d-a9915fb5bc49,2026-07-26T21:41:18.266845+00:00,DNSLINK_IPFS,dnslink_ipfs,ipfs_cat_json,1.0747089982032776,SUCCESS
7b236552-5f2a-40d2-8d9d-a9915fb5bc49,2026-07-26T21:41:18.286629+00:00,DNSLINK_IPFS,dnslink_ipfs,dnssec_txt_resolve,19.549832999473438,SUCCESS
7b236552-5f2a-40d2-8d9d-a9915fb5bc49,2026-07-26T21:41:18.287766+00:00,DNSLINK_IPFS,dnslink_ipfs,ipfs_cat_json,0.9836249955696985,SUCCESS
7b236552-5f2a-40d2-8d9d-a9915fb5bc49,2026-07-26T21:41:18.289181+00:00,DNSLINK_IPFS,idap,idap_authorize,52.86720900039654,SUCCESS
7b236552-5f2a-40d2-8d9d-a9915fb5bc49,2026-07-26T21:41:18.293585+00:00,DNSLINK_IPFS,dnslink_ipfs,dnssec_txt_resolve,4.019207997771446,SUCCESS
7b236552-5f2a-40d2-8d9d-a9915fb5bc49,2026-07-26T21:41:18.294396+00:00,DNSLINK_IPFS,dnslink_ipfs,ipfs_cat_json,0.7095420005498454,SUCCESS
7b236552-5f2a-40d2-8d9d-a9915fb5bc49,2026-07-26T21:41:18.298884+00:00,DNSLINK_IPFS,dnslink_ipfs,dnssec_txt_resolve,4.286999996111263,SUCCESS
7b236552-5f2a-40d2-8d9d-a9915fb5bc49,2026-07-26T21:41:18.300824+00:00,DNSLINK_IPFS,dnslink_ipfs,ipfs_cat_json,1.4474580020760186,SUCCESS
7b236552-5f2a-40d2-8d9d-a9915fb5bc49,2026-07-26T21:41:18.312169+00:00,DNSLINK_IPFS,dnslink_ipfs,dnssec_txt_resolve,10.387207999883685,SUCCESS
7b236552-5f2a-40d2-8d9d-a9915fb5bc49,2026-07-26T21:41:18.313813+00:00,DNSLINK_IPFS,dnslink_ipfs,ipfs_cat_json,1.4081249973969534,SUCCESS
7b236552-5f2a-40d2-8d9d-a9915fb5bc49,2026-07-26T21:41:18.327567+00:00,DNSLINK_IPFS,dnslink_ipfs,dnssec_txt_resolve,13.274375000037253,SUCCESS
7b236552-5f2a-40d2-8d9d-a9915fb5bc49,2026-07-26T21:41:18.330450+00:00,DNSLINK_IPFS,dnslink_ipfs,ipfs_cat_json,2.3342499989666976,SUCCESS
7b236552-5f2a-40d2-8d9d-a9915fb5bc49,2026-07-26T21:41:18.332470+00:00,DNSLINK_IPFS,idap,idap_replay_check,43.14312499627704,SUCCESS
7b236552-5f2a-40d2-8d9d-a9915fb5bc49,2026-07-26T21:41:18.341569+00:00,DNSLINK_IPFS,dnslink_ipfs,dnssec_txt_resolve,8.885249997547362,SUCCESS
7b236552-5f2a-40d2-8d9d-a9915fb5bc49,2026-07-26T21:41:18.342536+00:00,DNSLINK_IPFS,dnslink_ipfs,ipfs_cat_json,0.8366660040337592,SUCCESS
7b236552-5f2a-40d2-8d9d-a9915fb5bc49,2026-07-26T21:41:18.342650+00:00,DNSLINK_IPFS,idap,resolve_service_public_key,10.071417003928218,SUCCESS
7b236552-5f2a-40d2-8d9d-a9915fb5bc49,2026-07-26T21:41:18.342723+00:00,DNSLINK_IPFS,idap,compute_transcript,0.022667001758236438,SUCCESS
7b236552-5f2a-40d2-8d9d-a9915fb5bc49,2026-07-26T21:41:18.343053+00:00,DNSLINK_IPFS,idap,transcript_verify,0.2837919964804314,SUCCESS
7b236552-5f2a-40d2-8d9d-a9915fb5bc49,2026-07-26T21:41:18.343293+00:00,DNSLINK_IPFS,idap,client_shared_secret_derivation,0.19312500080559403,SUCCESS
7b236552-5f2a-40d2-8d9d-a9915fb5bc49,2026-07-26T21:41:18.343354+00:00,DNSLINK_IPFS,idap,client_session_key_derivation,0.017334001313429326,SUCCESS
7b236552-5f2a-40d2-8d9d-a9915fb5bc49,2026-07-26T21:41:18.343432+00:00,DNSLINK_IPFS,crypto,encrypt_message,0.02429099549772218,SUCCESS
7b236552-5f2a-40d2-8d9d-a9915fb5bc49,2026-07-26T21:41:18.343484+00:00,DNSLINK_IPFS,crypto,decrypt_message,0.007458002073690295,SUCCESS
7b236552-5f2a-40d2-8d9d-a9915fb5bc49,2026-07-26T21:41:18.343790+00:00,DNSLINK_IPFS,tampering,tampered_request_sign,0.23779099865350872,SUCCESS
7b236552-5f2a-40d2-8d9d-a9915fb5bc49,2026-07-26T21:41:18.354397+00:00,DNSLINK_IPFS,dnslink_ipfs,dnssec_txt_resolve,10.128750000149012,SUCCESS
7b236552-5f2a-40d2-8d9d-a9915fb5bc49,2026-07-26T21:41:18.355382+00:00,DNSLINK_IPFS,dnslink_ipfs,ipfs_cat_json,0.8029160017031245,SUCCESS
7b236552-5f2a-40d2-8d9d-a9915fb5bc49,2026-07-26T21:41:18.364093+00:00,DNSLINK_IPFS,dnslink_ipfs,dnssec_txt_resolve,8.423375002166722,SUCCESS
7b236552-5f2a-40d2-8d9d-a9915fb5bc49,2026-07-26T21:41:18.365068+00:00,DNSLINK_IPFS,dnslink_ipfs,ipfs_cat_json,0.8273330022348091,SUCCESS
7b236552-5f2a-40d2-8d9d-a9915fb5bc49,2026-07-26T21:41:18.376734+00:00,DNSLINK_IPFS,dnslink_ipfs,dnssec_txt_resolve,11.532249998708721,SUCCESS
7b236552-5f2a-40d2-8d9d-a9915fb5bc49,2026-07-26T21:41:18.377673+00:00,DNSLINK_IPFS,dnslink_ipfs,ipfs_cat_json,0.8112089999485761,SUCCESS
7b236552-5f2a-40d2-8d9d-a9915fb5bc49,2026-07-26T21:41:18.387104+00:00,DNSLINK_IPFS,dnslink_ipfs,dnssec_txt_resolve,9.222041997418273,SUCCESS
7b236552-5f2a-40d2-8d9d-a9915fb5bc49,2026-07-26T21:41:18.388204+00:00,DNSLINK_IPFS,dnslink_ipfs,ipfs_cat_json,0.9704170006443746,SUCCESS
7b236552-5f2a-40d2-8d9d-a9915fb5bc49,2026-07-26T21:41:18.389332+00:00,DNSLINK_IPFS,tampering,tampering_check,45.47199999797158,SUCCESS
7b236552-5f2a-40d2-8d9d-a9915fb5bc49,2026-07-26T21:41:18.389399+00:00,DNSLINK_IPFS,summary,total_flow,1803.2462500050315,SUCCESS
46b0e67a-6620-4d3d-a561-3f5962662020,2026-07-26T21:41:18.493243+00:00,DNSLINK_IPFS,startup,initialize_store,0.004583998816087842,SUCCESS
46b0e67a-6620-4d3d-a561-3f5962662020,2026-07-26T21:41:18.496117+00:00,DNSLINK_IPFS,startup,generate_identity_cp,2.576083999883849,SUCCESS
46b0e67a-6620-4d3d-a561-3f5962662020,2026-07-26T21:41:18.496393+00:00,DNSLINK_IPFS,startup,generate_identity_sp,0.20487500296439976,SUCCESS
46b0e67a-6620-4d3d-a561-3f5962662020,2026-07-26T21:41:18.496623+00:00,DNSLINK_IPFS,startup,generate_identity_c1,0.18774999625748023,SUCCESS
46b0e67a-6620-4d3d-a561-3f5962662020,2026-07-26T21:41:18.496844+00:00,DNSLINK_IPFS,startup,generate_identity_s1,0.18450000061420724,SUCCESS
46b0e67a-6620-4d3d-a561-3f5962662020,2026-07-26T21:41:18.528561+00:00,DNSLINK_IPFS,dnslink_ipfs,ipfs_add_json,31.603540999640245,SUCCESS
46b0e67a-6620-4d3d-a561-3f5962662020,2026-07-26T21:41:19.294613+00:00,DNSLINK_IPFS,dnslink_ipfs,dns_txt_update,765.2478750023874,SUCCESS
46b0e67a-6620-4d3d-a561-3f5962662020,2026-07-26T21:41:19.295059+00:00,DNSLINK_IPFS,publish,publish_identity_cp,798.0378749998636,SUCCESS
46b0e67a-6620-4d3d-a561-3f5962662020,2026-07-26T21:41:19.317701+00:00,DNSLINK_IPFS,dnslink_ipfs,ipfs_add_json,22.423125003115274,SUCCESS
46b0e67a-6620-4d3d-a561-3f5962662020,2026-07-26T21:41:19.468175+00:00,DNSLINK_IPFS,dnslink_ipfs,dns_txt_update,150.03837500262307,SUCCESS
46b0e67a-6620-4d3d-a561-3f5962662020,2026-07-26T21:41:19.468417+00:00,DNSLINK_IPFS,publish,publish_identity_sp,173.23795900301775,SUCCESS
46b0e67a-6620-4d3d-a561-3f5962662020,2026-07-26T21:41:19.491651+00:00,DNSLINK_IPFS,dnslink_ipfs,ipfs_add_json,22.955874999752268,SUCCESS
46b0e67a-6620-4d3d-a561-3f5962662020,2026-07-26T21:41:20.562060+00:00,DNSLINK_IPFS,dnslink_ipfs,dns_txt_update,1069.322083996667,SUCCESS
46b0e67a-6620-4d3d-a561-3f5962662020,2026-07-26T21:41:20.562779+00:00,DNSLINK_IPFS,publish,publish_identity_c1,1094.0087080016383,SUCCESS
46b0e67a-6620-4d3d-a561-3f5962662020,2026-07-26T21:41:20.591742+00:00,DNSLINK_IPFS,dnslink_ipfs,ipfs_add_json,25.82920800341526,SUCCESS
46b0e67a-6620-4d3d-a561-3f5962662020,2026-07-26T21:41:20.747933+00:00,DNSLINK_IPFS,dnslink_ipfs,dns_txt_update,155.44533300271723,SUCCESS
46b0e67a-6620-4d3d-a561-3f5962662020,2026-07-26T21:41:20.748148+00:00,DNSLINK_IPFS,publish,publish_identity_s1,182.7735839979141,SUCCESS
46b0e67a-6620-4d3d-a561-3f5962662020,2026-07-26T21:41:20.771507+00:00,DNSLINK_IPFS,dnslink_ipfs,ipfs_add_json,23.172083994722925,SUCCESS
46b0e67a-6620-4d3d-a561-3f5962662020,2026-07-26T21:41:20.926839+00:00,DNSLINK_IPFS,dnslink_ipfs,dns_txt_update,155.00162499665748,SUCCESS
46b0e67a-6620-4d3d-a561-3f5962662020,2026-07-26T21:41:20.927049+00:00,DNSLINK_IPFS,publish,publish_service_metadata,178.81916699843714,SUCCESS
46b0e67a-6620-4d3d-a561-3f5962662020,2026-07-26T21:41:20.947931+00:00,DNSLINK_IPFS,dnslink_ipfs,ipfs_add_json,20.75650000188034,SUCCESS
46b0e67a-6620-4d3d-a561-3f5962662020,2026-07-26T21:41:21.095149+00:00,DNSLINK_IPFS,dnslink_ipfs,dns_txt_update,146.9440000000759,SUCCESS
46b0e67a-6620-4d3d-a561-3f5962662020,2026-07-26T21:41:21.095345+00:00,DNSLINK_IPFS,publish,publish_provider_registry,168.21195800002897,SUCCESS
46b0e67a-6620-4d3d-a561-3f5962662020,2026-07-26T21:41:21.105996+00:00,DNSLINK_IPFS,dnslink_ipfs,dnssec_txt_resolve,10.525957994104829,SUCCESS
46b0e67a-6620-4d3d-a561-3f5962662020,2026-07-26T21:41:21.107185+00:00,DNSLINK_IPFS,dnslink_ipfs,ipfs_cat_json,1.069917001586873,SUCCESS
46b0e67a-6620-4d3d-a561-3f5962662020,2026-07-26T21:41:21.114980+00:00,DNSLINK_IPFS,dnslink_ipfs,dnssec_txt_resolve,7.634000001417007,SUCCESS
46b0e67a-6620-4d3d-a561-3f5962662020,2026-07-26T21:41:21.116159+00:00,DNSLINK_IPFS,dnslink_ipfs,ipfs_cat_json,1.0243750002700835,SUCCESS
46b0e67a-6620-4d3d-a561-3f5962662020,2026-07-26T21:41:21.116287+00:00,DNSLINK_IPFS,discovery,broker_discovery,20.863042002019938,SUCCESS
46b0e67a-6620-4d3d-a561-3f5962662020,2026-07-26T21:41:21.116998+00:00,DNSLINK_IPFS,dap,dap_create_capability,0.6314999991445802,SUCCESS
46b0e67a-6620-4d3d-a561-3f5962662020,2026-07-26T21:41:21.117774+00:00,DNSLINK_IPFS,dap,dap_encrypt_enc_cap,0.6588329997612163,SUCCESS
46b0e67a-6620-4d3d-a561-3f5962662020,2026-07-26T21:41:21.118003+00:00,DNSLINK_IPFS,idap,client_session_init,0.13087499974062666,SUCCESS
46b0e67a-6620-4d3d-a561-3f5962662020,2026-07-26T21:41:21.118059+00:00,DNSLINK_IPFS,idap,client_ephemeral_public_key,0.003957997250836343,SUCCESS
46b0e67a-6620-4d3d-a561-3f5962662020,2026-07-26T21:41:21.118373+00:00,DNSLINK_IPFS,idap,client_request_sign,0.26329200045438483,SUCCESS
46b0e67a-6620-4d3d-a561-3f5962662020,2026-07-26T21:41:21.118437+00:00,DNSLINK_IPFS,idap,canonical_request_payload,0.013417004083748907,SUCCESS
46b0e67a-6620-4d3d-a561-3f5962662020,2026-07-26T21:41:21.125481+00:00,DNSLINK_IPFS,dnslink_ipfs,dnssec_txt_resolve,6.603250003536232,SUCCESS
46b0e67a-6620-4d3d-a561-3f5962662020,2026-07-26T21:41:21.126448+00:00,DNSLINK_IPFS,dnslink_ipfs,ipfs_cat_json,0.8820420043775812,SUCCESS
46b0e67a-6620-4d3d-a561-3f5962662020,2026-07-26T21:41:21.135106+00:00,DNSLINK_IPFS,dnslink_ipfs,dnssec_txt_resolve,8.44725000206381,SUCCESS
46b0e67a-6620-4d3d-a561-3f5962662020,2026-07-26T21:41:21.136148+00:00,DNSLINK_IPFS,dnslink_ipfs,ipfs_cat_json,0.9007909975480288,SUCCESS
46b0e67a-6620-4d3d-a561-3f5962662020,2026-07-26T21:41:21.143617+00:00,DNSLINK_IPFS,dnslink_ipfs,dnssec_txt_resolve,7.332166998821776,SUCCESS
46b0e67a-6620-4d3d-a561-3f5962662020,2026-07-26T21:41:21.144360+00:00,DNSLINK_IPFS,dnslink_ipfs,ipfs_cat_json,0.6461669981945306,SUCCESS
46b0e67a-6620-4d3d-a561-3f5962662020,2026-07-26T21:41:21.151600+00:00,DNSLINK_IPFS,dnslink_ipfs,dnssec_txt_resolve,7.120542002667207,SUCCESS
46b0e67a-6620-4d3d-a561-3f5962662020,2026-07-26T21:41:21.152504+00:00,DNSLINK_IPFS,dnslink_ipfs,ipfs_cat_json,0.8212920001824386,SUCCESS
46b0e67a-6620-4d3d-a561-3f5962662020,2026-07-26T21:41:21.154143+00:00,DNSLINK_IPFS,idap,idap_authorize,35.64729099889519,SUCCESS
46b0e67a-6620-4d3d-a561-3f5962662020,2026-07-26T21:41:21.162469+00:00,DNSLINK_IPFS,dnslink_ipfs,dnssec_txt_resolve,7.844125000701752,SUCCESS
46b0e67a-6620-4d3d-a561-3f5962662020,2026-07-26T21:41:21.163509+00:00,DNSLINK_IPFS,dnslink_ipfs,ipfs_cat_json,0.9095829955185764,SUCCESS
46b0e67a-6620-4d3d-a561-3f5962662020,2026-07-26T21:41:21.177676+00:00,DNSLINK_IPFS,dnslink_ipfs,dnssec_txt_resolve,13.984124998387415,SUCCESS
46b0e67a-6620-4d3d-a561-3f5962662020,2026-07-26T21:41:21.178539+00:00,DNSLINK_IPFS,dnslink_ipfs,ipfs_cat_json,0.7229170005302876,SUCCESS
46b0e67a-6620-4d3d-a561-3f5962662020,2026-07-26T21:41:21.188085+00:00,DNSLINK_IPFS,dnslink_ipfs,dnssec_txt_resolve,9.399124995979946,SUCCESS
46b0e67a-6620-4d3d-a561-3f5962662020,2026-07-26T21:41:21.189134+00:00,DNSLINK_IPFS,dnslink_ipfs,ipfs_cat_json,0.9602499994798563,SUCCESS
46b0e67a-6620-4d3d-a561-3f5962662020,2026-07-26T21:41:21.197502+00:00,DNSLINK_IPFS,dnslink_ipfs,dnssec_txt_resolve,8.218499999202322,SUCCESS
46b0e67a-6620-4d3d-a561-3f5962662020,2026-07-26T21:41:21.198499+00:00,DNSLINK_IPFS,dnslink_ipfs,ipfs_cat_json,0.8629590010968968,SUCCESS
46b0e67a-6620-4d3d-a561-3f5962662020,2026-07-26T21:41:21.199610+00:00,DNSLINK_IPFS,idap,idap_replay_check,45.38899999897694,SUCCESS
46b0e67a-6620-4d3d-a561-3f5962662020,2026-07-26T21:41:21.224321+00:00,DNSLINK_IPFS,dnslink_ipfs,dnssec_txt_resolve,24.573000002419576,SUCCESS
46b0e67a-6620-4d3d-a561-3f5962662020,2026-07-26T21:41:21.225484+00:00,DNSLINK_IPFS,dnslink_ipfs,ipfs_cat_json,0.9959169983631,SUCCESS
46b0e67a-6620-4d3d-a561-3f5962662020,2026-07-26T21:41:21.225715+00:00,DNSLINK_IPFS,idap,resolve_service_public_key,26.011959002062213,SUCCESS
46b0e67a-6620-4d3d-a561-3f5962662020,2026-07-26T21:41:21.225860+00:00,DNSLINK_IPFS,idap,compute_transcript,0.029082999390084296,SUCCESS
46b0e67a-6620-4d3d-a561-3f5962662020,2026-07-26T21:41:21.226306+00:00,DNSLINK_IPFS,idap,transcript_verify,0.3761249972740188,SUCCESS
46b0e67a-6620-4d3d-a561-3f5962662020,2026-07-26T21:41:21.226634+00:00,DNSLINK_IPFS,idap,client_shared_secret_derivation,0.26091600011568516,SUCCESS
46b0e67a-6620-4d3d-a561-3f5962662020,2026-07-26T21:41:21.226724+00:00,DNSLINK_IPFS,idap,client_session_key_derivation,0.027499998395796865,SUCCESS
46b0e67a-6620-4d3d-a561-3f5962662020,2026-07-26T21:41:21.226829+00:00,DNSLINK_IPFS,crypto,encrypt_message,0.027624999347608536,SUCCESS
46b0e67a-6620-4d3d-a561-3f5962662020,2026-07-26T21:41:21.226971+00:00,DNSLINK_IPFS,crypto,decrypt_message,0.009584000508766621,SUCCESS
46b0e67a-6620-4d3d-a561-3f5962662020,2026-07-26T21:41:21.227390+00:00,DNSLINK_IPFS,tampering,tampered_request_sign,0.32333299895981327,SUCCESS
46b0e67a-6620-4d3d-a561-3f5962662020,2026-07-26T21:41:21.237844+00:00,DNSLINK_IPFS,dnslink_ipfs,dnssec_txt_resolve,9.811166004510596,SUCCESS
46b0e67a-6620-4d3d-a561-3f5962662020,2026-07-26T21:41:21.238893+00:00,DNSLINK_IPFS,dnslink_ipfs,ipfs_cat_json,0.9204160014633089,SUCCESS
46b0e67a-6620-4d3d-a561-3f5962662020,2026-07-26T21:41:21.246564+00:00,DNSLINK_IPFS,dnslink_ipfs,dnssec_txt_resolve,7.5206250039627776,SUCCESS
46b0e67a-6620-4d3d-a561-3f5962662020,2026-07-26T21:41:21.247542+00:00,DNSLINK_IPFS,dnslink_ipfs,ipfs_cat_json,0.8727499953238294,SUCCESS
46b0e67a-6620-4d3d-a561-3f5962662020,2026-07-26T21:41:21.255614+00:00,DNSLINK_IPFS,dnslink_ipfs,dnssec_txt_resolve,7.945165998535231,SUCCESS
46b0e67a-6620-4d3d-a561-3f5962662020,2026-07-26T21:41:21.256438+00:00,DNSLINK_IPFS,dnslink_ipfs,ipfs_cat_json,0.7255419986904599,SUCCESS
46b0e67a-6620-4d3d-a561-3f5962662020,2026-07-26T21:41:21.265628+00:00,DNSLINK_IPFS,dnslink_ipfs,dnssec_txt_resolve,9.034624999912921,SUCCESS
46b0e67a-6620-4d3d-a561-3f5962662020,2026-07-26T21:41:21.266565+00:00,DNSLINK_IPFS,dnslink_ipfs,ipfs_cat_json,0.8181669982150197,SUCCESS
46b0e67a-6620-4d3d-a561-3f5962662020,2026-07-26T21:41:21.267652+00:00,DNSLINK_IPFS,tampering,tampering_check,40.17591700539924,SUCCESS
46b0e67a-6620-4d3d-a561-3f5962662020,2026-07-26T21:41:21.267721+00:00,DNSLINK_IPFS,summary,total_flow,2774.540332997276,SUCCESS
984e0778-49ed-421d-acb7-1b8e1bc5486b,2026-07-26T21:41:21.362513+00:00,DNSLINK_IPFS,startup,initialize_store,0.004333000106271356,SUCCESS
984e0778-49ed-421d-acb7-1b8e1bc5486b,2026-07-26T21:41:21.364990+00:00,DNSLINK_IPFS,startup,generate_identity_cp,2.194334003434051,SUCCESS
984e0778-49ed-421d-acb7-1b8e1bc5486b,2026-07-26T21:41:21.365258+00:00,DNSLINK_IPFS,startup,generate_identity_sp,0.19799999427050352,SUCCESS
984e0778-49ed-421d-acb7-1b8e1bc5486b,2026-07-26T21:41:21.365488+00:00,DNSLINK_IPFS,startup,generate_identity_c1,0.18795900541590527,SUCCESS
984e0778-49ed-421d-acb7-1b8e1bc5486b,2026-07-26T21:41:21.365711+00:00,DNSLINK_IPFS,startup,generate_identity_s1,0.18466699839336798,SUCCESS
984e0778-49ed-421d-acb7-1b8e1bc5486b,2026-07-26T21:41:21.389924+00:00,DNSLINK_IPFS,dnslink_ipfs,ipfs_add_json,24.115666004945524,SUCCESS
984e0778-49ed-421d-acb7-1b8e1bc5486b,2026-07-26T21:41:21.539778+00:00,DNSLINK_IPFS,dnslink_ipfs,dns_txt_update,149.57062499888707,SUCCESS
984e0778-49ed-421d-acb7-1b8e1bc5486b,2026-07-26T21:41:21.540028+00:00,DNSLINK_IPFS,publish,publish_identity_cp,174.25816600007238,SUCCESS
984e0778-49ed-421d-acb7-1b8e1bc5486b,2026-07-26T21:41:21.560488+00:00,DNSLINK_IPFS,dnslink_ipfs,ipfs_add_json,20.203832995321136,SUCCESS
984e0778-49ed-421d-acb7-1b8e1bc5486b,2026-07-26T21:41:21.693840+00:00,DNSLINK_IPFS,dnslink_ipfs,dns_txt_update,133.02012500207638,SUCCESS
984e0778-49ed-421d-acb7-1b8e1bc5486b,2026-07-26T21:41:21.694046+00:00,DNSLINK_IPFS,publish,publish_identity_sp,153.8092919945484,SUCCESS
984e0778-49ed-421d-acb7-1b8e1bc5486b,2026-07-26T21:41:21.715532+00:00,DNSLINK_IPFS,dnslink_ipfs,ipfs_add_json,21.18183300626697,SUCCESS
984e0778-49ed-421d-acb7-1b8e1bc5486b,2026-07-26T21:41:21.850482+00:00,DNSLINK_IPFS,dnslink_ipfs,dns_txt_update,134.62062500184402,SUCCESS
984e0778-49ed-421d-acb7-1b8e1bc5486b,2026-07-26T21:41:21.850686+00:00,DNSLINK_IPFS,publish,publish_identity_c1,156.4157500033616,SUCCESS
984e0778-49ed-421d-acb7-1b8e1bc5486b,2026-07-26T21:41:21.871063+00:00,DNSLINK_IPFS,dnslink_ipfs,ipfs_add_json,20.08683400345035,SUCCESS
984e0778-49ed-421d-acb7-1b8e1bc5486b,2026-07-26T21:41:22.008187+00:00,DNSLINK_IPFS,dnslink_ipfs,dns_txt_update,136.8304999996326,SUCCESS
984e0778-49ed-421d-acb7-1b8e1bc5486b,2026-07-26T21:41:22.008354+00:00,DNSLINK_IPFS,publish,publish_identity_s1,157.43833399756113,SUCCESS
984e0778-49ed-421d-acb7-1b8e1bc5486b,2026-07-26T21:41:22.030189+00:00,DNSLINK_IPFS,dnslink_ipfs,ipfs_add_json,21.68274999712594,SUCCESS
984e0778-49ed-421d-acb7-1b8e1bc5486b,2026-07-26T21:41:22.176782+00:00,DNSLINK_IPFS,dnslink_ipfs,dns_txt_update,146.2623330007773,SUCCESS
984e0778-49ed-421d-acb7-1b8e1bc5486b,2026-07-26T21:41:22.176989+00:00,DNSLINK_IPFS,publish,publish_service_metadata,168.55720799503615,SUCCESS
984e0778-49ed-421d-acb7-1b8e1bc5486b,2026-07-26T21:41:22.197483+00:00,DNSLINK_IPFS,dnslink_ipfs,ipfs_add_json,20.17104200058384,SUCCESS
984e0778-49ed-421d-acb7-1b8e1bc5486b,2026-07-26T21:41:22.344928+00:00,DNSLINK_IPFS,dnslink_ipfs,dns_txt_update,147.10241699503968,SUCCESS
984e0778-49ed-421d-acb7-1b8e1bc5486b,2026-07-26T21:41:22.345134+00:00,DNSLINK_IPFS,publish,publish_provider_registry,167.88379199715564,SUCCESS
984e0778-49ed-421d-acb7-1b8e1bc5486b,2026-07-26T21:41:22.356024+00:00,DNSLINK_IPFS,dnslink_ipfs,dnssec_txt_resolve,10.762958001578227,SUCCESS
984e0778-49ed-421d-acb7-1b8e1bc5486b,2026-07-26T21:41:22.357468+00:00,DNSLINK_IPFS,dnslink_ipfs,ipfs_cat_json,1.309833001869265,SUCCESS
984e0778-49ed-421d-acb7-1b8e1bc5486b,2026-07-26T21:41:22.367033+00:00,DNSLINK_IPFS,dnslink_ipfs,dnssec_txt_resolve,9.431750004296191,SUCCESS
984e0778-49ed-421d-acb7-1b8e1bc5486b,2026-07-26T21:41:22.368100+00:00,DNSLINK_IPFS,dnslink_ipfs,ipfs_cat_json,0.9376670059282333,SUCCESS
984e0778-49ed-421d-acb7-1b8e1bc5486b,2026-07-26T21:41:22.368221+00:00,DNSLINK_IPFS,discovery,broker_discovery,23.002750000159722,SUCCESS
984e0778-49ed-421d-acb7-1b8e1bc5486b,2026-07-26T21:41:22.369025+00:00,DNSLINK_IPFS,dap,dap_create_capability,0.709374995494727,SUCCESS
984e0778-49ed-421d-acb7-1b8e1bc5486b,2026-07-26T21:41:22.369815+00:00,DNSLINK_IPFS,dap,dap_encrypt_enc_cap,0.6634999954258092,SUCCESS
984e0778-49ed-421d-acb7-1b8e1bc5486b,2026-07-26T21:41:22.370077+00:00,DNSLINK_IPFS,idap,client_session_init,0.1548750005895272,SUCCESS
984e0778-49ed-421d-acb7-1b8e1bc5486b,2026-07-26T21:41:22.370145+00:00,DNSLINK_IPFS,idap,client_ephemeral_public_key,0.004290996002964675,SUCCESS
984e0778-49ed-421d-acb7-1b8e1bc5486b,2026-07-26T21:41:22.370522+00:00,DNSLINK_IPFS,idap,client_request_sign,0.3178749975631945,SUCCESS
984e0778-49ed-421d-acb7-1b8e1bc5486b,2026-07-26T21:41:22.370595+00:00,DNSLINK_IPFS,idap,canonical_request_payload,0.014958000974729657,SUCCESS
984e0778-49ed-421d-acb7-1b8e1bc5486b,2026-07-26T21:41:22.377646+00:00,DNSLINK_IPFS,dnslink_ipfs,dnssec_txt_resolve,6.530209000629839,SUCCESS
984e0778-49ed-421d-acb7-1b8e1bc5486b,2026-07-26T21:41:22.378570+00:00,DNSLINK_IPFS,dnslink_ipfs,ipfs_cat_json,0.7904159938334487,SUCCESS
984e0778-49ed-421d-acb7-1b8e1bc5486b,2026-07-26T21:41:22.387337+00:00,DNSLINK_IPFS,dnslink_ipfs,dnssec_txt_resolve,8.526750003511552,SUCCESS
984e0778-49ed-421d-acb7-1b8e1bc5486b,2026-07-26T21:41:22.388594+00:00,DNSLINK_IPFS,dnslink_ipfs,ipfs_cat_json,1.1017080032615922,SUCCESS
984e0778-49ed-421d-acb7-1b8e1bc5486b,2026-07-26T21:41:22.400226+00:00,DNSLINK_IPFS,dnslink_ipfs,dnssec_txt_resolve,11.456915999588091,SUCCESS
984e0778-49ed-421d-acb7-1b8e1bc5486b,2026-07-26T21:41:22.401284+00:00,DNSLINK_IPFS,dnslink_ipfs,ipfs_cat_json,0.9312089969171211,SUCCESS
984e0778-49ed-421d-acb7-1b8e1bc5486b,2026-07-26T21:41:22.409329+00:00,DNSLINK_IPFS,dnslink_ipfs,dnssec_txt_resolve,7.912415996543132,SUCCESS
984e0778-49ed-421d-acb7-1b8e1bc5486b,2026-07-26T21:41:22.410213+00:00,DNSLINK_IPFS,dnslink_ipfs,ipfs_cat_json,0.7954579996294342,SUCCESS
984e0778-49ed-421d-acb7-1b8e1bc5486b,2026-07-26T21:41:22.411983+00:00,DNSLINK_IPFS,idap,idap_authorize,41.32158299762523,SUCCESS
984e0778-49ed-421d-acb7-1b8e1bc5486b,2026-07-26T21:41:22.419850+00:00,DNSLINK_IPFS,dnslink_ipfs,dnssec_txt_resolve,7.3838339958456345,SUCCESS
984e0778-49ed-421d-acb7-1b8e1bc5486b,2026-07-26T21:41:22.420735+00:00,DNSLINK_IPFS,dnslink_ipfs,ipfs_cat_json,0.7999169974937104,SUCCESS
984e0778-49ed-421d-acb7-1b8e1bc5486b,2026-07-26T21:41:22.429905+00:00,DNSLINK_IPFS,dnslink_ipfs,dnssec_txt_resolve,8.98662499821512,SUCCESS
984e0778-49ed-421d-acb7-1b8e1bc5486b,2026-07-26T21:41:22.430919+00:00,DNSLINK_IPFS,dnslink_ipfs,ipfs_cat_json,0.8545830060029402,SUCCESS
984e0778-49ed-421d-acb7-1b8e1bc5486b,2026-07-26T21:41:22.440304+00:00,DNSLINK_IPFS,dnslink_ipfs,dnssec_txt_resolve,9.254791999410372,SUCCESS
984e0778-49ed-421d-acb7-1b8e1bc5486b,2026-07-26T21:41:22.441213+00:00,DNSLINK_IPFS,dnslink_ipfs,ipfs_cat_json,0.8231660031015053,SUCCESS
984e0778-49ed-421d-acb7-1b8e1bc5486b,2026-07-26T21:41:22.450486+00:00,DNSLINK_IPFS,dnslink_ipfs,dnssec_txt_resolve,9.128666999458801,SUCCESS
984e0778-49ed-421d-acb7-1b8e1bc5486b,2026-07-26T21:41:22.451482+00:00,DNSLINK_IPFS,dnslink_ipfs,ipfs_cat_json,0.8779579948168248,SUCCESS
984e0778-49ed-421d-acb7-1b8e1bc5486b,2026-07-26T21:41:22.452563+00:00,DNSLINK_IPFS,idap,idap_replay_check,40.50275000190595,SUCCESS
984e0778-49ed-421d-acb7-1b8e1bc5486b,2026-07-26T21:41:22.464141+00:00,DNSLINK_IPFS,dnslink_ipfs,dnssec_txt_resolve,11.467832999187522,SUCCESS
984e0778-49ed-421d-acb7-1b8e1bc5486b,2026-07-26T21:41:22.465184+00:00,DNSLINK_IPFS,dnslink_ipfs,ipfs_cat_json,0.9103749980567954,SUCCESS
984e0778-49ed-421d-acb7-1b8e1bc5486b,2026-07-26T21:41:22.465378+00:00,DNSLINK_IPFS,idap,resolve_service_public_key,12.72791699739173,SUCCESS
984e0778-49ed-421d-acb7-1b8e1bc5486b,2026-07-26T21:41:22.465512+00:00,DNSLINK_IPFS,idap,compute_transcript,0.05095799861010164,SUCCESS
984e0778-49ed-421d-acb7-1b8e1bc5486b,2026-07-26T21:41:22.466005+00:00,DNSLINK_IPFS,idap,transcript_verify,0.42504200246185064,SUCCESS
984e0778-49ed-421d-acb7-1b8e1bc5486b,2026-07-26T21:41:22.466332+00:00,DNSLINK_IPFS,idap,client_shared_secret_derivation,0.2613750039017759,SUCCESS
984e0778-49ed-421d-acb7-1b8e1bc5486b,2026-07-26T21:41:22.466411+00:00,DNSLINK_IPFS,idap,client_session_key_derivation,0.019875005818903446,SUCCESS
984e0778-49ed-421d-acb7-1b8e1bc5486b,2026-07-26T21:41:22.466516+00:00,DNSLINK_IPFS,crypto,encrypt_message,0.028957998438272625,SUCCESS
984e0778-49ed-421d-acb7-1b8e1bc5486b,2026-07-26T21:41:22.466586+00:00,DNSLINK_IPFS,crypto,decrypt_message,0.008875002095010132,SUCCESS
984e0778-49ed-421d-acb7-1b8e1bc5486b,2026-07-26T21:41:22.467006+00:00,DNSLINK_IPFS,tampering,tampered_request_sign,0.31958400359144434,SUCCESS
984e0778-49ed-421d-acb7-1b8e1bc5486b,2026-07-26T21:41:22.476624+00:00,DNSLINK_IPFS,dnslink_ipfs,dnssec_txt_resolve,9.081834003154654,SUCCESS
984e0778-49ed-421d-acb7-1b8e1bc5486b,2026-07-26T21:41:22.477450+00:00,DNSLINK_IPFS,dnslink_ipfs,ipfs_cat_json,0.6959590027690865,SUCCESS
984e0778-49ed-421d-acb7-1b8e1bc5486b,2026-07-26T21:41:22.485957+00:00,DNSLINK_IPFS,dnslink_ipfs,dnssec_txt_resolve,8.353999997780193,SUCCESS
984e0778-49ed-421d-acb7-1b8e1bc5486b,2026-07-26T21:41:22.486994+00:00,DNSLINK_IPFS,dnslink_ipfs,ipfs_cat_json,0.9220420033670962,SUCCESS
984e0778-49ed-421d-acb7-1b8e1bc5486b,2026-07-26T21:41:22.498269+00:00,DNSLINK_IPFS,dnslink_ipfs,dnssec_txt_resolve,11.12450000073295,SUCCESS
984e0778-49ed-421d-acb7-1b8e1bc5486b,2026-07-26T21:41:22.499257+00:00,DNSLINK_IPFS,dnslink_ipfs,ipfs_cat_json,0.8576659965910949,SUCCESS
984e0778-49ed-421d-acb7-1b8e1bc5486b,2026-07-26T21:41:22.508939+00:00,DNSLINK_IPFS,dnslink_ipfs,dnssec_txt_resolve,9.538458005408756,SUCCESS
984e0778-49ed-421d-acb7-1b8e1bc5486b,2026-07-26T21:41:22.510015+00:00,DNSLINK_IPFS,dnslink_ipfs,ipfs_cat_json,0.9759169988683425,SUCCESS
984e0778-49ed-421d-acb7-1b8e1bc5486b,2026-07-26T21:41:22.511208+00:00,DNSLINK_IPFS,tampering,tampering_check,44.12616699846694,SUCCESS
984e0778-49ed-421d-acb7-1b8e1bc5486b,2026-07-26T21:41:22.511284+00:00,DNSLINK_IPFS,summary,total_flow,1148.8132500016945,SUCCESS
a882467d-d8dd-44c9-882a-d1a73febe8c6,2026-07-26T21:41:22.608809+00:00,DNSLINK_IPFS,startup,initialize_store,0.006166999810375273,SUCCESS
a882467d-d8dd-44c9-882a-d1a73febe8c6,2026-07-26T21:41:22.611670+00:00,DNSLINK_IPFS,startup,generate_identity_cp,2.490416998625733,SUCCESS
a882467d-d8dd-44c9-882a-d1a73febe8c6,2026-07-26T21:41:22.611936+00:00,DNSLINK_IPFS,startup,generate_identity_sp,0.18199999612988904,SUCCESS
a882467d-d8dd-44c9-882a-d1a73febe8c6,2026-07-26T21:41:22.612182+00:00,DNSLINK_IPFS,startup,generate_identity_c1,0.19299999985378236,SUCCESS
a882467d-d8dd-44c9-882a-d1a73febe8c6,2026-07-26T21:41:22.612419+00:00,DNSLINK_IPFS,startup,generate_identity_s1,0.18879200069932267,SUCCESS
a882467d-d8dd-44c9-882a-d1a73febe8c6,2026-07-26T21:41:22.637077+00:00,DNSLINK_IPFS,dnslink_ipfs,ipfs_add_json,24.56091599742649,SUCCESS
a882467d-d8dd-44c9-882a-d1a73febe8c6,2026-07-26T21:41:23.404208+00:00,DNSLINK_IPFS,dnslink_ipfs,dns_txt_update,766.5016669998295,SUCCESS
a882467d-d8dd-44c9-882a-d1a73febe8c6,2026-07-26T21:41:23.404688+00:00,DNSLINK_IPFS,publish,publish_identity_cp,792.1017910048249,SUCCESS
a882467d-d8dd-44c9-882a-d1a73febe8c6,2026-07-26T21:41:23.426802+00:00,DNSLINK_IPFS,dnslink_ipfs,ipfs_add_json,21.70145900163334,SUCCESS
a882467d-d8dd-44c9-882a-d1a73febe8c6,2026-07-26T21:41:23.590727+00:00,DNSLINK_IPFS,dnslink_ipfs,dns_txt_update,163.3413749950705,SUCCESS
a882467d-d8dd-44c9-882a-d1a73febe8c6,2026-07-26T21:41:23.591012+00:00,DNSLINK_IPFS,publish,publish_identity_sp,186.08991599467117,SUCCESS
a882467d-d8dd-44c9-882a-d1a73febe8c6,2026-07-26T21:41:23.610492+00:00,DNSLINK_IPFS,dnslink_ipfs,ipfs_add_json,19.188917001883965,SUCCESS
a882467d-d8dd-44c9-882a-d1a73febe8c6,2026-07-26T21:41:23.773182+00:00,DNSLINK_IPFS,dnslink_ipfs,dns_txt_update,162.35583299567224,SUCCESS
a882467d-d8dd-44c9-882a-d1a73febe8c6,2026-07-26T21:41:23.773365+00:00,DNSLINK_IPFS,publish,publish_identity_c1,182.1376669977326,SUCCESS
a882467d-d8dd-44c9-882a-d1a73febe8c6,2026-07-26T21:41:23.795185+00:00,DNSLINK_IPFS,dnslink_ipfs,ipfs_add_json,21.441707998747006,SUCCESS
a882467d-d8dd-44c9-882a-d1a73febe8c6,2026-07-26T21:41:23.929491+00:00,DNSLINK_IPFS,dnslink_ipfs,dns_txt_update,133.94287499977509,SUCCESS
a882467d-d8dd-44c9-882a-d1a73febe8c6,2026-07-26T21:41:23.929726+00:00,DNSLINK_IPFS,publish,publish_identity_s1,156.1240419978276,SUCCESS
a882467d-d8dd-44c9-882a-d1a73febe8c6,2026-07-26T21:41:23.951051+00:00,DNSLINK_IPFS,dnslink_ipfs,ipfs_add_json,21.15116699860664,SUCCESS
a882467d-d8dd-44c9-882a-d1a73febe8c6,2026-07-26T21:41:24.087084+00:00,DNSLINK_IPFS,dnslink_ipfs,dns_txt_update,135.71341700298944,SUCCESS
a882467d-d8dd-44c9-882a-d1a73febe8c6,2026-07-26T21:41:24.087285+00:00,DNSLINK_IPFS,publish,publish_service_metadata,157.46270800445927,SUCCESS
a882467d-d8dd-44c9-882a-d1a73febe8c6,2026-07-26T21:41:24.109017+00:00,DNSLINK_IPFS,dnslink_ipfs,ipfs_add_json,21.54458400036674,SUCCESS
a882467d-d8dd-44c9-882a-d1a73febe8c6,2026-07-26T21:41:24.265760+00:00,DNSLINK_IPFS,dnslink_ipfs,dns_txt_update,156.3618329964811,SUCCESS
a882467d-d8dd-44c9-882a-d1a73febe8c6,2026-07-26T21:41:24.266019+00:00,DNSLINK_IPFS,publish,publish_provider_registry,178.6332499978016,SUCCESS
a882467d-d8dd-44c9-882a-d1a73febe8c6,2026-07-26T21:41:24.287484+00:00,DNSLINK_IPFS,dnslink_ipfs,dnssec_txt_resolve,21.26758300437359,SUCCESS
a882467d-d8dd-44c9-882a-d1a73febe8c6,2026-07-26T21:41:24.288989+00:00,DNSLINK_IPFS,dnslink_ipfs,ipfs_cat_json,1.2708750000456348,SUCCESS
a882467d-d8dd-44c9-882a-d1a73febe8c6,2026-07-26T21:41:24.298440+00:00,DNSLINK_IPFS,dnslink_ipfs,dnssec_txt_resolve,9.110542006965261,SUCCESS
a882467d-d8dd-44c9-882a-d1a73febe8c6,2026-07-26T21:41:24.299663+00:00,DNSLINK_IPFS,dnslink_ipfs,ipfs_cat_json,1.0388750015408732,SUCCESS
a882467d-d8dd-44c9-882a-d1a73febe8c6,2026-07-26T21:41:24.299805+00:00,DNSLINK_IPFS,discovery,broker_discovery,33.6896659937338,SUCCESS
a882467d-d8dd-44c9-882a-d1a73febe8c6,2026-07-26T21:41:24.300855+00:00,DNSLINK_IPFS,dap,dap_create_capability,0.9366659942315891,SUCCESS
a882467d-d8dd-44c9-882a-d1a73febe8c6,2026-07-26T21:41:24.302037+00:00,DNSLINK_IPFS,dap,dap_encrypt_enc_cap,0.9987920057028532,SUCCESS
a882467d-d8dd-44c9-882a-d1a73febe8c6,2026-07-26T21:41:24.302468+00:00,DNSLINK_IPFS,idap,client_session_init,0.2430829990771599,SUCCESS
a882467d-d8dd-44c9-882a-d1a73febe8c6,2026-07-26T21:41:24.302583+00:00,DNSLINK_IPFS,idap,client_ephemeral_public_key,0.008416005584876984,SUCCESS
a882467d-d8dd-44c9-882a-d1a73febe8c6,2026-07-26T21:41:24.303107+00:00,DNSLINK_IPFS,idap,client_request_sign,0.4391249967738986,SUCCESS
a882467d-d8dd-44c9-882a-d1a73febe8c6,2026-07-26T21:41:24.303210+00:00,DNSLINK_IPFS,idap,canonical_request_payload,0.019790997612290084,SUCCESS
a882467d-d8dd-44c9-882a-d1a73febe8c6,2026-07-26T21:41:24.311774+00:00,DNSLINK_IPFS,dnslink_ipfs,dnssec_txt_resolve,7.916167000075802,SUCCESS
a882467d-d8dd-44c9-882a-d1a73febe8c6,2026-07-26T21:41:24.312911+00:00,DNSLINK_IPFS,dnslink_ipfs,ipfs_cat_json,0.99637499806704,SUCCESS
a882467d-d8dd-44c9-882a-d1a73febe8c6,2026-07-26T21:41:24.320313+00:00,DNSLINK_IPFS,dnslink_ipfs,dnssec_txt_resolve,7.186166993051302,SUCCESS
a882467d-d8dd-44c9-882a-d1a73febe8c6,2026-07-26T21:41:24.321242+00:00,DNSLINK_IPFS,dnslink_ipfs,ipfs_cat_json,0.8149999994202517,SUCCESS
a882467d-d8dd-44c9-882a-d1a73febe8c6,2026-07-26T21:41:24.328120+00:00,DNSLINK_IPFS,dnslink_ipfs,dnssec_txt_resolve,6.700208003167063,SUCCESS
a882467d-d8dd-44c9-882a-d1a73febe8c6,2026-07-26T21:41:24.329098+00:00,DNSLINK_IPFS,dnslink_ipfs,ipfs_cat_json,0.8340420026797801,SUCCESS
a882467d-d8dd-44c9-882a-d1a73febe8c6,2026-07-26T21:41:24.337971+00:00,DNSLINK_IPFS,dnslink_ipfs,dnssec_txt_resolve,8.687290996022057,SUCCESS
a882467d-d8dd-44c9-882a-d1a73febe8c6,2026-07-26T21:41:24.338955+00:00,DNSLINK_IPFS,dnslink_ipfs,ipfs_cat_json,0.8502080017933622,SUCCESS
a882467d-d8dd-44c9-882a-d1a73febe8c6,2026-07-26T21:41:24.341221+00:00,DNSLINK_IPFS,idap,idap_authorize,37.919624999631196,SUCCESS
a882467d-d8dd-44c9-882a-d1a73febe8c6,2026-07-26T21:41:24.352070+00:00,DNSLINK_IPFS,dnslink_ipfs,dnssec_txt_resolve,10.162792001210619,SUCCESS
a882467d-d8dd-44c9-882a-d1a73febe8c6,2026-07-26T21:41:24.353255+00:00,DNSLINK_IPFS,dnslink_ipfs,ipfs_cat_json,1.007624996418599,SUCCESS
a882467d-d8dd-44c9-882a-d1a73febe8c6,2026-07-26T21:41:24.363755+00:00,DNSLINK_IPFS,dnslink_ipfs,dnssec_txt_resolve,10.328500000468921,SUCCESS
a882467d-d8dd-44c9-882a-d1a73febe8c6,2026-07-26T21:41:24.364941+00:00,DNSLINK_IPFS,dnslink_ipfs,ipfs_cat_json,1.0458749966346659,SUCCESS
a882467d-d8dd-44c9-882a-d1a73febe8c6,2026-07-26T21:41:24.375257+00:00,DNSLINK_IPFS,dnslink_ipfs,dnssec_txt_resolve,10.096791003888939,SUCCESS
a882467d-d8dd-44c9-882a-d1a73febe8c6,2026-07-26T21:41:24.376644+00:00,DNSLINK_IPFS,dnslink_ipfs,ipfs_cat_json,1.2077080027665943,SUCCESS
a882467d-d8dd-44c9-882a-d1a73febe8c6,2026-07-26T21:41:24.388035+00:00,DNSLINK_IPFS,dnslink_ipfs,dnssec_txt_resolve,11.188999997102655,SUCCESS
a882467d-d8dd-44c9-882a-d1a73febe8c6,2026-07-26T21:41:24.389273+00:00,DNSLINK_IPFS,dnslink_ipfs,ipfs_cat_json,1.105916002416052,SUCCESS
a882467d-d8dd-44c9-882a-d1a73febe8c6,2026-07-26T21:41:24.390890+00:00,DNSLINK_IPFS,idap,idap_replay_check,49.56104199663969,SUCCESS
a882467d-d8dd-44c9-882a-d1a73febe8c6,2026-07-26T21:41:24.402179+00:00,DNSLINK_IPFS,dnslink_ipfs,dnssec_txt_resolve,11.153499995998573,SUCCESS
a882467d-d8dd-44c9-882a-d1a73febe8c6,2026-07-26T21:41:24.403407+00:00,DNSLINK_IPFS,dnslink_ipfs,ipfs_cat_json,1.102708003600128,SUCCESS
a882467d-d8dd-44c9-882a-d1a73febe8c6,2026-07-26T21:41:24.403537+00:00,DNSLINK_IPFS,idap,resolve_service_public_key,12.543083001219202,SUCCESS
a882467d-d8dd-44c9-882a-d1a73febe8c6,2026-07-26T21:41:24.403644+00:00,DNSLINK_IPFS,idap,compute_transcript,0.026916000933852047,SUCCESS
a882467d-d8dd-44c9-882a-d1a73febe8c6,2026-07-26T21:41:24.404199+00:00,DNSLINK_IPFS,idap,transcript_verify,0.4739170035463758,SUCCESS
a882467d-d8dd-44c9-882a-d1a73febe8c6,2026-07-26T21:41:24.404634+00:00,DNSLINK_IPFS,idap,client_shared_secret_derivation,0.35629199555842206,SUCCESS
a882467d-d8dd-44c9-882a-d1a73febe8c6,2026-07-26T21:41:24.404734+00:00,DNSLINK_IPFS,idap,client_session_key_derivation,0.025291999918408692,SUCCESS
a882467d-d8dd-44c9-882a-d1a73febe8c6,2026-07-26T21:41:24.404863+00:00,DNSLINK_IPFS,crypto,encrypt_message,0.030916999094188213,SUCCESS
a882467d-d8dd-44c9-882a-d1a73febe8c6,2026-07-26T21:41:24.404951+00:00,DNSLINK_IPFS,crypto,decrypt_message,0.011750002158805728,SUCCESS
a882467d-d8dd-44c9-882a-d1a73febe8c6,2026-07-26T21:41:24.405497+00:00,DNSLINK_IPFS,tampering,tampered_request_sign,0.4319589934311807,SUCCESS
a882467d-d8dd-44c9-882a-d1a73febe8c6,2026-07-26T21:41:24.417417+00:00,DNSLINK_IPFS,dnslink_ipfs,dnssec_txt_resolve,11.22183299594326,SUCCESS
a882467d-d8dd-44c9-882a-d1a73febe8c6,2026-07-26T21:41:24.418481+00:00,DNSLINK_IPFS,dnslink_ipfs,ipfs_cat_json,0.9420839996892028,SUCCESS
a882467d-d8dd-44c9-882a-d1a73febe8c6,2026-07-26T21:41:24.442901+00:00,DNSLINK_IPFS,dnslink_ipfs,dnssec_txt_resolve,24.204333996749483,SUCCESS
a882467d-d8dd-44c9-882a-d1a73febe8c6,2026-07-26T21:41:24.444092+00:00,DNSLINK_IPFS,dnslink_ipfs,ipfs_cat_json,0.975125003606081,SUCCESS
a882467d-d8dd-44c9-882a-d1a73febe8c6,2026-07-26T21:41:24.454277+00:00,DNSLINK_IPFS,dnslink_ipfs,dnssec_txt_resolve,9.988125006202608,SUCCESS
a882467d-d8dd-44c9-882a-d1a73febe8c6,2026-07-26T21:41:24.455361+00:00,DNSLINK_IPFS,dnslink_ipfs,ipfs_cat_json,0.9285419946536422,SUCCESS
a882467d-d8dd-44c9-882a-d1a73febe8c6,2026-07-26T21:41:24.463424+00:00,DNSLINK_IPFS,dnslink_ipfs,dnssec_txt_resolve,7.826540997484699,SUCCESS
a882467d-d8dd-44c9-882a-d1a73febe8c6,2026-07-26T21:41:24.464459+00:00,DNSLINK_IPFS,dnslink_ipfs,ipfs_cat_json,0.888540998857934,SUCCESS
a882467d-d8dd-44c9-882a-d1a73febe8c6,2026-07-26T21:41:24.465849+00:00,DNSLINK_IPFS,tampering,tampering_check,60.26091599778738,SUCCESS
a882467d-d8dd-44c9-882a-d1a73febe8c6,2026-07-26T21:41:24.465945+00:00,DNSLINK_IPFS,summary,total_flow,1857.188750000205,SUCCESS
820b02a7-c21b-4c75-84f8-7ee7f8a25f0b,2026-07-26T21:41:24.575769+00:00,DNSLINK_IPFS,startup,initialize_store,0.0038329962990246713,SUCCESS
820b02a7-c21b-4c75-84f8-7ee7f8a25f0b,2026-07-26T21:41:24.578174+00:00,DNSLINK_IPFS,startup,generate_identity_cp,2.1295839978847653,SUCCESS
820b02a7-c21b-4c75-84f8-7ee7f8a25f0b,2026-07-26T21:41:24.578441+00:00,DNSLINK_IPFS,startup,generate_identity_sp,0.20154199592070654,SUCCESS
820b02a7-c21b-4c75-84f8-7ee7f8a25f0b,2026-07-26T21:41:24.578674+00:00,DNSLINK_IPFS,startup,generate_identity_c1,0.1882920041680336,SUCCESS
820b02a7-c21b-4c75-84f8-7ee7f8a25f0b,2026-07-26T21:41:24.578898+00:00,DNSLINK_IPFS,startup,generate_identity_s1,0.18562500190455467,SUCCESS
820b02a7-c21b-4c75-84f8-7ee7f8a25f0b,2026-07-26T21:41:24.599872+00:00,DNSLINK_IPFS,dnslink_ipfs,ipfs_add_json,20.86170800612308,SUCCESS
820b02a7-c21b-4c75-84f8-7ee7f8a25f0b,2026-07-26T21:41:25.332690+00:00,DNSLINK_IPFS,dnslink_ipfs,dns_txt_update,732.2119579985156,SUCCESS
820b02a7-c21b-4c75-84f8-7ee7f8a25f0b,2026-07-26T21:41:25.333183+00:00,DNSLINK_IPFS,publish,publish_identity_cp,754.0907919974416,SUCCESS
820b02a7-c21b-4c75-84f8-7ee7f8a25f0b,2026-07-26T21:41:25.355598+00:00,DNSLINK_IPFS,dnslink_ipfs,ipfs_add_json,22.045582998543978,SUCCESS
820b02a7-c21b-4c75-84f8-7ee7f8a25f0b,2026-07-26T21:41:25.511430+00:00,DNSLINK_IPFS,dnslink_ipfs,dns_txt_update,155.30945899809012,SUCCESS
820b02a7-c21b-4c75-84f8-7ee7f8a25f0b,2026-07-26T21:41:25.511769+00:00,DNSLINK_IPFS,publish,publish_identity_sp,178.33812499884516,SUCCESS
820b02a7-c21b-4c75-84f8-7ee7f8a25f0b,2026-07-26T21:41:25.531955+00:00,DNSLINK_IPFS,dnslink_ipfs,ipfs_add_json,20.03737499762792,SUCCESS
820b02a7-c21b-4c75-84f8-7ee7f8a25f0b,2026-07-26T21:41:25.698494+00:00,DNSLINK_IPFS,dnslink_ipfs,dns_txt_update,166.19224999885773,SUCCESS
820b02a7-c21b-4c75-84f8-7ee7f8a25f0b,2026-07-26T21:41:25.698745+00:00,DNSLINK_IPFS,publish,publish_identity_c1,186.8752910013427,SUCCESS
820b02a7-c21b-4c75-84f8-7ee7f8a25f0b,2026-07-26T21:41:25.716583+00:00,DNSLINK_IPFS,dnslink_ipfs,ipfs_add_json,17.455041001085192,SUCCESS
820b02a7-c21b-4c75-84f8-7ee7f8a25f0b,2026-07-26T21:41:25.872639+00:00,DNSLINK_IPFS,dnslink_ipfs,dns_txt_update,155.6523340041167,SUCCESS
820b02a7-c21b-4c75-84f8-7ee7f8a25f0b,2026-07-26T21:41:25.872855+00:00,DNSLINK_IPFS,publish,publish_identity_s1,173.8773340039188,SUCCESS
820b02a7-c21b-4c75-84f8-7ee7f8a25f0b,2026-07-26T21:41:25.892134+00:00,DNSLINK_IPFS,dnslink_ipfs,ipfs_add_json,19.13441700162366,SUCCESS
820b02a7-c21b-4c75-84f8-7ee7f8a25f0b,2026-07-26T21:41:26.034330+00:00,DNSLINK_IPFS,dnslink_ipfs,dns_txt_update,141.7989999972633,SUCCESS
820b02a7-c21b-4c75-84f8-7ee7f8a25f0b,2026-07-26T21:41:26.034571+00:00,DNSLINK_IPFS,publish,publish_service_metadata,161.6292920007254,SUCCESS
820b02a7-c21b-4c75-84f8-7ee7f8a25f0b,2026-07-26T21:41:26.054339+00:00,DNSLINK_IPFS,dnslink_ipfs,ipfs_add_json,19.584333997045178,SUCCESS
820b02a7-c21b-4c75-84f8-7ee7f8a25f0b,2026-07-26T21:41:26.203674+00:00,DNSLINK_IPFS,dnslink_ipfs,dns_txt_update,149.00208299513906,SUCCESS
820b02a7-c21b-4c75-84f8-7ee7f8a25f0b,2026-07-26T21:41:26.203875+00:00,DNSLINK_IPFS,publish,publish_provider_registry,169.2157910001697,SUCCESS
820b02a7-c21b-4c75-84f8-7ee7f8a25f0b,2026-07-26T21:41:26.216579+00:00,DNSLINK_IPFS,dnslink_ipfs,dnssec_txt_resolve,12.410540999553632,SUCCESS
820b02a7-c21b-4c75-84f8-7ee7f8a25f0b,2026-07-26T21:41:26.217953+00:00,DNSLINK_IPFS,dnslink_ipfs,ipfs_cat_json,1.2304999982006848,SUCCESS
820b02a7-c21b-4c75-84f8-7ee7f8a25f0b,2026-07-26T21:41:26.227007+00:00,DNSLINK_IPFS,dnslink_ipfs,dnssec_txt_resolve,8.91224999941187,SUCCESS
820b02a7-c21b-4c75-84f8-7ee7f8a25f0b,2026-07-26T21:41:26.227919+00:00,DNSLINK_IPFS,dnslink_ipfs,ipfs_cat_json,0.7902079960331321,SUCCESS
820b02a7-c21b-4c75-84f8-7ee7f8a25f0b,2026-07-26T21:41:26.228012+00:00,DNSLINK_IPFS,discovery,broker_discovery,23.91241599980276,SUCCESS
820b02a7-c21b-4c75-84f8-7ee7f8a25f0b,2026-07-26T21:41:26.228811+00:00,DNSLINK_IPFS,dap,dap_create_capability,0.7147919968701899,SUCCESS
820b02a7-c21b-4c75-84f8-7ee7f8a25f0b,2026-07-26T21:41:26.229620+00:00,DNSLINK_IPFS,dap,dap_encrypt_enc_cap,0.698124997143168,SUCCESS
820b02a7-c21b-4c75-84f8-7ee7f8a25f0b,2026-07-26T21:41:26.229868+00:00,DNSLINK_IPFS,idap,client_session_init,0.15366599836852401,SUCCESS
820b02a7-c21b-4c75-84f8-7ee7f8a25f0b,2026-07-26T21:41:26.229930+00:00,DNSLINK_IPFS,idap,client_ephemeral_public_key,0.004209003236610442,SUCCESS
820b02a7-c21b-4c75-84f8-7ee7f8a25f0b,2026-07-26T21:41:26.230299+00:00,DNSLINK_IPFS,idap,client_request_sign,0.31283299904316664,SUCCESS
820b02a7-c21b-4c75-84f8-7ee7f8a25f0b,2026-07-26T21:41:26.230370+00:00,DNSLINK_IPFS,idap,canonical_request_payload,0.015459001588169485,SUCCESS
820b02a7-c21b-4c75-84f8-7ee7f8a25f0b,2026-07-26T21:41:26.242625+00:00,DNSLINK_IPFS,dnslink_ipfs,dnssec_txt_resolve,11.66233399999328,SUCCESS
820b02a7-c21b-4c75-84f8-7ee7f8a25f0b,2026-07-26T21:41:26.243818+00:00,DNSLINK_IPFS,dnslink_ipfs,ipfs_cat_json,1.0098330021719448,SUCCESS
820b02a7-c21b-4c75-84f8-7ee7f8a25f0b,2026-07-26T21:41:26.254271+00:00,DNSLINK_IPFS,dnslink_ipfs,dnssec_txt_resolve,10.185832994466182,SUCCESS
820b02a7-c21b-4c75-84f8-7ee7f8a25f0b,2026-07-26T21:41:26.255278+00:00,DNSLINK_IPFS,dnslink_ipfs,ipfs_cat_json,0.8449579981970601,SUCCESS
820b02a7-c21b-4c75-84f8-7ee7f8a25f0b,2026-07-26T21:41:26.264303+00:00,DNSLINK_IPFS,dnslink_ipfs,dnssec_txt_resolve,8.786457998212427,SUCCESS
820b02a7-c21b-4c75-84f8-7ee7f8a25f0b,2026-07-26T21:41:26.266410+00:00,DNSLINK_IPFS,dnslink_ipfs,ipfs_cat_json,1.8752499963738956,SUCCESS
820b02a7-c21b-4c75-84f8-7ee7f8a25f0b,2026-07-26T21:41:26.276871+00:00,DNSLINK_IPFS,dnslink_ipfs,dnssec_txt_resolve,10.138000005099457,SUCCESS
820b02a7-c21b-4c75-84f8-7ee7f8a25f0b,2026-07-26T21:41:26.279421+00:00,DNSLINK_IPFS,dnslink_ipfs,ipfs_cat_json,2.2113329978310503,SUCCESS
820b02a7-c21b-4c75-84f8-7ee7f8a25f0b,2026-07-26T21:41:26.282055+00:00,DNSLINK_IPFS,idap,idap_authorize,51.5434160042787,SUCCESS
820b02a7-c21b-4c75-84f8-7ee7f8a25f0b,2026-07-26T21:41:26.290499+00:00,DNSLINK_IPFS,dnslink_ipfs,dnssec_txt_resolve,7.92145800369326,SUCCESS
820b02a7-c21b-4c75-84f8-7ee7f8a25f0b,2026-07-26T21:41:26.291614+00:00,DNSLINK_IPFS,dnslink_ipfs,ipfs_cat_json,0.9918750001816079,SUCCESS
820b02a7-c21b-4c75-84f8-7ee7f8a25f0b,2026-07-26T21:41:26.300827+00:00,DNSLINK_IPFS,dnslink_ipfs,dnssec_txt_resolve,9.088334001717158,SUCCESS
820b02a7-c21b-4c75-84f8-7ee7f8a25f0b,2026-07-26T21:41:26.301739+00:00,DNSLINK_IPFS,dnslink_ipfs,ipfs_cat_json,0.8249169986811467,SUCCESS
820b02a7-c21b-4c75-84f8-7ee7f8a25f0b,2026-07-26T21:41:26.310846+00:00,DNSLINK_IPFS,dnslink_ipfs,dnssec_txt_resolve,8.980040998721961,SUCCESS
820b02a7-c21b-4c75-84f8-7ee7f8a25f0b,2026-07-26T21:41:26.311794+00:00,DNSLINK_IPFS,dnslink_ipfs,ipfs_cat_json,0.8557090040994808,SUCCESS
820b02a7-c21b-4c75-84f8-7ee7f8a25f0b,2026-07-26T21:41:26.324455+00:00,DNSLINK_IPFS,dnslink_ipfs,dnssec_txt_resolve,12.49929099867586,SUCCESS
820b02a7-c21b-4c75-84f8-7ee7f8a25f0b,2026-07-26T21:41:26.325364+00:00,DNSLINK_IPFS,dnslink_ipfs,ipfs_cat_json,0.7788340008119121,SUCCESS
820b02a7-c21b-4c75-84f8-7ee7f8a25f0b,2026-07-26T21:41:26.326169+00:00,DNSLINK_IPFS,idap,idap_replay_check,44.00175000046147,SUCCESS
820b02a7-c21b-4c75-84f8-7ee7f8a25f0b,2026-07-26T21:41:26.341064+00:00,DNSLINK_IPFS,dnslink_ipfs,dnssec_txt_resolve,14.808166997681838,SUCCESS
820b02a7-c21b-4c75-84f8-7ee7f8a25f0b,2026-07-26T21:41:26.341741+00:00,DNSLINK_IPFS,dnslink_ipfs,ipfs_cat_json,0.5886669969186187,SUCCESS
820b02a7-c21b-4c75-84f8-7ee7f8a25f0b,2026-07-26T21:41:26.341818+00:00,DNSLINK_IPFS,idap,resolve_service_public_key,15.594208001857623,SUCCESS
820b02a7-c21b-4c75-84f8-7ee7f8a25f0b,2026-07-26T21:41:26.341878+00:00,DNSLINK_IPFS,idap,compute_transcript,0.01612499909242615,SUCCESS
820b02a7-c21b-4c75-84f8-7ee7f8a25f0b,2026-07-26T21:41:26.342158+00:00,DNSLINK_IPFS,idap,transcript_verify,0.23920799867482856,SUCCESS
820b02a7-c21b-4c75-84f8-7ee7f8a25f0b,2026-07-26T21:41:26.342375+00:00,DNSLINK_IPFS,idap,client_shared_secret_derivation,0.17545800074003637,SUCCESS
820b02a7-c21b-4c75-84f8-7ee7f8a25f0b,2026-07-26T21:41:26.342428+00:00,DNSLINK_IPFS,idap,client_session_key_derivation,0.01512500602984801,SUCCESS
820b02a7-c21b-4c75-84f8-7ee7f8a25f0b,2026-07-26T21:41:26.342503+00:00,DNSLINK_IPFS,crypto,encrypt_message,0.02237500302726403,SUCCESS
820b02a7-c21b-4c75-84f8-7ee7f8a25f0b,2026-07-26T21:41:26.342548+00:00,DNSLINK_IPFS,crypto,decrypt_message,0.006750000466126949,SUCCESS
820b02a7-c21b-4c75-84f8-7ee7f8a25f0b,2026-07-26T21:41:26.342823+00:00,DNSLINK_IPFS,tampering,tampered_request_sign,0.21425000159069896,SUCCESS
820b02a7-c21b-4c75-84f8-7ee7f8a25f0b,2026-07-26T21:41:26.352476+00:00,DNSLINK_IPFS,dnslink_ipfs,dnssec_txt_resolve,9.300583995354827,SUCCESS
820b02a7-c21b-4c75-84f8-7ee7f8a25f0b,2026-07-26T21:41:26.353185+00:00,DNSLINK_IPFS,dnslink_ipfs,ipfs_cat_json,0.6289170050877146,SUCCESS
820b02a7-c21b-4c75-84f8-7ee7f8a25f0b,2026-07-26T21:41:26.362395+00:00,DNSLINK_IPFS,dnslink_ipfs,dnssec_txt_resolve,9.109457998420112,SUCCESS
820b02a7-c21b-4c75-84f8-7ee7f8a25f0b,2026-07-26T21:41:26.363267+00:00,DNSLINK_IPFS,dnslink_ipfs,ipfs_cat_json,0.7979579968377948,SUCCESS
820b02a7-c21b-4c75-84f8-7ee7f8a25f0b,2026-07-26T21:41:26.370729+00:00,DNSLINK_IPFS,dnslink_ipfs,dnssec_txt_resolve,7.357041999057401,SUCCESS
820b02a7-c21b-4c75-84f8-7ee7f8a25f0b,2026-07-26T21:41:26.371504+00:00,DNSLINK_IPFS,dnslink_ipfs,ipfs_cat_json,0.6959170059417374,SUCCESS
820b02a7-c21b-4c75-84f8-7ee7f8a25f0b,2026-07-26T21:41:26.388464+00:00,DNSLINK_IPFS,dnslink_ipfs,dnssec_txt_resolve,16.774916999565903,SUCCESS
820b02a7-c21b-4c75-84f8-7ee7f8a25f0b,2026-07-26T21:41:26.389550+00:00,DNSLINK_IPFS,dnslink_ipfs,ipfs_cat_json,0.915958997211419,SUCCESS
820b02a7-c21b-4c75-84f8-7ee7f8a25f0b,2026-07-26T21:41:26.390527+00:00,DNSLINK_IPFS,tampering,tampering_check,47.645167003793176,SUCCESS
820b02a7-c21b-4c75-84f8-7ee7f8a25f0b,2026-07-26T21:41:26.390596+00:00,DNSLINK_IPFS,summary,total_flow,1814.8788749967935,SUCCESS
37af0084-45c1-4b5d-ac62-fb646743e000,2026-07-26T21:41:26.488983+00:00,DNSLINK_IPFS,startup,initialize_store,0.005249996320344508,SUCCESS
37af0084-45c1-4b5d-ac62-fb646743e000,2026-07-26T21:41:26.491557+00:00,DNSLINK_IPFS,startup,generate_identity_cp,2.288625000801403,SUCCESS
37af0084-45c1-4b5d-ac62-fb646743e000,2026-07-26T21:41:26.491834+00:00,DNSLINK_IPFS,startup,generate_identity_sp,0.20987499738112092,SUCCESS
37af0084-45c1-4b5d-ac62-fb646743e000,2026-07-26T21:41:26.492065+00:00,DNSLINK_IPFS,startup,generate_identity_c1,0.18808399909175932,SUCCESS
37af0084-45c1-4b5d-ac62-fb646743e000,2026-07-26T21:41:26.492292+00:00,DNSLINK_IPFS,startup,generate_identity_s1,0.18887499754782766,SUCCESS
37af0084-45c1-4b5d-ac62-fb646743e000,2026-07-26T21:41:26.514309+00:00,DNSLINK_IPFS,dnslink_ipfs,ipfs_add_json,21.903541004576255,SUCCESS
37af0084-45c1-4b5d-ac62-fb646743e000,2026-07-26T21:41:27.275953+00:00,DNSLINK_IPFS,dnslink_ipfs,dns_txt_update,761.2629590003053,SUCCESS
37af0084-45c1-4b5d-ac62-fb646743e000,2026-07-26T21:41:27.276265+00:00,DNSLINK_IPFS,publish,publish_identity_cp,783.8978750005481,SUCCESS
37af0084-45c1-4b5d-ac62-fb646743e000,2026-07-26T21:41:27.297796+00:00,DNSLINK_IPFS,dnslink_ipfs,ipfs_add_json,21.218458001385443,SUCCESS
37af0084-45c1-4b5d-ac62-fb646743e000,2026-07-26T21:41:27.432906+00:00,DNSLINK_IPFS,dnslink_ipfs,dns_txt_update,134.72695800010115,SUCCESS
37af0084-45c1-4b5d-ac62-fb646743e000,2026-07-26T21:41:27.433107+00:00,DNSLINK_IPFS,publish,publish_identity_sp,156.62679099477828,SUCCESS
37af0084-45c1-4b5d-ac62-fb646743e000,2026-07-26T21:41:27.454313+00:00,DNSLINK_IPFS,dnslink_ipfs,ipfs_add_json,21.05883400508901,SUCCESS
37af0084-45c1-4b5d-ac62-fb646743e000,2026-07-26T21:41:28.509693+00:00,DNSLINK_IPFS,dnslink_ipfs,dns_txt_update,1055.037291996996,SUCCESS
37af0084-45c1-4b5d-ac62-fb646743e000,2026-07-26T21:41:28.509875+00:00,DNSLINK_IPFS,publish,publish_identity_c1,1076.6984579968266,SUCCESS
37af0084-45c1-4b5d-ac62-fb646743e000,2026-07-26T21:41:28.526861+00:00,DNSLINK_IPFS,dnslink_ipfs,ipfs_add_json,16.869499995664228,SUCCESS
37af0084-45c1-4b5d-ac62-fb646743e000,2026-07-26T21:41:28.693889+00:00,DNSLINK_IPFS,dnslink_ipfs,dns_txt_update,166.4671670005191,SUCCESS
37af0084-45c1-4b5d-ac62-fb646743e000,2026-07-26T21:41:28.694321+00:00,DNSLINK_IPFS,publish,publish_identity_s1,184.2366250057239,SUCCESS
37af0084-45c1-4b5d-ac62-fb646743e000,2026-07-26T21:41:28.731673+00:00,DNSLINK_IPFS,dnslink_ipfs,ipfs_add_json,35.526499996194616,SUCCESS
37af0084-45c1-4b5d-ac62-fb646743e000,2026-07-26T21:41:28.895736+00:00,DNSLINK_IPFS,dnslink_ipfs,dns_txt_update,163.5937089959043,SUCCESS
37af0084-45c1-4b5d-ac62-fb646743e000,2026-07-26T21:41:28.895985+00:00,DNSLINK_IPFS,publish,publish_service_metadata,201.43091600039043,SUCCESS
37af0084-45c1-4b5d-ac62-fb646743e000,2026-07-26T21:41:28.914547+00:00,DNSLINK_IPFS,dnslink_ipfs,ipfs_add_json,18.241541998577304,SUCCESS
37af0084-45c1-4b5d-ac62-fb646743e000,2026-07-26T21:41:29.069397+00:00,DNSLINK_IPFS,dnslink_ipfs,dns_txt_update,154.48462500353344,SUCCESS
37af0084-45c1-4b5d-ac62-fb646743e000,2026-07-26T21:41:29.069657+00:00,DNSLINK_IPFS,publish,publish_provider_registry,173.43049999908544,SUCCESS
37af0084-45c1-4b5d-ac62-fb646743e000,2026-07-26T21:41:29.083782+00:00,DNSLINK_IPFS,dnslink_ipfs,dnssec_txt_resolve,13.923167003667913,SUCCESS
37af0084-45c1-4b5d-ac62-fb646743e000,2026-07-26T21:41:29.085584+00:00,DNSLINK_IPFS,dnslink_ipfs,ipfs_cat_json,1.585332996910438,SUCCESS
37af0084-45c1-4b5d-ac62-fb646743e000,2026-07-26T21:41:29.097079+00:00,DNSLINK_IPFS,dnslink_ipfs,dnssec_txt_resolve,11.27575000282377,SUCCESS
37af0084-45c1-4b5d-ac62-fb646743e000,2026-07-26T21:41:29.098756+00:00,DNSLINK_IPFS,dnslink_ipfs,ipfs_cat_json,1.4632079983130097,SUCCESS
37af0084-45c1-4b5d-ac62-fb646743e000,2026-07-26T21:41:29.098944+00:00,DNSLINK_IPFS,discovery,broker_discovery,29.162374994484708,SUCCESS
37af0084-45c1-4b5d-ac62-fb646743e000,2026-07-26T21:41:29.100176+00:00,DNSLINK_IPFS,dap,dap_create_capability,1.085666001017671,SUCCESS
37af0084-45c1-4b5d-ac62-fb646743e000,2026-07-26T21:41:29.101415+00:00,DNSLINK_IPFS,dap,dap_encrypt_enc_cap,1.0527090053074062,SUCCESS
37af0084-45c1-4b5d-ac62-fb646743e000,2026-07-26T21:41:29.101771+00:00,DNSLINK_IPFS,idap,client_session_init,0.2114589951816015,SUCCESS
37af0084-45c1-4b5d-ac62-fb646743e000,2026-07-26T21:41:29.101861+00:00,DNSLINK_IPFS,idap,client_ephemeral_public_key,0.0054580013966187835,SUCCESS
37af0084-45c1-4b5d-ac62-fb646743e000,2026-07-26T21:41:29.102373+00:00,DNSLINK_IPFS,idap,client_request_sign,0.4305000038584694,SUCCESS
37af0084-45c1-4b5d-ac62-fb646743e000,2026-07-26T21:41:29.102482+00:00,DNSLINK_IPFS,idap,canonical_request_payload,0.027415997465141118,SUCCESS
37af0084-45c1-4b5d-ac62-fb646743e000,2026-07-26T21:41:29.115257+00:00,DNSLINK_IPFS,dnslink_ipfs,dnssec_txt_resolve,11.980666000454221,SUCCESS
37af0084-45c1-4b5d-ac62-fb646743e000,2026-07-26T21:41:29.116629+00:00,DNSLINK_IPFS,dnslink_ipfs,ipfs_cat_json,1.127582996559795,SUCCESS
37af0084-45c1-4b5d-ac62-fb646743e000,2026-07-26T21:41:29.128936+00:00,DNSLINK_IPFS,dnslink_ipfs,dnssec_txt_resolve,12.007000004814472,SUCCESS
37af0084-45c1-4b5d-ac62-fb646743e000,2026-07-26T21:41:29.130564+00:00,DNSLINK_IPFS,dnslink_ipfs,ipfs_cat_json,1.4527090024785139,SUCCESS
37af0084-45c1-4b5d-ac62-fb646743e000,2026-07-26T21:41:29.142375+00:00,DNSLINK_IPFS,dnslink_ipfs,dnssec_txt_resolve,11.562291998416185,SUCCESS
37af0084-45c1-4b5d-ac62-fb646743e000,2026-07-26T21:41:29.143669+00:00,DNSLINK_IPFS,dnslink_ipfs,ipfs_cat_json,1.1318329998175614,SUCCESS
37af0084-45c1-4b5d-ac62-fb646743e000,2026-07-26T21:41:29.154146+00:00,DNSLINK_IPFS,dnslink_ipfs,dnssec_txt_resolve,10.2487089970964,SUCCESS
37af0084-45c1-4b5d-ac62-fb646743e000,2026-07-26T21:41:29.155314+00:00,DNSLINK_IPFS,dnslink_ipfs,ipfs_cat_json,1.0093749951920472,SUCCESS
37af0084-45c1-4b5d-ac62-fb646743e000,2026-07-26T21:41:29.157626+00:00,DNSLINK_IPFS,idap,idap_authorize,55.05562500184169,SUCCESS
37af0084-45c1-4b5d-ac62-fb646743e000,2026-07-26T21:41:29.167502+00:00,DNSLINK_IPFS,dnslink_ipfs,dnssec_txt_resolve,9.25324999843724,SUCCESS
37af0084-45c1-4b5d-ac62-fb646743e000,2026-07-26T21:41:29.168406+00:00,DNSLINK_IPFS,dnslink_ipfs,ipfs_cat_json,0.7957499983604066,SUCCESS
37af0084-45c1-4b5d-ac62-fb646743e000,2026-07-26T21:41:29.178388+00:00,DNSLINK_IPFS,dnslink_ipfs,dnssec_txt_resolve,9.788333001779392,SUCCESS
37af0084-45c1-4b5d-ac62-fb646743e000,2026-07-26T21:41:29.179584+00:00,DNSLINK_IPFS,dnslink_ipfs,ipfs_cat_json,1.0220000040135346,SUCCESS
37af0084-45c1-4b5d-ac62-fb646743e000,2026-07-26T21:41:29.190213+00:00,DNSLINK_IPFS,dnslink_ipfs,dnssec_txt_resolve,10.38074999814853,SUCCESS
37af0084-45c1-4b5d-ac62-fb646743e000,2026-07-26T21:41:29.191599+00:00,DNSLINK_IPFS,dnslink_ipfs,ipfs_cat_json,1.1465839997981675,SUCCESS
37af0084-45c1-4b5d-ac62-fb646743e000,2026-07-26T21:41:29.201546+00:00,DNSLINK_IPFS,dnslink_ipfs,dnssec_txt_resolve,9.788915995159186,SUCCESS
37af0084-45c1-4b5d-ac62-fb646743e000,2026-07-26T21:41:29.202506+00:00,DNSLINK_IPFS,dnslink_ipfs,ipfs_cat_json,0.8327079995069653,SUCCESS
37af0084-45c1-4b5d-ac62-fb646743e000,2026-07-26T21:41:29.203937+00:00,DNSLINK_IPFS,idap,idap_replay_check,46.214083005907014,SUCCESS
37af0084-45c1-4b5d-ac62-fb646743e000,2026-07-26T21:41:29.213405+00:00,DNSLINK_IPFS,dnslink_ipfs,dnssec_txt_resolve,9.34616700396873,SUCCESS
37af0084-45c1-4b5d-ac62-fb646743e000,2026-07-26T21:41:29.214402+00:00,DNSLINK_IPFS,dnslink_ipfs,ipfs_cat_json,0.8576250038458966,SUCCESS
37af0084-45c1-4b5d-ac62-fb646743e000,2026-07-26T21:41:29.214556+00:00,DNSLINK_IPFS,idap,resolve_service_public_key,10.52154100034386,SUCCESS
37af0084-45c1-4b5d-ac62-fb646743e000,2026-07-26T21:41:29.214670+00:00,DNSLINK_IPFS,idap,compute_transcript,0.02920899714808911,SUCCESS
37af0084-45c1-4b5d-ac62-fb646743e000,2026-07-26T21:41:29.215169+00:00,DNSLINK_IPFS,idap,transcript_verify,0.42337500053690746,SUCCESS
37af0084-45c1-4b5d-ac62-fb646743e000,2026-07-26T21:41:29.215548+00:00,DNSLINK_IPFS,idap,client_shared_secret_derivation,0.3026669946848415,SUCCESS
37af0084-45c1-4b5d-ac62-fb646743e000,2026-07-26T21:41:29.215644+00:00,DNSLINK_IPFS,idap,client_session_key_derivation,0.027082998713012785,SUCCESS
37af0084-45c1-4b5d-ac62-fb646743e000,2026-07-26T21:41:29.215762+00:00,DNSLINK_IPFS,crypto,encrypt_message,0.030000002880115062,SUCCESS
37af0084-45c1-4b5d-ac62-fb646743e000,2026-07-26T21:41:29.215841+00:00,DNSLINK_IPFS,crypto,decrypt_message,0.010540999937802553,SUCCESS
37af0084-45c1-4b5d-ac62-fb646743e000,2026-07-26T21:41:29.216314+00:00,DNSLINK_IPFS,tampering,tampered_request_sign,0.370917005056981,SUCCESS
37af0084-45c1-4b5d-ac62-fb646743e000,2026-07-26T21:41:29.227436+00:00,DNSLINK_IPFS,dnslink_ipfs,dnssec_txt_resolve,10.492624998732936,SUCCESS
37af0084-45c1-4b5d-ac62-fb646743e000,2026-07-26T21:41:29.228494+00:00,DNSLINK_IPFS,dnslink_ipfs,ipfs_cat_json,0.9078750008484349,SUCCESS
37af0084-45c1-4b5d-ac62-fb646743e000,2026-07-26T21:41:29.238272+00:00,DNSLINK_IPFS,dnslink_ipfs,dnssec_txt_resolve,9.618999996746425,SUCCESS
37af0084-45c1-4b5d-ac62-fb646743e000,2026-07-26T21:41:29.239146+00:00,DNSLINK_IPFS,dnslink_ipfs,ipfs_cat_json,0.7662080024601892,SUCCESS
37af0084-45c1-4b5d-ac62-fb646743e000,2026-07-26T21:41:29.249302+00:00,DNSLINK_IPFS,dnslink_ipfs,dnssec_txt_resolve,9.996333996241447,SUCCESS
37af0084-45c1-4b5d-ac62-fb646743e000,2026-07-26T21:41:29.250394+00:00,DNSLINK_IPFS,dnslink_ipfs,ipfs_cat_json,0.9586669984855689,SUCCESS
37af0084-45c1-4b5d-ac62-fb646743e000,2026-07-26T21:41:29.259787+00:00,DNSLINK_IPFS,dnslink_ipfs,dnssec_txt_resolve,9.23250000050757,SUCCESS
37af0084-45c1-4b5d-ac62-fb646743e000,2026-07-26T21:41:29.261013+00:00,DNSLINK_IPFS,dnslink_ipfs,ipfs_cat_json,1.097499996831175,SUCCESS
37af0084-45c1-4b5d-ac62-fb646743e000,2026-07-26T21:41:29.262641+00:00,DNSLINK_IPFS,tampering,tampering_check,46.233458997448906,SUCCESS
37af0084-45c1-4b5d-ac62-fb646743e000,2026-07-26T21:41:29.262744+00:00,DNSLINK_IPFS,summary,total_flow,2773.8216249999823,SUCCESS
d6f46fea-dfdb-4b96-b179-7299f089916d,2026-07-26T21:41:29.384924+00:00,DNSLINK_IPFS,startup,initialize_store,0.004540997906588018,SUCCESS
d6f46fea-dfdb-4b96-b179-7299f089916d,2026-07-26T21:41:29.387843+00:00,DNSLINK_IPFS,startup,generate_identity_cp,2.537500004109461,SUCCESS
d6f46fea-dfdb-4b96-b179-7299f089916d,2026-07-26T21:41:29.388102+00:00,DNSLINK_IPFS,startup,generate_identity_sp,0.18233299488201737,SUCCESS
d6f46fea-dfdb-4b96-b179-7299f089916d,2026-07-26T21:41:29.388323+00:00,DNSLINK_IPFS,startup,generate_identity_c1,0.17358300101477653,SUCCESS
d6f46fea-dfdb-4b96-b179-7299f089916d,2026-07-26T21:41:29.388537+00:00,DNSLINK_IPFS,startup,generate_identity_s1,0.17320800543529913,SUCCESS
d6f46fea-dfdb-4b96-b179-7299f089916d,2026-07-26T21:41:29.410198+00:00,DNSLINK_IPFS,dnslink_ipfs,ipfs_add_json,21.560667002631817,SUCCESS
d6f46fea-dfdb-4b96-b179-7299f089916d,2026-07-26T21:41:30.135784+00:00,DNSLINK_IPFS,dnslink_ipfs,dns_txt_update,725.18604099605,SUCCESS
d6f46fea-dfdb-4b96-b179-7299f089916d,2026-07-26T21:41:30.136118+00:00,DNSLINK_IPFS,publish,publish_identity_cp,747.5207909956225,SUCCESS
d6f46fea-dfdb-4b96-b179-7299f089916d,2026-07-26T21:41:30.159795+00:00,DNSLINK_IPFS,dnslink_ipfs,ipfs_add_json,23.33708300284343,SUCCESS
d6f46fea-dfdb-4b96-b179-7299f089916d,2026-07-26T21:41:30.309418+00:00,DNSLINK_IPFS,dnslink_ipfs,dns_txt_update,148.91350000107195,SUCCESS
d6f46fea-dfdb-4b96-b179-7299f089916d,2026-07-26T21:41:30.309938+00:00,DNSLINK_IPFS,publish,publish_identity_sp,173.62299999513198,SUCCESS
d6f46fea-dfdb-4b96-b179-7299f089916d,2026-07-26T21:41:30.329378+00:00,DNSLINK_IPFS,dnslink_ipfs,ipfs_add_json,19.028583003091626,SUCCESS
d6f46fea-dfdb-4b96-b179-7299f089916d,2026-07-26T21:41:30.495518+00:00,DNSLINK_IPFS,dnslink_ipfs,dns_txt_update,165.57920899504097,SUCCESS
d6f46fea-dfdb-4b96-b179-7299f089916d,2026-07-26T21:41:30.495797+00:00,DNSLINK_IPFS,publish,publish_identity_c1,185.65016699722037,SUCCESS
d6f46fea-dfdb-4b96-b179-7299f089916d,2026-07-26T21:41:30.520365+00:00,DNSLINK_IPFS,dnslink_ipfs,ipfs_add_json,24.313082998560276,SUCCESS
d6f46fea-dfdb-4b96-b179-7299f089916d,2026-07-26T21:41:30.693151+00:00,DNSLINK_IPFS,dnslink_ipfs,dns_txt_update,172.23741699854145,SUCCESS
d6f46fea-dfdb-4b96-b179-7299f089916d,2026-07-26T21:41:30.693411+00:00,DNSLINK_IPFS,publish,publish_identity_s1,197.52854199759895,SUCCESS
d6f46fea-dfdb-4b96-b179-7299f089916d,2026-07-26T21:41:30.714801+00:00,DNSLINK_IPFS,dnslink_ipfs,ipfs_add_json,21.16020899848081,SUCCESS
d6f46fea-dfdb-4b96-b179-7299f089916d,2026-07-26T21:41:30.868498+00:00,DNSLINK_IPFS,dnslink_ipfs,dns_txt_update,153.13091599819018,SUCCESS
d6f46fea-dfdb-4b96-b179-7299f089916d,2026-07-26T21:41:30.868771+00:00,DNSLINK_IPFS,publish,publish_service_metadata,175.2437920004013,SUCCESS
d6f46fea-dfdb-4b96-b179-7299f089916d,2026-07-26T21:41:30.886753+00:00,DNSLINK_IPFS,dnslink_ipfs,ipfs_add_json,17.70791699527763,SUCCESS
d6f46fea-dfdb-4b96-b179-7299f089916d,2026-07-26T21:41:31.037754+00:00,DNSLINK_IPFS,dnslink_ipfs,dns_txt_update,150.57220900052926,SUCCESS
d6f46fea-dfdb-4b96-b179-7299f089916d,2026-07-26T21:41:31.038034+00:00,DNSLINK_IPFS,publish,publish_provider_registry,169.04741600592388,SUCCESS
d6f46fea-dfdb-4b96-b179-7299f089916d,2026-07-26T21:41:31.052720+00:00,DNSLINK_IPFS,dnslink_ipfs,dnssec_txt_resolve,14.479915997071657,SUCCESS
d6f46fea-dfdb-4b96-b179-7299f089916d,2026-07-26T21:41:31.054530+00:00,DNSLINK_IPFS,dnslink_ipfs,ipfs_cat_json,1.4840000003459863,SUCCESS
d6f46fea-dfdb-4b96-b179-7299f089916d,2026-07-26T21:41:31.064719+00:00,DNSLINK_IPFS,dnslink_ipfs,dnssec_txt_resolve,9.924167003191542,SUCCESS
d6f46fea-dfdb-4b96-b179-7299f089916d,2026-07-26T21:41:31.066055+00:00,DNSLINK_IPFS,dnslink_ipfs,ipfs_cat_json,1.143833993410226,SUCCESS
d6f46fea-dfdb-4b96-b179-7299f089916d,2026-07-26T21:41:31.066218+00:00,DNSLINK_IPFS,discovery,broker_discovery,28.065291997336317,SUCCESS
d6f46fea-dfdb-4b96-b179-7299f089916d,2026-07-26T21:41:31.067200+00:00,DNSLINK_IPFS,dap,dap_create_capability,0.8428329965681769,SUCCESS
d6f46fea-dfdb-4b96-b179-7299f089916d,2026-07-26T21:41:31.068442+00:00,DNSLINK_IPFS,dap,dap_encrypt_enc_cap,1.0496670001884922,SUCCESS
d6f46fea-dfdb-4b96-b179-7299f089916d,2026-07-26T21:41:31.068821+00:00,DNSLINK_IPFS,idap,client_session_init,0.2135419999831356,SUCCESS
d6f46fea-dfdb-4b96-b179-7299f089916d,2026-07-26T21:41:31.068910+00:00,DNSLINK_IPFS,idap,client_ephemeral_public_key,0.005957997927907854,SUCCESS
d6f46fea-dfdb-4b96-b179-7299f089916d,2026-07-26T21:41:31.069549+00:00,DNSLINK_IPFS,idap,client_request_sign,0.5401669986895286,SUCCESS
d6f46fea-dfdb-4b96-b179-7299f089916d,2026-07-26T21:41:31.069695+00:00,DNSLINK_IPFS,idap,canonical_request_payload,0.04308400093577802,SUCCESS
d6f46fea-dfdb-4b96-b179-7299f089916d,2026-07-26T21:41:31.086258+00:00,DNSLINK_IPFS,dnslink_ipfs,dnssec_txt_resolve,15.628583001671359,SUCCESS
d6f46fea-dfdb-4b96-b179-7299f089916d,2026-07-26T21:41:31.088145+00:00,DNSLINK_IPFS,dnslink_ipfs,ipfs_cat_json,1.5362500053015538,SUCCESS
d6f46fea-dfdb-4b96-b179-7299f089916d,2026-07-26T21:41:31.097892+00:00,DNSLINK_IPFS,dnslink_ipfs,dnssec_txt_resolve,9.391917003085837,SUCCESS
d6f46fea-dfdb-4b96-b179-7299f089916d,2026-07-26T21:41:31.099216+00:00,DNSLINK_IPFS,dnslink_ipfs,ipfs_cat_json,1.138209001510404,SUCCESS
d6f46fea-dfdb-4b96-b179-7299f089916d,2026-07-26T21:41:31.109000+00:00,DNSLINK_IPFS,dnslink_ipfs,dnssec_txt_resolve,9.546958004648332,SUCCESS
d6f46fea-dfdb-4b96-b179-7299f089916d,2026-07-26T21:41:31.110243+00:00,DNSLINK_IPFS,dnslink_ipfs,ipfs_cat_json,1.0800000018207356,SUCCESS
d6f46fea-dfdb-4b96-b179-7299f089916d,2026-07-26T21:41:31.121978+00:00,DNSLINK_IPFS,dnslink_ipfs,dnssec_txt_resolve,11.534500001289416,SUCCESS
d6f46fea-dfdb-4b96-b179-7299f089916d,2026-07-26T21:41:31.123510+00:00,DNSLINK_IPFS,dnslink_ipfs,ipfs_cat_json,1.3213749989517964,SUCCESS
d6f46fea-dfdb-4b96-b179-7299f089916d,2026-07-26T21:41:31.126470+00:00,DNSLINK_IPFS,idap,idap_authorize,56.671749996894505,SUCCESS
d6f46fea-dfdb-4b96-b179-7299f089916d,2026-07-26T21:41:31.138204+00:00,DNSLINK_IPFS,dnslink_ipfs,dnssec_txt_resolve,10.993583004164975,SUCCESS
d6f46fea-dfdb-4b96-b179-7299f089916d,2026-07-26T21:41:31.139282+00:00,DNSLINK_IPFS,dnslink_ipfs,ipfs_cat_json,0.9442090013180859,SUCCESS
d6f46fea-dfdb-4b96-b179-7299f089916d,2026-07-26T21:41:31.149057+00:00,DNSLINK_IPFS,dnslink_ipfs,dnssec_txt_resolve,9.596957999747247,SUCCESS
d6f46fea-dfdb-4b96-b179-7299f089916d,2026-07-26T21:41:31.150157+00:00,DNSLINK_IPFS,dnslink_ipfs,ipfs_cat_json,0.9476250052102841,SUCCESS
d6f46fea-dfdb-4b96-b179-7299f089916d,2026-07-26T21:41:31.159480+00:00,DNSLINK_IPFS,dnslink_ipfs,dnssec_txt_resolve,9.030790999531746,SUCCESS
d6f46fea-dfdb-4b96-b179-7299f089916d,2026-07-26T21:41:31.160757+00:00,DNSLINK_IPFS,dnslink_ipfs,ipfs_cat_json,1.0855000000447035,SUCCESS
d6f46fea-dfdb-4b96-b179-7299f089916d,2026-07-26T21:41:31.169825+00:00,DNSLINK_IPFS,dnslink_ipfs,dnssec_txt_resolve,8.884708004188724,SUCCESS
d6f46fea-dfdb-4b96-b179-7299f089916d,2026-07-26T21:41:31.170884+00:00,DNSLINK_IPFS,dnslink_ipfs,ipfs_cat_json,0.9363750068587251,SUCCESS
d6f46fea-dfdb-4b96-b179-7299f089916d,2026-07-26T21:41:31.172458+00:00,DNSLINK_IPFS,idap,idap_replay_check,45.873082999605685,SUCCESS
d6f46fea-dfdb-4b96-b179-7299f089916d,2026-07-26T21:41:31.181182+00:00,DNSLINK_IPFS,dnslink_ipfs,dnssec_txt_resolve,8.585499999753665,SUCCESS
d6f46fea-dfdb-4b96-b179-7299f089916d,2026-07-26T21:41:31.182210+00:00,DNSLINK_IPFS,dnslink_ipfs,ipfs_cat_json,0.9067499995580874,SUCCESS
d6f46fea-dfdb-4b96-b179-7299f089916d,2026-07-26T21:41:31.182340+00:00,DNSLINK_IPFS,idap,resolve_service_public_key,9.777541999937966,SUCCESS
d6f46fea-dfdb-4b96-b179-7299f089916d,2026-07-26T21:41:31.182448+00:00,DNSLINK_IPFS,idap,compute_transcript,0.026749999960884452,SUCCESS
d6f46fea-dfdb-4b96-b179-7299f089916d,2026-07-26T21:41:31.182986+00:00,DNSLINK_IPFS,idap,transcript_verify,0.46129199472488835,SUCCESS
d6f46fea-dfdb-4b96-b179-7299f089916d,2026-07-26T21:41:31.183415+00:00,DNSLINK_IPFS,idap,client_shared_secret_derivation,0.34941699414048344,SUCCESS
d6f46fea-dfdb-4b96-b179-7299f089916d,2026-07-26T21:41:31.183512+00:00,DNSLINK_IPFS,idap,client_session_key_derivation,0.02333400334464386,SUCCESS
d6f46fea-dfdb-4b96-b179-7299f089916d,2026-07-26T21:41:31.183648+00:00,DNSLINK_IPFS,crypto,encrypt_message,0.03095899592153728,SUCCESS
d6f46fea-dfdb-4b96-b179-7299f089916d,2026-07-26T21:41:31.183737+00:00,DNSLINK_IPFS,crypto,decrypt_message,0.011750002158805728,SUCCESS
d6f46fea-dfdb-4b96-b179-7299f089916d,2026-07-26T21:41:31.184275+00:00,DNSLINK_IPFS,tampering,tampered_request_sign,0.4269999990356155,SUCCESS
d6f46fea-dfdb-4b96-b179-7299f089916d,2026-07-26T21:41:31.195199+00:00,DNSLINK_IPFS,dnslink_ipfs,dnssec_txt_resolve,10.240499999781605,SUCCESS
d6f46fea-dfdb-4b96-b179-7299f089916d,2026-07-26T21:41:31.196271+00:00,DNSLINK_IPFS,dnslink_ipfs,ipfs_cat_json,0.956374999077525,SUCCESS
d6f46fea-dfdb-4b96-b179-7299f089916d,2026-07-26T21:41:31.207246+00:00,DNSLINK_IPFS,dnslink_ipfs,dnssec_txt_resolve,10.823500000697095,SUCCESS
d6f46fea-dfdb-4b96-b179-7299f089916d,2026-07-26T21:41:31.208552+00:00,DNSLINK_IPFS,dnslink_ipfs,ipfs_cat_json,1.1798749983427115,SUCCESS
d6f46fea-dfdb-4b96-b179-7299f089916d,2026-07-26T21:41:31.219378+00:00,DNSLINK_IPFS,dnslink_ipfs,dnssec_txt_resolve,10.617500003718305,SUCCESS
d6f46fea-dfdb-4b96-b179-7299f089916d,2026-07-26T21:41:31.220504+00:00,DNSLINK_IPFS,dnslink_ipfs,ipfs_cat_json,0.9478749998379499,SUCCESS
d6f46fea-dfdb-4b96-b179-7299f089916d,2026-07-26T21:41:31.233362+00:00,DNSLINK_IPFS,dnslink_ipfs,dnssec_txt_resolve,12.551291998533998,SUCCESS
d6f46fea-dfdb-4b96-b179-7299f089916d,2026-07-26T21:41:31.234758+00:00,DNSLINK_IPFS,dnslink_ipfs,ipfs_cat_json,1.0725419997470453,SUCCESS
d6f46fea-dfdb-4b96-b179-7299f089916d,2026-07-26T21:41:31.236417+00:00,DNSLINK_IPFS,tampering,tampering_check,52.039208996575326,SUCCESS
d6f46fea-dfdb-4b96-b179-7299f089916d,2026-07-26T21:41:31.236528+00:00,DNSLINK_IPFS,summary,total_flow,1851.6427499998827,SUCCESS
a8825030-df1c-4e94-b9b1-6fc17a98b307,2026-07-26T21:41:31.345223+00:00,DNSLINK_IPFS,startup,initialize_store,0.004749999789055437,SUCCESS
a8825030-df1c-4e94-b9b1-6fc17a98b307,2026-07-26T21:41:31.347912+00:00,DNSLINK_IPFS,startup,generate_identity_cp,2.3924590059323236,SUCCESS
a8825030-df1c-4e94-b9b1-6fc17a98b307,2026-07-26T21:41:31.348185+00:00,DNSLINK_IPFS,startup,generate_identity_sp,0.20041599782416597,SUCCESS
a8825030-df1c-4e94-b9b1-6fc17a98b307,2026-07-26T21:41:31.348419+00:00,DNSLINK_IPFS,startup,generate_identity_c1,0.18808299500960857,SUCCESS
a8825030-df1c-4e94-b9b1-6fc17a98b307,2026-07-26T21:41:31.348646+00:00,DNSLINK_IPFS,startup,generate_identity_s1,0.1862499993876554,SUCCESS
a8825030-df1c-4e94-b9b1-6fc17a98b307,2026-07-26T21:41:31.372945+00:00,DNSLINK_IPFS,dnslink_ipfs,ipfs_add_json,24.206082998716738,SUCCESS
a8825030-df1c-4e94-b9b1-6fc17a98b307,2026-07-26T21:41:31.543776+00:00,DNSLINK_IPFS,dnslink_ipfs,dns_txt_update,170.56891600077506,SUCCESS
a8825030-df1c-4e94-b9b1-6fc17a98b307,2026-07-26T21:41:31.543958+00:00,DNSLINK_IPFS,publish,publish_identity_cp,195.25537500157952,SUCCESS
a8825030-df1c-4e94-b9b1-6fc17a98b307,2026-07-26T21:41:31.563162+00:00,DNSLINK_IPFS,dnslink_ipfs,ipfs_add_json,19.039040998904966,SUCCESS
a8825030-df1c-4e94-b9b1-6fc17a98b307,2026-07-26T21:41:31.727264+00:00,DNSLINK_IPFS,dnslink_ipfs,dns_txt_update,163.78425000584684,SUCCESS
a8825030-df1c-4e94-b9b1-6fc17a98b307,2026-07-26T21:41:31.727473+00:00,DNSLINK_IPFS,publish,publish_identity_sp,183.43083299987484,SUCCESS
a8825030-df1c-4e94-b9b1-6fc17a98b307,2026-07-26T21:41:31.746996+00:00,DNSLINK_IPFS,dnslink_ipfs,ipfs_add_json,19.368790999578778,SUCCESS
a8825030-df1c-4e94-b9b1-6fc17a98b307,2026-07-26T21:41:31.891597+00:00,DNSLINK_IPFS,dnslink_ipfs,dns_txt_update,144.2778749988065,SUCCESS
a8825030-df1c-4e94-b9b1-6fc17a98b307,2026-07-26T21:41:31.891797+00:00,DNSLINK_IPFS,publish,publish_identity_c1,164.23079200467328,SUCCESS
a8825030-df1c-4e94-b9b1-6fc17a98b307,2026-07-26T21:41:31.914078+00:00,DNSLINK_IPFS,dnslink_ipfs,ipfs_add_json,22.131541001726873,SUCCESS
a8825030-df1c-4e94-b9b1-6fc17a98b307,2026-07-26T21:41:32.052963+00:00,DNSLINK_IPFS,dnslink_ipfs,dns_txt_update,138.5465419953107,SUCCESS
a8825030-df1c-4e94-b9b1-6fc17a98b307,2026-07-26T21:41:32.053226+00:00,DNSLINK_IPFS,publish,publish_identity_s1,161.31179200601764,SUCCESS
a8825030-df1c-4e94-b9b1-6fc17a98b307,2026-07-26T21:41:32.074734+00:00,DNSLINK_IPFS,dnslink_ipfs,ipfs_add_json,21.253999999316875,SUCCESS
a8825030-df1c-4e94-b9b1-6fc17a98b307,2026-07-26T21:41:32.227710+00:00,DNSLINK_IPFS,dnslink_ipfs,dns_txt_update,152.61458299937658,SUCCESS
a8825030-df1c-4e94-b9b1-6fc17a98b307,2026-07-26T21:41:32.227941+00:00,DNSLINK_IPFS,publish,publish_service_metadata,174.53050000040093,SUCCESS
a8825030-df1c-4e94-b9b1-6fc17a98b307,2026-07-26T21:41:32.247781+00:00,DNSLINK_IPFS,dnslink_ipfs,ipfs_add_json,19.63291699939873,SUCCESS
a8825030-df1c-4e94-b9b1-6fc17a98b307,2026-07-26T21:41:32.402833+00:00,DNSLINK_IPFS,dnslink_ipfs,dns_txt_update,154.72629199939547,SUCCESS
a8825030-df1c-4e94-b9b1-6fc17a98b307,2026-07-26T21:41:32.403011+00:00,DNSLINK_IPFS,publish,publish_provider_registry,174.99366699485108,SUCCESS
a8825030-df1c-4e94-b9b1-6fc17a98b307,2026-07-26T21:41:32.414388+00:00,DNSLINK_IPFS,dnslink_ipfs,dnssec_txt_resolve,11.234040997806005,SUCCESS
a8825030-df1c-4e94-b9b1-6fc17a98b307,2026-07-26T21:41:32.415912+00:00,DNSLINK_IPFS,dnslink_ipfs,ipfs_cat_json,1.3732499937759712,SUCCESS
a8825030-df1c-4e94-b9b1-6fc17a98b307,2026-07-26T21:41:32.426852+00:00,DNSLINK_IPFS,dnslink_ipfs,dnssec_txt_resolve,10.719208999944385,SUCCESS
a8825030-df1c-4e94-b9b1-6fc17a98b307,2026-07-26T21:41:32.429158+00:00,DNSLINK_IPFS,dnslink_ipfs,ipfs_cat_json,1.971917001355905,SUCCESS
a8825030-df1c-4e94-b9b1-6fc17a98b307,2026-07-26T21:41:32.429570+00:00,DNSLINK_IPFS,discovery,broker_discovery,26.44012500240933,SUCCESS
a8825030-df1c-4e94-b9b1-6fc17a98b307,2026-07-26T21:41:32.430876+00:00,DNSLINK_IPFS,dap,dap_create_capability,1.1723329953383654,SUCCESS
a8825030-df1c-4e94-b9b1-6fc17a98b307,2026-07-26T21:41:32.431950+00:00,DNSLINK_IPFS,dap,dap_encrypt_enc_cap,0.9312090041930787,SUCCESS
a8825030-df1c-4e94-b9b1-6fc17a98b307,2026-07-26T21:41:32.432205+00:00,DNSLINK_IPFS,idap,client_session_init,0.14191700029186904,SUCCESS
a8825030-df1c-4e94-b9b1-6fc17a98b307,2026-07-26T21:41:32.432270+00:00,DNSLINK_IPFS,idap,client_ephemeral_public_key,0.004875000740867108,SUCCESS
a8825030-df1c-4e94-b9b1-6fc17a98b307,2026-07-26T21:41:32.432597+00:00,DNSLINK_IPFS,idap,client_request_sign,0.2753329972620122,SUCCESS
a8825030-df1c-4e94-b9b1-6fc17a98b307,2026-07-26T21:41:32.432659+00:00,DNSLINK_IPFS,idap,canonical_request_payload,0.013959004718344659,SUCCESS
a8825030-df1c-4e94-b9b1-6fc17a98b307,2026-07-26T21:41:32.443657+00:00,DNSLINK_IPFS,dnslink_ipfs,dnssec_txt_resolve,10.367584000050556,SUCCESS
a8825030-df1c-4e94-b9b1-6fc17a98b307,2026-07-26T21:41:32.444941+00:00,DNSLINK_IPFS,dnslink_ipfs,ipfs_cat_json,1.1088749961345457,SUCCESS
a8825030-df1c-4e94-b9b1-6fc17a98b307,2026-07-26T21:41:32.472411+00:00,DNSLINK_IPFS,dnslink_ipfs,dnssec_txt_resolve,27.224916993873194,SUCCESS
a8825030-df1c-4e94-b9b1-6fc17a98b307,2026-07-26T21:41:32.474426+00:00,DNSLINK_IPFS,dnslink_ipfs,ipfs_cat_json,1.9102080041193403,SUCCESS
a8825030-df1c-4e94-b9b1-6fc17a98b307,2026-07-26T21:41:32.486647+00:00,DNSLINK_IPFS,dnslink_ipfs,dnssec_txt_resolve,12.03158399584936,SUCCESS
a8825030-df1c-4e94-b9b1-6fc17a98b307,2026-07-26T21:41:32.487645+00:00,DNSLINK_IPFS,dnslink_ipfs,ipfs_cat_json,0.8638750005047768,SUCCESS
a8825030-df1c-4e94-b9b1-6fc17a98b307,2026-07-26T21:41:32.503788+00:00,DNSLINK_IPFS,dnslink_ipfs,dnssec_txt_resolve,15.948958003718872,SUCCESS
a8825030-df1c-4e94-b9b1-6fc17a98b307,2026-07-26T21:41:32.505283+00:00,DNSLINK_IPFS,dnslink_ipfs,ipfs_cat_json,1.3206249932409264,SUCCESS
a8825030-df1c-4e94-b9b1-6fc17a98b307,2026-07-26T21:41:32.507142+00:00,DNSLINK_IPFS,idap,idap_authorize,74.39983299991582,SUCCESS
a8825030-df1c-4e94-b9b1-6fc17a98b307,2026-07-26T21:41:32.522882+00:00,DNSLINK_IPFS,dnslink_ipfs,dnssec_txt_resolve,15.267208000295796,SUCCESS
a8825030-df1c-4e94-b9b1-6fc17a98b307,2026-07-26T21:41:32.524028+00:00,DNSLINK_IPFS,dnslink_ipfs,ipfs_cat_json,0.9759169988683425,SUCCESS
a8825030-df1c-4e94-b9b1-6fc17a98b307,2026-07-26T21:41:32.534317+00:00,DNSLINK_IPFS,dnslink_ipfs,dnssec_txt_resolve,9.985125005187001,SUCCESS
a8825030-df1c-4e94-b9b1-6fc17a98b307,2026-07-26T21:41:32.535307+00:00,DNSLINK_IPFS,dnslink_ipfs,ipfs_cat_json,0.7861670019337907,SUCCESS
a8825030-df1c-4e94-b9b1-6fc17a98b307,2026-07-26T21:41:32.541576+00:00,DNSLINK_IPFS,dnslink_ipfs,dnssec_txt_resolve,6.107291999796871,SUCCESS
a8825030-df1c-4e94-b9b1-6fc17a98b307,2026-07-26T21:41:32.542346+00:00,DNSLINK_IPFS,dnslink_ipfs,ipfs_cat_json,0.6872079975437373,SUCCESS
a8825030-df1c-4e94-b9b1-6fc17a98b307,2026-07-26T21:41:32.551033+00:00,DNSLINK_IPFS,dnslink_ipfs,dnssec_txt_resolve,8.541875002265442,SUCCESS
a8825030-df1c-4e94-b9b1-6fc17a98b307,2026-07-26T21:41:32.552056+00:00,DNSLINK_IPFS,dnslink_ipfs,ipfs_cat_json,0.8740000048419461,SUCCESS
a8825030-df1c-4e94-b9b1-6fc17a98b307,2026-07-26T21:41:32.553081+00:00,DNSLINK_IPFS,idap,idap_replay_check,45.8451669983333,SUCCESS
a8825030-df1c-4e94-b9b1-6fc17a98b307,2026-07-26T21:41:32.563248+00:00,DNSLINK_IPFS,dnslink_ipfs,dnssec_txt_resolve,10.003957999288104,SUCCESS
a8825030-df1c-4e94-b9b1-6fc17a98b307,2026-07-26T21:41:32.564568+00:00,DNSLINK_IPFS,dnslink_ipfs,ipfs_cat_json,1.1253749980824068,SUCCESS
a8825030-df1c-4e94-b9b1-6fc17a98b307,2026-07-26T21:41:32.564722+00:00,DNSLINK_IPFS,idap,resolve_service_public_key,11.571124996407889,SUCCESS
a8825030-df1c-4e94-b9b1-6fc17a98b307,2026-07-26T21:41:32.564828+00:00,DNSLINK_IPFS,idap,compute_transcript,0.04979199729859829,SUCCESS
a8825030-df1c-4e94-b9b1-6fc17a98b307,2026-07-26T21:41:32.565369+00:00,DNSLINK_IPFS,idap,transcript_verify,0.3017089984496124,SUCCESS
a8825030-df1c-4e94-b9b1-6fc17a98b307,2026-07-26T21:41:32.565699+00:00,DNSLINK_IPFS,idap,client_shared_secret_derivation,0.22920800256542861,SUCCESS
a8825030-df1c-4e94-b9b1-6fc17a98b307,2026-07-26T21:41:32.565802+00:00,DNSLINK_IPFS,idap,client_session_key_derivation,0.02608299837447703,SUCCESS
a8825030-df1c-4e94-b9b1-6fc17a98b307,2026-07-26T21:41:32.565967+00:00,DNSLINK_IPFS,crypto,encrypt_message,0.02975000097649172,SUCCESS
a8825030-df1c-4e94-b9b1-6fc17a98b307,2026-07-26T21:41:32.566063+00:00,DNSLINK_IPFS,crypto,decrypt_message,0.010750001820269972,SUCCESS
a8825030-df1c-4e94-b9b1-6fc17a98b307,2026-07-26T21:41:32.566386+00:00,DNSLINK_IPFS,tampering,tampered_request_sign,0.23366700042970479,SUCCESS
a8825030-df1c-4e94-b9b1-6fc17a98b307,2026-07-26T21:41:32.574236+00:00,DNSLINK_IPFS,dnslink_ipfs,dnssec_txt_resolve,7.4507499957690015,SUCCESS
a8825030-df1c-4e94-b9b1-6fc17a98b307,2026-07-26T21:41:32.575066+00:00,DNSLINK_IPFS,dnslink_ipfs,ipfs_cat_json,0.7258330006152391,SUCCESS
a8825030-df1c-4e94-b9b1-6fc17a98b307,2026-07-26T21:41:32.581831+00:00,DNSLINK_IPFS,dnslink_ipfs,dnssec_txt_resolve,6.569417004357092,SUCCESS
a8825030-df1c-4e94-b9b1-6fc17a98b307,2026-07-26T21:41:32.582800+00:00,DNSLINK_IPFS,dnslink_ipfs,ipfs_cat_json,0.8104579974315129,SUCCESS
a8825030-df1c-4e94-b9b1-6fc17a98b307,2026-07-26T21:41:32.591547+00:00,DNSLINK_IPFS,dnslink_ipfs,dnssec_txt_resolve,8.581875001254957,SUCCESS
a8825030-df1c-4e94-b9b1-6fc17a98b307,2026-07-26T21:41:32.592473+00:00,DNSLINK_IPFS,dnslink_ipfs,ipfs_cat_json,0.8042909976211376,SUCCESS
a8825030-df1c-4e94-b9b1-6fc17a98b307,2026-07-26T21:41:32.599902+00:00,DNSLINK_IPFS,dnslink_ipfs,dnssec_txt_resolve,7.105541997589171,SUCCESS
a8825030-df1c-4e94-b9b1-6fc17a98b307,2026-07-26T21:41:32.600876+00:00,DNSLINK_IPFS,dnslink_ipfs,ipfs_cat_json,0.7997089996933937,SUCCESS
a8825030-df1c-4e94-b9b1-6fc17a98b307,2026-07-26T21:41:32.602036+00:00,DNSLINK_IPFS,tampering,tampering_check,35.56550000212155,SUCCESS
a8825030-df1c-4e94-b9b1-6fc17a98b307,2026-07-26T21:41:32.602133+00:00,DNSLINK_IPFS,summary,total_flow,1256.9592090003425,SUCCESS
d1f0036a-4380-4604-bac4-973f3b6839ae,2026-07-26T21:41:32.700150+00:00,DNSLINK_IPFS,startup,initialize_store,0.004417001036927104,SUCCESS
d1f0036a-4380-4604-bac4-973f3b6839ae,2026-07-26T21:41:32.702922+00:00,DNSLINK_IPFS,startup,generate_identity_cp,2.470624996931292,SUCCESS
d1f0036a-4380-4604-bac4-973f3b6839ae,2026-07-26T21:41:32.703186+00:00,DNSLINK_IPFS,startup,generate_identity_sp,0.18370799807598814,SUCCESS
d1f0036a-4380-4604-bac4-973f3b6839ae,2026-07-26T21:41:32.703407+00:00,DNSLINK_IPFS,startup,generate_identity_c1,0.17549999756738544,SUCCESS
d1f0036a-4380-4604-bac4-973f3b6839ae,2026-07-26T21:41:32.703620+00:00,DNSLINK_IPFS,startup,generate_identity_s1,0.17454200133215636,SUCCESS
d1f0036a-4380-4604-bac4-973f3b6839ae,2026-07-26T21:41:32.723868+00:00,DNSLINK_IPFS,dnslink_ipfs,ipfs_add_json,20.156416001555044,SUCCESS
d1f0036a-4380-4604-bac4-973f3b6839ae,2026-07-26T21:41:33.480969+00:00,DNSLINK_IPFS,dnslink_ipfs,dns_txt_update,756.7062910020468,SUCCESS
d1f0036a-4380-4604-bac4-973f3b6839ae,2026-07-26T21:41:33.481348+00:00,DNSLINK_IPFS,publish,publish_identity_cp,777.6460829991265,SUCCESS
d1f0036a-4380-4604-bac4-973f3b6839ae,2026-07-26T21:41:33.499469+00:00,DNSLINK_IPFS,dnslink_ipfs,ipfs_add_json,17.899917002068833,SUCCESS
d1f0036a-4380-4604-bac4-973f3b6839ae,2026-07-26T21:41:33.651446+00:00,DNSLINK_IPFS,dnslink_ipfs,dns_txt_update,151.64137500687502,SUCCESS
d1f0036a-4380-4604-bac4-973f3b6839ae,2026-07-26T21:41:33.651653+00:00,DNSLINK_IPFS,publish,publish_identity_sp,170.1618340011919,SUCCESS
d1f0036a-4380-4604-bac4-973f3b6839ae,2026-07-26T21:41:33.668766+00:00,DNSLINK_IPFS,dnslink_ipfs,ipfs_add_json,16.999708001094405,SUCCESS
d1f0036a-4380-4604-bac4-973f3b6839ae,2026-07-26T21:41:33.826885+00:00,DNSLINK_IPFS,dnslink_ipfs,dns_txt_update,157.77745800005505,SUCCESS
d1f0036a-4380-4604-bac4-973f3b6839ae,2026-07-26T21:41:33.827104+00:00,DNSLINK_IPFS,publish,publish_identity_c1,175.37237500073388,SUCCESS
d1f0036a-4380-4604-bac4-973f3b6839ae,2026-07-26T21:41:33.848696+00:00,DNSLINK_IPFS,dnslink_ipfs,ipfs_add_json,21.249999997962732,SUCCESS
d1f0036a-4380-4604-bac4-973f3b6839ae,2026-07-26T21:41:33.985320+00:00,DNSLINK_IPFS,dnslink_ipfs,dns_txt_update,136.27550000092015,SUCCESS
d1f0036a-4380-4604-bac4-973f3b6839ae,2026-07-26T21:41:33.985536+00:00,DNSLINK_IPFS,publish,publish_identity_s1,158.17658299783943,SUCCESS
d1f0036a-4380-4604-bac4-973f3b6839ae,2026-07-26T21:41:34.004626+00:00,DNSLINK_IPFS,dnslink_ipfs,ipfs_add_json,18.928333003714215,SUCCESS
d1f0036a-4380-4604-bac4-973f3b6839ae,2026-07-26T21:41:34.156293+00:00,DNSLINK_IPFS,dnslink_ipfs,dns_txt_update,151.37158300058218,SUCCESS
d1f0036a-4380-4604-bac4-973f3b6839ae,2026-07-26T21:41:34.156489+00:00,DNSLINK_IPFS,publish,publish_service_metadata,170.8696250061621,SUCCESS
d1f0036a-4380-4604-bac4-973f3b6839ae,2026-07-26T21:41:34.176627+00:00,DNSLINK_IPFS,dnslink_ipfs,ipfs_add_json,20.00291700096568,SUCCESS
d1f0036a-4380-4604-bac4-973f3b6839ae,2026-07-26T21:41:34.338388+00:00,DNSLINK_IPFS,dnslink_ipfs,dns_txt_update,161.40120899945032,SUCCESS
d1f0036a-4380-4604-bac4-973f3b6839ae,2026-07-26T21:41:34.338613+00:00,DNSLINK_IPFS,publish,publish_provider_registry,182.02320900309132,SUCCESS
d1f0036a-4380-4604-bac4-973f3b6839ae,2026-07-26T21:41:34.352039+00:00,DNSLINK_IPFS,dnslink_ipfs,dnssec_txt_resolve,13.260792002256494,SUCCESS
d1f0036a-4380-4604-bac4-973f3b6839ae,2026-07-26T21:41:34.353493+00:00,DNSLINK_IPFS,dnslink_ipfs,ipfs_cat_json,1.276583003345877,SUCCESS
d1f0036a-4380-4604-bac4-973f3b6839ae,2026-07-26T21:41:34.363926+00:00,DNSLINK_IPFS,dnslink_ipfs,dnssec_txt_resolve,10.265208999044262,SUCCESS
d1f0036a-4380-4604-bac4-973f3b6839ae,2026-07-26T21:41:34.365134+00:00,DNSLINK_IPFS,dnslink_ipfs,ipfs_cat_json,1.0213329951511696,SUCCESS
d1f0036a-4380-4604-bac4-973f3b6839ae,2026-07-26T21:41:34.365251+00:00,DNSLINK_IPFS,discovery,broker_discovery,26.538666999840643,SUCCESS
d1f0036a-4380-4604-bac4-973f3b6839ae,2026-07-26T21:41:34.366159+00:00,DNSLINK_IPFS,dap,dap_create_capability,0.8108330002869479,SUCCESS
d1f0036a-4380-4604-bac4-973f3b6839ae,2026-07-26T21:41:34.367091+00:00,DNSLINK_IPFS,dap,dap_encrypt_enc_cap,0.7919169947854243,SUCCESS
d1f0036a-4380-4604-bac4-973f3b6839ae,2026-07-26T21:41:34.367380+00:00,DNSLINK_IPFS,idap,client_session_init,0.17912499606609344,SUCCESS
d1f0036a-4380-4604-bac4-973f3b6839ae,2026-07-26T21:41:34.367453+00:00,DNSLINK_IPFS,idap,client_ephemeral_public_key,0.00429100327892229,SUCCESS
d1f0036a-4380-4604-bac4-973f3b6839ae,2026-07-26T21:41:34.367878+00:00,DNSLINK_IPFS,idap,client_request_sign,0.36287499824538827,SUCCESS
d1f0036a-4380-4604-bac4-973f3b6839ae,2026-07-26T21:41:34.367949+00:00,DNSLINK_IPFS,idap,canonical_request_payload,0.014875004126224667,SUCCESS
d1f0036a-4380-4604-bac4-973f3b6839ae,2026-07-26T21:41:34.378215+00:00,DNSLINK_IPFS,dnslink_ipfs,dnssec_txt_resolve,9.648750004998874,SUCCESS
d1f0036a-4380-4604-bac4-973f3b6839ae,2026-07-26T21:41:34.379612+00:00,DNSLINK_IPFS,dnslink_ipfs,ipfs_cat_json,1.2132920019212179,SUCCESS
d1f0036a-4380-4604-bac4-973f3b6839ae,2026-07-26T21:41:34.388646+00:00,DNSLINK_IPFS,dnslink_ipfs,dnssec_txt_resolve,8.805666999251116,SUCCESS
d1f0036a-4380-4604-bac4-973f3b6839ae,2026-07-26T21:41:34.389690+00:00,DNSLINK_IPFS,dnslink_ipfs,ipfs_cat_json,0.891332994797267,SUCCESS
d1f0036a-4380-4604-bac4-973f3b6839ae,2026-07-26T21:41:34.398671+00:00,DNSLINK_IPFS,dnslink_ipfs,dnssec_txt_resolve,8.779584000876639,SUCCESS
d1f0036a-4380-4604-bac4-973f3b6839ae,2026-07-26T21:41:34.399687+00:00,DNSLINK_IPFS,dnslink_ipfs,ipfs_cat_json,0.894832999620121,SUCCESS
d1f0036a-4380-4604-bac4-973f3b6839ae,2026-07-26T21:41:34.407795+00:00,DNSLINK_IPFS,dnslink_ipfs,dnssec_txt_resolve,7.9349160005222075,SUCCESS
d1f0036a-4380-4604-bac4-973f3b6839ae,2026-07-26T21:41:34.408839+00:00,DNSLINK_IPFS,dnslink_ipfs,ipfs_cat_json,0.8992079965537414,SUCCESS
d1f0036a-4380-4604-bac4-973f3b6839ae,2026-07-26T21:41:34.410889+00:00,DNSLINK_IPFS,idap,idap_authorize,42.85712500131922,SUCCESS
d1f0036a-4380-4604-bac4-973f3b6839ae,2026-07-26T21:41:34.423956+00:00,DNSLINK_IPFS,dnslink_ipfs,dnssec_txt_resolve,12.475000003178138,SUCCESS
d1f0036a-4380-4604-bac4-973f3b6839ae,2026-07-26T21:41:34.424974+00:00,DNSLINK_IPFS,dnslink_ipfs,ipfs_cat_json,0.8618749998277053,SUCCESS
d1f0036a-4380-4604-bac4-973f3b6839ae,2026-07-26T21:41:34.434231+00:00,DNSLINK_IPFS,dnslink_ipfs,dnssec_txt_resolve,9.076957998331636,SUCCESS
d1f0036a-4380-4604-bac4-973f3b6839ae,2026-07-26T21:41:34.435407+00:00,DNSLINK_IPFS,dnslink_ipfs,ipfs_cat_json,1.0393749980721623,SUCCESS
d1f0036a-4380-4604-bac4-973f3b6839ae,2026-07-26T21:41:34.448901+00:00,DNSLINK_IPFS,dnslink_ipfs,dnssec_txt_resolve,13.271541996800806,SUCCESS
d1f0036a-4380-4604-bac4-973f3b6839ae,2026-07-26T21:41:34.449937+00:00,DNSLINK_IPFS,dnslink_ipfs,ipfs_cat_json,0.8765840029809624,SUCCESS
d1f0036a-4380-4604-bac4-973f3b6839ae,2026-07-26T21:41:34.460038+00:00,DNSLINK_IPFS,dnslink_ipfs,dnssec_txt_resolve,9.687999998277519,SUCCESS
d1f0036a-4380-4604-bac4-973f3b6839ae,2026-07-26T21:41:34.461822+00:00,DNSLINK_IPFS,dnslink_ipfs,ipfs_cat_json,1.5553330013062805,SUCCESS
d1f0036a-4380-4604-bac4-973f3b6839ae,2026-07-26T21:41:34.463116+00:00,DNSLINK_IPFS,idap,idap_replay_check,52.126832997601014,SUCCESS
d1f0036a-4380-4604-bac4-973f3b6839ae,2026-07-26T21:41:34.476572+00:00,DNSLINK_IPFS,dnslink_ipfs,dnssec_txt_resolve,13.319416997546796,SUCCESS
d1f0036a-4380-4604-bac4-973f3b6839ae,2026-07-26T21:41:34.477489+00:00,DNSLINK_IPFS,dnslink_ipfs,ipfs_cat_json,0.7892909998190589,SUCCESS
d1f0036a-4380-4604-bac4-973f3b6839ae,2026-07-26T21:41:34.477610+00:00,DNSLINK_IPFS,idap,resolve_service_public_key,14.406333000806626,SUCCESS
d1f0036a-4380-4604-bac4-973f3b6839ae,2026-07-26T21:41:34.477699+00:00,DNSLINK_IPFS,idap,compute_transcript,0.022542000806424767,SUCCESS
d1f0036a-4380-4604-bac4-973f3b6839ae,2026-07-26T21:41:34.478115+00:00,DNSLINK_IPFS,idap,transcript_verify,0.3561249977792613,SUCCESS
d1f0036a-4380-4604-bac4-973f3b6839ae,2026-07-26T21:41:34.478438+00:00,DNSLINK_IPFS,idap,client_shared_secret_derivation,0.25945899687940255,SUCCESS
d1f0036a-4380-4604-bac4-973f3b6839ae,2026-07-26T21:41:34.478515+00:00,DNSLINK_IPFS,idap,client_session_key_derivation,0.019999999494757503,SUCCESS
d1f0036a-4380-4604-bac4-973f3b6839ae,2026-07-26T21:41:34.478615+00:00,DNSLINK_IPFS,crypto,encrypt_message,0.025667002773843706,SUCCESS
d1f0036a-4380-4604-bac4-973f3b6839ae,2026-07-26T21:41:34.478683+00:00,DNSLINK_IPFS,crypto,decrypt_message,0.00916700082598254,SUCCESS
d1f0036a-4380-4604-bac4-973f3b6839ae,2026-07-26T21:41:34.479086+00:00,DNSLINK_IPFS,tampering,tampered_request_sign,0.3175829988322221,SUCCESS
d1f0036a-4380-4604-bac4-973f3b6839ae,2026-07-26T21:41:34.487838+00:00,DNSLINK_IPFS,dnslink_ipfs,dnssec_txt_resolve,8.228749997215346,SUCCESS
d1f0036a-4380-4604-bac4-973f3b6839ae,2026-07-26T21:41:34.488603+00:00,DNSLINK_IPFS,dnslink_ipfs,ipfs_cat_json,0.6754580026608892,SUCCESS
d1f0036a-4380-4604-bac4-973f3b6839ae,2026-07-26T21:41:34.498004+00:00,DNSLINK_IPFS,dnslink_ipfs,dnssec_txt_resolve,9.259207996365149,SUCCESS
d1f0036a-4380-4604-bac4-973f3b6839ae,2026-07-26T21:41:34.498960+00:00,DNSLINK_IPFS,dnslink_ipfs,ipfs_cat_json,0.8481670010951348,SUCCESS
d1f0036a-4380-4604-bac4-973f3b6839ae,2026-07-26T21:41:34.507898+00:00,DNSLINK_IPFS,dnslink_ipfs,dnssec_txt_resolve,8.786874997895211,SUCCESS
d1f0036a-4380-4604-bac4-973f3b6839ae,2026-07-26T21:41:34.508725+00:00,DNSLINK_IPFS,dnslink_ipfs,ipfs_cat_json,0.6988329987507313,SUCCESS
d1f0036a-4380-4604-bac4-973f3b6839ae,2026-07-26T21:41:34.518675+00:00,DNSLINK_IPFS,dnslink_ipfs,dnssec_txt_resolve,9.751542005687952,SUCCESS
d1f0036a-4380-4604-bac4-973f3b6839ae,2026-07-26T21:41:34.519544+00:00,DNSLINK_IPFS,dnslink_ipfs,ipfs_cat_json,0.7232909993035719,SUCCESS
d1f0036a-4380-4604-bac4-973f3b6839ae,2026-07-26T21:41:34.520752+00:00,DNSLINK_IPFS,tampering,tampering_check,41.58974999882048,SUCCESS
d1f0036a-4380-4604-bac4-973f3b6839ae,2026-07-26T21:41:34.520829+00:00,DNSLINK_IPFS,summary,total_flow,1820.732082996983,SUCCESS
b8998b2c-3881-45f5-9d18-005eea61cfc1,2026-07-26T21:41:34.631579+00:00,DNSLINK_IPFS,startup,initialize_store,0.005916001100558788,SUCCESS
b8998b2c-3881-45f5-9d18-005eea61cfc1,2026-07-26T21:41:34.634263+00:00,DNSLINK_IPFS,startup,generate_identity_cp,2.419415999611374,SUCCESS
b8998b2c-3881-45f5-9d18-005eea61cfc1,2026-07-26T21:41:34.634534+00:00,DNSLINK_IPFS,startup,generate_identity_sp,0.20091599435545504,SUCCESS
b8998b2c-3881-45f5-9d18-005eea61cfc1,2026-07-26T21:41:34.634764+00:00,DNSLINK_IPFS,startup,generate_identity_c1,0.1867500031949021,SUCCESS
b8998b2c-3881-45f5-9d18-005eea61cfc1,2026-07-26T21:41:34.634987+00:00,DNSLINK_IPFS,startup,generate_identity_s1,0.18450000061420724,SUCCESS
b8998b2c-3881-45f5-9d18-005eea61cfc1,2026-07-26T21:41:34.656003+00:00,DNSLINK_IPFS,dnslink_ipfs,ipfs_add_json,20.893708999210503,SUCCESS
b8998b2c-3881-45f5-9d18-005eea61cfc1,2026-07-26T21:41:35.393561+00:00,DNSLINK_IPFS,dnslink_ipfs,dns_txt_update,736.9212500052527,SUCCESS
b8998b2c-3881-45f5-9d18-005eea61cfc1,2026-07-26T21:41:35.394237+00:00,DNSLINK_IPFS,publish,publish_identity_cp,758.9614580065245,SUCCESS
b8998b2c-3881-45f5-9d18-005eea61cfc1,2026-07-26T21:41:35.416721+00:00,DNSLINK_IPFS,dnslink_ipfs,ipfs_add_json,20.99820799776353,SUCCESS
b8998b2c-3881-45f5-9d18-005eea61cfc1,2026-07-26T21:41:35.565257+00:00,DNSLINK_IPFS,dnslink_ipfs,dns_txt_update,147.85179099999368,SUCCESS
b8998b2c-3881-45f5-9d18-005eea61cfc1,2026-07-26T21:41:35.565535+00:00,DNSLINK_IPFS,publish,publish_identity_sp,170.08254199754447,SUCCESS
b8998b2c-3881-45f5-9d18-005eea61cfc1,2026-07-26T21:41:35.587565+00:00,DNSLINK_IPFS,dnslink_ipfs,ipfs_add_json,21.82854199782014,SUCCESS
b8998b2c-3881-45f5-9d18-005eea61cfc1,2026-07-26T21:41:35.742344+00:00,DNSLINK_IPFS,dnslink_ipfs,dns_txt_update,154.30383299826644,SUCCESS
b8998b2c-3881-45f5-9d18-005eea61cfc1,2026-07-26T21:41:35.742620+00:00,DNSLINK_IPFS,publish,publish_identity_c1,176.99187499965774,SUCCESS
b8998b2c-3881-45f5-9d18-005eea61cfc1,2026-07-26T21:41:35.766272+00:00,DNSLINK_IPFS,dnslink_ipfs,ipfs_add_json,23.29825000197161,SUCCESS
b8998b2c-3881-45f5-9d18-005eea61cfc1,2026-07-26T21:41:35.915728+00:00,DNSLINK_IPFS,dnslink_ipfs,dns_txt_update,149.03050000430085,SUCCESS
b8998b2c-3881-45f5-9d18-005eea61cfc1,2026-07-26T21:41:35.915992+00:00,DNSLINK_IPFS,publish,publish_identity_s1,173.13375000230735,SUCCESS
b8998b2c-3881-45f5-9d18-005eea61cfc1,2026-07-26T21:41:35.935475+00:00,DNSLINK_IPFS,dnslink_ipfs,ipfs_add_json,19.329707996803336,SUCCESS
b8998b2c-3881-45f5-9d18-005eea61cfc1,2026-07-26T21:41:36.090997+00:00,DNSLINK_IPFS,dnslink_ipfs,dns_txt_update,155.1628749948577,SUCCESS
b8998b2c-3881-45f5-9d18-005eea61cfc1,2026-07-26T21:41:36.091278+00:00,DNSLINK_IPFS,publish,publish_service_metadata,175.1881250020233,SUCCESS
b8998b2c-3881-45f5-9d18-005eea61cfc1,2026-07-26T21:41:36.111237+00:00,DNSLINK_IPFS,dnslink_ipfs,ipfs_add_json,19.741916003113147,SUCCESS
b8998b2c-3881-45f5-9d18-005eea61cfc1,2026-07-26T21:41:36.254188+00:00,DNSLINK_IPFS,dnslink_ipfs,dns_txt_update,142.62529199913843,SUCCESS
b8998b2c-3881-45f5-9d18-005eea61cfc1,2026-07-26T21:41:36.254426+00:00,DNSLINK_IPFS,publish,publish_provider_registry,163.03699999843957,SUCCESS
b8998b2c-3881-45f5-9d18-005eea61cfc1,2026-07-26T21:41:36.267770+00:00,DNSLINK_IPFS,dnslink_ipfs,dnssec_txt_resolve,13.026542001171038,SUCCESS
b8998b2c-3881-45f5-9d18-005eea61cfc1,2026-07-26T21:41:36.269341+00:00,DNSLINK_IPFS,dnslink_ipfs,ipfs_cat_json,1.3841250038240105,SUCCESS
b8998b2c-3881-45f5-9d18-005eea61cfc1,2026-07-26T21:41:36.283148+00:00,DNSLINK_IPFS,dnslink_ipfs,dnssec_txt_resolve,13.591957998869475,SUCCESS
b8998b2c-3881-45f5-9d18-005eea61cfc1,2026-07-26T21:41:36.284306+00:00,DNSLINK_IPFS,dnslink_ipfs,ipfs_cat_json,0.9932920002029277,SUCCESS
b8998b2c-3881-45f5-9d18-005eea61cfc1,2026-07-26T21:41:36.284422+00:00,DNSLINK_IPFS,discovery,broker_discovery,29.74625000206288,SUCCESS
b8998b2c-3881-45f5-9d18-005eea61cfc1,2026-07-26T21:41:36.285346+00:00,DNSLINK_IPFS,dap,dap_create_capability,0.8204160039895214,SUCCESS
b8998b2c-3881-45f5-9d18-005eea61cfc1,2026-07-26T21:41:36.286281+00:00,DNSLINK_IPFS,dap,dap_encrypt_enc_cap,0.7988750003278255,SUCCESS
b8998b2c-3881-45f5-9d18-005eea61cfc1,2026-07-26T21:41:36.286654+00:00,DNSLINK_IPFS,idap,client_session_init,0.1814580027712509,SUCCESS
b8998b2c-3881-45f5-9d18-005eea61cfc1,2026-07-26T21:41:36.286737+00:00,DNSLINK_IPFS,idap,client_ephemeral_public_key,0.004333000106271356,SUCCESS
b8998b2c-3881-45f5-9d18-005eea61cfc1,2026-07-26T21:41:36.287143+00:00,DNSLINK_IPFS,idap,client_request_sign,0.33695800084387884,SUCCESS
b8998b2c-3881-45f5-9d18-005eea61cfc1,2026-07-26T21:41:36.287238+00:00,DNSLINK_IPFS,idap,canonical_request_payload,0.021291001758072525,SUCCESS
b8998b2c-3881-45f5-9d18-005eea61cfc1,2026-07-26T21:41:36.296679+00:00,DNSLINK_IPFS,dnslink_ipfs,dnssec_txt_resolve,8.782000004430301,SUCCESS
b8998b2c-3881-45f5-9d18-005eea61cfc1,2026-07-26T21:41:36.297817+00:00,DNSLINK_IPFS,dnslink_ipfs,ipfs_cat_json,0.9982500050682575,SUCCESS
b8998b2c-3881-45f5-9d18-005eea61cfc1,2026-07-26T21:41:36.308048+00:00,DNSLINK_IPFS,dnslink_ipfs,dnssec_txt_resolve,10.015124993515201,SUCCESS
b8998b2c-3881-45f5-9d18-005eea61cfc1,2026-07-26T21:41:36.309124+00:00,DNSLINK_IPFS,dnslink_ipfs,ipfs_cat_json,0.9427080003661104,SUCCESS
b8998b2c-3881-45f5-9d18-005eea61cfc1,2026-07-26T21:41:36.317225+00:00,DNSLINK_IPFS,dnslink_ipfs,dnssec_txt_resolve,7.914750000054482,SUCCESS
b8998b2c-3881-45f5-9d18-005eea61cfc1,2026-07-26T21:41:36.318259+00:00,DNSLINK_IPFS,dnslink_ipfs,ipfs_cat_json,0.8781659998930991,SUCCESS
b8998b2c-3881-45f5-9d18-005eea61cfc1,2026-07-26T21:41:36.327272+00:00,DNSLINK_IPFS,dnslink_ipfs,dnssec_txt_resolve,8.832790997985285,SUCCESS
b8998b2c-3881-45f5-9d18-005eea61cfc1,2026-07-26T21:41:36.328246+00:00,DNSLINK_IPFS,dnslink_ipfs,ipfs_cat_json,0.8408749999944121,SUCCESS
b8998b2c-3881-45f5-9d18-005eea61cfc1,2026-07-26T21:41:36.330525+00:00,DNSLINK_IPFS,idap,idap_authorize,43.1994169994141,SUCCESS
b8998b2c-3881-45f5-9d18-005eea61cfc1,2026-07-26T21:41:36.342345+00:00,DNSLINK_IPFS,dnslink_ipfs,dnssec_txt_resolve,11.154708001413383,SUCCESS
b8998b2c-3881-45f5-9d18-005eea61cfc1,2026-07-26T21:41:36.343520+00:00,DNSLINK_IPFS,dnslink_ipfs,ipfs_cat_json,1.013417000649497,SUCCESS
b8998b2c-3881-45f5-9d18-005eea61cfc1,2026-07-26T21:41:36.352075+00:00,DNSLINK_IPFS,dnslink_ipfs,dnssec_txt_resolve,8.316499995999038,SUCCESS
b8998b2c-3881-45f5-9d18-005eea61cfc1,2026-07-26T21:41:36.353142+00:00,DNSLINK_IPFS,dnslink_ipfs,ipfs_cat_json,0.8936250014812686,SUCCESS
b8998b2c-3881-45f5-9d18-005eea61cfc1,2026-07-26T21:41:36.363877+00:00,DNSLINK_IPFS,dnslink_ipfs,dnssec_txt_resolve,10.516874994209502,SUCCESS
b8998b2c-3881-45f5-9d18-005eea61cfc1,2026-07-26T21:41:36.364891+00:00,DNSLINK_IPFS,dnslink_ipfs,ipfs_cat_json,0.8577499975217506,SUCCESS
b8998b2c-3881-45f5-9d18-005eea61cfc1,2026-07-26T21:41:36.376414+00:00,DNSLINK_IPFS,dnslink_ipfs,dnssec_txt_resolve,11.345833998348098,SUCCESS
b8998b2c-3881-45f5-9d18-005eea61cfc1,2026-07-26T21:41:36.377453+00:00,DNSLINK_IPFS,dnslink_ipfs,ipfs_cat_json,0.9108750018640421,SUCCESS
b8998b2c-3881-45f5-9d18-005eea61cfc1,2026-07-26T21:41:36.378698+00:00,DNSLINK_IPFS,idap,idap_replay_check,48.06325000390643,SUCCESS
b8998b2c-3881-45f5-9d18-005eea61cfc1,2026-07-26T21:41:36.388532+00:00,DNSLINK_IPFS,dnslink_ipfs,dnssec_txt_resolve,9.681792005721945,SUCCESS
b8998b2c-3881-45f5-9d18-005eea61cfc1,2026-07-26T21:41:36.389647+00:00,DNSLINK_IPFS,dnslink_ipfs,ipfs_cat_json,0.9734580016811378,SUCCESS
b8998b2c-3881-45f5-9d18-005eea61cfc1,2026-07-26T21:41:36.389786+00:00,DNSLINK_IPFS,idap,resolve_service_public_key,10.996666002029087,SUCCESS
b8998b2c-3881-45f5-9d18-005eea61cfc1,2026-07-26T21:41:36.389900+00:00,DNSLINK_IPFS,idap,compute_transcript,0.029499999072868377,SUCCESS
b8998b2c-3881-45f5-9d18-005eea61cfc1,2026-07-26T21:41:36.390382+00:00,DNSLINK_IPFS,idap,transcript_verify,0.3986669980804436,SUCCESS
b8998b2c-3881-45f5-9d18-005eea61cfc1,2026-07-26T21:41:36.390742+00:00,DNSLINK_IPFS,idap,client_shared_secret_derivation,0.2679999961401336,SUCCESS
b8998b2c-3881-45f5-9d18-005eea61cfc1,2026-07-26T21:41:36.390830+00:00,DNSLINK_IPFS,idap,client_session_key_derivation,0.022084001102484763,SUCCESS
b8998b2c-3881-45f5-9d18-005eea61cfc1,2026-07-26T21:41:36.390938+00:00,DNSLINK_IPFS,crypto,encrypt_message,0.027624999347608536,SUCCESS
b8998b2c-3881-45f5-9d18-005eea61cfc1,2026-07-26T21:41:36.391009+00:00,DNSLINK_IPFS,crypto,decrypt_message,0.009708994184620678,SUCCESS
b8998b2c-3881-45f5-9d18-005eea61cfc1,2026-07-26T21:41:36.391431+00:00,DNSLINK_IPFS,tampering,tampered_request_sign,0.32570899929851294,SUCCESS
b8998b2c-3881-45f5-9d18-005eea61cfc1,2026-07-26T21:41:36.401047+00:00,DNSLINK_IPFS,dnslink_ipfs,dnssec_txt_resolve,9.058458999788854,SUCCESS
b8998b2c-3881-45f5-9d18-005eea61cfc1,2026-07-26T21:41:36.402340+00:00,DNSLINK_IPFS,dnslink_ipfs,ipfs_cat_json,1.1679590024868958,SUCCESS
b8998b2c-3881-45f5-9d18-005eea61cfc1,2026-07-26T21:41:36.412356+00:00,DNSLINK_IPFS,dnslink_ipfs,dnssec_txt_resolve,9.835333003138658,SUCCESS
b8998b2c-3881-45f5-9d18-005eea61cfc1,2026-07-26T21:41:36.413664+00:00,DNSLINK_IPFS,dnslink_ipfs,ipfs_cat_json,1.165583002148196,SUCCESS
b8998b2c-3881-45f5-9d18-005eea61cfc1,2026-07-26T21:41:36.425344+00:00,DNSLINK_IPFS,dnslink_ipfs,dnssec_txt_resolve,11.47566700092284,SUCCESS
b8998b2c-3881-45f5-9d18-005eea61cfc1,2026-07-26T21:41:36.426587+00:00,DNSLINK_IPFS,dnslink_ipfs,ipfs_cat_json,1.1053749985876493,SUCCESS
b8998b2c-3881-45f5-9d18-005eea61cfc1,2026-07-26T21:41:36.434756+00:00,DNSLINK_IPFS,dnslink_ipfs,dnssec_txt_resolve,7.9703750016051345,SUCCESS
b8998b2c-3881-45f5-9d18-005eea61cfc1,2026-07-26T21:41:36.435773+00:00,DNSLINK_IPFS,dnslink_ipfs,ipfs_cat_json,0.8887910007615574,SUCCESS
b8998b2c-3881-45f5-9d18-005eea61cfc1,2026-07-26T21:41:36.437008+00:00,DNSLINK_IPFS,tampering,tampering_check,45.50450000533601,SUCCESS
b8998b2c-3881-45f5-9d18-005eea61cfc1,2026-07-26T21:41:36.437086+00:00,DNSLINK_IPFS,summary,total_flow,1805.5679999961285,SUCCESS
17bbba6b-f359-4085-b02a-4d6f5065f91c,2026-07-26T21:41:36.540464+00:00,DNSLINK_IPFS,startup,initialize_store,0.005083005817141384,SUCCESS
17bbba6b-f359-4085-b02a-4d6f5065f91c,2026-07-26T21:41:36.543296+00:00,DNSLINK_IPFS,startup,generate_identity_cp,2.5400419981451705,SUCCESS
17bbba6b-f359-4085-b02a-4d6f5065f91c,2026-07-26T21:41:36.543574+00:00,DNSLINK_IPFS,startup,generate_identity_sp,0.20308399689383805,SUCCESS
17bbba6b-f359-4085-b02a-4d6f5065f91c,2026-07-26T21:41:36.543804+00:00,DNSLINK_IPFS,startup,generate_identity_c1,0.18770799943013117,SUCCESS
17bbba6b-f359-4085-b02a-4d6f5065f91c,2026-07-26T21:41:36.544027+00:00,DNSLINK_IPFS,startup,generate_identity_s1,0.1849999971454963,SUCCESS
17bbba6b-f359-4085-b02a-4d6f5065f91c,2026-07-26T21:41:36.567002+00:00,DNSLINK_IPFS,dnslink_ipfs,ipfs_add_json,22.867374995257705,SUCCESS
17bbba6b-f359-4085-b02a-4d6f5065f91c,2026-07-26T21:41:37.336232+00:00,DNSLINK_IPFS,dnslink_ipfs,dns_txt_update,768.928750003397,SUCCESS
17bbba6b-f359-4085-b02a-4d6f5065f91c,2026-07-26T21:41:37.336499+00:00,DNSLINK_IPFS,publish,publish_identity_cp,792.418249999173,SUCCESS
17bbba6b-f359-4085-b02a-4d6f5065f91c,2026-07-26T21:41:37.354591+00:00,DNSLINK_IPFS,dnslink_ipfs,ipfs_add_json,17.771582999557722,SUCCESS
17bbba6b-f359-4085-b02a-4d6f5065f91c,2026-07-26T21:41:37.496656+00:00,DNSLINK_IPFS,dnslink_ipfs,dns_txt_update,141.74820799962617,SUCCESS
17bbba6b-f359-4085-b02a-4d6f5065f91c,2026-07-26T21:41:37.496880+00:00,DNSLINK_IPFS,publish,publish_identity_sp,160.15541600063443,SUCCESS
17bbba6b-f359-4085-b02a-4d6f5065f91c,2026-07-26T21:41:37.515338+00:00,DNSLINK_IPFS,dnslink_ipfs,ipfs_add_json,18.15554199856706,SUCCESS
17bbba6b-f359-4085-b02a-4d6f5065f91c,2026-07-26T21:41:37.662408+00:00,DNSLINK_IPFS,dnslink_ipfs,dns_txt_update,146.69429200148443,SUCCESS
17bbba6b-f359-4085-b02a-4d6f5065f91c,2026-07-26T21:41:37.662629+00:00,DNSLINK_IPFS,publish,publish_identity_c1,165.4968330039992,SUCCESS
17bbba6b-f359-4085-b02a-4d6f5065f91c,2026-07-26T21:41:37.681392+00:00,DNSLINK_IPFS,dnslink_ipfs,ipfs_add_json,18.612041996675543,SUCCESS
17bbba6b-f359-4085-b02a-4d6f5065f91c,2026-07-26T21:41:37.818119+00:00,DNSLINK_IPFS,dnslink_ipfs,dns_txt_update,136.40541700442554,SUCCESS
17bbba6b-f359-4085-b02a-4d6f5065f91c,2026-07-26T21:41:37.818342+00:00,DNSLINK_IPFS,publish,publish_identity_s1,155.62908399442676,SUCCESS
17bbba6b-f359-4085-b02a-4d6f5065f91c,2026-07-26T21:41:37.838374+00:00,DNSLINK_IPFS,dnslink_ipfs,ipfs_add_json,19.865457994455937,SUCCESS
17bbba6b-f359-4085-b02a-4d6f5065f91c,2026-07-26T21:41:37.988479+00:00,DNSLINK_IPFS,dnslink_ipfs,dns_txt_update,149.75245800451376,SUCCESS
17bbba6b-f359-4085-b02a-4d6f5065f91c,2026-07-26T21:41:37.988717+00:00,DNSLINK_IPFS,publish,publish_service_metadata,170.28033299720846,SUCCESS
17bbba6b-f359-4085-b02a-4d6f5065f91c,2026-07-26T21:41:38.009727+00:00,DNSLINK_IPFS,dnslink_ipfs,ipfs_add_json,20.685708994278684,SUCCESS
17bbba6b-f359-4085-b02a-4d6f5065f91c,2026-07-26T21:41:38.168815+00:00,DNSLINK_IPFS,dnslink_ipfs,dns_txt_update,158.74287499900674,SUCCESS
17bbba6b-f359-4085-b02a-4d6f5065f91c,2026-07-26T21:41:38.169022+00:00,DNSLINK_IPFS,publish,publish_provider_registry,180.07683400355745,SUCCESS
17bbba6b-f359-4085-b02a-4d6f5065f91c,2026-07-26T21:41:38.181894+00:00,DNSLINK_IPFS,dnslink_ipfs,dnssec_txt_resolve,12.710958006209694,SUCCESS
17bbba6b-f359-4085-b02a-4d6f5065f91c,2026-07-26T21:41:38.183182+00:00,DNSLINK_IPFS,dnslink_ipfs,ipfs_cat_json,1.11658400419401,SUCCESS
17bbba6b-f359-4085-b02a-4d6f5065f91c,2026-07-26T21:41:38.193456+00:00,DNSLINK_IPFS,dnslink_ipfs,dnssec_txt_resolve,10.059457999886945,SUCCESS
17bbba6b-f359-4085-b02a-4d6f5065f91c,2026-07-26T21:41:38.194598+00:00,DNSLINK_IPFS,dnslink_ipfs,ipfs_cat_json,0.9602089994587004,SUCCESS
17bbba6b-f359-4085-b02a-4d6f5065f91c,2026-07-26T21:41:38.194713+00:00,DNSLINK_IPFS,discovery,broker_discovery,25.6025420021615,SUCCESS
17bbba6b-f359-4085-b02a-4d6f5065f91c,2026-07-26T21:41:38.195639+00:00,DNSLINK_IPFS,dap,dap_create_capability,0.8253749983850867,SUCCESS
17bbba6b-f359-4085-b02a-4d6f5065f91c,2026-07-26T21:41:38.196583+00:00,DNSLINK_IPFS,dap,dap_encrypt_enc_cap,0.8038750020205043,SUCCESS
17bbba6b-f359-4085-b02a-4d6f5065f91c,2026-07-26T21:41:38.196880+00:00,DNSLINK_IPFS,idap,client_session_init,0.17883299733512104,SUCCESS
17bbba6b-f359-4085-b02a-4d6f5065f91c,2026-07-26T21:41:38.196951+00:00,DNSLINK_IPFS,idap,client_ephemeral_public_key,0.004958004865329713,SUCCESS
17bbba6b-f359-4085-b02a-4d6f5065f91c,2026-07-26T21:41:38.197380+00:00,DNSLINK_IPFS,idap,client_request_sign,0.3631250001490116,SUCCESS
17bbba6b-f359-4085-b02a-4d6f5065f91c,2026-07-26T21:41:38.197460+00:00,DNSLINK_IPFS,idap,canonical_request_payload,0.016332996892742813,SUCCESS
17bbba6b-f359-4085-b02a-4d6f5065f91c,2026-07-26T21:41:38.207239+00:00,DNSLINK_IPFS,dnslink_ipfs,dnssec_txt_resolve,9.011166999698617,SUCCESS
17bbba6b-f359-4085-b02a-4d6f5065f91c,2026-07-26T21:41:38.208533+00:00,DNSLINK_IPFS,dnslink_ipfs,ipfs_cat_json,0.8741250057937577,SUCCESS
17bbba6b-f359-4085-b02a-4d6f5065f91c,2026-07-26T21:41:38.218679+00:00,DNSLINK_IPFS,dnslink_ipfs,dnssec_txt_resolve,9.790292002435308,SUCCESS
17bbba6b-f359-4085-b02a-4d6f5065f91c,2026-07-26T21:41:38.219822+00:00,DNSLINK_IPFS,dnslink_ipfs,ipfs_cat_json,0.8992500006570481,SUCCESS
17bbba6b-f359-4085-b02a-4d6f5065f91c,2026-07-26T21:41:38.234020+00:00,DNSLINK_IPFS,dnslink_ipfs,dnssec_txt_resolve,13.954458001535386,SUCCESS
17bbba6b-f359-4085-b02a-4d6f5065f91c,2026-07-26T21:41:38.235109+00:00,DNSLINK_IPFS,dnslink_ipfs,ipfs_cat_json,0.9156250016530976,SUCCESS
17bbba6b-f359-4085-b02a-4d6f5065f91c,2026-07-26T21:41:38.242349+00:00,DNSLINK_IPFS,dnslink_ipfs,dnssec_txt_resolve,7.03304199851118,SUCCESS
17bbba6b-f359-4085-b02a-4d6f5065f91c,2026-07-26T21:41:38.243934+00:00,DNSLINK_IPFS,dnslink_ipfs,ipfs_cat_json,1.2653329977183603,SUCCESS
17bbba6b-f359-4085-b02a-4d6f5065f91c,2026-07-26T21:41:38.246565+00:00,DNSLINK_IPFS,idap,idap_authorize,48.99012500391109,SUCCESS
17bbba6b-f359-4085-b02a-4d6f5065f91c,2026-07-26T21:41:38.284034+00:00,DNSLINK_IPFS,dnslink_ipfs,dnssec_txt_resolve,36.83795899996767,SUCCESS
17bbba6b-f359-4085-b02a-4d6f5065f91c,2026-07-26T21:41:38.285591+00:00,DNSLINK_IPFS,dnslink_ipfs,ipfs_cat_json,1.3397919974522665,SUCCESS
17bbba6b-f359-4085-b02a-4d6f5065f91c,2026-07-26T21:41:38.296544+00:00,DNSLINK_IPFS,dnslink_ipfs,dnssec_txt_resolve,10.730750000220723,SUCCESS
17bbba6b-f359-4085-b02a-4d6f5065f91c,2026-07-26T21:41:38.297557+00:00,DNSLINK_IPFS,dnslink_ipfs,ipfs_cat_json,0.853917001222726,SUCCESS
17bbba6b-f359-4085-b02a-4d6f5065f91c,2026-07-26T21:41:38.304574+00:00,DNSLINK_IPFS,dnslink_ipfs,dnssec_txt_resolve,6.8389999942155555,SUCCESS
17bbba6b-f359-4085-b02a-4d6f5065f91c,2026-07-26T21:41:38.305383+00:00,DNSLINK_IPFS,dnslink_ipfs,ipfs_cat_json,0.6914170007803477,SUCCESS
17bbba6b-f359-4085-b02a-4d6f5065f91c,2026-07-26T21:41:38.314820+00:00,DNSLINK_IPFS,dnslink_ipfs,dnssec_txt_resolve,8.99391600250965,SUCCESS
17bbba6b-f359-4085-b02a-4d6f5065f91c,2026-07-26T21:41:38.315967+00:00,DNSLINK_IPFS,dnslink_ipfs,ipfs_cat_json,0.9815000012167729,SUCCESS
17bbba6b-f359-4085-b02a-4d6f5065f91c,2026-07-26T21:41:38.317041+00:00,DNSLINK_IPFS,idap,idap_replay_check,70.34608400135767,SUCCESS
17bbba6b-f359-4085-b02a-4d6f5065f91c,2026-07-26T21:41:38.323410+00:00,DNSLINK_IPFS,dnslink_ipfs,dnssec_txt_resolve,6.226500001503155,SUCCESS
17bbba6b-f359-4085-b02a-4d6f5065f91c,2026-07-26T21:41:38.324339+00:00,DNSLINK_IPFS,dnslink_ipfs,ipfs_cat_json,0.8043330017244443,SUCCESS
17bbba6b-f359-4085-b02a-4d6f5065f91c,2026-07-26T21:41:38.324448+00:00,DNSLINK_IPFS,idap,resolve_service_public_key,7.329042004130315,SUCCESS
17bbba6b-f359-4085-b02a-4d6f5065f91c,2026-07-26T21:41:38.324525+00:00,DNSLINK_IPFS,idap,compute_transcript,0.02154200046788901,SUCCESS
17bbba6b-f359-4085-b02a-4d6f5065f91c,2026-07-26T21:41:38.324867+00:00,DNSLINK_IPFS,idap,transcript_verify,0.2937079989351332,SUCCESS
17bbba6b-f359-4085-b02a-4d6f5065f91c,2026-07-26T21:41:38.325121+00:00,DNSLINK_IPFS,idap,client_shared_secret_derivation,0.20450000010896474,SUCCESS
17bbba6b-f359-4085-b02a-4d6f5065f91c,2026-07-26T21:41:38.325193+00:00,DNSLINK_IPFS,idap,client_session_key_derivation,0.017333004507236183,SUCCESS
17bbba6b-f359-4085-b02a-4d6f5065f91c,2026-07-26T21:41:38.325278+00:00,DNSLINK_IPFS,crypto,encrypt_message,0.024499997380189598,SUCCESS
17bbba6b-f359-4085-b02a-4d6f5065f91c,2026-07-26T21:41:38.325333+00:00,DNSLINK_IPFS,crypto,decrypt_message,0.007624999852851033,SUCCESS
17bbba6b-f359-4085-b02a-4d6f5065f91c,2026-07-26T21:41:38.325651+00:00,DNSLINK_IPFS,tampering,tampered_request_sign,0.25029199605342,SUCCESS
17bbba6b-f359-4085-b02a-4d6f5065f91c,2026-07-26T21:41:38.333495+00:00,DNSLINK_IPFS,dnslink_ipfs,dnssec_txt_resolve,7.425292002153583,SUCCESS
17bbba6b-f359-4085-b02a-4d6f5065f91c,2026-07-26T21:41:38.334333+00:00,DNSLINK_IPFS,dnslink_ipfs,ipfs_cat_json,0.7410409962176345,SUCCESS
17bbba6b-f359-4085-b02a-4d6f5065f91c,2026-07-26T21:41:38.342829+00:00,DNSLINK_IPFS,dnslink_ipfs,dnssec_txt_resolve,8.33408399921609,SUCCESS
17bbba6b-f359-4085-b02a-4d6f5065f91c,2026-07-26T21:41:38.343519+00:00,DNSLINK_IPFS,dnslink_ipfs,ipfs_cat_json,0.6147089952719398,SUCCESS
17bbba6b-f359-4085-b02a-4d6f5065f91c,2026-07-26T21:41:38.350557+00:00,DNSLINK_IPFS,dnslink_ipfs,dnssec_txt_resolve,6.929083996510599,SUCCESS
17bbba6b-f359-4085-b02a-4d6f5065f91c,2026-07-26T21:41:38.351332+00:00,DNSLINK_IPFS,dnslink_ipfs,ipfs_cat_json,0.6553329949383624,SUCCESS
17bbba6b-f359-4085-b02a-4d6f5065f91c,2026-07-26T21:41:38.357735+00:00,DNSLINK_IPFS,dnslink_ipfs,dnssec_txt_resolve,6.255332998989616,SUCCESS
17bbba6b-f359-4085-b02a-4d6f5065f91c,2026-07-26T21:41:38.358532+00:00,DNSLINK_IPFS,dnslink_ipfs,ipfs_cat_json,0.6963749983697198,SUCCESS
17bbba6b-f359-4085-b02a-4d6f5065f91c,2026-07-26T21:41:38.359540+00:00,DNSLINK_IPFS,tampering,tampering_check,33.82087500358466,SUCCESS
17bbba6b-f359-4085-b02a-4d6f5065f91c,2026-07-26T21:41:38.359616+00:00,DNSLINK_IPFS,summary,total_flow,1819.2072080055368,SUCCESS
7eedf12c-6d32-45b7-bff7-9adeb309bd0b,2026-07-26T21:41:38.458498+00:00,DNSLINK_IPFS,startup,initialize_store,0.004999994416721165,SUCCESS
7eedf12c-6d32-45b7-bff7-9adeb309bd0b,2026-07-26T21:41:38.461461+00:00,DNSLINK_IPFS,startup,generate_identity_cp,2.656249998835847,SUCCESS
7eedf12c-6d32-45b7-bff7-9adeb309bd0b,2026-07-26T21:41:38.461754+00:00,DNSLINK_IPFS,startup,generate_identity_sp,0.20737500017276034,SUCCESS
7eedf12c-6d32-45b7-bff7-9adeb309bd0b,2026-07-26T21:41:38.461988+00:00,DNSLINK_IPFS,startup,generate_identity_c1,0.1883750010165386,SUCCESS
7eedf12c-6d32-45b7-bff7-9adeb309bd0b,2026-07-26T21:41:38.462213+00:00,DNSLINK_IPFS,startup,generate_identity_s1,0.1850829939940013,SUCCESS
7eedf12c-6d32-45b7-bff7-9adeb309bd0b,2026-07-26T21:41:38.486125+00:00,DNSLINK_IPFS,dnslink_ipfs,ipfs_add_json,23.807417004718445,SUCCESS
7eedf12c-6d32-45b7-bff7-9adeb309bd0b,2026-07-26T21:41:39.254075+00:00,DNSLINK_IPFS,dnslink_ipfs,dns_txt_update,767.5330830024905,SUCCESS
7eedf12c-6d32-45b7-bff7-9adeb309bd0b,2026-07-26T21:41:39.254521+00:00,DNSLINK_IPFS,publish,publish_identity_cp,792.2077920011361,SUCCESS
7eedf12c-6d32-45b7-bff7-9adeb309bd0b,2026-07-26T21:41:39.277546+00:00,DNSLINK_IPFS,dnslink_ipfs,ipfs_add_json,22.7115000016056,SUCCESS
7eedf12c-6d32-45b7-bff7-9adeb309bd0b,2026-07-26T21:41:39.428541+00:00,DNSLINK_IPFS,dnslink_ipfs,dns_txt_update,150.55800000118325,SUCCESS
7eedf12c-6d32-45b7-bff7-9adeb309bd0b,2026-07-26T21:41:39.428814+00:00,DNSLINK_IPFS,publish,publish_identity_sp,174.1460829944117,SUCCESS
7eedf12c-6d32-45b7-bff7-9adeb309bd0b,2026-07-26T21:41:39.445313+00:00,DNSLINK_IPFS,dnslink_ipfs,ipfs_add_json,16.190124995773658,SUCCESS
7eedf12c-6d32-45b7-bff7-9adeb309bd0b,2026-07-26T21:41:40.530101+00:00,DNSLINK_IPFS,dnslink_ipfs,dns_txt_update,1082.3869169980753,SUCCESS
7eedf12c-6d32-45b7-bff7-9adeb309bd0b,2026-07-26T21:41:40.531056+00:00,DNSLINK_IPFS,publish,publish_identity_c1,1101.6979159976472,SUCCESS
7eedf12c-6d32-45b7-bff7-9adeb309bd0b,2026-07-26T21:41:40.552218+00:00,DNSLINK_IPFS,dnslink_ipfs,ipfs_add_json,20.330957995611243,SUCCESS
7eedf12c-6d32-45b7-bff7-9adeb309bd0b,2026-07-26T21:41:40.706912+00:00,DNSLINK_IPFS,dnslink_ipfs,dns_txt_update,154.23675000056392,SUCCESS
7eedf12c-6d32-45b7-bff7-9adeb309bd0b,2026-07-26T21:41:40.707192+00:00,DNSLINK_IPFS,publish,publish_identity_s1,175.51100000127917,SUCCESS
7eedf12c-6d32-45b7-bff7-9adeb309bd0b,2026-07-26T21:41:40.728649+00:00,DNSLINK_IPFS,dnslink_ipfs,ipfs_add_json,21.18033399892738,SUCCESS
7eedf12c-6d32-45b7-bff7-9adeb309bd0b,2026-07-26T21:41:40.884190+00:00,DNSLINK_IPFS,dnslink_ipfs,dns_txt_update,155.17787499993574,SUCCESS
7eedf12c-6d32-45b7-bff7-9adeb309bd0b,2026-07-26T21:41:40.884442+00:00,DNSLINK_IPFS,publish,publish_service_metadata,177.05329199816333,SUCCESS
7eedf12c-6d32-45b7-bff7-9adeb309bd0b,2026-07-26T21:41:40.901418+00:00,DNSLINK_IPFS,dnslink_ipfs,ipfs_add_json,16.784874998847954,SUCCESS
7eedf12c-6d32-45b7-bff7-9adeb309bd0b,2026-07-26T21:41:41.048162+00:00,DNSLINK_IPFS,dnslink_ipfs,dns_txt_update,146.3807089967304,SUCCESS
7eedf12c-6d32-45b7-bff7-9adeb309bd0b,2026-07-26T21:41:41.048420+00:00,DNSLINK_IPFS,publish,publish_provider_registry,163.87704200315056,SUCCESS
7eedf12c-6d32-45b7-bff7-9adeb309bd0b,2026-07-26T21:41:41.060725+00:00,DNSLINK_IPFS,dnslink_ipfs,dnssec_txt_resolve,12.019000001600944,SUCCESS
7eedf12c-6d32-45b7-bff7-9adeb309bd0b,2026-07-26T21:41:41.062145+00:00,DNSLINK_IPFS,dnslink_ipfs,ipfs_cat_json,1.2090829986846074,SUCCESS
7eedf12c-6d32-45b7-bff7-9adeb309bd0b,2026-07-26T21:41:41.072532+00:00,DNSLINK_IPFS,dnslink_ipfs,dnssec_txt_resolve,10.18395800201688,SUCCESS
7eedf12c-6d32-45b7-bff7-9adeb309bd0b,2026-07-26T21:41:41.073645+00:00,DNSLINK_IPFS,dnslink_ipfs,ipfs_cat_json,0.9616250026738271,SUCCESS
7eedf12c-6d32-45b7-bff7-9adeb309bd0b,2026-07-26T21:41:41.073756+00:00,DNSLINK_IPFS,discovery,broker_discovery,25.122332997852936,SUCCESS
7eedf12c-6d32-45b7-bff7-9adeb309bd0b,2026-07-26T21:41:41.074617+00:00,DNSLINK_IPFS,dap,dap_create_capability,0.7716670006630011,SUCCESS
7eedf12c-6d32-45b7-bff7-9adeb309bd0b,2026-07-26T21:41:41.075502+00:00,DNSLINK_IPFS,dap,dap_encrypt_enc_cap,0.7702080038143322,SUCCESS
7eedf12c-6d32-45b7-bff7-9adeb309bd0b,2026-07-26T21:41:41.075754+00:00,DNSLINK_IPFS,idap,client_session_init,0.15308299771277234,SUCCESS
7eedf12c-6d32-45b7-bff7-9adeb309bd0b,2026-07-26T21:41:41.075817+00:00,DNSLINK_IPFS,idap,client_ephemeral_public_key,0.0033750038710422814,SUCCESS
7eedf12c-6d32-45b7-bff7-9adeb309bd0b,2026-07-26T21:41:41.076189+00:00,DNSLINK_IPFS,idap,client_request_sign,0.3123339993180707,SUCCESS
7eedf12c-6d32-45b7-bff7-9adeb309bd0b,2026-07-26T21:41:41.076269+00:00,DNSLINK_IPFS,idap,canonical_request_payload,0.023665998014621437,SUCCESS
7eedf12c-6d32-45b7-bff7-9adeb309bd0b,2026-07-26T21:41:41.085110+00:00,DNSLINK_IPFS,dnslink_ipfs,dnssec_txt_resolve,8.297333995869849,SUCCESS
7eedf12c-6d32-45b7-bff7-9adeb309bd0b,2026-07-26T21:41:41.086326+00:00,DNSLINK_IPFS,dnslink_ipfs,ipfs_cat_json,1.0917910040006973,SUCCESS
7eedf12c-6d32-45b7-bff7-9adeb309bd0b,2026-07-26T21:41:41.094973+00:00,DNSLINK_IPFS,dnslink_ipfs,dnssec_txt_resolve,8.348249997652601,SUCCESS
7eedf12c-6d32-45b7-bff7-9adeb309bd0b,2026-07-26T21:41:41.095975+00:00,DNSLINK_IPFS,dnslink_ipfs,ipfs_cat_json,0.8559589987271465,SUCCESS
7eedf12c-6d32-45b7-bff7-9adeb309bd0b,2026-07-26T21:41:41.105069+00:00,DNSLINK_IPFS,dnslink_ipfs,dnssec_txt_resolve,8.899332999135368,SUCCESS
7eedf12c-6d32-45b7-bff7-9adeb309bd0b,2026-07-26T21:41:41.106139+00:00,DNSLINK_IPFS,dnslink_ipfs,ipfs_cat_json,0.9637499970267527,SUCCESS
7eedf12c-6d32-45b7-bff7-9adeb309bd0b,2026-07-26T21:41:41.114349+00:00,DNSLINK_IPFS,dnslink_ipfs,dnssec_txt_resolve,8.06649999867659,SUCCESS
7eedf12c-6d32-45b7-bff7-9adeb309bd0b,2026-07-26T21:41:41.115212+00:00,DNSLINK_IPFS,dnslink_ipfs,ipfs_cat_json,0.7436670057359152,SUCCESS
7eedf12c-6d32-45b7-bff7-9adeb309bd0b,2026-07-26T21:41:41.117469+00:00,DNSLINK_IPFS,idap,idap_authorize,41.12787499616388,SUCCESS
7eedf12c-6d32-45b7-bff7-9adeb309bd0b,2026-07-26T21:41:41.131528+00:00,DNSLINK_IPFS,dnslink_ipfs,dnssec_txt_resolve,13.383625002461486,SUCCESS
7eedf12c-6d32-45b7-bff7-9adeb309bd0b,2026-07-26T21:41:41.133242+00:00,DNSLINK_IPFS,dnslink_ipfs,ipfs_cat_json,1.3776249979855493,SUCCESS
7eedf12c-6d32-45b7-bff7-9adeb309bd0b,2026-07-26T21:41:41.142281+00:00,DNSLINK_IPFS,dnslink_ipfs,dnssec_txt_resolve,8.835000000544824,SUCCESS
7eedf12c-6d32-45b7-bff7-9adeb309bd0b,2026-07-26T21:41:41.143366+00:00,DNSLINK_IPFS,dnslink_ipfs,ipfs_cat_json,0.9716249987832271,SUCCESS
7eedf12c-6d32-45b7-bff7-9adeb309bd0b,2026-07-26T21:41:41.151044+00:00,DNSLINK_IPFS,dnslink_ipfs,dnssec_txt_resolve,7.501084000978153,SUCCESS
7eedf12c-6d32-45b7-bff7-9adeb309bd0b,2026-07-26T21:41:41.151903+00:00,DNSLINK_IPFS,dnslink_ipfs,ipfs_cat_json,0.7175840000854805,SUCCESS
7eedf12c-6d32-45b7-bff7-9adeb309bd0b,2026-07-26T21:41:41.160040+00:00,DNSLINK_IPFS,dnslink_ipfs,dnssec_txt_resolve,7.975000000442378,SUCCESS
7eedf12c-6d32-45b7-bff7-9adeb309bd0b,2026-07-26T21:41:41.161046+00:00,DNSLINK_IPFS,dnslink_ipfs,ipfs_cat_json,0.8787499973550439,SUCCESS
7eedf12c-6d32-45b7-bff7-9adeb309bd0b,2026-07-26T21:41:41.162429+00:00,DNSLINK_IPFS,idap,idap_replay_check,44.860209003672935,SUCCESS
7eedf12c-6d32-45b7-bff7-9adeb309bd0b,2026-07-26T21:41:41.171457+00:00,DNSLINK_IPFS,dnslink_ipfs,dnssec_txt_resolve,8.891332996427082,SUCCESS
7eedf12c-6d32-45b7-bff7-9adeb309bd0b,2026-07-26T21:41:41.172447+00:00,DNSLINK_IPFS,dnslink_ipfs,ipfs_cat_json,0.880375002452638,SUCCESS
7eedf12c-6d32-45b7-bff7-9adeb309bd0b,2026-07-26T21:41:41.172549+00:00,DNSLINK_IPFS,idap,resolve_service_public_key,10.028915996372234,SUCCESS
7eedf12c-6d32-45b7-bff7-9adeb309bd0b,2026-07-26T21:41:41.172631+00:00,DNSLINK_IPFS,idap,compute_transcript,0.020416999177541584,SUCCESS
7eedf12c-6d32-45b7-bff7-9adeb309bd0b,2026-07-26T21:41:41.173031+00:00,DNSLINK_IPFS,idap,transcript_verify,0.3432080047787167,SUCCESS
7eedf12c-6d32-45b7-bff7-9adeb309bd0b,2026-07-26T21:41:41.173406+00:00,DNSLINK_IPFS,idap,client_shared_secret_derivation,0.2887090013246052,SUCCESS
7eedf12c-6d32-45b7-bff7-9adeb309bd0b,2026-07-26T21:41:41.173514+00:00,DNSLINK_IPFS,idap,client_session_key_derivation,0.021875006495974958,SUCCESS
7eedf12c-6d32-45b7-bff7-9adeb309bd0b,2026-07-26T21:41:41.173628+00:00,DNSLINK_IPFS,crypto,encrypt_message,0.02779200440272689,SUCCESS
7eedf12c-6d32-45b7-bff7-9adeb309bd0b,2026-07-26T21:41:41.173704+00:00,DNSLINK_IPFS,crypto,decrypt_message,0.009874995157588273,SUCCESS
7eedf12c-6d32-45b7-bff7-9adeb309bd0b,2026-07-26T21:41:41.174137+00:00,DNSLINK_IPFS,tampering,tampered_request_sign,0.33754199830582365,SUCCESS
7eedf12c-6d32-45b7-bff7-9adeb309bd0b,2026-07-26T21:41:41.183908+00:00,DNSLINK_IPFS,dnslink_ipfs,dnssec_txt_resolve,9.250957999029197,SUCCESS
7eedf12c-6d32-45b7-bff7-9adeb309bd0b,2026-07-26T21:41:41.184738+00:00,DNSLINK_IPFS,dnslink_ipfs,ipfs_cat_json,0.7427080054185353,SUCCESS
7eedf12c-6d32-45b7-bff7-9adeb309bd0b,2026-07-26T21:41:41.194743+00:00,DNSLINK_IPFS,dnslink_ipfs,dnssec_txt_resolve,9.879249999357853,SUCCESS
7eedf12c-6d32-45b7-bff7-9adeb309bd0b,2026-07-26T21:41:41.195594+00:00,DNSLINK_IPFS,dnslink_ipfs,ipfs_cat_json,0.7550000009359792,SUCCESS
7eedf12c-6d32-45b7-bff7-9adeb309bd0b,2026-07-26T21:41:41.205303+00:00,DNSLINK_IPFS,dnslink_ipfs,dnssec_txt_resolve,9.576290998666082,SUCCESS
7eedf12c-6d32-45b7-bff7-9adeb309bd0b,2026-07-26T21:41:41.206923+00:00,DNSLINK_IPFS,dnslink_ipfs,ipfs_cat_json,1.5175829976215027,SUCCESS
7eedf12c-6d32-45b7-bff7-9adeb309bd0b,2026-07-26T21:41:41.218175+00:00,DNSLINK_IPFS,dnslink_ipfs,dnssec_txt_resolve,11.113082997326273,SUCCESS
7eedf12c-6d32-45b7-bff7-9adeb309bd0b,2026-07-26T21:41:41.219158+00:00,DNSLINK_IPFS,dnslink_ipfs,ipfs_cat_json,0.8552499930374324,SUCCESS
7eedf12c-6d32-45b7-bff7-9adeb309bd0b,2026-07-26T21:41:41.220564+00:00,DNSLINK_IPFS,tampering,tampering_check,46.351290999155026,SUCCESS
7eedf12c-6d32-45b7-bff7-9adeb309bd0b,2026-07-26T21:41:41.220653+00:00,DNSLINK_IPFS,summary,total_flow,2762.2174999996787,SUCCESS
9a1b8517-b1d2-4eec-85d4-2cde318814a5,2026-07-26T21:41:41.320907+00:00,DNSLINK_IPFS,startup,initialize_store,0.004459005140233785,SUCCESS
9a1b8517-b1d2-4eec-85d4-2cde318814a5,2026-07-26T21:41:41.323620+00:00,DNSLINK_IPFS,startup,generate_identity_cp,2.3869579963502474,SUCCESS
9a1b8517-b1d2-4eec-85d4-2cde318814a5,2026-07-26T21:41:41.323899+00:00,DNSLINK_IPFS,startup,generate_identity_sp,0.2015000063693151,SUCCESS
9a1b8517-b1d2-4eec-85d4-2cde318814a5,2026-07-26T21:41:41.324137+00:00,DNSLINK_IPFS,startup,generate_identity_c1,0.18841699784388766,SUCCESS
9a1b8517-b1d2-4eec-85d4-2cde318814a5,2026-07-26T21:41:41.324369+00:00,DNSLINK_IPFS,startup,generate_identity_s1,0.18658299813978374,SUCCESS
9a1b8517-b1d2-4eec-85d4-2cde318814a5,2026-07-26T21:41:41.348768+00:00,DNSLINK_IPFS,dnslink_ipfs,ipfs_add_json,24.292916001286358,SUCCESS
9a1b8517-b1d2-4eec-85d4-2cde318814a5,2026-07-26T21:41:41.526628+00:00,DNSLINK_IPFS,dnslink_ipfs,dns_txt_update,177.57729099685093,SUCCESS
9a1b8517-b1d2-4eec-85d4-2cde318814a5,2026-07-26T21:41:41.526799+00:00,DNSLINK_IPFS,publish,publish_identity_cp,202.37516699853586,SUCCESS
9a1b8517-b1d2-4eec-85d4-2cde318814a5,2026-07-26T21:41:41.547603+00:00,DNSLINK_IPFS,dnslink_ipfs,ipfs_add_json,20.660540998505894,SUCCESS
9a1b8517-b1d2-4eec-85d4-2cde318814a5,2026-07-26T21:41:41.709771+00:00,DNSLINK_IPFS,dnslink_ipfs,dns_txt_update,161.84445800172398,SUCCESS
9a1b8517-b1d2-4eec-85d4-2cde318814a5,2026-07-26T21:41:41.709969+00:00,DNSLINK_IPFS,publish,publish_identity_sp,183.0980000013369,SUCCESS
9a1b8517-b1d2-4eec-85d4-2cde318814a5,2026-07-26T21:41:41.727752+00:00,DNSLINK_IPFS,dnslink_ipfs,ipfs_add_json,17.627790999540593,SUCCESS
9a1b8517-b1d2-4eec-85d4-2cde318814a5,2026-07-26T21:41:41.875009+00:00,DNSLINK_IPFS,dnslink_ipfs,dns_txt_update,146.94508299726294,SUCCESS
9a1b8517-b1d2-4eec-85d4-2cde318814a5,2026-07-26T21:41:41.875226+00:00,DNSLINK_IPFS,publish,publish_identity_c1,165.17349999776343,SUCCESS
9a1b8517-b1d2-4eec-85d4-2cde318814a5,2026-07-26T21:41:41.894556+00:00,DNSLINK_IPFS,dnslink_ipfs,ipfs_add_json,18.829666994861327,SUCCESS
9a1b8517-b1d2-4eec-85d4-2cde318814a5,2026-07-26T21:41:42.047342+00:00,DNSLINK_IPFS,dnslink_ipfs,dns_txt_update,152.30929200333776,SUCCESS
9a1b8517-b1d2-4eec-85d4-2cde318814a5,2026-07-26T21:41:42.047512+00:00,DNSLINK_IPFS,publish,publish_identity_s1,172.0734589980566,SUCCESS
9a1b8517-b1d2-4eec-85d4-2cde318814a5,2026-07-26T21:41:42.067623+00:00,DNSLINK_IPFS,dnslink_ipfs,ipfs_add_json,19.979124997917097,SUCCESS
9a1b8517-b1d2-4eec-85d4-2cde318814a5,2026-07-26T21:41:42.234979+00:00,DNSLINK_IPFS,dnslink_ipfs,dns_txt_update,166.5438339987304,SUCCESS
9a1b8517-b1d2-4eec-85d4-2cde318814a5,2026-07-26T21:41:42.235354+00:00,DNSLINK_IPFS,publish,publish_service_metadata,187.757125000644,SUCCESS
9a1b8517-b1d2-4eec-85d4-2cde318814a5,2026-07-26T21:41:42.256769+00:00,DNSLINK_IPFS,dnslink_ipfs,ipfs_add_json,21.243666000373196,SUCCESS
9a1b8517-b1d2-4eec-85d4-2cde318814a5,2026-07-26T21:41:42.409662+00:00,DNSLINK_IPFS,dnslink_ipfs,dns_txt_update,152.53195799596142,SUCCESS
9a1b8517-b1d2-4eec-85d4-2cde318814a5,2026-07-26T21:41:42.409914+00:00,DNSLINK_IPFS,publish,publish_provider_registry,174.46908300189534,SUCCESS
9a1b8517-b1d2-4eec-85d4-2cde318814a5,2026-07-26T21:41:42.422575+00:00,DNSLINK_IPFS,dnslink_ipfs,dnssec_txt_resolve,12.380084001051728,SUCCESS
9a1b8517-b1d2-4eec-85d4-2cde318814a5,2026-07-26T21:41:42.424029+00:00,DNSLINK_IPFS,dnslink_ipfs,ipfs_cat_json,1.2888330020359717,SUCCESS
9a1b8517-b1d2-4eec-85d4-2cde318814a5,2026-07-26T21:41:42.433541+00:00,DNSLINK_IPFS,dnslink_ipfs,dnssec_txt_resolve,9.35975000174949,SUCCESS
9a1b8517-b1d2-4eec-85d4-2cde318814a5,2026-07-26T21:41:42.434668+00:00,DNSLINK_IPFS,dnslink_ipfs,ipfs_cat_json,0.9744590061018243,SUCCESS
9a1b8517-b1d2-4eec-85d4-2cde318814a5,2026-07-26T21:41:42.434814+00:00,DNSLINK_IPFS,discovery,broker_discovery,24.679375004780013,SUCCESS
9a1b8517-b1d2-4eec-85d4-2cde318814a5,2026-07-26T21:41:42.435797+00:00,DNSLINK_IPFS,dap,dap_create_capability,0.847625000460539,SUCCESS
9a1b8517-b1d2-4eec-85d4-2cde318814a5,2026-07-26T21:41:42.436715+00:00,DNSLINK_IPFS,dap,dap_encrypt_enc_cap,0.7201250045909546,SUCCESS
9a1b8517-b1d2-4eec-85d4-2cde318814a5,2026-07-26T21:41:42.437025+00:00,DNSLINK_IPFS,idap,client_session_init,0.1798330049496144,SUCCESS
9a1b8517-b1d2-4eec-85d4-2cde318814a5,2026-07-26T21:41:42.437106+00:00,DNSLINK_IPFS,idap,client_ephemeral_public_key,0.008082999556791037,SUCCESS
9a1b8517-b1d2-4eec-85d4-2cde318814a5,2026-07-26T21:41:42.437553+00:00,DNSLINK_IPFS,idap,client_request_sign,0.3757500016945414,SUCCESS
9a1b8517-b1d2-4eec-85d4-2cde318814a5,2026-07-26T21:41:42.437634+00:00,DNSLINK_IPFS,idap,canonical_request_payload,0.016957994375843555,SUCCESS
9a1b8517-b1d2-4eec-85d4-2cde318814a5,2026-07-26T21:41:42.450040+00:00,DNSLINK_IPFS,dnslink_ipfs,dnssec_txt_resolve,11.754999999538995,SUCCESS
9a1b8517-b1d2-4eec-85d4-2cde318814a5,2026-07-26T21:41:42.451339+00:00,DNSLINK_IPFS,dnslink_ipfs,ipfs_cat_json,1.122624998970423,SUCCESS
9a1b8517-b1d2-4eec-85d4-2cde318814a5,2026-07-26T21:41:42.463559+00:00,DNSLINK_IPFS,dnslink_ipfs,dnssec_txt_resolve,12.017417000606656,SUCCESS
9a1b8517-b1d2-4eec-85d4-2cde318814a5,2026-07-26T21:41:42.464678+00:00,DNSLINK_IPFS,dnslink_ipfs,ipfs_cat_json,0.9825410015764646,SUCCESS
9a1b8517-b1d2-4eec-85d4-2cde318814a5,2026-07-26T21:41:42.474521+00:00,DNSLINK_IPFS,dnslink_ipfs,dnssec_txt_resolve,9.662208998634014,SUCCESS
9a1b8517-b1d2-4eec-85d4-2cde318814a5,2026-07-26T21:41:42.475739+00:00,DNSLINK_IPFS,dnslink_ipfs,ipfs_cat_json,1.0990000009769574,SUCCESS
9a1b8517-b1d2-4eec-85d4-2cde318814a5,2026-07-26T21:41:42.484092+00:00,DNSLINK_IPFS,dnslink_ipfs,dnssec_txt_resolve,8.192458000849001,SUCCESS
9a1b8517-b1d2-4eec-85d4-2cde318814a5,2026-07-26T21:41:42.485156+00:00,DNSLINK_IPFS,dnslink_ipfs,ipfs_cat_json,0.9273339965147898,SUCCESS
9a1b8517-b1d2-4eec-85d4-2cde318814a5,2026-07-26T21:41:42.488022+00:00,DNSLINK_IPFS,idap,idap_authorize,50.28291700000409,SUCCESS
9a1b8517-b1d2-4eec-85d4-2cde318814a5,2026-07-26T21:41:42.498729+00:00,DNSLINK_IPFS,dnslink_ipfs,dnssec_txt_resolve,9.95037500251783,SUCCESS
9a1b8517-b1d2-4eec-85d4-2cde318814a5,2026-07-26T21:41:42.499770+00:00,DNSLINK_IPFS,dnslink_ipfs,ipfs_cat_json,0.9033749956870452,SUCCESS
9a1b8517-b1d2-4eec-85d4-2cde318814a5,2026-07-26T21:41:42.513941+00:00,DNSLINK_IPFS,dnslink_ipfs,dnssec_txt_resolve,13.948250001703855,SUCCESS
9a1b8517-b1d2-4eec-85d4-2cde318814a5,2026-07-26T21:41:42.515378+00:00,DNSLINK_IPFS,dnslink_ipfs,ipfs_cat_json,1.2352089979685843,SUCCESS
9a1b8517-b1d2-4eec-85d4-2cde318814a5,2026-07-26T21:41:42.537630+00:00,DNSLINK_IPFS,dnslink_ipfs,dnssec_txt_resolve,22.01783400232671,SUCCESS
9a1b8517-b1d2-4eec-85d4-2cde318814a5,2026-07-26T21:41:42.538791+00:00,DNSLINK_IPFS,dnslink_ipfs,ipfs_cat_json,0.9632079963921569,SUCCESS
9a1b8517-b1d2-4eec-85d4-2cde318814a5,2026-07-26T21:41:42.547303+00:00,DNSLINK_IPFS,dnslink_ipfs,dnssec_txt_resolve,8.325833005073946,SUCCESS
9a1b8517-b1d2-4eec-85d4-2cde318814a5,2026-07-26T21:41:42.548338+00:00,DNSLINK_IPFS,dnslink_ipfs,ipfs_cat_json,0.9129589961958118,SUCCESS
9a1b8517-b1d2-4eec-85d4-2cde318814a5,2026-07-26T21:41:42.549755+00:00,DNSLINK_IPFS,idap,idap_replay_check,61.6030840028543,SUCCESS
9a1b8517-b1d2-4eec-85d4-2cde318814a5,2026-07-26T21:41:42.560209+00:00,DNSLINK_IPFS,dnslink_ipfs,dnssec_txt_resolve,10.319541004719213,SUCCESS
9a1b8517-b1d2-4eec-85d4-2cde318814a5,2026-07-26T21:41:42.561193+00:00,DNSLINK_IPFS,dnslink_ipfs,ipfs_cat_json,0.8632919998490252,SUCCESS
9a1b8517-b1d2-4eec-85d4-2cde318814a5,2026-07-26T21:41:42.561326+00:00,DNSLINK_IPFS,idap,resolve_service_public_key,11.470500001451,SUCCESS
9a1b8517-b1d2-4eec-85d4-2cde318814a5,2026-07-26T21:41:42.561430+00:00,DNSLINK_IPFS,idap,compute_transcript,0.0274580015684478,SUCCESS
9a1b8517-b1d2-4eec-85d4-2cde318814a5,2026-07-26T21:41:42.561910+00:00,DNSLINK_IPFS,idap,transcript_verify,0.40779199480311945,SUCCESS
9a1b8517-b1d2-4eec-85d4-2cde318814a5,2026-07-26T21:41:42.562284+00:00,DNSLINK_IPFS,idap,client_shared_secret_derivation,0.297792001219932,SUCCESS
9a1b8517-b1d2-4eec-85d4-2cde318814a5,2026-07-26T21:41:42.562372+00:00,DNSLINK_IPFS,idap,client_session_key_derivation,0.021708001440856606,SUCCESS
9a1b8517-b1d2-4eec-85d4-2cde318814a5,2026-07-26T21:41:42.562488+00:00,DNSLINK_IPFS,crypto,encrypt_message,0.027167006919626147,SUCCESS
9a1b8517-b1d2-4eec-85d4-2cde318814a5,2026-07-26T21:41:42.562565+00:00,DNSLINK_IPFS,crypto,decrypt_message,0.009832998330239207,SUCCESS
9a1b8517-b1d2-4eec-85d4-2cde318814a5,2026-07-26T21:41:42.563038+00:00,DNSLINK_IPFS,tampering,tampered_request_sign,0.3688340002554469,SUCCESS
9a1b8517-b1d2-4eec-85d4-2cde318814a5,2026-07-26T21:41:42.576349+00:00,DNSLINK_IPFS,dnslink_ipfs,dnssec_txt_resolve,12.624124996364117,SUCCESS
9a1b8517-b1d2-4eec-85d4-2cde318814a5,2026-07-26T21:41:42.577445+00:00,DNSLINK_IPFS,dnslink_ipfs,ipfs_cat_json,0.893541997356806,SUCCESS
9a1b8517-b1d2-4eec-85d4-2cde318814a5,2026-07-26T21:41:42.591494+00:00,DNSLINK_IPFS,dnslink_ipfs,dnssec_txt_resolve,13.821791995724197,SUCCESS
9a1b8517-b1d2-4eec-85d4-2cde318814a5,2026-07-26T21:41:42.592602+00:00,DNSLINK_IPFS,dnslink_ipfs,ipfs_cat_json,0.967084000876639,SUCCESS
9a1b8517-b1d2-4eec-85d4-2cde318814a5,2026-07-26T21:41:42.605923+00:00,DNSLINK_IPFS,dnslink_ipfs,dnssec_txt_resolve,13.133749998814892,SUCCESS
9a1b8517-b1d2-4eec-85d4-2cde318814a5,2026-07-26T21:41:42.606886+00:00,DNSLINK_IPFS,dnslink_ipfs,ipfs_cat_json,0.814375001937151,SUCCESS
9a1b8517-b1d2-4eec-85d4-2cde318814a5,2026-07-26T21:41:42.616388+00:00,DNSLINK_IPFS,dnslink_ipfs,dnssec_txt_resolve,9.300124998844694,SUCCESS
9a1b8517-b1d2-4eec-85d4-2cde318814a5,2026-07-26T21:41:42.617535+00:00,DNSLINK_IPFS,dnslink_ipfs,ipfs_cat_json,0.9724999981699511,SUCCESS
9a1b8517-b1d2-4eec-85d4-2cde318814a5,2026-07-26T21:41:42.619197+00:00,DNSLINK_IPFS,tampering,tampering_check,56.04595800105017,SUCCESS
9a1b8517-b1d2-4eec-85d4-2cde318814a5,2026-07-26T21:41:42.619298+00:00,DNSLINK_IPFS,summary,total_flow,1298.428000001877,SUCCESS
475c95a7-c9d8-4ae0-b70f-6b1c0819bf5f,2026-07-26T21:41:42.721160+00:00,DNSLINK_IPFS,startup,initialize_store,0.004791996616404504,SUCCESS
475c95a7-c9d8-4ae0-b70f-6b1c0819bf5f,2026-07-26T21:41:42.723902+00:00,DNSLINK_IPFS,startup,generate_identity_cp,2.481458999682218,SUCCESS
475c95a7-c9d8-4ae0-b70f-6b1c0819bf5f,2026-07-26T21:41:42.724183+00:00,DNSLINK_IPFS,startup,generate_identity_sp,0.20429200230864808,SUCCESS
475c95a7-c9d8-4ae0-b70f-6b1c0819bf5f,2026-07-26T21:41:42.724414+00:00,DNSLINK_IPFS,startup,generate_identity_c1,0.1875829984783195,SUCCESS
475c95a7-c9d8-4ae0-b70f-6b1c0819bf5f,2026-07-26T21:41:42.724636+00:00,DNSLINK_IPFS,startup,generate_identity_s1,0.1844159996835515,SUCCESS
475c95a7-c9d8-4ae0-b70f-6b1c0819bf5f,2026-07-26T21:41:42.749562+00:00,DNSLINK_IPFS,dnslink_ipfs,ipfs_add_json,24.75850000337232,SUCCESS
475c95a7-c9d8-4ae0-b70f-6b1c0819bf5f,2026-07-26T21:41:43.496624+00:00,DNSLINK_IPFS,dnslink_ipfs,dns_txt_update,746.6484590040636,SUCCESS
475c95a7-c9d8-4ae0-b70f-6b1c0819bf5f,2026-07-26T21:41:43.496909+00:00,DNSLINK_IPFS,publish,publish_identity_cp,772.2053329998744,SUCCESS
475c95a7-c9d8-4ae0-b70f-6b1c0819bf5f,2026-07-26T21:41:43.518896+00:00,DNSLINK_IPFS,dnslink_ipfs,ipfs_add_json,21.811291000631172,SUCCESS
475c95a7-c9d8-4ae0-b70f-6b1c0819bf5f,2026-07-26T21:41:43.674583+00:00,DNSLINK_IPFS,dnslink_ipfs,dns_txt_update,155.28187499876367,SUCCESS
475c95a7-c9d8-4ae0-b70f-6b1c0819bf5f,2026-07-26T21:41:43.674834+00:00,DNSLINK_IPFS,publish,publish_identity_sp,177.83054200117476,SUCCESS
475c95a7-c9d8-4ae0-b70f-6b1c0819bf5f,2026-07-26T21:41:43.694425+00:00,DNSLINK_IPFS,dnslink_ipfs,ipfs_add_json,19.31916600005934,SUCCESS
475c95a7-c9d8-4ae0-b70f-6b1c0819bf5f,2026-07-26T21:41:43.847803+00:00,DNSLINK_IPFS,dnslink_ipfs,dns_txt_update,153.00683299574303,SUCCESS
475c95a7-c9d8-4ae0-b70f-6b1c0819bf5f,2026-07-26T21:41:43.848055+00:00,DNSLINK_IPFS,publish,publish_identity_c1,172.99704199831467,SUCCESS
475c95a7-c9d8-4ae0-b70f-6b1c0819bf5f,2026-07-26T21:41:43.868649+00:00,DNSLINK_IPFS,dnslink_ipfs,ipfs_add_json,20.27000000089174,SUCCESS
475c95a7-c9d8-4ae0-b70f-6b1c0819bf5f,2026-07-26T21:41:44.019870+00:00,DNSLINK_IPFS,dnslink_ipfs,dns_txt_update,150.86600000358885,SUCCESS
475c95a7-c9d8-4ae0-b70f-6b1c0819bf5f,2026-07-26T21:41:44.020050+00:00,DNSLINK_IPFS,publish,publish_identity_s1,171.7940410017036,SUCCESS
475c95a7-c9d8-4ae0-b70f-6b1c0819bf5f,2026-07-26T21:41:44.040699+00:00,DNSLINK_IPFS,dnslink_ipfs,ipfs_add_json,20.426666997082066,SUCCESS
475c95a7-c9d8-4ae0-b70f-6b1c0819bf5f,2026-07-26T21:41:44.189139+00:00,DNSLINK_IPFS,dnslink_ipfs,dns_txt_update,148.02962500107242,SUCCESS
475c95a7-c9d8-4ae0-b70f-6b1c0819bf5f,2026-07-26T21:41:44.189407+00:00,DNSLINK_IPFS,publish,publish_service_metadata,169.25579200324137,SUCCESS
475c95a7-c9d8-4ae0-b70f-6b1c0819bf5f,2026-07-26T21:41:44.212329+00:00,DNSLINK_IPFS,dnslink_ipfs,ipfs_add_json,22.500416002003476,SUCCESS
475c95a7-c9d8-4ae0-b70f-6b1c0819bf5f,2026-07-26T21:41:44.376528+00:00,DNSLINK_IPFS,dnslink_ipfs,dns_txt_update,163.7403330023517,SUCCESS
475c95a7-c9d8-4ae0-b70f-6b1c0819bf5f,2026-07-26T21:41:44.376719+00:00,DNSLINK_IPFS,publish,publish_provider_registry,187.10383299912792,SUCCESS
475c95a7-c9d8-4ae0-b70f-6b1c0819bf5f,2026-07-26T21:41:44.390754+00:00,DNSLINK_IPFS,dnslink_ipfs,dnssec_txt_resolve,13.8873749965569,SUCCESS
475c95a7-c9d8-4ae0-b70f-6b1c0819bf5f,2026-07-26T21:41:44.392151+00:00,DNSLINK_IPFS,dnslink_ipfs,ipfs_cat_json,1.2646250033867545,SUCCESS
475c95a7-c9d8-4ae0-b70f-6b1c0819bf5f,2026-07-26T21:41:44.403661+00:00,DNSLINK_IPFS,dnslink_ipfs,dnssec_txt_resolve,11.368625004251953,SUCCESS
475c95a7-c9d8-4ae0-b70f-6b1c0819bf5f,2026-07-26T21:41:44.404615+00:00,DNSLINK_IPFS,dnslink_ipfs,ipfs_cat_json,0.817542000731919,SUCCESS
475c95a7-c9d8-4ae0-b70f-6b1c0819bf5f,2026-07-26T21:41:44.404730+00:00,DNSLINK_IPFS,discovery,broker_discovery,27.928374998737127,SUCCESS
475c95a7-c9d8-4ae0-b70f-6b1c0819bf5f,2026-07-26T21:41:44.405461+00:00,DNSLINK_IPFS,dap,dap_create_capability,0.6486669954028912,SUCCESS
475c95a7-c9d8-4ae0-b70f-6b1c0819bf5f,2026-07-26T21:41:44.406227+00:00,DNSLINK_IPFS,dap,dap_encrypt_enc_cap,0.6563330025528558,SUCCESS
475c95a7-c9d8-4ae0-b70f-6b1c0819bf5f,2026-07-26T21:41:44.406454+00:00,DNSLINK_IPFS,idap,client_session_init,0.1382080008625053,SUCCESS
475c95a7-c9d8-4ae0-b70f-6b1c0819bf5f,2026-07-26T21:41:44.406510+00:00,DNSLINK_IPFS,idap,client_ephemeral_public_key,0.003417000698391348,SUCCESS
475c95a7-c9d8-4ae0-b70f-6b1c0819bf5f,2026-07-26T21:41:44.406840+00:00,DNSLINK_IPFS,idap,client_request_sign,0.2795830005197786,SUCCESS
475c95a7-c9d8-4ae0-b70f-6b1c0819bf5f,2026-07-26T21:41:44.406904+00:00,DNSLINK_IPFS,idap,canonical_request_payload,0.015459001588169485,SUCCESS
475c95a7-c9d8-4ae0-b70f-6b1c0819bf5f,2026-07-26T21:41:44.417607+00:00,DNSLINK_IPFS,dnslink_ipfs,dnssec_txt_resolve,10.20858300034888,SUCCESS
475c95a7-c9d8-4ae0-b70f-6b1c0819bf5f,2026-07-26T21:41:44.418819+00:00,DNSLINK_IPFS,dnslink_ipfs,ipfs_cat_json,1.089458994101733,SUCCESS
475c95a7-c9d8-4ae0-b70f-6b1c0819bf5f,2026-07-26T21:41:44.427008+00:00,DNSLINK_IPFS,dnslink_ipfs,dnssec_txt_resolve,8.011166995856911,SUCCESS
475c95a7-c9d8-4ae0-b70f-6b1c0819bf5f,2026-07-26T21:41:44.427728+00:00,DNSLINK_IPFS,dnslink_ipfs,ipfs_cat_json,0.6303749978542328,SUCCESS
475c95a7-c9d8-4ae0-b70f-6b1c0819bf5f,2026-07-26T21:41:44.436759+00:00,DNSLINK_IPFS,dnslink_ipfs,dnssec_txt_resolve,8.912207995308563,SUCCESS
475c95a7-c9d8-4ae0-b70f-6b1c0819bf5f,2026-07-26T21:41:44.437552+00:00,DNSLINK_IPFS,dnslink_ipfs,ipfs_cat_json,0.6972500050324015,SUCCESS
475c95a7-c9d8-4ae0-b70f-6b1c0819bf5f,2026-07-26T21:41:44.447246+00:00,DNSLINK_IPFS,dnslink_ipfs,dnssec_txt_resolve,9.545499997329898,SUCCESS
475c95a7-c9d8-4ae0-b70f-6b1c0819bf5f,2026-07-26T21:41:44.448226+00:00,DNSLINK_IPFS,dnslink_ipfs,ipfs_cat_json,0.8746669991523959,SUCCESS
475c95a7-c9d8-4ae0-b70f-6b1c0819bf5f,2026-07-26T21:41:44.450024+00:00,DNSLINK_IPFS,idap,idap_authorize,43.06000000360655,SUCCESS
475c95a7-c9d8-4ae0-b70f-6b1c0819bf5f,2026-07-26T21:41:44.460168+00:00,DNSLINK_IPFS,dnslink_ipfs,dnssec_txt_resolve,9.646915998018812,SUCCESS
475c95a7-c9d8-4ae0-b70f-6b1c0819bf5f,2026-07-26T21:41:44.461293+00:00,DNSLINK_IPFS,dnslink_ipfs,ipfs_cat_json,1.0268749974784441,SUCCESS
475c95a7-c9d8-4ae0-b70f-6b1c0819bf5f,2026-07-26T21:41:44.472487+00:00,DNSLINK_IPFS,dnslink_ipfs,dnssec_txt_resolve,11.067250001360662,SUCCESS
475c95a7-c9d8-4ae0-b70f-6b1c0819bf5f,2026-07-26T21:41:44.473567+00:00,DNSLINK_IPFS,dnslink_ipfs,ipfs_cat_json,0.9834999946178868,SUCCESS
475c95a7-c9d8-4ae0-b70f-6b1c0819bf5f,2026-07-26T21:41:44.487604+00:00,DNSLINK_IPFS,dnslink_ipfs,dnssec_txt_resolve,13.78133300022455,SUCCESS
475c95a7-c9d8-4ae0-b70f-6b1c0819bf5f,2026-07-26T21:41:44.488776+00:00,DNSLINK_IPFS,dnslink_ipfs,ipfs_cat_json,0.9481669985689223,SUCCESS
475c95a7-c9d8-4ae0-b70f-6b1c0819bf5f,2026-07-26T21:41:44.505789+00:00,DNSLINK_IPFS,dnslink_ipfs,dnssec_txt_resolve,16.781124999397434,SUCCESS
475c95a7-c9d8-4ae0-b70f-6b1c0819bf5f,2026-07-26T21:41:44.506814+00:00,DNSLINK_IPFS,dnslink_ipfs,ipfs_cat_json,0.8586249969084747,SUCCESS
475c95a7-c9d8-4ae0-b70f-6b1c0819bf5f,2026-07-26T21:41:44.508061+00:00,DNSLINK_IPFS,idap,idap_replay_check,57.94591700396268,SUCCESS
475c95a7-c9d8-4ae0-b70f-6b1c0819bf5f,2026-07-26T21:41:44.525999+00:00,DNSLINK_IPFS,dnslink_ipfs,dnssec_txt_resolve,17.806915995606687,SUCCESS
475c95a7-c9d8-4ae0-b70f-6b1c0819bf5f,2026-07-26T21:41:44.527276+00:00,DNSLINK_IPFS,dnslink_ipfs,ipfs_cat_json,1.132333003624808,SUCCESS
475c95a7-c9d8-4ae0-b70f-6b1c0819bf5f,2026-07-26T21:41:44.527418+00:00,DNSLINK_IPFS,idap,resolve_service_public_key,19.25966699491255,SUCCESS
475c95a7-c9d8-4ae0-b70f-6b1c0819bf5f,2026-07-26T21:41:44.527519+00:00,DNSLINK_IPFS,idap,compute_transcript,0.02958300319733098,SUCCESS
475c95a7-c9d8-4ae0-b70f-6b1c0819bf5f,2026-07-26T21:41:44.527949+00:00,DNSLINK_IPFS,idap,transcript_verify,0.3642090014182031,SUCCESS
475c95a7-c9d8-4ae0-b70f-6b1c0819bf5f,2026-07-26T21:41:44.528279+00:00,DNSLINK_IPFS,idap,client_shared_secret_derivation,0.26179200358456,SUCCESS
475c95a7-c9d8-4ae0-b70f-6b1c0819bf5f,2026-07-26T21:41:44.528364+00:00,DNSLINK_IPFS,idap,client_session_key_derivation,0.021749998268205673,SUCCESS
475c95a7-c9d8-4ae0-b70f-6b1c0819bf5f,2026-07-26T21:41:44.528470+00:00,DNSLINK_IPFS,crypto,encrypt_message,0.027707996196113527,SUCCESS
475c95a7-c9d8-4ae0-b70f-6b1c0819bf5f,2026-07-26T21:41:44.528537+00:00,DNSLINK_IPFS,crypto,decrypt_message,0.008957998943515122,SUCCESS
475c95a7-c9d8-4ae0-b70f-6b1c0819bf5f,2026-07-26T21:41:44.528952+00:00,DNSLINK_IPFS,tampering,tampered_request_sign,0.3219169957446866,SUCCESS
475c95a7-c9d8-4ae0-b70f-6b1c0819bf5f,2026-07-26T21:41:44.540919+00:00,DNSLINK_IPFS,dnslink_ipfs,dnssec_txt_resolve,11.391291001928039,SUCCESS
475c95a7-c9d8-4ae0-b70f-6b1c0819bf5f,2026-07-26T21:41:44.542427+00:00,DNSLINK_IPFS,dnslink_ipfs,ipfs_cat_json,1.2192919966764748,SUCCESS
475c95a7-c9d8-4ae0-b70f-6b1c0819bf5f,2026-07-26T21:41:44.553368+00:00,DNSLINK_IPFS,dnslink_ipfs,dnssec_txt_resolve,10.656457998265978,SUCCESS
475c95a7-c9d8-4ae0-b70f-6b1c0819bf5f,2026-07-26T21:41:44.554497+00:00,DNSLINK_IPFS,dnslink_ipfs,ipfs_cat_json,0.9357500020996667,SUCCESS
475c95a7-c9d8-4ae0-b70f-6b1c0819bf5f,2026-07-26T21:41:44.562598+00:00,DNSLINK_IPFS,dnslink_ipfs,dnssec_txt_resolve,7.902375000412576,SUCCESS
475c95a7-c9d8-4ae0-b70f-6b1c0819bf5f,2026-07-26T21:41:44.563539+00:00,DNSLINK_IPFS,dnslink_ipfs,ipfs_cat_json,0.830000004498288,SUCCESS
475c95a7-c9d8-4ae0-b70f-6b1c0819bf5f,2026-07-26T21:41:44.574021+00:00,DNSLINK_IPFS,dnslink_ipfs,dnssec_txt_resolve,10.323458998755086,SUCCESS
475c95a7-c9d8-4ae0-b70f-6b1c0819bf5f,2026-07-26T21:41:44.575669+00:00,DNSLINK_IPFS,dnslink_ipfs,ipfs_cat_json,1.4900829992257059,SUCCESS
475c95a7-c9d8-4ae0-b70f-6b1c0819bf5f,2026-07-26T21:41:44.577053+00:00,DNSLINK_IPFS,tampering,tampering_check,48.0102919973433,SUCCESS
475c95a7-c9d8-4ae0-b70f-6b1c0819bf5f,2026-07-26T21:41:44.577187+00:00,DNSLINK_IPFS,summary,total_flow,1856.059167002968,SUCCESS
bd5d07a5-8245-4c45-b150-cf1fae975737,2026-07-26T21:41:44.679739+00:00,DNSLINK_IPFS,startup,initialize_store,0.004458001058083028,SUCCESS
bd5d07a5-8245-4c45-b150-cf1fae975737,2026-07-26T21:41:44.682256+00:00,DNSLINK_IPFS,startup,generate_identity_cp,2.2272920032264665,SUCCESS
bd5d07a5-8245-4c45-b150-cf1fae975737,2026-07-26T21:41:44.682509+00:00,DNSLINK_IPFS,startup,generate_identity_sp,0.1819160024751909,SUCCESS
bd5d07a5-8245-4c45-b150-cf1fae975737,2026-07-26T21:41:44.682743+00:00,DNSLINK_IPFS,startup,generate_identity_c1,0.1880000054370612,SUCCESS
bd5d07a5-8245-4c45-b150-cf1fae975737,2026-07-26T21:41:44.682967+00:00,DNSLINK_IPFS,startup,generate_identity_s1,0.18487499619368464,SUCCESS
bd5d07a5-8245-4c45-b150-cf1fae975737,2026-07-26T21:41:44.705588+00:00,DNSLINK_IPFS,dnslink_ipfs,ipfs_add_json,22.491791998618282,SUCCESS
bd5d07a5-8245-4c45-b150-cf1fae975737,2026-07-26T21:41:45.444591+00:00,DNSLINK_IPFS,dnslink_ipfs,dns_txt_update,738.4499999971013,SUCCESS
bd5d07a5-8245-4c45-b150-cf1fae975737,2026-07-26T21:41:45.445304+00:00,DNSLINK_IPFS,publish,publish_identity_cp,762.1267499998794,SUCCESS
bd5d07a5-8245-4c45-b150-cf1fae975737,2026-07-26T21:41:45.466838+00:00,DNSLINK_IPFS,dnslink_ipfs,ipfs_add_json,21.195208995777648,SUCCESS
bd5d07a5-8245-4c45-b150-cf1fae975737,2026-07-26T21:41:45.631469+00:00,DNSLINK_IPFS,dnslink_ipfs,dns_txt_update,164.17000000365078,SUCCESS
bd5d07a5-8245-4c45-b150-cf1fae975737,2026-07-26T21:41:45.631742+00:00,DNSLINK_IPFS,publish,publish_identity_sp,186.2207500016666,SUCCESS
bd5d07a5-8245-4c45-b150-cf1fae975737,2026-07-26T21:41:45.653327+00:00,DNSLINK_IPFS,dnslink_ipfs,ipfs_add_json,21.28837499913061,SUCCESS
bd5d07a5-8245-4c45-b150-cf1fae975737,2026-07-26T21:41:45.797034+00:00,DNSLINK_IPFS,dnslink_ipfs,dns_txt_update,143.355000000156,SUCCESS
bd5d07a5-8245-4c45-b150-cf1fae975737,2026-07-26T21:41:45.797241+00:00,DNSLINK_IPFS,publish,publish_identity_c1,165.27275000407826,SUCCESS
bd5d07a5-8245-4c45-b150-cf1fae975737,2026-07-26T21:41:45.821234+00:00,DNSLINK_IPFS,dnslink_ipfs,ipfs_add_json,23.84558400081005,SUCCESS
bd5d07a5-8245-4c45-b150-cf1fae975737,2026-07-26T21:41:45.984979+00:00,DNSLINK_IPFS,dnslink_ipfs,dns_txt_update,163.44033300265437,SUCCESS
bd5d07a5-8245-4c45-b150-cf1fae975737,2026-07-26T21:41:45.985226+00:00,DNSLINK_IPFS,publish,publish_identity_s1,187.8876249975292,SUCCESS
bd5d07a5-8245-4c45-b150-cf1fae975737,2026-07-26T21:41:46.001817+00:00,DNSLINK_IPFS,dnslink_ipfs,ipfs_add_json,16.26058299734723,SUCCESS
bd5d07a5-8245-4c45-b150-cf1fae975737,2026-07-26T21:41:46.148303+00:00,DNSLINK_IPFS,dnslink_ipfs,dns_txt_update,146.12679200217826,SUCCESS
bd5d07a5-8245-4c45-b150-cf1fae975737,2026-07-26T21:41:46.148753+00:00,DNSLINK_IPFS,publish,publish_service_metadata,163.27829100191593,SUCCESS
bd5d07a5-8245-4c45-b150-cf1fae975737,2026-07-26T21:41:46.168766+00:00,DNSLINK_IPFS,dnslink_ipfs,ipfs_add_json,19.788750003499445,SUCCESS
bd5d07a5-8245-4c45-b150-cf1fae975737,2026-07-26T21:41:46.313065+00:00,DNSLINK_IPFS,dnslink_ipfs,dns_txt_update,143.94916699529858,SUCCESS
bd5d07a5-8245-4c45-b150-cf1fae975737,2026-07-26T21:41:46.313313+00:00,DNSLINK_IPFS,publish,publish_provider_registry,164.4114590017125,SUCCESS
bd5d07a5-8245-4c45-b150-cf1fae975737,2026-07-26T21:41:46.327193+00:00,DNSLINK_IPFS,dnslink_ipfs,dnssec_txt_resolve,13.573707998148166,SUCCESS
bd5d07a5-8245-4c45-b150-cf1fae975737,2026-07-26T21:41:46.328524+00:00,DNSLINK_IPFS,dnslink_ipfs,ipfs_cat_json,1.1017090000677854,SUCCESS
bd5d07a5-8245-4c45-b150-cf1fae975737,2026-07-26T21:41:46.338961+00:00,DNSLINK_IPFS,dnslink_ipfs,dnssec_txt_resolve,10.245208999549504,SUCCESS
bd5d07a5-8245-4c45-b150-cf1fae975737,2026-07-26T21:41:46.340240+00:00,DNSLINK_IPFS,dnslink_ipfs,ipfs_cat_json,1.1281249971943907,SUCCESS
bd5d07a5-8245-4c45-b150-cf1fae975737,2026-07-26T21:41:46.340367+00:00,DNSLINK_IPFS,discovery,broker_discovery,26.823667001735885,SUCCESS
bd5d07a5-8245-4c45-b150-cf1fae975737,2026-07-26T21:41:46.341318+00:00,DNSLINK_IPFS,dap,dap_create_capability,0.8510420011589304,SUCCESS
bd5d07a5-8245-4c45-b150-cf1fae975737,2026-07-26T21:41:46.342306+00:00,DNSLINK_IPFS,dap,dap_encrypt_enc_cap,0.8408329958911054,SUCCESS
bd5d07a5-8245-4c45-b150-cf1fae975737,2026-07-26T21:41:46.342603+00:00,DNSLINK_IPFS,idap,client_session_init,0.1777500001480803,SUCCESS
bd5d07a5-8245-4c45-b150-cf1fae975737,2026-07-26T21:41:46.342674+00:00,DNSLINK_IPFS,idap,client_ephemeral_public_key,0.0040000013541430235,SUCCESS
bd5d07a5-8245-4c45-b150-cf1fae975737,2026-07-26T21:41:46.343099+00:00,DNSLINK_IPFS,idap,client_request_sign,0.36012499913340434,SUCCESS
bd5d07a5-8245-4c45-b150-cf1fae975737,2026-07-26T21:41:46.343178+00:00,DNSLINK_IPFS,idap,canonical_request_payload,0.016665995644871145,SUCCESS
bd5d07a5-8245-4c45-b150-cf1fae975737,2026-07-26T21:41:46.354497+00:00,DNSLINK_IPFS,dnslink_ipfs,dnssec_txt_resolve,10.662250002496876,SUCCESS
bd5d07a5-8245-4c45-b150-cf1fae975737,2026-07-26T21:41:46.355785+00:00,DNSLINK_IPFS,dnslink_ipfs,ipfs_cat_json,1.1361669967300259,SUCCESS
bd5d07a5-8245-4c45-b150-cf1fae975737,2026-07-26T21:41:46.364366+00:00,DNSLINK_IPFS,dnslink_ipfs,dnssec_txt_resolve,8.366542002477217,SUCCESS
bd5d07a5-8245-4c45-b150-cf1fae975737,2026-07-26T21:41:46.365350+00:00,DNSLINK_IPFS,dnslink_ipfs,ipfs_cat_json,0.8706669977982529,SUCCESS
bd5d07a5-8245-4c45-b150-cf1fae975737,2026-07-26T21:41:46.373267+00:00,DNSLINK_IPFS,dnslink_ipfs,dnssec_txt_resolve,7.766292001178954,SUCCESS
bd5d07a5-8245-4c45-b150-cf1fae975737,2026-07-26T21:41:46.374415+00:00,DNSLINK_IPFS,dnslink_ipfs,ipfs_cat_json,1.050209000823088,SUCCESS
bd5d07a5-8245-4c45-b150-cf1fae975737,2026-07-26T21:41:46.382458+00:00,DNSLINK_IPFS,dnslink_ipfs,dnssec_txt_resolve,7.888915999501478,SUCCESS
bd5d07a5-8245-4c45-b150-cf1fae975737,2026-07-26T21:41:46.383387+00:00,DNSLINK_IPFS,dnslink_ipfs,ipfs_cat_json,0.814833001641091,SUCCESS
bd5d07a5-8245-4c45-b150-cf1fae975737,2026-07-26T21:41:46.385638+00:00,DNSLINK_IPFS,idap,idap_authorize,42.37883300083922,SUCCESS
bd5d07a5-8245-4c45-b150-cf1fae975737,2026-07-26T21:41:46.397127+00:00,DNSLINK_IPFS,dnslink_ipfs,dnssec_txt_resolve,10.839583999768365,SUCCESS
bd5d07a5-8245-4c45-b150-cf1fae975737,2026-07-26T21:41:46.398289+00:00,DNSLINK_IPFS,dnslink_ipfs,ipfs_cat_json,1.0014590006903745,SUCCESS
bd5d07a5-8245-4c45-b150-cf1fae975737,2026-07-26T21:41:46.408065+00:00,DNSLINK_IPFS,dnslink_ipfs,dnssec_txt_resolve,9.567458000674378,SUCCESS
bd5d07a5-8245-4c45-b150-cf1fae975737,2026-07-26T21:41:46.409244+00:00,DNSLINK_IPFS,dnslink_ipfs,ipfs_cat_json,1.050332997692749,SUCCESS
bd5d07a5-8245-4c45-b150-cf1fae975737,2026-07-26T21:41:46.417260+00:00,DNSLINK_IPFS,dnslink_ipfs,dnssec_txt_resolve,7.845792002626695,SUCCESS
bd5d07a5-8245-4c45-b150-cf1fae975737,2026-07-26T21:41:46.418249+00:00,DNSLINK_IPFS,dnslink_ipfs,ipfs_cat_json,0.8594579994678497,SUCCESS
bd5d07a5-8245-4c45-b150-cf1fae975737,2026-07-26T21:41:46.426593+00:00,DNSLINK_IPFS,dnslink_ipfs,dnssec_txt_resolve,8.15570900158491,SUCCESS
bd5d07a5-8245-4c45-b150-cf1fae975737,2026-07-26T21:41:46.427605+00:00,DNSLINK_IPFS,dnslink_ipfs,ipfs_cat_json,0.858416999108158,SUCCESS
bd5d07a5-8245-4c45-b150-cf1fae975737,2026-07-26T21:41:46.428867+00:00,DNSLINK_IPFS,idap,idap_replay_check,43.12779199972283,SUCCESS
bd5d07a5-8245-4c45-b150-cf1fae975737,2026-07-26T21:41:46.439753+00:00,DNSLINK_IPFS,dnslink_ipfs,dnssec_txt_resolve,10.737666998466011,SUCCESS
bd5d07a5-8245-4c45-b150-cf1fae975737,2026-07-26T21:41:46.440952+00:00,DNSLINK_IPFS,dnslink_ipfs,ipfs_cat_json,1.0721250000642613,SUCCESS
bd5d07a5-8245-4c45-b150-cf1fae975737,2026-07-26T21:41:46.441071+00:00,DNSLINK_IPFS,idap,resolve_service_public_key,12.113624994526617,SUCCESS
bd5d07a5-8245-4c45-b150-cf1fae975737,2026-07-26T21:41:46.441169+00:00,DNSLINK_IPFS,idap,compute_transcript,0.028458998713176697,SUCCESS
bd5d07a5-8245-4c45-b150-cf1fae975737,2026-07-26T21:41:46.441608+00:00,DNSLINK_IPFS,idap,transcript_verify,0.3771659976337105,SUCCESS
bd5d07a5-8245-4c45-b150-cf1fae975737,2026-07-26T21:41:46.441943+00:00,DNSLINK_IPFS,idap,client_shared_secret_derivation,0.2684999999473803,SUCCESS
bd5d07a5-8245-4c45-b150-cf1fae975737,2026-07-26T21:41:46.442031+00:00,DNSLINK_IPFS,idap,client_session_key_derivation,0.020624996977858245,SUCCESS
bd5d07a5-8245-4c45-b150-cf1fae975737,2026-07-26T21:41:46.442143+00:00,DNSLINK_IPFS,crypto,encrypt_message,0.03266600106144324,SUCCESS
bd5d07a5-8245-4c45-b150-cf1fae975737,2026-07-26T21:41:46.442232+00:00,DNSLINK_IPFS,crypto,decrypt_message,0.009457995474804193,SUCCESS
bd5d07a5-8245-4c45-b150-cf1fae975737,2026-07-26T21:41:46.442662+00:00,DNSLINK_IPFS,tampering,tampered_request_sign,0.3256659983890131,SUCCESS
bd5d07a5-8245-4c45-b150-cf1fae975737,2026-07-26T21:41:46.453610+00:00,DNSLINK_IPFS,dnslink_ipfs,dnssec_txt_resolve,10.30966699909186,SUCCESS
bd5d07a5-8245-4c45-b150-cf1fae975737,2026-07-26T21:41:46.454867+00:00,DNSLINK_IPFS,dnslink_ipfs,ipfs_cat_json,1.06870799936587,SUCCESS
bd5d07a5-8245-4c45-b150-cf1fae975737,2026-07-26T21:41:46.466639+00:00,DNSLINK_IPFS,dnslink_ipfs,dnssec_txt_resolve,11.301459002424963,SUCCESS
bd5d07a5-8245-4c45-b150-cf1fae975737,2026-07-26T21:41:46.468376+00:00,DNSLINK_IPFS,dnslink_ipfs,ipfs_cat_json,1.3360000011743978,SUCCESS
bd5d07a5-8245-4c45-b150-cf1fae975737,2026-07-26T21:41:46.480570+00:00,DNSLINK_IPFS,dnslink_ipfs,dnssec_txt_resolve,11.753124999813735,SUCCESS
bd5d07a5-8245-4c45-b150-cf1fae975737,2026-07-26T21:41:46.481913+00:00,DNSLINK_IPFS,dnslink_ipfs,ipfs_cat_json,1.1967089958488941,SUCCESS
bd5d07a5-8245-4c45-b150-cf1fae975737,2026-07-26T21:41:46.494604+00:00,DNSLINK_IPFS,dnslink_ipfs,dnssec_txt_resolve,12.46391700260574,SUCCESS
bd5d07a5-8245-4c45-b150-cf1fae975737,2026-07-26T21:41:46.496288+00:00,DNSLINK_IPFS,dnslink_ipfs,ipfs_cat_json,1.5288750000763685,SUCCESS
bd5d07a5-8245-4c45-b150-cf1fae975737,2026-07-26T21:41:46.497125+00:00,DNSLINK_IPFS,tampering,tampering_check,54.383832997700665,SUCCESS
bd5d07a5-8245-4c45-b150-cf1fae975737,2026-07-26T21:41:46.497199+00:00,DNSLINK_IPFS,summary,total_flow,1817.51858300413,SUCCESS
b0c60b27-b5f6-4352-97cf-73510bb98de4,2026-07-26T21:41:46.595873+00:00,DNSLINK_IPFS,startup,initialize_store,0.004459005140233785,SUCCESS
b0c60b27-b5f6-4352-97cf-73510bb98de4,2026-07-26T21:41:46.598539+00:00,DNSLINK_IPFS,startup,generate_identity_cp,2.3479999945266172,SUCCESS
b0c60b27-b5f6-4352-97cf-73510bb98de4,2026-07-26T21:41:46.598816+00:00,DNSLINK_IPFS,startup,generate_identity_sp,0.20008299907203764,SUCCESS
b0c60b27-b5f6-4352-97cf-73510bb98de4,2026-07-26T21:41:46.599050+00:00,DNSLINK_IPFS,startup,generate_identity_c1,0.1879580013337545,SUCCESS
b0c60b27-b5f6-4352-97cf-73510bb98de4,2026-07-26T21:41:46.599275+00:00,DNSLINK_IPFS,startup,generate_identity_s1,0.18524999904911965,SUCCESS
b0c60b27-b5f6-4352-97cf-73510bb98de4,2026-07-26T21:41:46.620724+00:00,DNSLINK_IPFS,dnslink_ipfs,ipfs_add_json,21.34570800262736,SUCCESS
b0c60b27-b5f6-4352-97cf-73510bb98de4,2026-07-26T21:41:47.392020+00:00,DNSLINK_IPFS,dnslink_ipfs,dns_txt_update,770.6879590041353,SUCCESS
b0c60b27-b5f6-4352-97cf-73510bb98de4,2026-07-26T21:41:47.392559+00:00,DNSLINK_IPFS,publish,publish_identity_cp,793.0806670046877,SUCCESS
b0c60b27-b5f6-4352-97cf-73510bb98de4,2026-07-26T21:41:47.415956+00:00,DNSLINK_IPFS,dnslink_ipfs,ipfs_add_json,22.70137500454439,SUCCESS
b0c60b27-b5f6-4352-97cf-73510bb98de4,2026-07-26T21:41:47.575543+00:00,DNSLINK_IPFS,dnslink_ipfs,dns_txt_update,158.97799999947893,SUCCESS
b0c60b27-b5f6-4352-97cf-73510bb98de4,2026-07-26T21:41:47.575802+00:00,DNSLINK_IPFS,publish,publish_identity_sp,182.86445799458306,SUCCESS
b0c60b27-b5f6-4352-97cf-73510bb98de4,2026-07-26T21:41:47.595817+00:00,DNSLINK_IPFS,dnslink_ipfs,ipfs_add_json,19.794040999840945,SUCCESS
b0c60b27-b5f6-4352-97cf-73510bb98de4,2026-07-26T21:41:47.758773+00:00,DNSLINK_IPFS,dnslink_ipfs,dns_txt_update,162.46433399646776,SUCCESS
b0c60b27-b5f6-4352-97cf-73510bb98de4,2026-07-26T21:41:47.759040+00:00,DNSLINK_IPFS,publish,publish_identity_c1,183.1553339943639,SUCCESS
b0c60b27-b5f6-4352-97cf-73510bb98de4,2026-07-26T21:41:47.778958+00:00,DNSLINK_IPFS,dnslink_ipfs,ipfs_add_json,19.421124998189043,SUCCESS
b0c60b27-b5f6-4352-97cf-73510bb98de4,2026-07-26T21:41:47.930655+00:00,DNSLINK_IPFS,dnslink_ipfs,dns_txt_update,151.19891700305743,SUCCESS
b0c60b27-b5f6-4352-97cf-73510bb98de4,2026-07-26T21:41:47.930939+00:00,DNSLINK_IPFS,publish,publish_identity_s1,171.7906249978114,SUCCESS
b0c60b27-b5f6-4352-97cf-73510bb98de4,2026-07-26T21:41:47.953378+00:00,DNSLINK_IPFS,dnslink_ipfs,ipfs_add_json,22.18150000408059,SUCCESS
b0c60b27-b5f6-4352-97cf-73510bb98de4,2026-07-26T21:41:48.095581+00:00,DNSLINK_IPFS,dnslink_ipfs,dns_txt_update,141.89550000446616,SUCCESS
b0c60b27-b5f6-4352-97cf-73510bb98de4,2026-07-26T21:41:48.095803+00:00,DNSLINK_IPFS,publish,publish_service_metadata,164.6684590014047,SUCCESS
b0c60b27-b5f6-4352-97cf-73510bb98de4,2026-07-26T21:41:48.116393+00:00,DNSLINK_IPFS,dnslink_ipfs,ipfs_add_json,20.24754100420978,SUCCESS
b0c60b27-b5f6-4352-97cf-73510bb98de4,2026-07-26T21:41:48.281529+00:00,DNSLINK_IPFS,dnslink_ipfs,dns_txt_update,164.17170799832093,SUCCESS
b0c60b27-b5f6-4352-97cf-73510bb98de4,2026-07-26T21:41:48.281790+00:00,DNSLINK_IPFS,publish,publish_provider_registry,185.73216599907028,SUCCESS
b0c60b27-b5f6-4352-97cf-73510bb98de4,2026-07-26T21:41:48.303686+00:00,DNSLINK_IPFS,dnslink_ipfs,dnssec_txt_resolve,21.695290997740813,SUCCESS
b0c60b27-b5f6-4352-97cf-73510bb98de4,2026-07-26T21:41:48.306831+00:00,DNSLINK_IPFS,dnslink_ipfs,ipfs_cat_json,2.9387920003500767,SUCCESS
b0c60b27-b5f6-4352-97cf-73510bb98de4,2026-07-26T21:41:48.320592+00:00,DNSLINK_IPFS,dnslink_ipfs,dnssec_txt_resolve,13.478917004249524,SUCCESS
b0c60b27-b5f6-4352-97cf-73510bb98de4,2026-07-26T21:41:48.322364+00:00,DNSLINK_IPFS,dnslink_ipfs,ipfs_cat_json,1.530792003904935,SUCCESS
b0c60b27-b5f6-4352-97cf-73510bb98de4,2026-07-26T21:41:48.322492+00:00,DNSLINK_IPFS,discovery,broker_discovery,40.59370799950557,SUCCESS
b0c60b27-b5f6-4352-97cf-73510bb98de4,2026-07-26T21:41:48.323142+00:00,DNSLINK_IPFS,dap,dap_create_capability,0.5687500015483238,SUCCESS
b0c60b27-b5f6-4352-97cf-73510bb98de4,2026-07-26T21:41:48.323789+00:00,DNSLINK_IPFS,dap,dap_encrypt_enc_cap,0.5205419947742485,SUCCESS
b0c60b27-b5f6-4352-97cf-73510bb98de4,2026-07-26T21:41:48.323972+00:00,DNSLINK_IPFS,idap,client_session_init,0.10783399920910597,SUCCESS
b0c60b27-b5f6-4352-97cf-73510bb98de4,2026-07-26T21:41:48.324019+00:00,DNSLINK_IPFS,idap,client_ephemeral_public_key,0.0028750000637955964,SUCCESS
b0c60b27-b5f6-4352-97cf-73510bb98de4,2026-07-26T21:41:48.324279+00:00,DNSLINK_IPFS,idap,client_request_sign,0.21662499784724787,SUCCESS
b0c60b27-b5f6-4352-97cf-73510bb98de4,2026-07-26T21:41:48.324331+00:00,DNSLINK_IPFS,idap,canonical_request_payload,0.010457995813339949,SUCCESS
b0c60b27-b5f6-4352-97cf-73510bb98de4,2026-07-26T21:41:48.341028+00:00,DNSLINK_IPFS,dnslink_ipfs,dnssec_txt_resolve,16.196374999708496,SUCCESS
b0c60b27-b5f6-4352-97cf-73510bb98de4,2026-07-26T21:41:48.342433+00:00,DNSLINK_IPFS,dnslink_ipfs,ipfs_cat_json,1.1658750008791685,SUCCESS
b0c60b27-b5f6-4352-97cf-73510bb98de4,2026-07-26T21:41:48.351447+00:00,DNSLINK_IPFS,dnslink_ipfs,dnssec_txt_resolve,8.760625001741573,SUCCESS
b0c60b27-b5f6-4352-97cf-73510bb98de4,2026-07-26T21:41:48.352482+00:00,DNSLINK_IPFS,dnslink_ipfs,ipfs_cat_json,0.9090829989872873,SUCCESS
b0c60b27-b5f6-4352-97cf-73510bb98de4,2026-07-26T21:41:48.363117+00:00,DNSLINK_IPFS,dnslink_ipfs,dnssec_txt_resolve,10.447374996147119,SUCCESS
b0c60b27-b5f6-4352-97cf-73510bb98de4,2026-07-26T21:41:48.364939+00:00,DNSLINK_IPFS,dnslink_ipfs,ipfs_cat_json,1.590042003954295,SUCCESS
b0c60b27-b5f6-4352-97cf-73510bb98de4,2026-07-26T21:41:48.375330+00:00,DNSLINK_IPFS,dnslink_ipfs,dnssec_txt_resolve,10.12345799972536,SUCCESS
b0c60b27-b5f6-4352-97cf-73510bb98de4,2026-07-26T21:41:48.376749+00:00,DNSLINK_IPFS,dnslink_ipfs,ipfs_cat_json,1.2812499990104698,SUCCESS
b0c60b27-b5f6-4352-97cf-73510bb98de4,2026-07-26T21:41:48.379084+00:00,DNSLINK_IPFS,idap,idap_authorize,54.681041998264845,SUCCESS
b0c60b27-b5f6-4352-97cf-73510bb98de4,2026-07-26T21:41:48.390379+00:00,DNSLINK_IPFS,dnslink_ipfs,dnssec_txt_resolve,10.633291996782646,SUCCESS
b0c60b27-b5f6-4352-97cf-73510bb98de4,2026-07-26T21:41:48.391544+00:00,DNSLINK_IPFS,dnslink_ipfs,ipfs_cat_json,1.0034579972852953,SUCCESS
b0c60b27-b5f6-4352-97cf-73510bb98de4,2026-07-26T21:41:48.404967+00:00,DNSLINK_IPFS,dnslink_ipfs,dnssec_txt_resolve,13.18962499499321,SUCCESS
b0c60b27-b5f6-4352-97cf-73510bb98de4,2026-07-26T21:41:48.406105+00:00,DNSLINK_IPFS,dnslink_ipfs,ipfs_cat_json,0.9576250013196841,SUCCESS
b0c60b27-b5f6-4352-97cf-73510bb98de4,2026-07-26T21:41:48.415118+00:00,DNSLINK_IPFS,dnslink_ipfs,dnssec_txt_resolve,8.788041996012907,SUCCESS
b0c60b27-b5f6-4352-97cf-73510bb98de4,2026-07-26T21:41:48.416139+00:00,DNSLINK_IPFS,dnslink_ipfs,ipfs_cat_json,0.8739999975659885,SUCCESS
b0c60b27-b5f6-4352-97cf-73510bb98de4,2026-07-26T21:41:48.429828+00:00,DNSLINK_IPFS,dnslink_ipfs,dnssec_txt_resolve,13.487500000337604,SUCCESS
b0c60b27-b5f6-4352-97cf-73510bb98de4,2026-07-26T21:41:48.430997+00:00,DNSLINK_IPFS,dnslink_ipfs,ipfs_cat_json,0.9903339960146695,SUCCESS
b0c60b27-b5f6-4352-97cf-73510bb98de4,2026-07-26T21:41:48.432490+00:00,DNSLINK_IPFS,idap,idap_replay_check,53.28370799543336,SUCCESS
b0c60b27-b5f6-4352-97cf-73510bb98de4,2026-07-26T21:41:48.447657+00:00,DNSLINK_IPFS,dnslink_ipfs,dnssec_txt_resolve,14.952207995520439,SUCCESS
b0c60b27-b5f6-4352-97cf-73510bb98de4,2026-07-26T21:41:48.448835+00:00,DNSLINK_IPFS,dnslink_ipfs,ipfs_cat_json,1.0040000051958486,SUCCESS
b0c60b27-b5f6-4352-97cf-73510bb98de4,2026-07-26T21:41:48.448999+00:00,DNSLINK_IPFS,idap,resolve_service_public_key,16.38995800021803,SUCCESS
b0c60b27-b5f6-4352-97cf-73510bb98de4,2026-07-26T21:41:48.449115+00:00,DNSLINK_IPFS,idap,compute_transcript,0.032582996936980635,SUCCESS
b0c60b27-b5f6-4352-97cf-73510bb98de4,2026-07-26T21:41:48.449618+00:00,DNSLINK_IPFS,idap,transcript_verify,0.42116599797736853,SUCCESS
b0c60b27-b5f6-4352-97cf-73510bb98de4,2026-07-26T21:41:48.450010+00:00,DNSLINK_IPFS,idap,client_shared_secret_derivation,0.3054590051760897,SUCCESS
b0c60b27-b5f6-4352-97cf-73510bb98de4,2026-07-26T21:41:48.450115+00:00,DNSLINK_IPFS,idap,client_session_key_derivation,0.026832996809389442,SUCCESS
b0c60b27-b5f6-4352-97cf-73510bb98de4,2026-07-26T21:41:48.450245+00:00,DNSLINK_IPFS,crypto,encrypt_message,0.03599999763537198,SUCCESS
b0c60b27-b5f6-4352-97cf-73510bb98de4,2026-07-26T21:41:48.450361+00:00,DNSLINK_IPFS,crypto,decrypt_message,0.011791998986154795,SUCCESS
b0c60b27-b5f6-4352-97cf-73510bb98de4,2026-07-26T21:41:48.450849+00:00,DNSLINK_IPFS,tampering,tampered_request_sign,0.3717920044437051,SUCCESS
b0c60b27-b5f6-4352-97cf-73510bb98de4,2026-07-26T21:41:48.460489+00:00,DNSLINK_IPFS,dnslink_ipfs,dnssec_txt_resolve,8.981416998722125,SUCCESS
b0c60b27-b5f6-4352-97cf-73510bb98de4,2026-07-26T21:41:48.461502+00:00,DNSLINK_IPFS,dnslink_ipfs,ipfs_cat_json,0.8601250010542572,SUCCESS
b0c60b27-b5f6-4352-97cf-73510bb98de4,2026-07-26T21:41:48.473274+00:00,DNSLINK_IPFS,dnslink_ipfs,dnssec_txt_resolve,11.592041999392677,SUCCESS
b0c60b27-b5f6-4352-97cf-73510bb98de4,2026-07-26T21:41:48.474322+00:00,DNSLINK_IPFS,dnslink_ipfs,ipfs_cat_json,0.8196670023608021,SUCCESS
b0c60b27-b5f6-4352-97cf-73510bb98de4,2026-07-26T21:41:48.483869+00:00,DNSLINK_IPFS,dnslink_ipfs,dnssec_txt_resolve,9.254166005121078,SUCCESS
b0c60b27-b5f6-4352-97cf-73510bb98de4,2026-07-26T21:41:48.484878+00:00,DNSLINK_IPFS,dnslink_ipfs,ipfs_cat_json,0.8356660036952235,SUCCESS
b0c60b27-b5f6-4352-97cf-73510bb98de4,2026-07-26T21:41:48.493629+00:00,DNSLINK_IPFS,dnslink_ipfs,dnssec_txt_resolve,8.490415995765943,SUCCESS
b0c60b27-b5f6-4352-97cf-73510bb98de4,2026-07-26T21:41:48.494614+00:00,DNSLINK_IPFS,dnslink_ipfs,ipfs_cat_json,0.8091660056379624,SUCCESS
b0c60b27-b5f6-4352-97cf-73510bb98de4,2026-07-26T21:41:48.495665+00:00,DNSLINK_IPFS,tampering,tampering_check,44.70108300301945,SUCCESS
b0c60b27-b5f6-4352-97cf-73510bb98de4,2026-07-26T21:41:48.495862+00:00,DNSLINK_IPFS,summary,total_flow,1900.031625002157,SUCCESS
87e2ae7e-c7e6-4690-bb28-c01b95c36673,2026-07-26T21:41:48.600600+00:00,DNSLINK_IPFS,startup,initialize_store,0.00549999822396785,SUCCESS
87e2ae7e-c7e6-4690-bb28-c01b95c36673,2026-07-26T21:41:48.603245+00:00,DNSLINK_IPFS,startup,generate_identity_cp,2.3648749993299134,SUCCESS
87e2ae7e-c7e6-4690-bb28-c01b95c36673,2026-07-26T21:41:48.603503+00:00,DNSLINK_IPFS,startup,generate_identity_sp,0.17941700207302347,SUCCESS
87e2ae7e-c7e6-4690-bb28-c01b95c36673,2026-07-26T21:41:48.603728+00:00,DNSLINK_IPFS,startup,generate_identity_c1,0.17270800162805244,SUCCESS
87e2ae7e-c7e6-4690-bb28-c01b95c36673,2026-07-26T21:41:48.603946+00:00,DNSLINK_IPFS,startup,generate_identity_s1,0.17174999811686575,SUCCESS
87e2ae7e-c7e6-4690-bb28-c01b95c36673,2026-07-26T21:41:48.625637+00:00,DNSLINK_IPFS,dnslink_ipfs,ipfs_add_json,21.585041999060195,SUCCESS
87e2ae7e-c7e6-4690-bb28-c01b95c36673,2026-07-26T21:41:49.364645+00:00,DNSLINK_IPFS,dnslink_ipfs,dns_txt_update,738.5373340002843,SUCCESS
87e2ae7e-c7e6-4690-bb28-c01b95c36673,2026-07-26T21:41:49.365127+00:00,DNSLINK_IPFS,publish,publish_identity_cp,761.0714999973425,SUCCESS
87e2ae7e-c7e6-4690-bb28-c01b95c36673,2026-07-26T21:41:49.388666+00:00,DNSLINK_IPFS,dnslink_ipfs,ipfs_add_json,23.250332997122314,SUCCESS
87e2ae7e-c7e6-4690-bb28-c01b95c36673,2026-07-26T21:41:49.546803+00:00,DNSLINK_IPFS,dnslink_ipfs,dns_txt_update,157.65195900166873,SUCCESS
87e2ae7e-c7e6-4690-bb28-c01b95c36673,2026-07-26T21:41:49.547047+00:00,DNSLINK_IPFS,publish,publish_identity_sp,181.73799999931362,SUCCESS
87e2ae7e-c7e6-4690-bb28-c01b95c36673,2026-07-26T21:41:49.572853+00:00,DNSLINK_IPFS,dnslink_ipfs,ipfs_add_json,25.60737499879906,SUCCESS
87e2ae7e-c7e6-4690-bb28-c01b95c36673,2026-07-26T21:41:49.713169+00:00,DNSLINK_IPFS,dnslink_ipfs,dns_txt_update,139.85058300022501,SUCCESS
87e2ae7e-c7e6-4690-bb28-c01b95c36673,2026-07-26T21:41:49.713437+00:00,DNSLINK_IPFS,publish,publish_identity_c1,166.29633399861632,SUCCESS
87e2ae7e-c7e6-4690-bb28-c01b95c36673,2026-07-26T21:41:49.735378+00:00,DNSLINK_IPFS,dnslink_ipfs,ipfs_add_json,21.67087500129128,SUCCESS
87e2ae7e-c7e6-4690-bb28-c01b95c36673,2026-07-26T21:41:49.884693+00:00,DNSLINK_IPFS,dnslink_ipfs,dns_txt_update,148.52320800127927,SUCCESS
87e2ae7e-c7e6-4690-bb28-c01b95c36673,2026-07-26T21:41:49.884904+00:00,DNSLINK_IPFS,publish,publish_identity_s1,171.38758299552137,SUCCESS
87e2ae7e-c7e6-4690-bb28-c01b95c36673,2026-07-26T21:41:49.908366+00:00,DNSLINK_IPFS,dnslink_ipfs,ipfs_add_json,22.471457996289246,SUCCESS
87e2ae7e-c7e6-4690-bb28-c01b95c36673,2026-07-26T21:41:50.099226+00:00,DNSLINK_IPFS,dnslink_ipfs,dns_txt_update,189.98241699591745,SUCCESS
87e2ae7e-c7e6-4690-bb28-c01b95c36673,2026-07-26T21:41:50.099405+00:00,DNSLINK_IPFS,publish,publish_service_metadata,214.42799999931594,SUCCESS
87e2ae7e-c7e6-4690-bb28-c01b95c36673,2026-07-26T21:41:50.127587+00:00,DNSLINK_IPFS,dnslink_ipfs,ipfs_add_json,27.990750000753906,SUCCESS
87e2ae7e-c7e6-4690-bb28-c01b95c36673,2026-07-26T21:41:50.284312+00:00,DNSLINK_IPFS,dnslink_ipfs,dns_txt_update,156.40937499847496,SUCCESS
87e2ae7e-c7e6-4690-bb28-c01b95c36673,2026-07-26T21:41:50.284457+00:00,DNSLINK_IPFS,publish,publish_provider_registry,184.98600000020815,SUCCESS
87e2ae7e-c7e6-4690-bb28-c01b95c36673,2026-07-26T21:41:50.295366+00:00,DNSLINK_IPFS,dnslink_ipfs,dnssec_txt_resolve,10.8065410022391,SUCCESS
87e2ae7e-c7e6-4690-bb28-c01b95c36673,2026-07-26T21:41:50.296316+00:00,DNSLINK_IPFS,dnslink_ipfs,ipfs_cat_json,0.8565000025555491,SUCCESS
87e2ae7e-c7e6-4690-bb28-c01b95c36673,2026-07-26T21:41:50.303236+00:00,DNSLINK_IPFS,dnslink_ipfs,dnssec_txt_resolve,6.82033300108742,SUCCESS
87e2ae7e-c7e6-4690-bb28-c01b95c36673,2026-07-26T21:41:50.304172+00:00,DNSLINK_IPFS,dnslink_ipfs,ipfs_cat_json,0.8688329980941489,SUCCESS
87e2ae7e-c7e6-4690-bb28-c01b95c36673,2026-07-26T21:41:50.304231+00:00,DNSLINK_IPFS,discovery,broker_discovery,19.722375000128523,SUCCESS
87e2ae7e-c7e6-4690-bb28-c01b95c36673,2026-07-26T21:41:50.304734+00:00,DNSLINK_IPFS,dap,dap_create_capability,0.45279199548531324,SUCCESS
87e2ae7e-c7e6-4690-bb28-c01b95c36673,2026-07-26T21:41:50.305281+00:00,DNSLINK_IPFS,dap,dap_encrypt_enc_cap,0.4650000046240166,SUCCESS
87e2ae7e-c7e6-4690-bb28-c01b95c36673,2026-07-26T21:41:50.305445+00:00,DNSLINK_IPFS,idap,client_session_init,0.097999996796716,SUCCESS
87e2ae7e-c7e6-4690-bb28-c01b95c36673,2026-07-26T21:41:50.305484+00:00,DNSLINK_IPFS,idap,client_ephemeral_public_key,0.002958004188258201,SUCCESS
87e2ae7e-c7e6-4690-bb28-c01b95c36673,2026-07-26T21:41:50.305709+00:00,DNSLINK_IPFS,idap,client_request_sign,0.1884160010376945,SUCCESS
87e2ae7e-c7e6-4690-bb28-c01b95c36673,2026-07-26T21:41:50.305756+00:00,DNSLINK_IPFS,idap,canonical_request_payload,0.012582997442223132,SUCCESS
87e2ae7e-c7e6-4690-bb28-c01b95c36673,2026-07-26T21:41:50.312569+00:00,DNSLINK_IPFS,dnslink_ipfs,dnssec_txt_resolve,6.4839580008992925,SUCCESS
87e2ae7e-c7e6-4690-bb28-c01b95c36673,2026-07-26T21:41:50.313304+00:00,DNSLINK_IPFS,dnslink_ipfs,ipfs_cat_json,0.6727910003974102,SUCCESS
87e2ae7e-c7e6-4690-bb28-c01b95c36673,2026-07-26T21:41:50.319676+00:00,DNSLINK_IPFS,dnslink_ipfs,dnssec_txt_resolve,6.201042000611778,SUCCESS
87e2ae7e-c7e6-4690-bb28-c01b95c36673,2026-07-26T21:41:50.320573+00:00,DNSLINK_IPFS,dnslink_ipfs,ipfs_cat_json,0.79600000026403,SUCCESS
87e2ae7e-c7e6-4690-bb28-c01b95c36673,2026-07-26T21:41:50.329923+00:00,DNSLINK_IPFS,dnslink_ipfs,dnssec_txt_resolve,9.191833996737842,SUCCESS
87e2ae7e-c7e6-4690-bb28-c01b95c36673,2026-07-26T21:41:50.330923+00:00,DNSLINK_IPFS,dnslink_ipfs,ipfs_cat_json,0.8857080028974451,SUCCESS
87e2ae7e-c7e6-4690-bb28-c01b95c36673,2026-07-26T21:41:50.338339+00:00,DNSLINK_IPFS,dnslink_ipfs,dnssec_txt_resolve,7.244417000038084,SUCCESS
87e2ae7e-c7e6-4690-bb28-c01b95c36673,2026-07-26T21:41:50.339064+00:00,DNSLINK_IPFS,dnslink_ipfs,ipfs_cat_json,0.6233329986571334,SUCCESS
87e2ae7e-c7e6-4690-bb28-c01b95c36673,2026-07-26T21:41:50.340349+00:00,DNSLINK_IPFS,idap,idap_authorize,34.543249996204395,SUCCESS
87e2ae7e-c7e6-4690-bb28-c01b95c36673,2026-07-26T21:41:50.351357+00:00,DNSLINK_IPFS,dnslink_ipfs,dnssec_txt_resolve,10.584000003291294,SUCCESS
87e2ae7e-c7e6-4690-bb28-c01b95c36673,2026-07-26T21:41:50.352355+00:00,DNSLINK_IPFS,dnslink_ipfs,ipfs_cat_json,0.8648329967400059,SUCCESS
87e2ae7e-c7e6-4690-bb28-c01b95c36673,2026-07-26T21:41:50.363921+00:00,DNSLINK_IPFS,dnslink_ipfs,dnssec_txt_resolve,11.33687500259839,SUCCESS
87e2ae7e-c7e6-4690-bb28-c01b95c36673,2026-07-26T21:41:50.365111+00:00,DNSLINK_IPFS,dnslink_ipfs,ipfs_cat_json,1.0572920000413433,SUCCESS
87e2ae7e-c7e6-4690-bb28-c01b95c36673,2026-07-26T21:41:50.374092+00:00,DNSLINK_IPFS,dnslink_ipfs,dnssec_txt_resolve,8.784166995610576,SUCCESS
87e2ae7e-c7e6-4690-bb28-c01b95c36673,2026-07-26T21:41:50.377486+00:00,DNSLINK_IPFS,dnslink_ipfs,ipfs_cat_json,3.275792005297262,SUCCESS
87e2ae7e-c7e6-4690-bb28-c01b95c36673,2026-07-26T21:41:50.385488+00:00,DNSLINK_IPFS,dnslink_ipfs,dnssec_txt_resolve,7.875458002672531,SUCCESS
87e2ae7e-c7e6-4690-bb28-c01b95c36673,2026-07-26T21:41:50.386218+00:00,DNSLINK_IPFS,dnslink_ipfs,ipfs_cat_json,0.6481670061475597,SUCCESS
87e2ae7e-c7e6-4690-bb28-c01b95c36673,2026-07-26T21:41:50.387037+00:00,DNSLINK_IPFS,idap,idap_replay_check,46.61645799933467,SUCCESS
87e2ae7e-c7e6-4690-bb28-c01b95c36673,2026-07-26T21:41:50.395826+00:00,DNSLINK_IPFS,dnslink_ipfs,dnssec_txt_resolve,8.689750000485219,SUCCESS
87e2ae7e-c7e6-4690-bb28-c01b95c36673,2026-07-26T21:41:50.396653+00:00,DNSLINK_IPFS,dnslink_ipfs,ipfs_cat_json,0.7398329980787821,SUCCESS
87e2ae7e-c7e6-4690-bb28-c01b95c36673,2026-07-26T21:41:50.396735+00:00,DNSLINK_IPFS,idap,resolve_service_public_key,9.639875002903864,SUCCESS
87e2ae7e-c7e6-4690-bb28-c01b95c36673,2026-07-26T21:41:50.396790+00:00,DNSLINK_IPFS,idap,compute_transcript,0.016625002899672836,SUCCESS
87e2ae7e-c7e6-4690-bb28-c01b95c36673,2026-07-26T21:41:50.397049+00:00,DNSLINK_IPFS,idap,transcript_verify,0.2214580017607659,SUCCESS
87e2ae7e-c7e6-4690-bb28-c01b95c36673,2026-07-26T21:41:50.397244+00:00,DNSLINK_IPFS,idap,client_shared_secret_derivation,0.15729199367342517,SUCCESS
87e2ae7e-c7e6-4690-bb28-c01b95c36673,2026-07-26T21:41:50.397292+00:00,DNSLINK_IPFS,idap,client_session_key_derivation,0.013042001228313893,SUCCESS
87e2ae7e-c7e6-4690-bb28-c01b95c36673,2026-07-26T21:41:50.397383+00:00,DNSLINK_IPFS,crypto,encrypt_message,0.020874998881481588,SUCCESS
87e2ae7e-c7e6-4690-bb28-c01b95c36673,2026-07-26T21:41:50.397438+00:00,DNSLINK_IPFS,crypto,decrypt_message,0.006333000783342868,SUCCESS
87e2ae7e-c7e6-4690-bb28-c01b95c36673,2026-07-26T21:41:50.397694+00:00,DNSLINK_IPFS,tampering,tampered_request_sign,0.19554200116544962,SUCCESS
87e2ae7e-c7e6-4690-bb28-c01b95c36673,2026-07-26T21:41:50.406951+00:00,DNSLINK_IPFS,dnslink_ipfs,dnssec_txt_resolve,8.903707996068988,SUCCESS
87e2ae7e-c7e6-4690-bb28-c01b95c36673,2026-07-26T21:41:50.407787+00:00,DNSLINK_IPFS,dnslink_ipfs,ipfs_cat_json,0.7400419999612495,SUCCESS
87e2ae7e-c7e6-4690-bb28-c01b95c36673,2026-07-26T21:41:50.415138+00:00,DNSLINK_IPFS,dnslink_ipfs,dnssec_txt_resolve,7.257040997501463,SUCCESS
87e2ae7e-c7e6-4690-bb28-c01b95c36673,2026-07-26T21:41:50.415868+00:00,DNSLINK_IPFS,dnslink_ipfs,ipfs_cat_json,0.6717910000588745,SUCCESS
87e2ae7e-c7e6-4690-bb28-c01b95c36673,2026-07-26T21:41:50.424410+00:00,DNSLINK_IPFS,dnslink_ipfs,dnssec_txt_resolve,8.452958005364053,SUCCESS
87e2ae7e-c7e6-4690-bb28-c01b95c36673,2026-07-26T21:41:50.425222+00:00,DNSLINK_IPFS,dnslink_ipfs,ipfs_cat_json,0.7363330005318858,SUCCESS
87e2ae7e-c7e6-4690-bb28-c01b95c36673,2026-07-26T21:41:50.433476+00:00,DNSLINK_IPFS,dnslink_ipfs,dnssec_txt_resolve,8.143625003867783,SUCCESS
87e2ae7e-c7e6-4690-bb28-c01b95c36673,2026-07-26T21:41:50.434211+00:00,DNSLINK_IPFS,dnslink_ipfs,ipfs_cat_json,0.6545420037582517,SUCCESS
87e2ae7e-c7e6-4690-bb28-c01b95c36673,2026-07-26T21:41:50.434959+00:00,DNSLINK_IPFS,tampering,tampering_check,37.21629200299503,SUCCESS
87e2ae7e-c7e6-4690-bb28-c01b95c36673,2026-07-26T21:41:50.435005+00:00,DNSLINK_IPFS,summary,total_flow,1834.4746250004391,SUCCESS
a02e51c6-2618-40fd-aa20-1cf4b954ebd5,2026-07-26T21:41:50.534749+00:00,DNSLINK_IPFS,startup,initialize_store,0.005290996341500431,SUCCESS
a02e51c6-2618-40fd-aa20-1cf4b954ebd5,2026-07-26T21:41:50.537617+00:00,DNSLINK_IPFS,startup,generate_identity_cp,2.540292000048794,SUCCESS
a02e51c6-2618-40fd-aa20-1cf4b954ebd5,2026-07-26T21:41:50.537895+00:00,DNSLINK_IPFS,startup,generate_identity_sp,0.20270900131436065,SUCCESS
a02e51c6-2618-40fd-aa20-1cf4b954ebd5,2026-07-26T21:41:50.538130+00:00,DNSLINK_IPFS,startup,generate_identity_c1,0.18983300105901435,SUCCESS
a02e51c6-2618-40fd-aa20-1cf4b954ebd5,2026-07-26T21:41:50.538356+00:00,DNSLINK_IPFS,startup,generate_identity_s1,0.1857919996837154,SUCCESS
a02e51c6-2618-40fd-aa20-1cf4b954ebd5,2026-07-26T21:41:50.558808+00:00,DNSLINK_IPFS,dnslink_ipfs,ipfs_add_json,20.355249995191116,SUCCESS
a02e51c6-2618-40fd-aa20-1cf4b954ebd5,2026-07-26T21:41:51.383886+00:00,DNSLINK_IPFS,dnslink_ipfs,dns_txt_update,824.2695410008309,SUCCESS
a02e51c6-2618-40fd-aa20-1cf4b954ebd5,2026-07-26T21:41:51.384587+00:00,DNSLINK_IPFS,publish,publish_identity_cp,845.9777500029304,SUCCESS
a02e51c6-2618-40fd-aa20-1cf4b954ebd5,2026-07-26T21:41:51.408115+00:00,DNSLINK_IPFS,dnslink_ipfs,ipfs_add_json,23.100624996004626,SUCCESS
a02e51c6-2618-40fd-aa20-1cf4b954ebd5,2026-07-26T21:41:51.578819+00:00,DNSLINK_IPFS,dnslink_ipfs,dns_txt_update,170.26687499310356,SUCCESS
a02e51c6-2618-40fd-aa20-1cf4b954ebd5,2026-07-26T21:41:51.579085+00:00,DNSLINK_IPFS,publish,publish_identity_sp,194.22512500023004,SUCCESS
a02e51c6-2618-40fd-aa20-1cf4b954ebd5,2026-07-26T21:41:51.598926+00:00,DNSLINK_IPFS,dnslink_ipfs,ipfs_add_json,19.639500002085697,SUCCESS
a02e51c6-2618-40fd-aa20-1cf4b954ebd5,2026-07-26T21:41:51.743940+00:00,DNSLINK_IPFS,dnslink_ipfs,dns_txt_update,144.6319999959087,SUCCESS
a02e51c6-2618-40fd-aa20-1cf4b954ebd5,2026-07-26T21:41:51.744180+00:00,DNSLINK_IPFS,publish,publish_identity_c1,164.9869159955415,SUCCESS
a02e51c6-2618-40fd-aa20-1cf4b954ebd5,2026-07-26T21:41:51.764315+00:00,DNSLINK_IPFS,dnslink_ipfs,ipfs_add_json,19.828042000881396,SUCCESS
a02e51c6-2618-40fd-aa20-1cf4b954ebd5,2026-07-26T21:41:51.910506+00:00,DNSLINK_IPFS,dnslink_ipfs,dns_txt_update,145.86783300183015,SUCCESS
a02e51c6-2618-40fd-aa20-1cf4b954ebd5,2026-07-26T21:41:51.910695+00:00,DNSLINK_IPFS,publish,publish_identity_s1,166.29349999857368,SUCCESS
a02e51c6-2618-40fd-aa20-1cf4b954ebd5,2026-07-26T21:41:51.930196+00:00,DNSLINK_IPFS,dnslink_ipfs,ipfs_add_json,19.229541001550388,SUCCESS
a02e51c6-2618-40fd-aa20-1cf4b954ebd5,2026-07-26T21:41:52.068168+00:00,DNSLINK_IPFS,dnslink_ipfs,dns_txt_update,137.68650000565685,SUCCESS
a02e51c6-2618-40fd-aa20-1cf4b954ebd5,2026-07-26T21:41:52.068352+00:00,DNSLINK_IPFS,publish,publish_service_metadata,157.4502079965896,SUCCESS
a02e51c6-2618-40fd-aa20-1cf4b954ebd5,2026-07-26T21:41:52.086829+00:00,DNSLINK_IPFS,dnslink_ipfs,ipfs_add_json,18.168208000133745,SUCCESS
a02e51c6-2618-40fd-aa20-1cf4b954ebd5,2026-07-26T21:41:52.230397+00:00,DNSLINK_IPFS,dnslink_ipfs,dns_txt_update,143.2632080031908,SUCCESS
a02e51c6-2618-40fd-aa20-1cf4b954ebd5,2026-07-26T21:41:52.230594+00:00,DNSLINK_IPFS,publish,publish_provider_registry,162.0092500015744,SUCCESS
a02e51c6-2618-40fd-aa20-1cf4b954ebd5,2026-07-26T21:41:52.242140+00:00,DNSLINK_IPFS,dnslink_ipfs,dnssec_txt_resolve,11.274499993305653,SUCCESS
a02e51c6-2618-40fd-aa20-1cf4b954ebd5,2026-07-26T21:41:52.243413+00:00,DNSLINK_IPFS,dnslink_ipfs,ipfs_cat_json,1.169333998404909,SUCCESS
a02e51c6-2618-40fd-aa20-1cf4b954ebd5,2026-07-26T21:41:52.257901+00:00,DNSLINK_IPFS,dnslink_ipfs,dnssec_txt_resolve,14.361083005496766,SUCCESS
a02e51c6-2618-40fd-aa20-1cf4b954ebd5,2026-07-26T21:41:52.258895+00:00,DNSLINK_IPFS,dnslink_ipfs,ipfs_cat_json,0.8870829988154583,SUCCESS
a02e51c6-2618-40fd-aa20-1cf4b954ebd5,2026-07-26T21:41:52.258972+00:00,DNSLINK_IPFS,discovery,broker_discovery,28.15670800191583,SUCCESS
a02e51c6-2618-40fd-aa20-1cf4b954ebd5,2026-07-26T21:41:52.259590+00:00,DNSLINK_IPFS,dap,dap_create_capability,0.5512499992619269,SUCCESS
a02e51c6-2618-40fd-aa20-1cf4b954ebd5,2026-07-26T21:41:52.260367+00:00,DNSLINK_IPFS,dap,dap_encrypt_enc_cap,0.6190829953993671,SUCCESS
a02e51c6-2618-40fd-aa20-1cf4b954ebd5,2026-07-26T21:41:52.260632+00:00,DNSLINK_IPFS,idap,client_session_init,0.12562500342028216,SUCCESS
a02e51c6-2618-40fd-aa20-1cf4b954ebd5,2026-07-26T21:41:52.260732+00:00,DNSLINK_IPFS,idap,client_ephemeral_public_key,0.013874996511731297,SUCCESS
a02e51c6-2618-40fd-aa20-1cf4b954ebd5,2026-07-26T21:41:52.261178+00:00,DNSLINK_IPFS,idap,client_request_sign,0.34662499820115045,SUCCESS
a02e51c6-2618-40fd-aa20-1cf4b954ebd5,2026-07-26T21:41:52.261297+00:00,DNSLINK_IPFS,idap,canonical_request_payload,0.021792002371512353,SUCCESS
a02e51c6-2618-40fd-aa20-1cf4b954ebd5,2026-07-26T21:41:52.271557+00:00,DNSLINK_IPFS,dnslink_ipfs,dnssec_txt_resolve,9.770542004844174,SUCCESS
a02e51c6-2618-40fd-aa20-1cf4b954ebd5,2026-07-26T21:41:52.272623+00:00,DNSLINK_IPFS,dnslink_ipfs,ipfs_cat_json,0.9421669965377077,SUCCESS
a02e51c6-2618-40fd-aa20-1cf4b954ebd5,2026-07-26T21:41:52.281021+00:00,DNSLINK_IPFS,dnslink_ipfs,dnssec_txt_resolve,8.256917004473507,SUCCESS
a02e51c6-2618-40fd-aa20-1cf4b954ebd5,2026-07-26T21:41:52.281871+00:00,DNSLINK_IPFS,dnslink_ipfs,ipfs_cat_json,0.7762499953969382,SUCCESS
a02e51c6-2618-40fd-aa20-1cf4b954ebd5,2026-07-26T21:41:52.290812+00:00,DNSLINK_IPFS,dnslink_ipfs,dnssec_txt_resolve,8.839041998726316,SUCCESS
a02e51c6-2618-40fd-aa20-1cf4b954ebd5,2026-07-26T21:41:52.291691+00:00,DNSLINK_IPFS,dnslink_ipfs,ipfs_cat_json,0.7952499945531599,SUCCESS
a02e51c6-2618-40fd-aa20-1cf4b954ebd5,2026-07-26T21:41:52.299188+00:00,DNSLINK_IPFS,dnslink_ipfs,dnssec_txt_resolve,7.380542003375012,SUCCESS
a02e51c6-2618-40fd-aa20-1cf4b954ebd5,2026-07-26T21:41:52.299904+00:00,DNSLINK_IPFS,dnslink_ipfs,ipfs_cat_json,0.6393750009010546,SUCCESS
a02e51c6-2618-40fd-aa20-1cf4b954ebd5,2026-07-26T21:41:52.301474+00:00,DNSLINK_IPFS,idap,idap_authorize,40.10141699836822,SUCCESS
a02e51c6-2618-40fd-aa20-1cf4b954ebd5,2026-07-26T21:41:52.309331+00:00,DNSLINK_IPFS,dnslink_ipfs,dnssec_txt_resolve,7.410583006276283,SUCCESS
a02e51c6-2618-40fd-aa20-1cf4b954ebd5,2026-07-26T21:41:52.310189+00:00,DNSLINK_IPFS,dnslink_ipfs,ipfs_cat_json,0.7710420031799003,SUCCESS
a02e51c6-2618-40fd-aa20-1cf4b954ebd5,2026-07-26T21:41:52.319872+00:00,DNSLINK_IPFS,dnslink_ipfs,dnssec_txt_resolve,9.542583997244947,SUCCESS
a02e51c6-2618-40fd-aa20-1cf4b954ebd5,2026-07-26T21:41:52.320672+00:00,DNSLINK_IPFS,dnslink_ipfs,ipfs_cat_json,0.6788749960833229,SUCCESS
a02e51c6-2618-40fd-aa20-1cf4b954ebd5,2026-07-26T21:41:52.330682+00:00,DNSLINK_IPFS,dnslink_ipfs,dnssec_txt_resolve,9.867375003523193,SUCCESS
a02e51c6-2618-40fd-aa20-1cf4b954ebd5,2026-07-26T21:41:52.331755+00:00,DNSLINK_IPFS,dnslink_ipfs,ipfs_cat_json,0.95645799592603,SUCCESS
a02e51c6-2618-40fd-aa20-1cf4b954ebd5,2026-07-26T21:41:52.340402+00:00,DNSLINK_IPFS,dnslink_ipfs,dnssec_txt_resolve,8.471207998809405,SUCCESS
a02e51c6-2618-40fd-aa20-1cf4b954ebd5,2026-07-26T21:41:52.341278+00:00,DNSLINK_IPFS,dnslink_ipfs,ipfs_cat_json,0.7452079953509383,SUCCESS
a02e51c6-2618-40fd-aa20-1cf4b954ebd5,2026-07-26T21:41:52.342310+00:00,DNSLINK_IPFS,idap,idap_replay_check,40.75291699700756,SUCCESS
a02e51c6-2618-40fd-aa20-1cf4b954ebd5,2026-07-26T21:41:52.352780+00:00,DNSLINK_IPFS,dnslink_ipfs,dnssec_txt_resolve,10.35237500036601,SUCCESS
a02e51c6-2618-40fd-aa20-1cf4b954ebd5,2026-07-26T21:41:52.354034+00:00,DNSLINK_IPFS,dnslink_ipfs,ipfs_cat_json,1.1469999953988008,SUCCESS
a02e51c6-2618-40fd-aa20-1cf4b954ebd5,2026-07-26T21:41:52.354140+00:00,DNSLINK_IPFS,idap,resolve_service_public_key,11.747042000934016,SUCCESS
a02e51c6-2618-40fd-aa20-1cf4b954ebd5,2026-07-26T21:41:52.354216+00:00,DNSLINK_IPFS,idap,compute_transcript,0.019666993466671556,SUCCESS
a02e51c6-2618-40fd-aa20-1cf4b954ebd5,2026-07-26T21:41:52.354562+00:00,DNSLINK_IPFS,idap,transcript_verify,0.29508399893529713,SUCCESS
a02e51c6-2618-40fd-aa20-1cf4b954ebd5,2026-07-26T21:41:52.354830+00:00,DNSLINK_IPFS,idap,client_shared_secret_derivation,0.21825000294484198,SUCCESS
a02e51c6-2618-40fd-aa20-1cf4b954ebd5,2026-07-26T21:41:52.354895+00:00,DNSLINK_IPFS,idap,client_session_key_derivation,0.017917001969181,SUCCESS
a02e51c6-2618-40fd-aa20-1cf4b954ebd5,2026-07-26T21:41:52.354981+00:00,DNSLINK_IPFS,crypto,encrypt_message,0.024499997380189598,SUCCESS
a02e51c6-2618-40fd-aa20-1cf4b954ebd5,2026-07-26T21:41:52.355037+00:00,DNSLINK_IPFS,crypto,decrypt_message,0.007915994501672685,SUCCESS
a02e51c6-2618-40fd-aa20-1cf4b954ebd5,2026-07-26T21:41:52.355374+00:00,DNSLINK_IPFS,tampering,tampered_request_sign,0.264666996372398,SUCCESS
a02e51c6-2618-40fd-aa20-1cf4b954ebd5,2026-07-26T21:41:52.365686+00:00,DNSLINK_IPFS,dnslink_ipfs,dnssec_txt_resolve,9.87508300022455,SUCCESS
a02e51c6-2618-40fd-aa20-1cf4b954ebd5,2026-07-26T21:41:52.366505+00:00,DNSLINK_IPFS,dnslink_ipfs,ipfs_cat_json,0.7390419996227138,SUCCESS
a02e51c6-2618-40fd-aa20-1cf4b954ebd5,2026-07-26T21:41:52.376261+00:00,DNSLINK_IPFS,dnslink_ipfs,dnssec_txt_resolve,9.63712500379188,SUCCESS
a02e51c6-2618-40fd-aa20-1cf4b954ebd5,2026-07-26T21:41:52.377159+00:00,DNSLINK_IPFS,dnslink_ipfs,ipfs_cat_json,0.8011250029085204,SUCCESS
a02e51c6-2618-40fd-aa20-1cf4b954ebd5,2026-07-26T21:41:52.386392+00:00,DNSLINK_IPFS,dnslink_ipfs,dnssec_txt_resolve,9.097667003516108,SUCCESS
a02e51c6-2618-40fd-aa20-1cf4b954ebd5,2026-07-26T21:41:52.387193+00:00,DNSLINK_IPFS,dnslink_ipfs,ipfs_cat_json,0.7142920003389008,SUCCESS
a02e51c6-2618-40fd-aa20-1cf4b954ebd5,2026-07-26T21:41:52.396398+00:00,DNSLINK_IPFS,dnslink_ipfs,dnssec_txt_resolve,9.070499996596482,SUCCESS
a02e51c6-2618-40fd-aa20-1cf4b954ebd5,2026-07-26T21:41:52.397324+00:00,DNSLINK_IPFS,dnslink_ipfs,ipfs_cat_json,0.8012909966055304,SUCCESS
a02e51c6-2618-40fd-aa20-1cf4b954ebd5,2026-07-26T21:41:52.398433+00:00,DNSLINK_IPFS,tampering,tampering_check,42.98962499888148,SUCCESS
a02e51c6-2618-40fd-aa20-1cf4b954ebd5,2026-07-26T21:41:52.398506+00:00,DNSLINK_IPFS,summary,total_flow,1863.8119579991326,SUCCESS
27bccf30-752a-4c6a-b0ce-0af25da1cc4d,2026-07-26T21:41:52.495427+00:00,DNSLINK_IPFS,startup,initialize_store,0.005875001079402864,SUCCESS
27bccf30-752a-4c6a-b0ce-0af25da1cc4d,2026-07-26T21:41:52.498187+00:00,DNSLINK_IPFS,startup,generate_identity_cp,2.471125000738539,SUCCESS
27bccf30-752a-4c6a-b0ce-0af25da1cc4d,2026-07-26T21:41:52.498463+00:00,DNSLINK_IPFS,startup,generate_identity_sp,0.2009169984376058,SUCCESS
27bccf30-752a-4c6a-b0ce-0af25da1cc4d,2026-07-26T21:41:52.498696+00:00,DNSLINK_IPFS,startup,generate_identity_c1,0.18733299657469615,SUCCESS
27bccf30-752a-4c6a-b0ce-0af25da1cc4d,2026-07-26T21:41:52.498918+00:00,DNSLINK_IPFS,startup,generate_identity_s1,0.18420799460727721,SUCCESS
27bccf30-752a-4c6a-b0ce-0af25da1cc4d,2026-07-26T21:41:52.522087+00:00,DNSLINK_IPFS,dnslink_ipfs,ipfs_add_json,23.056750003888737,SUCCESS
27bccf30-752a-4c6a-b0ce-0af25da1cc4d,2026-07-26T21:41:53.317395+00:00,DNSLINK_IPFS,dnslink_ipfs,dns_txt_update,794.9132089997875,SUCCESS
27bccf30-752a-4c6a-b0ce-0af25da1cc4d,2026-07-26T21:41:53.317717+00:00,DNSLINK_IPFS,publish,publish_identity_cp,818.7158330038073,SUCCESS
27bccf30-752a-4c6a-b0ce-0af25da1cc4d,2026-07-26T21:41:53.338361+00:00,DNSLINK_IPFS,dnslink_ipfs,ipfs_add_json,20.31708300637547,SUCCESS
27bccf30-752a-4c6a-b0ce-0af25da1cc4d,2026-07-26T21:41:53.486495+00:00,DNSLINK_IPFS,dnslink_ipfs,dns_txt_update,147.75216599809937,SUCCESS
27bccf30-752a-4c6a-b0ce-0af25da1cc4d,2026-07-26T21:41:53.486685+00:00,DNSLINK_IPFS,publish,publish_identity_sp,168.72541600605473,SUCCESS
27bccf30-752a-4c6a-b0ce-0af25da1cc4d,2026-07-26T21:41:53.520226+00:00,DNSLINK_IPFS,dnslink_ipfs,ipfs_add_json,32.89450000011129,SUCCESS
27bccf30-752a-4c6a-b0ce-0af25da1cc4d,2026-07-26T21:41:53.667310+00:00,DNSLINK_IPFS,dnslink_ipfs,dns_txt_update,146.74133300286485,SUCCESS
27bccf30-752a-4c6a-b0ce-0af25da1cc4d,2026-07-26T21:41:53.667456+00:00,DNSLINK_IPFS,publish,publish_identity_c1,180.698541997117,SUCCESS
27bccf30-752a-4c6a-b0ce-0af25da1cc4d,2026-07-26T21:41:53.691802+00:00,DNSLINK_IPFS,dnslink_ipfs,ipfs_add_json,24.026625003898516,SUCCESS
27bccf30-752a-4c6a-b0ce-0af25da1cc4d,2026-07-26T21:41:53.858226+00:00,DNSLINK_IPFS,dnslink_ipfs,dns_txt_update,165.59666700050002,SUCCESS
27bccf30-752a-4c6a-b0ce-0af25da1cc4d,2026-07-26T21:41:53.858496+00:00,DNSLINK_IPFS,publish,publish_identity_s1,190.92645899945637,SUCCESS
27bccf30-752a-4c6a-b0ce-0af25da1cc4d,2026-07-26T21:41:53.881004+00:00,DNSLINK_IPFS,dnslink_ipfs,ipfs_add_json,21.719582997320686,SUCCESS
27bccf30-752a-4c6a-b0ce-0af25da1cc4d,2026-07-26T21:41:54.045473+00:00,DNSLINK_IPFS,dnslink_ipfs,dns_txt_update,163.77170800114982,SUCCESS
27bccf30-752a-4c6a-b0ce-0af25da1cc4d,2026-07-26T21:41:54.045718+00:00,DNSLINK_IPFS,publish,publish_service_metadata,186.99962500249967,SUCCESS
27bccf30-752a-4c6a-b0ce-0af25da1cc4d,2026-07-26T21:41:54.065089+00:00,DNSLINK_IPFS,dnslink_ipfs,ipfs_add_json,19.17091599898413,SUCCESS
27bccf30-752a-4c6a-b0ce-0af25da1cc4d,2026-07-26T21:41:54.214252+00:00,DNSLINK_IPFS,dnslink_ipfs,dns_txt_update,148.75129199936055,SUCCESS
27bccf30-752a-4c6a-b0ce-0af25da1cc4d,2026-07-26T21:41:54.214517+00:00,DNSLINK_IPFS,publish,publish_provider_registry,168.70145800203318,SUCCESS
27bccf30-752a-4c6a-b0ce-0af25da1cc4d,2026-07-26T21:41:54.228914+00:00,DNSLINK_IPFS,dnslink_ipfs,dnssec_txt_resolve,14.114541998424102,SUCCESS
27bccf30-752a-4c6a-b0ce-0af25da1cc4d,2026-07-26T21:41:54.230603+00:00,DNSLINK_IPFS,dnslink_ipfs,ipfs_cat_json,1.5263339955708943,SUCCESS
27bccf30-752a-4c6a-b0ce-0af25da1cc4d,2026-07-26T21:41:54.241079+00:00,DNSLINK_IPFS,dnslink_ipfs,dnssec_txt_resolve,10.304167000867892,SUCCESS
27bccf30-752a-4c6a-b0ce-0af25da1cc4d,2026-07-26T21:41:54.242360+00:00,DNSLINK_IPFS,dnslink_ipfs,ipfs_cat_json,1.0824589990079403,SUCCESS
27bccf30-752a-4c6a-b0ce-0af25da1cc4d,2026-07-26T21:41:54.242548+00:00,DNSLINK_IPFS,discovery,broker_discovery,27.787915998487733,SUCCESS
27bccf30-752a-4c6a-b0ce-0af25da1cc4d,2026-07-26T21:41:54.243863+00:00,DNSLINK_IPFS,dap,dap_create_capability,1.168832997791469,SUCCESS
27bccf30-752a-4c6a-b0ce-0af25da1cc4d,2026-07-26T21:41:54.245186+00:00,DNSLINK_IPFS,dap,dap_encrypt_enc_cap,1.1214169935556129,SUCCESS
27bccf30-752a-4c6a-b0ce-0af25da1cc4d,2026-07-26T21:41:54.245603+00:00,DNSLINK_IPFS,idap,client_session_init,0.24937499983934686,SUCCESS
27bccf30-752a-4c6a-b0ce-0af25da1cc4d,2026-07-26T21:41:54.245707+00:00,DNSLINK_IPFS,idap,client_ephemeral_public_key,0.0069590023485943675,SUCCESS
27bccf30-752a-4c6a-b0ce-0af25da1cc4d,2026-07-26T21:41:54.246165+00:00,DNSLINK_IPFS,idap,client_request_sign,0.384583996492438,SUCCESS
27bccf30-752a-4c6a-b0ce-0af25da1cc4d,2026-07-26T21:41:54.246236+00:00,DNSLINK_IPFS,idap,canonical_request_payload,0.015457997506018728,SUCCESS
27bccf30-752a-4c6a-b0ce-0af25da1cc4d,2026-07-26T21:41:54.257915+00:00,DNSLINK_IPFS,dnslink_ipfs,dnssec_txt_resolve,11.01754200499272,SUCCESS
27bccf30-752a-4c6a-b0ce-0af25da1cc4d,2026-07-26T21:41:54.258979+00:00,DNSLINK_IPFS,dnslink_ipfs,ipfs_cat_json,0.8860419984557666,SUCCESS
27bccf30-752a-4c6a-b0ce-0af25da1cc4d,2026-07-26T21:41:54.269115+00:00,DNSLINK_IPFS,dnslink_ipfs,dnssec_txt_resolve,9.845250002399553,SUCCESS
27bccf30-752a-4c6a-b0ce-0af25da1cc4d,2026-07-26T21:41:54.270399+00:00,DNSLINK_IPFS,dnslink_ipfs,ipfs_cat_json,1.0967080015689135,SUCCESS
27bccf30-752a-4c6a-b0ce-0af25da1cc4d,2026-07-26T21:41:54.281244+00:00,DNSLINK_IPFS,dnslink_ipfs,dnssec_txt_resolve,10.677584003133234,SUCCESS
27bccf30-752a-4c6a-b0ce-0af25da1cc4d,2026-07-26T21:41:54.282310+00:00,DNSLINK_IPFS,dnslink_ipfs,ipfs_cat_json,0.9517079961369745,SUCCESS
27bccf30-752a-4c6a-b0ce-0af25da1cc4d,2026-07-26T21:41:54.291105+00:00,DNSLINK_IPFS,dnslink_ipfs,dnssec_txt_resolve,8.655666999402456,SUCCESS
27bccf30-752a-4c6a-b0ce-0af25da1cc4d,2026-07-26T21:41:54.292262+00:00,DNSLINK_IPFS,dnslink_ipfs,ipfs_cat_json,1.054832995578181,SUCCESS
27bccf30-752a-4c6a-b0ce-0af25da1cc4d,2026-07-26T21:41:54.294683+00:00,DNSLINK_IPFS,idap,idap_authorize,48.27254099654965,SUCCESS
27bccf30-752a-4c6a-b0ce-0af25da1cc4d,2026-07-26T21:41:54.306527+00:00,DNSLINK_IPFS,dnslink_ipfs,dnssec_txt_resolve,11.02983300370397,SUCCESS
27bccf30-752a-4c6a-b0ce-0af25da1cc4d,2026-07-26T21:41:54.307866+00:00,DNSLINK_IPFS,dnslink_ipfs,ipfs_cat_json,1.0963329987134784,SUCCESS
27bccf30-752a-4c6a-b0ce-0af25da1cc4d,2026-07-26T21:41:54.322769+00:00,DNSLINK_IPFS,dnslink_ipfs,dnssec_txt_resolve,14.625666997744702,SUCCESS
27bccf30-752a-4c6a-b0ce-0af25da1cc4d,2026-07-26T21:41:54.323959+00:00,DNSLINK_IPFS,dnslink_ipfs,ipfs_cat_json,1.007166996714659,SUCCESS
27bccf30-752a-4c6a-b0ce-0af25da1cc4d,2026-07-26T21:41:54.336517+00:00,DNSLINK_IPFS,dnslink_ipfs,dnssec_txt_resolve,12.347124997177161,SUCCESS
27bccf30-752a-4c6a-b0ce-0af25da1cc4d,2026-07-26T21:41:54.337807+00:00,DNSLINK_IPFS,dnslink_ipfs,ipfs_cat_json,1.1108340040664189,SUCCESS
27bccf30-752a-4c6a-b0ce-0af25da1cc4d,2026-07-26T21:41:54.346944+00:00,DNSLINK_IPFS,dnslink_ipfs,dnssec_txt_resolve,8.895917002519127,SUCCESS
27bccf30-752a-4c6a-b0ce-0af25da1cc4d,2026-07-26T21:41:54.347939+00:00,DNSLINK_IPFS,dnslink_ipfs,ipfs_cat_json,0.8584160023019649,SUCCESS
27bccf30-752a-4c6a-b0ce-0af25da1cc4d,2026-07-26T21:41:54.349400+00:00,DNSLINK_IPFS,idap,idap_replay_check,54.504209001606796,SUCCESS
27bccf30-752a-4c6a-b0ce-0af25da1cc4d,2026-07-26T21:41:54.358379+00:00,DNSLINK_IPFS,dnslink_ipfs,dnssec_txt_resolve,8.808749997115228,SUCCESS
27bccf30-752a-4c6a-b0ce-0af25da1cc4d,2026-07-26T21:41:54.359421+00:00,DNSLINK_IPFS,dnslink_ipfs,ipfs_cat_json,0.8995419993880205,SUCCESS
27bccf30-752a-4c6a-b0ce-0af25da1cc4d,2026-07-26T21:41:54.359555+00:00,DNSLINK_IPFS,idap,resolve_service_public_key,10.031082994828466,SUCCESS
27bccf30-752a-4c6a-b0ce-0af25da1cc4d,2026-07-26T21:41:54.359658+00:00,DNSLINK_IPFS,idap,compute_transcript,0.026166999305132776,SUCCESS
27bccf30-752a-4c6a-b0ce-0af25da1cc4d,2026-07-26T21:41:54.360130+00:00,DNSLINK_IPFS,idap,transcript_verify,0.4002920031780377,SUCCESS
27bccf30-752a-4c6a-b0ce-0af25da1cc4d,2026-07-26T21:41:54.360504+00:00,DNSLINK_IPFS,idap,client_shared_secret_derivation,0.30079200223553926,SUCCESS
27bccf30-752a-4c6a-b0ce-0af25da1cc4d,2026-07-26T21:41:54.360597+00:00,DNSLINK_IPFS,idap,client_session_key_derivation,0.023583001166116446,SUCCESS
27bccf30-752a-4c6a-b0ce-0af25da1cc4d,2026-07-26T21:41:54.360712+00:00,DNSLINK_IPFS,crypto,encrypt_message,0.029082999390084296,SUCCESS
27bccf30-752a-4c6a-b0ce-0af25da1cc4d,2026-07-26T21:41:54.360790+00:00,DNSLINK_IPFS,crypto,decrypt_message,0.010167001164518297,SUCCESS
27bccf30-752a-4c6a-b0ce-0af25da1cc4d,2026-07-26T21:41:54.361256+00:00,DNSLINK_IPFS,tampering,tampered_request_sign,0.3668749995995313,SUCCESS
27bccf30-752a-4c6a-b0ce-0af25da1cc4d,2026-07-26T21:41:54.370547+00:00,DNSLINK_IPFS,dnslink_ipfs,dnssec_txt_resolve,8.685375003551599,SUCCESS
27bccf30-752a-4c6a-b0ce-0af25da1cc4d,2026-07-26T21:41:54.371428+00:00,DNSLINK_IPFS,dnslink_ipfs,ipfs_cat_json,0.7658329996047541,SUCCESS
27bccf30-752a-4c6a-b0ce-0af25da1cc4d,2026-07-26T21:41:54.381639+00:00,DNSLINK_IPFS,dnslink_ipfs,dnssec_txt_resolve,10.04162499884842,SUCCESS
27bccf30-752a-4c6a-b0ce-0af25da1cc4d,2026-07-26T21:41:54.382570+00:00,DNSLINK_IPFS,dnslink_ipfs,ipfs_cat_json,0.7934579989523627,SUCCESS
27bccf30-752a-4c6a-b0ce-0af25da1cc4d,2026-07-26T21:41:54.391279+00:00,DNSLINK_IPFS,dnslink_ipfs,dnssec_txt_resolve,8.568833000026643,SUCCESS
27bccf30-752a-4c6a-b0ce-0af25da1cc4d,2026-07-26T21:41:54.392131+00:00,DNSLINK_IPFS,dnslink_ipfs,ipfs_cat_json,0.7562079990748316,SUCCESS
27bccf30-752a-4c6a-b0ce-0af25da1cc4d,2026-07-26T21:41:54.401133+00:00,DNSLINK_IPFS,dnslink_ipfs,dnssec_txt_resolve,8.852917002514005,SUCCESS
27bccf30-752a-4c6a-b0ce-0af25da1cc4d,2026-07-26T21:41:54.401976+00:00,DNSLINK_IPFS,dnslink_ipfs,ipfs_cat_json,0.7188749950728379,SUCCESS
27bccf30-752a-4c6a-b0ce-0af25da1cc4d,2026-07-26T21:41:54.403347+00:00,DNSLINK_IPFS,tampering,tampering_check,42.00016699905973,SUCCESS
27bccf30-752a-4c6a-b0ce-0af25da1cc4d,2026-07-26T21:41:54.403437+00:00,DNSLINK_IPFS,summary,total_flow,1908.0650420000893,SUCCESS
c06a3612-8b63-4108-97ae-00313a7d2b9e,2026-07-26T21:41:54.506106+00:00,DNSLINK_IPFS,startup,initialize_store,0.004374996933620423,SUCCESS
c06a3612-8b63-4108-97ae-00313a7d2b9e,2026-07-26T21:41:54.508714+00:00,DNSLINK_IPFS,startup,generate_identity_cp,2.3643329986953177,SUCCESS
c06a3612-8b63-4108-97ae-00313a7d2b9e,2026-07-26T21:41:54.508984+00:00,DNSLINK_IPFS,startup,generate_identity_sp,0.2024589994107373,SUCCESS
c06a3612-8b63-4108-97ae-00313a7d2b9e,2026-07-26T21:41:54.509218+00:00,DNSLINK_IPFS,startup,generate_identity_c1,0.19254200014984235,SUCCESS
c06a3612-8b63-4108-97ae-00313a7d2b9e,2026-07-26T21:41:54.509433+00:00,DNSLINK_IPFS,startup,generate_identity_s1,0.17454200133215636,SUCCESS
c06a3612-8b63-4108-97ae-00313a7d2b9e,2026-07-26T21:41:54.534370+00:00,DNSLINK_IPFS,dnslink_ipfs,ipfs_add_json,24.823208004818298,SUCCESS
c06a3612-8b63-4108-97ae-00313a7d2b9e,2026-07-26T21:41:55.292485+00:00,DNSLINK_IPFS,dnslink_ipfs,dns_txt_update,757.7302920035436,SUCCESS
c06a3612-8b63-4108-97ae-00313a7d2b9e,2026-07-26T21:41:55.292737+00:00,DNSLINK_IPFS,publish,publish_identity_cp,783.2349999953294,SUCCESS
c06a3612-8b63-4108-97ae-00313a7d2b9e,2026-07-26T21:41:55.313678+00:00,DNSLINK_IPFS,dnslink_ipfs,ipfs_add_json,20.770792005350813,SUCCESS
c06a3612-8b63-4108-97ae-00313a7d2b9e,2026-07-26T21:41:55.462898+00:00,DNSLINK_IPFS,dnslink_ipfs,dns_txt_update,148.81470900581917,SUCCESS
c06a3612-8b63-4108-97ae-00313a7d2b9e,2026-07-26T21:41:55.463156+00:00,DNSLINK_IPFS,publish,publish_identity_sp,170.3213329965365,SUCCESS
c06a3612-8b63-4108-97ae-00313a7d2b9e,2026-07-26T21:41:55.483619+00:00,DNSLINK_IPFS,dnslink_ipfs,ipfs_add_json,20.1524999938556,SUCCESS
c06a3612-8b63-4108-97ae-00313a7d2b9e,2026-07-26T21:41:56.574421+00:00,DNSLINK_IPFS,dnslink_ipfs,dns_txt_update,1090.1192079982138,SUCCESS
c06a3612-8b63-4108-97ae-00313a7d2b9e,2026-07-26T21:41:56.576513+00:00,DNSLINK_IPFS,publish,publish_identity_c1,1112.8299589981907,SUCCESS
c06a3612-8b63-4108-97ae-00313a7d2b9e,2026-07-26T21:41:56.615264+00:00,DNSLINK_IPFS,dnslink_ipfs,ipfs_add_json,38.40174999641022,SUCCESS
c06a3612-8b63-4108-97ae-00313a7d2b9e,2026-07-26T21:41:56.782156+00:00,DNSLINK_IPFS,dnslink_ipfs,dns_txt_update,166.4180000007036,SUCCESS
c06a3612-8b63-4108-97ae-00313a7d2b9e,2026-07-26T21:41:56.782406+00:00,DNSLINK_IPFS,publish,publish_identity_s1,205.63770800072234,SUCCESS
c06a3612-8b63-4108-97ae-00313a7d2b9e,2026-07-26T21:41:56.807535+00:00,DNSLINK_IPFS,dnslink_ipfs,ipfs_add_json,24.85966700623976,SUCCESS
c06a3612-8b63-4108-97ae-00313a7d2b9e,2026-07-26T21:41:56.954704+00:00,DNSLINK_IPFS,dnslink_ipfs,dns_txt_update,146.55054199829465,SUCCESS
c06a3612-8b63-4108-97ae-00313a7d2b9e,2026-07-26T21:41:56.955008+00:00,DNSLINK_IPFS,publish,publish_service_metadata,172.41679200378712,SUCCESS
c06a3612-8b63-4108-97ae-00313a7d2b9e,2026-07-26T21:41:56.991792+00:00,DNSLINK_IPFS,dnslink_ipfs,ipfs_add_json,36.50875000312226,SUCCESS
c06a3612-8b63-4108-97ae-00313a7d2b9e,2026-07-26T21:41:57.158847+00:00,DNSLINK_IPFS,dnslink_ipfs,dns_txt_update,166.49979099747725,SUCCESS
c06a3612-8b63-4108-97ae-00313a7d2b9e,2026-07-26T21:41:57.159177+00:00,DNSLINK_IPFS,publish,publish_provider_registry,204.0144170023268,SUCCESS
c06a3612-8b63-4108-97ae-00313a7d2b9e,2026-07-26T21:41:57.176322+00:00,DNSLINK_IPFS,dnslink_ipfs,dnssec_txt_resolve,16.79854199755937,SUCCESS
c06a3612-8b63-4108-97ae-00313a7d2b9e,2026-07-26T21:41:57.178914+00:00,DNSLINK_IPFS,dnslink_ipfs,ipfs_cat_json,2.0242919999873266,SUCCESS
c06a3612-8b63-4108-97ae-00313a7d2b9e,2026-07-26T21:41:57.188549+00:00,DNSLINK_IPFS,dnslink_ipfs,dnssec_txt_resolve,9.295625000959262,SUCCESS
c06a3612-8b63-4108-97ae-00313a7d2b9e,2026-07-26T21:41:57.190223+00:00,DNSLINK_IPFS,dnslink_ipfs,ipfs_cat_json,1.4795410024817102,SUCCESS
c06a3612-8b63-4108-97ae-00313a7d2b9e,2026-07-26T21:41:57.190355+00:00,DNSLINK_IPFS,discovery,broker_discovery,31.04620899830479,SUCCESS
c06a3612-8b63-4108-97ae-00313a7d2b9e,2026-07-26T21:41:57.191568+00:00,DNSLINK_IPFS,dap,dap_create_capability,1.0893329963437282,SUCCESS
c06a3612-8b63-4108-97ae-00313a7d2b9e,2026-07-26T21:41:57.192945+00:00,DNSLINK_IPFS,dap,dap_encrypt_enc_cap,1.185458000691142,SUCCESS
c06a3612-8b63-4108-97ae-00313a7d2b9e,2026-07-26T21:41:57.193354+00:00,DNSLINK_IPFS,idap,client_session_init,0.24724999821046367,SUCCESS
c06a3612-8b63-4108-97ae-00313a7d2b9e,2026-07-26T21:41:57.193457+00:00,DNSLINK_IPFS,idap,client_ephemeral_public_key,0.005709000106435269,SUCCESS
c06a3612-8b63-4108-97ae-00313a7d2b9e,2026-07-26T21:41:57.194052+00:00,DNSLINK_IPFS,idap,client_request_sign,0.5008749940316193,SUCCESS
c06a3612-8b63-4108-97ae-00313a7d2b9e,2026-07-26T21:41:57.194170+00:00,DNSLINK_IPFS,idap,canonical_request_payload,0.029165996238589287,SUCCESS
c06a3612-8b63-4108-97ae-00313a7d2b9e,2026-07-26T21:41:57.206758+00:00,DNSLINK_IPFS,dnslink_ipfs,dnssec_txt_resolve,11.734457999409642,SUCCESS
c06a3612-8b63-4108-97ae-00313a7d2b9e,2026-07-26T21:41:57.207994+00:00,DNSLINK_IPFS,dnslink_ipfs,ipfs_cat_json,1.0474579976289533,SUCCESS
c06a3612-8b63-4108-97ae-00313a7d2b9e,2026-07-26T21:41:57.216395+00:00,DNSLINK_IPFS,dnslink_ipfs,dnssec_txt_resolve,8.001667003554758,SUCCESS
c06a3612-8b63-4108-97ae-00313a7d2b9e,2026-07-26T21:41:57.217666+00:00,DNSLINK_IPFS,dnslink_ipfs,ipfs_cat_json,1.0785419945023023,SUCCESS
c06a3612-8b63-4108-97ae-00313a7d2b9e,2026-07-26T21:41:57.226932+00:00,DNSLINK_IPFS,dnslink_ipfs,dnssec_txt_resolve,9.04808400082402,SUCCESS
c06a3612-8b63-4108-97ae-00313a7d2b9e,2026-07-26T21:41:57.228204+00:00,DNSLINK_IPFS,dnslink_ipfs,ipfs_cat_json,1.1462499969638884,SUCCESS
c06a3612-8b63-4108-97ae-00313a7d2b9e,2026-07-26T21:41:57.239349+00:00,DNSLINK_IPFS,dnslink_ipfs,dnssec_txt_resolve,10.944792004011106,SUCCESS
c06a3612-8b63-4108-97ae-00313a7d2b9e,2026-07-26T21:41:57.240775+00:00,DNSLINK_IPFS,dnslink_ipfs,ipfs_cat_json,1.263207996089477,SUCCESS
c06a3612-8b63-4108-97ae-00313a7d2b9e,2026-07-26T21:41:57.243408+00:00,DNSLINK_IPFS,idap,idap_authorize,49.128042002848815,SUCCESS
c06a3612-8b63-4108-97ae-00313a7d2b9e,2026-07-26T21:41:57.257867+00:00,DNSLINK_IPFS,dnslink_ipfs,dnssec_txt_resolve,13.678208000783343,SUCCESS
c06a3612-8b63-4108-97ae-00313a7d2b9e,2026-07-26T21:41:57.258962+00:00,DNSLINK_IPFS,dnslink_ipfs,ipfs_cat_json,0.9279169971705414,SUCCESS
c06a3612-8b63-4108-97ae-00313a7d2b9e,2026-07-26T21:41:57.276652+00:00,DNSLINK_IPFS,dnslink_ipfs,dnssec_txt_resolve,17.423584002244752,SUCCESS
c06a3612-8b63-4108-97ae-00313a7d2b9e,2026-07-26T21:41:57.277730+00:00,DNSLINK_IPFS,dnslink_ipfs,ipfs_cat_json,0.8919589963625185,SUCCESS
c06a3612-8b63-4108-97ae-00313a7d2b9e,2026-07-26T21:41:57.285295+00:00,DNSLINK_IPFS,dnslink_ipfs,dnssec_txt_resolve,7.373624997853767,SUCCESS
c06a3612-8b63-4108-97ae-00313a7d2b9e,2026-07-26T21:41:57.286128+00:00,DNSLINK_IPFS,dnslink_ipfs,ipfs_cat_json,0.7142500035115518,SUCCESS
c06a3612-8b63-4108-97ae-00313a7d2b9e,2026-07-26T21:41:57.290688+00:00,DNSLINK_IPFS,dnslink_ipfs,dnssec_txt_resolve,4.397416996653192,SUCCESS
c06a3612-8b63-4108-97ae-00313a7d2b9e,2026-07-26T21:41:57.291450+00:00,DNSLINK_IPFS,dnslink_ipfs,ipfs_cat_json,0.6369170005200431,SUCCESS
c06a3612-8b63-4108-97ae-00313a7d2b9e,2026-07-26T21:41:57.292376+00:00,DNSLINK_IPFS,idap,idap_replay_check,48.862999996345025,SUCCESS
c06a3612-8b63-4108-97ae-00313a7d2b9e,2026-07-26T21:41:57.296781+00:00,DNSLINK_IPFS,dnslink_ipfs,dnssec_txt_resolve,4.284208996978123,SUCCESS
c06a3612-8b63-4108-97ae-00313a7d2b9e,2026-07-26T21:41:57.297566+00:00,DNSLINK_IPFS,dnslink_ipfs,ipfs_cat_json,0.6557919987244532,SUCCESS
c06a3612-8b63-4108-97ae-00313a7d2b9e,2026-07-26T21:41:57.297692+00:00,DNSLINK_IPFS,idap,resolve_service_public_key,5.238208002992906,SUCCESS
c06a3612-8b63-4108-97ae-00313a7d2b9e,2026-07-26T21:41:57.297776+00:00,DNSLINK_IPFS,idap,compute_transcript,0.02154200046788901,SUCCESS
c06a3612-8b63-4108-97ae-00313a7d2b9e,2026-07-26T21:41:57.298105+00:00,DNSLINK_IPFS,idap,transcript_verify,0.27458399563329294,SUCCESS
c06a3612-8b63-4108-97ae-00313a7d2b9e,2026-07-26T21:41:57.298354+00:00,DNSLINK_IPFS,idap,client_shared_secret_derivation,0.1945830008480698,SUCCESS
c06a3612-8b63-4108-97ae-00313a7d2b9e,2026-07-26T21:41:57.298419+00:00,DNSLINK_IPFS,idap,client_session_key_derivation,0.018582999473437667,SUCCESS
c06a3612-8b63-4108-97ae-00313a7d2b9e,2026-07-26T21:41:57.298501+00:00,DNSLINK_IPFS,crypto,encrypt_message,0.02504199801478535,SUCCESS
c06a3612-8b63-4108-97ae-00313a7d2b9e,2026-07-26T21:41:57.298555+00:00,DNSLINK_IPFS,crypto,decrypt_message,0.007582995749544352,SUCCESS
c06a3612-8b63-4108-97ae-00313a7d2b9e,2026-07-26T21:41:57.298858+00:00,DNSLINK_IPFS,tampering,tampered_request_sign,0.23625000176252797,SUCCESS
c06a3612-8b63-4108-97ae-00313a7d2b9e,2026-07-26T21:41:57.303412+00:00,DNSLINK_IPFS,dnslink_ipfs,dnssec_txt_resolve,4.1584999999031425,SUCCESS
c06a3612-8b63-4108-97ae-00313a7d2b9e,2026-07-26T21:41:57.304154+00:00,DNSLINK_IPFS,dnslink_ipfs,ipfs_cat_json,0.6319160020211712,SUCCESS
c06a3612-8b63-4108-97ae-00313a7d2b9e,2026-07-26T21:41:57.307968+00:00,DNSLINK_IPFS,dnslink_ipfs,dnssec_txt_resolve,3.67549999646144,SUCCESS
c06a3612-8b63-4108-97ae-00313a7d2b9e,2026-07-26T21:41:57.308688+00:00,DNSLINK_IPFS,dnslink_ipfs,ipfs_cat_json,0.6171249988256022,SUCCESS
c06a3612-8b63-4108-97ae-00313a7d2b9e,2026-07-26T21:41:57.312149+00:00,DNSLINK_IPFS,dnslink_ipfs,dnssec_txt_resolve,3.340625000419095,SUCCESS
c06a3612-8b63-4108-97ae-00313a7d2b9e,2026-07-26T21:41:57.313047+00:00,DNSLINK_IPFS,dnslink_ipfs,ipfs_cat_json,0.8212090033339337,SUCCESS
c06a3612-8b63-4108-97ae-00313a7d2b9e,2026-07-26T21:41:57.317329+00:00,DNSLINK_IPFS,dnslink_ipfs,dnssec_txt_resolve,4.159709002124146,SUCCESS
c06a3612-8b63-4108-97ae-00313a7d2b9e,2026-07-26T21:41:57.318330+00:00,DNSLINK_IPFS,dnslink_ipfs,ipfs_cat_json,0.9033750029630028,SUCCESS
c06a3612-8b63-4108-97ae-00313a7d2b9e,2026-07-26T21:41:57.319116+00:00,DNSLINK_IPFS,tampering,tampering_check,20.201833001920022,SUCCESS
c06a3612-8b63-4108-97ae-00313a7d2b9e,2026-07-26T21:41:57.319167+00:00,DNSLINK_IPFS,summary,total_flow,2813.133834002656,SUCCESS
7873ed48-006c-4d26-b707-9dd39554b1a2,2026-07-27T14:56:27.589177+00:00,IPFS,startup,initialize_store,0.33316700137220323,SUCCESS
7873ed48-006c-4d26-b707-9dd39554b1a2,2026-07-27T14:56:27.598960+00:00,IPFS,startup,generate_identity_cp,9.461042005568743,SUCCESS
7873ed48-006c-4d26-b707-9dd39554b1a2,2026-07-27T14:56:27.599209+00:00,IPFS,startup,generate_identity_sp,0.19433299894444644,SUCCESS
7873ed48-006c-4d26-b707-9dd39554b1a2,2026-07-27T14:56:27.599435+00:00,IPFS,startup,generate_identity_c1,0.18762500258162618,SUCCESS
7873ed48-006c-4d26-b707-9dd39554b1a2,2026-07-27T14:56:27.599657+00:00,IPFS,startup,generate_identity_s1,0.18600000475998968,SUCCESS
7873ed48-006c-4d26-b707-9dd39554b1a2,2026-07-27T14:56:27.648369+00:00,IPFS,ipfs,ipfs_key_gen,1.3818329898640513,SUCCESS
7873ed48-006c-4d26-b707-9dd39554b1a2,2026-07-27T14:56:27.685048+00:00,IPFS,ipfs,ipfs_add_json,31.35945799294859,SUCCESS
7873ed48-006c-4d26-b707-9dd39554b1a2,2026-07-27T14:56:31.840653+00:00,IPFS,ipfs,ipns_publish,4154.74825000274,SUCCESS
7873ed48-006c-4d26-b707-9dd39554b1a2,2026-07-27T14:56:31.842700+00:00,IPFS,publish,publish_identity_cp,4242.849916990963,SUCCESS
7873ed48-006c-4d26-b707-9dd39554b1a2,2026-07-27T14:56:31.891937+00:00,IPFS,ipfs,ipfs_key_gen,2.019666993874125,SUCCESS
7873ed48-006c-4d26-b707-9dd39554b1a2,2026-07-27T14:56:31.923369+00:00,IPFS,ipfs,ipfs_add_json,28.07174999907147,SUCCESS
7873ed48-006c-4d26-b707-9dd39554b1a2,2026-07-27T14:57:45.345555+00:00,IPFS,ipfs,ipns_publish,73418.784124995,SUCCESS
7873ed48-006c-4d26-b707-9dd39554b1a2,2026-07-27T14:57:45.348868+00:00,IPFS,publish,publish_identity_sp,73505.54637498863,SUCCESS
7873ed48-006c-4d26-b707-9dd39554b1a2,2026-07-27T14:57:45.452604+00:00,IPFS,ipfs,ipfs_key_gen,7.836707998649217,SUCCESS
7873ed48-006c-4d26-b707-9dd39554b1a2,2026-07-27T14:57:45.567078+00:00,IPFS,ipfs,ipfs_add_json,46.618041989859194,SUCCESS
7873ed48-006c-4d26-b707-9dd39554b1a2,2026-07-27T14:57:58.550260+00:00,IPFS,ipfs,ipns_publish,12981.404291000217,SUCCESS
7873ed48-006c-4d26-b707-9dd39554b1a2,2026-07-27T14:57:58.558365+00:00,IPFS,publish,publish_identity_c1,13209.024875002797,SUCCESS
7873ed48-006c-4d26-b707-9dd39554b1a2,2026-07-27T14:57:58.631366+00:00,IPFS,ipfs,ipfs_key_gen,1.394916995195672,SUCCESS
7873ed48-006c-4d26-b707-9dd39554b1a2,2026-07-27T14:57:58.650849+00:00,IPFS,ipfs,ipfs_add_json,18.09004199458286,SUCCESS
7873ed48-006c-4d26-b707-9dd39554b1a2,2026-07-27T14:58:54.946200+00:00,IPFS,ipfs,ipns_publish,56294.6423329995,SUCCESS
7873ed48-006c-4d26-b707-9dd39554b1a2,2026-07-27T14:58:54.947852+00:00,IPFS,publish,publish_identity_s1,56388.834792000125,SUCCESS
7873ed48-006c-4d26-b707-9dd39554b1a2,2026-07-27T14:58:54.993705+00:00,IPFS,ipfs,ipfs_key_gen,3.6585000052582473,SUCCESS
7873ed48-006c-4d26-b707-9dd39554b1a2,2026-07-27T14:58:55.015334+00:00,IPFS,ipfs,ipfs_add_json,20.445999994990416,SUCCESS
7873ed48-006c-4d26-b707-9dd39554b1a2,2026-07-27T14:59:48.788462+00:00,IPFS,ipfs,ipns_publish,53771.93412500492,SUCCESS
7873ed48-006c-4d26-b707-9dd39554b1a2,2026-07-27T14:59:48.792116+00:00,IPFS,publish,publish_service_metadata,53843.67258299608,SUCCESS
7873ed48-006c-4d26-b707-9dd39554b1a2,2026-07-27T14:59:48.868427+00:00,IPFS,ipfs,ipfs_key_gen,2.2880000033183023,SUCCESS
7873ed48-006c-4d26-b707-9dd39554b1a2,2026-07-27T14:59:48.892230+00:00,IPFS,ipfs,ipfs_add_json,19.95724999869708,SUCCESS
7873ed48-006c-4d26-b707-9dd39554b1a2,2026-07-27T15:00:40.496735+00:00,IPFS,ipfs,ipns_publish,51603.37183299998,SUCCESS
7873ed48-006c-4d26-b707-9dd39554b1a2,2026-07-27T15:00:40.498211+00:00,IPFS,publish,publish_provider_registry,51705.46229100728,SUCCESS
7873ed48-006c-4d26-b707-9dd39554b1a2,2026-07-27T15:00:40.501436+00:00,IPFS,ipfs,ipns_resolve,3.0337909993249923,SUCCESS
7873ed48-006c-4d26-b707-9dd39554b1a2,2026-07-27T15:00:40.503075+00:00,IPFS,ipfs,ipfs_cat_json,1.5487499913433567,SUCCESS
7873ed48-006c-4d26-b707-9dd39554b1a2,2026-07-27T15:00:40.514547+00:00,IPFS,ipfs,ipns_resolve,1.2905830080853775,SUCCESS
7873ed48-006c-4d26-b707-9dd39554b1a2,2026-07-27T15:00:40.515583+00:00,IPFS,ipfs,ipfs_cat_json,0.8924170106183738,SUCCESS
7873ed48-006c-4d26-b707-9dd39554b1a2,2026-07-27T15:00:40.517775+00:00,IPFS,ipfs,ipns_resolve,1.4227080100681633,SUCCESS
7873ed48-006c-4d26-b707-9dd39554b1a2,2026-07-27T15:00:40.518864+00:00,IPFS,ipfs,ipfs_cat_json,0.9513749973848462,SUCCESS
7873ed48-006c-4d26-b707-9dd39554b1a2,2026-07-27T15:00:40.520479+00:00,IPFS,discovery,broker_discovery,21.978084012516774,SUCCESS
7873ed48-006c-4d26-b707-9dd39554b1a2,2026-07-27T15:00:40.522463+00:00,IPFS,dap,dap_create_capability,1.2509579973993823,SUCCESS
7873ed48-006c-4d26-b707-9dd39554b1a2,2026-07-27T15:00:40.536658+00:00,IPFS,dap,dap_encrypt_enc_cap,13.675291003892198,SUCCESS
7873ed48-006c-4d26-b707-9dd39554b1a2,2026-07-27T15:00:40.537487+00:00,IPFS,idap,client_session_init,0.6063750042812899,SUCCESS
7873ed48-006c-4d26-b707-9dd39554b1a2,2026-07-27T15:00:40.537663+00:00,IPFS,idap,client_ephemeral_public_key,0.007541995728388429,SUCCESS
7873ed48-006c-4d26-b707-9dd39554b1a2,2026-07-27T15:00:40.538280+00:00,IPFS,idap,client_request_sign,0.5126249889144674,SUCCESS
7873ed48-006c-4d26-b707-9dd39554b1a2,2026-07-27T15:00:40.538393+00:00,IPFS,idap,canonical_request_payload,0.024042004952207208,SUCCESS
7873ed48-006c-4d26-b707-9dd39554b1a2,2026-07-27T15:00:40.540570+00:00,IPFS,ipfs,ipns_resolve,1.4288749953266233,SUCCESS
7873ed48-006c-4d26-b707-9dd39554b1a2,2026-07-27T15:00:40.541794+00:00,IPFS,ipfs,ipfs_cat_json,1.1183750029886141,SUCCESS
7873ed48-006c-4d26-b707-9dd39554b1a2,2026-07-27T15:00:40.543380+00:00,IPFS,ipfs,ipns_resolve,1.0414999997010455,SUCCESS
7873ed48-006c-4d26-b707-9dd39554b1a2,2026-07-27T15:00:40.544400+00:00,IPFS,ipfs,ipfs_cat_json,0.9212919976562262,SUCCESS
7873ed48-006c-4d26-b707-9dd39554b1a2,2026-07-27T15:00:40.546162+00:00,IPFS,ipfs,ipns_resolve,1.2213329900987446,SUCCESS
7873ed48-006c-4d26-b707-9dd39554b1a2,2026-07-27T15:00:40.547511+00:00,IPFS,ipfs,ipfs_cat_json,1.2323330010985956,SUCCESS
7873ed48-006c-4d26-b707-9dd39554b1a2,2026-07-27T15:00:40.549253+00:00,IPFS,ipfs,ipns_resolve,1.1779170017689466,SUCCESS
7873ed48-006c-4d26-b707-9dd39554b1a2,2026-07-27T15:00:40.550488+00:00,IPFS,ipfs,ipfs_cat_json,1.1249999952269718,SUCCESS
7873ed48-006c-4d26-b707-9dd39554b1a2,2026-07-27T15:00:40.553247+00:00,IPFS,idap,idap_authorize,14.751666007214226,SUCCESS
7873ed48-006c-4d26-b707-9dd39554b1a2,2026-07-27T15:00:40.555034+00:00,IPFS,ipfs,ipns_resolve,1.1767919932026416,SUCCESS
7873ed48-006c-4d26-b707-9dd39554b1a2,2026-07-27T15:00:40.556134+00:00,IPFS,ipfs,ipfs_cat_json,0.6451249937526882,SUCCESS
7873ed48-006c-4d26-b707-9dd39554b1a2,2026-07-27T15:00:40.557677+00:00,IPFS,ipfs,ipns_resolve,1.0236249945592135,SUCCESS
7873ed48-006c-4d26-b707-9dd39554b1a2,2026-07-27T15:00:40.568037+00:00,IPFS,ipfs,ipfs_cat_json,10.26566700602416,SUCCESS
7873ed48-006c-4d26-b707-9dd39554b1a2,2026-07-27T15:00:40.569590+00:00,IPFS,ipfs,ipns_resolve,1.0350419906899333,SUCCESS
7873ed48-006c-4d26-b707-9dd39554b1a2,2026-07-27T15:00:40.570489+00:00,IPFS,ipfs,ipfs_cat_json,0.8146670006681234,SUCCESS
7873ed48-006c-4d26-b707-9dd39554b1a2,2026-07-27T15:00:40.572458+00:00,IPFS,ipfs,ipns_resolve,1.4254999987315387,SUCCESS
7873ed48-006c-4d26-b707-9dd39554b1a2,2026-07-27T15:00:40.573265+00:00,IPFS,ipfs,ipfs_cat_json,0.7152909965952858,SUCCESS
7873ed48-006c-4d26-b707-9dd39554b1a2,2026-07-27T15:00:40.574980+00:00,IPFS,idap,idap_replay_check,21.63379199919291,SUCCESS
7873ed48-006c-4d26-b707-9dd39554b1a2,2026-07-27T15:00:40.576121+00:00,IPFS,ipfs,ipns_resolve,1.047083002049476,SUCCESS
7873ed48-006c-4d26-b707-9dd39554b1a2,2026-07-27T15:00:40.576973+00:00,IPFS,ipfs,ipfs_cat_json,0.7670419872738421,SUCCESS
7873ed48-006c-4d26-b707-9dd39554b1a2,2026-07-27T15:00:40.577470+00:00,IPFS,idap,resolve_service_public_key,2.4034999951254576,SUCCESS
7873ed48-006c-4d26-b707-9dd39554b1a2,2026-07-27T15:00:40.577567+00:00,IPFS,idap,compute_transcript,0.020000006770715117,SUCCESS
7873ed48-006c-4d26-b707-9dd39554b1a2,2026-07-27T15:00:40.578039+00:00,IPFS,idap,transcript_verify,0.39604199992027134,SUCCESS
7873ed48-006c-4d26-b707-9dd39554b1a2,2026-07-27T15:00:40.578400+00:00,IPFS,idap,client_shared_secret_derivation,0.2912920026574284,SUCCESS
7873ed48-006c-4d26-b707-9dd39554b1a2,2026-07-27T15:00:40.578577+00:00,IPFS,idap,client_session_key_derivation,0.040583996451459825,SUCCESS
7873ed48-006c-4d26-b707-9dd39554b1a2,2026-07-27T15:00:40.578711+00:00,IPFS,crypto,encrypt_message,0.022334003006108105,SUCCESS
7873ed48-006c-4d26-b707-9dd39554b1a2,2026-07-27T15:00:40.578790+00:00,IPFS,crypto,decrypt_message,0.00925001222640276,SUCCESS
7873ed48-006c-4d26-b707-9dd39554b1a2,2026-07-27T15:00:40.579253+00:00,IPFS,tampering,tampered_request_sign,0.36249999538995326,SUCCESS
7873ed48-006c-4d26-b707-9dd39554b1a2,2026-07-27T15:00:40.580796+00:00,IPFS,ipfs,ipns_resolve,0.9666249970905483,SUCCESS
7873ed48-006c-4d26-b707-9dd39554b1a2,2026-07-27T15:00:40.581982+00:00,IPFS,ipfs,ipfs_cat_json,1.0990839946316555,SUCCESS
7873ed48-006c-4d26-b707-9dd39554b1a2,2026-07-27T15:00:40.583483+00:00,IPFS,ipfs,ipns_resolve,0.9848329937085509,SUCCESS
7873ed48-006c-4d26-b707-9dd39554b1a2,2026-07-27T15:00:40.585285+00:00,IPFS,ipfs,ipfs_cat_json,1.6997499915305525,SUCCESS
7873ed48-006c-4d26-b707-9dd39554b1a2,2026-07-27T15:00:40.587067+00:00,IPFS,ipfs,ipns_resolve,1.2500000011641532,SUCCESS
7873ed48-006c-4d26-b707-9dd39554b1a2,2026-07-27T15:00:40.587790+00:00,IPFS,ipfs,ipfs_cat_json,0.6299579981714487,SUCCESS
7873ed48-006c-4d26-b707-9dd39554b1a2,2026-07-27T15:00:40.589321+00:00,IPFS,ipfs,ipns_resolve,1.0117920028278604,SUCCESS
7873ed48-006c-4d26-b707-9dd39554b1a2,2026-07-27T15:00:40.590013+00:00,IPFS,ipfs,ipfs_cat_json,0.5945409939158708,SUCCESS
7873ed48-006c-4d26-b707-9dd39554b1a2,2026-07-27T15:00:40.591831+00:00,IPFS,tampering,tampering_check,12.491292000049725,SUCCESS
7873ed48-006c-4d26-b707-9dd39554b1a2,2026-07-27T15:00:40.591915+00:00,IPFS,summary,total_flow,253002.48429199564,SUCCESS
2f64b62a-7226-409b-91d2-c1eecc948c30,2026-07-27T15:00:40.889102+00:00,IPFS,startup,initialize_store,0.09520900493953377,SUCCESS
2f64b62a-7226-409b-91d2-c1eecc948c30,2026-07-27T15:00:40.896635+00:00,IPFS,startup,generate_identity_cp,7.1924579970072955,SUCCESS
2f64b62a-7226-409b-91d2-c1eecc948c30,2026-07-27T15:00:40.896886+00:00,IPFS,startup,generate_identity_sp,0.18170899420510978,SUCCESS
2f64b62a-7226-409b-91d2-c1eecc948c30,2026-07-27T15:00:40.897106+00:00,IPFS,startup,generate_identity_c1,0.17254200065508485,SUCCESS
2f64b62a-7226-409b-91d2-c1eecc948c30,2026-07-27T15:00:40.897322+00:00,IPFS,startup,generate_identity_s1,0.1687500043772161,SUCCESS
2f64b62a-7226-409b-91d2-c1eecc948c30,2026-07-27T15:00:40.949158+00:00,IPFS,ipfs,ipfs_key_gen,0.9689589933259413,SUCCESS
2f64b62a-7226-409b-91d2-c1eecc948c30,2026-07-27T15:00:40.982022+00:00,IPFS,ipfs,ipfs_add_json,32.0847500115633,SUCCESS
2f64b62a-7226-409b-91d2-c1eecc948c30,2026-07-27T15:01:34.355001+00:00,IPFS,ipfs,ipns_publish,53371.678541006986,SUCCESS
2f64b62a-7226-409b-91d2-c1eecc948c30,2026-07-27T15:01:34.357309+00:00,IPFS,publish,publish_identity_cp,53459.73795799364,SUCCESS
2f64b62a-7226-409b-91d2-c1eecc948c30,2026-07-27T15:01:34.412623+00:00,IPFS,ipfs,ipfs_key_gen,1.178500009700656,SUCCESS
2f64b62a-7226-409b-91d2-c1eecc948c30,2026-07-27T15:01:34.438661+00:00,IPFS,ipfs,ipfs_add_json,24.83862500230316,SUCCESS
2f64b62a-7226-409b-91d2-c1eecc948c30,2026-07-27T15:02:00.559888+00:00,IPFS,ipfs,ipns_publish,26118.666958005633,SUCCESS
2f64b62a-7226-409b-91d2-c1eecc948c30,2026-07-27T15:02:00.562575+00:00,IPFS,publish,publish_identity_sp,26204.965334007284,SUCCESS
2f64b62a-7226-409b-91d2-c1eecc948c30,2026-07-27T15:02:00.615632+00:00,IPFS,ipfs,ipfs_key_gen,1.4114169898675755,SUCCESS
2f64b62a-7226-409b-91d2-c1eecc948c30,2026-07-27T15:02:00.658704+00:00,IPFS,ipfs,ipfs_add_json,32.6620840060059,SUCCESS
2f64b62a-7226-409b-91d2-c1eecc948c30,2026-07-27T15:02:19.694225+00:00,IPFS,ipfs,ipns_publish,19034.233875005157,SUCCESS
2f64b62a-7226-409b-91d2-c1eecc948c30,2026-07-27T15:02:19.698048+00:00,IPFS,publish,publish_identity_c1,19135.12304100732,SUCCESS
2f64b62a-7226-409b-91d2-c1eecc948c30,2026-07-27T15:02:19.754576+00:00,IPFS,ipfs,ipfs_key_gen,1.6426669899374247,SUCCESS
2f64b62a-7226-409b-91d2-c1eecc948c30,2026-07-27T15:02:19.775765+00:00,IPFS,ipfs,ipfs_add_json,18.263374993694015,SUCCESS
2f64b62a-7226-409b-91d2-c1eecc948c30,2026-07-27T15:02:26.017376+00:00,IPFS,ipfs,ipns_publish,6240.565999993123,SUCCESS
2f64b62a-7226-409b-91d2-c1eecc948c30,2026-07-27T15:02:26.019905+00:00,IPFS,publish,publish_identity_s1,6321.4863749890355,SUCCESS
2f64b62a-7226-409b-91d2-c1eecc948c30,2026-07-27T15:02:26.064533+00:00,IPFS,ipfs,ipfs_key_gen,1.0163749975617975,SUCCESS
2f64b62a-7226-409b-91d2-c1eecc948c30,2026-07-27T15:02:26.083331+00:00,IPFS,ipfs,ipfs_add_json,17.414957997971214,SUCCESS
2f64b62a-7226-409b-91d2-c1eecc948c30,2026-07-27T15:02:45.908640+00:00,IPFS,ipfs,ipns_publish,19824.423459009267,SUCCESS
2f64b62a-7226-409b-91d2-c1eecc948c30,2026-07-27T15:02:45.912514+00:00,IPFS,publish,publish_service_metadata,19891.736833000323,SUCCESS
2f64b62a-7226-409b-91d2-c1eecc948c30,2026-07-27T15:02:45.957052+00:00,IPFS,ipfs,ipfs_key_gen,1.126167000620626,SUCCESS
2f64b62a-7226-409b-91d2-c1eecc948c30,2026-07-27T15:02:45.980653+00:00,IPFS,ipfs,ipfs_add_json,22.523667008499615,SUCCESS
2f64b62a-7226-409b-91d2-c1eecc948c30,2026-07-27T15:03:38.320142+00:00,IPFS,ipfs,ipns_publish,52336.257957998896,SUCCESS
2f64b62a-7226-409b-91d2-c1eecc948c30,2026-07-27T15:03:38.330478+00:00,IPFS,publish,publish_provider_registry,52417.16008300136,SUCCESS
2f64b62a-7226-409b-91d2-c1eecc948c30,2026-07-27T15:03:38.342422+00:00,IPFS,ipfs,ipns_resolve,11.00020800367929,SUCCESS
2f64b62a-7226-409b-91d2-c1eecc948c30,2026-07-27T15:03:38.346210+00:00,IPFS,ipfs,ipfs_cat_json,3.293209010735154,SUCCESS
2f64b62a-7226-409b-91d2-c1eecc948c30,2026-07-27T15:03:38.357360+00:00,IPFS,ipfs,ipns_resolve,1.5697920025559142,SUCCESS
2f64b62a-7226-409b-91d2-c1eecc948c30,2026-07-27T15:03:38.358466+00:00,IPFS,ipfs,ipfs_cat_json,0.9111249964917079,SUCCESS
2f64b62a-7226-409b-91d2-c1eecc948c30,2026-07-27T15:03:38.360202+00:00,IPFS,ipfs,ipns_resolve,1.057834000675939,SUCCESS
2f64b62a-7226-409b-91d2-c1eecc948c30,2026-07-27T15:03:38.361416+00:00,IPFS,ipfs,ipfs_cat_json,1.050957987899892,SUCCESS
2f64b62a-7226-409b-91d2-c1eecc948c30,2026-07-27T15:03:38.362474+00:00,IPFS,discovery,broker_discovery,31.45337499154266,SUCCESS
2f64b62a-7226-409b-91d2-c1eecc948c30,2026-07-27T15:03:38.363314+00:00,IPFS,dap,dap_create_capability,0.7381670002359897,SUCCESS
2f64b62a-7226-409b-91d2-c1eecc948c30,2026-07-27T15:03:38.379306+00:00,IPFS,dap,dap_encrypt_enc_cap,15.626249994966201,SUCCESS
2f64b62a-7226-409b-91d2-c1eecc948c30,2026-07-27T15:03:38.379697+00:00,IPFS,idap,client_session_init,0.18554199778009206,SUCCESS
2f64b62a-7226-409b-91d2-c1eecc948c30,2026-07-27T15:03:38.379815+00:00,IPFS,idap,client_ephemeral_public_key,0.0212500017369166,SUCCESS
2f64b62a-7226-409b-91d2-c1eecc948c30,2026-07-27T15:03:38.380323+00:00,IPFS,idap,client_request_sign,0.27954200049862266,SUCCESS
2f64b62a-7226-409b-91d2-c1eecc948c30,2026-07-27T15:03:38.380397+00:00,IPFS,idap,canonical_request_payload,0.013875003787688911,SUCCESS
2f64b62a-7226-409b-91d2-c1eecc948c30,2026-07-27T15:03:38.382210+00:00,IPFS,ipfs,ipns_resolve,1.3419589959084988,SUCCESS
2f64b62a-7226-409b-91d2-c1eecc948c30,2026-07-27T15:03:38.383345+00:00,IPFS,ipfs,ipfs_cat_json,0.9881659934762865,SUCCESS
2f64b62a-7226-409b-91d2-c1eecc948c30,2026-07-27T15:03:38.384513+00:00,IPFS,ipfs,ipns_resolve,0.7716670079389587,SUCCESS
2f64b62a-7226-409b-91d2-c1eecc948c30,2026-07-27T15:03:38.385563+00:00,IPFS,ipfs,ipfs_cat_json,0.9680840012151748,SUCCESS
2f64b62a-7226-409b-91d2-c1eecc948c30,2026-07-27T15:03:38.386700+00:00,IPFS,ipfs,ipns_resolve,0.7223749998956919,SUCCESS
2f64b62a-7226-409b-91d2-c1eecc948c30,2026-07-27T15:03:38.387564+00:00,IPFS,ipfs,ipfs_cat_json,0.770041995565407,SUCCESS
2f64b62a-7226-409b-91d2-c1eecc948c30,2026-07-27T15:03:38.388634+00:00,IPFS,ipfs,ipns_resolve,0.7057080074446276,SUCCESS
2f64b62a-7226-409b-91d2-c1eecc948c30,2026-07-27T15:03:38.389425+00:00,IPFS,ipfs,ipfs_cat_json,0.6980830075917765,SUCCESS
2f64b62a-7226-409b-91d2-c1eecc948c30,2026-07-27T15:03:38.391043+00:00,IPFS,idap,idap_authorize,10.573749998002313,SUCCESS
2f64b62a-7226-409b-91d2-c1eecc948c30,2026-07-27T15:03:38.392209+00:00,IPFS,ipfs,ipns_resolve,0.7557500066468492,SUCCESS
2f64b62a-7226-409b-91d2-c1eecc948c30,2026-07-27T15:03:38.392744+00:00,IPFS,ipfs,ipfs_cat_json,0.4775409906869754,SUCCESS
2f64b62a-7226-409b-91d2-c1eecc948c30,2026-07-27T15:03:38.393793+00:00,IPFS,ipfs,ipns_resolve,0.7362909964285791,SUCCESS
2f64b62a-7226-409b-91d2-c1eecc948c30,2026-07-27T15:03:38.394242+00:00,IPFS,ipfs,ipfs_cat_json,0.398666990804486,SUCCESS
2f64b62a-7226-409b-91d2-c1eecc948c30,2026-07-27T15:03:38.395145+00:00,IPFS,ipfs,ipns_resolve,0.6021669978508726,SUCCESS
2f64b62a-7226-409b-91d2-c1eecc948c30,2026-07-27T15:03:38.395643+00:00,IPFS,ipfs,ipfs_cat_json,0.4425410006660968,SUCCESS
2f64b62a-7226-409b-91d2-c1eecc948c30,2026-07-27T15:03:38.396673+00:00,IPFS,ipfs,ipns_resolve,0.7272500079125166,SUCCESS
2f64b62a-7226-409b-91d2-c1eecc948c30,2026-07-27T15:03:38.397160+00:00,IPFS,ipfs,ipfs_cat_json,0.437082999269478,SUCCESS
2f64b62a-7226-409b-91d2-c1eecc948c30,2026-07-27T15:03:38.398145+00:00,IPFS,idap,idap_replay_check,7.001332996878773,SUCCESS
2f64b62a-7226-409b-91d2-c1eecc948c30,2026-07-27T15:03:38.398945+00:00,IPFS,ipfs,ipns_resolve,0.7438749889843166,SUCCESS
2f64b62a-7226-409b-91d2-c1eecc948c30,2026-07-27T15:03:38.399393+00:00,IPFS,ipfs,ipfs_cat_json,0.39887499588076025,SUCCESS
2f64b62a-7226-409b-91d2-c1eecc948c30,2026-07-27T15:03:38.399678+00:00,IPFS,idap,resolve_service_public_key,1.4838339993730187,SUCCESS
2f64b62a-7226-409b-91d2-c1eecc948c30,2026-07-27T15:03:38.399737+00:00,IPFS,idap,compute_transcript,0.012916003470309079,SUCCESS
2f64b62a-7226-409b-91d2-c1eecc948c30,2026-07-27T15:03:38.399991+00:00,IPFS,idap,transcript_verify,0.21504200412891805,SUCCESS
2f64b62a-7226-409b-91d2-c1eecc948c30,2026-07-27T15:03:38.400199+00:00,IPFS,idap,client_shared_secret_derivation,0.1687079929979518,SUCCESS
2f64b62a-7226-409b-91d2-c1eecc948c30,2026-07-27T15:03:38.400259+00:00,IPFS,idap,client_session_key_derivation,0.02400000812485814,SUCCESS
2f64b62a-7226-409b-91d2-c1eecc948c30,2026-07-27T15:03:38.400334+00:00,IPFS,crypto,encrypt_message,0.02445800055284053,SUCCESS
2f64b62a-7226-409b-91d2-c1eecc948c30,2026-07-27T15:03:38.400376+00:00,IPFS,crypto,decrypt_message,0.0057910074247047305,SUCCESS
2f64b62a-7226-409b-91d2-c1eecc948c30,2026-07-27T15:03:38.400637+00:00,IPFS,tampering,tampered_request_sign,0.20179100101813674,SUCCESS
2f64b62a-7226-409b-91d2-c1eecc948c30,2026-07-27T15:03:38.401787+00:00,IPFS,ipfs,ipns_resolve,0.824916991405189,SUCCESS
2f64b62a-7226-409b-91d2-c1eecc948c30,2026-07-27T15:03:38.402302+00:00,IPFS,ipfs,ipfs_cat_json,0.4632089985534549,SUCCESS
2f64b62a-7226-409b-91d2-c1eecc948c30,2026-07-27T15:03:38.403340+00:00,IPFS,ipfs,ipns_resolve,0.7514579920098186,SUCCESS
2f64b62a-7226-409b-91d2-c1eecc948c30,2026-07-27T15:03:38.403842+00:00,IPFS,ipfs,ipfs_cat_json,0.456958994618617,SUCCESS
2f64b62a-7226-409b-91d2-c1eecc948c30,2026-07-27T15:03:38.404841+00:00,IPFS,ipfs,ipns_resolve,0.7197080121841282,SUCCESS
2f64b62a-7226-409b-91d2-c1eecc948c30,2026-07-27T15:03:38.405320+00:00,IPFS,ipfs,ipfs_cat_json,0.4345420020399615,SUCCESS
2f64b62a-7226-409b-91d2-c1eecc948c30,2026-07-27T15:03:38.406322+00:00,IPFS,ipfs,ipns_resolve,0.7186250004451722,SUCCESS
2f64b62a-7226-409b-91d2-c1eecc948c30,2026-07-27T15:03:38.406798+00:00,IPFS,ipfs,ipfs_cat_json,0.41941599920392036,SUCCESS
2f64b62a-7226-409b-91d2-c1eecc948c30,2026-07-27T15:03:38.407726+00:00,IPFS,tampering,tampering_check,7.042625002213754,SUCCESS
2f64b62a-7226-409b-91d2-c1eecc948c30,2026-07-27T15:03:38.407775+00:00,IPFS,summary,total_flow,177518.34291699925,SUCCESS
92752e07-d675-413b-aa74-e88dbd5346e6,2026-07-27T15:03:38.662239+00:00,IPFS,startup,initialize_store,0.10095899051520973,SUCCESS
92752e07-d675-413b-aa74-e88dbd5346e6,2026-07-27T15:03:38.668403+00:00,IPFS,startup,generate_identity_cp,5.799083999590948,SUCCESS
92752e07-d675-413b-aa74-e88dbd5346e6,2026-07-27T15:03:38.668652+00:00,IPFS,startup,generate_identity_sp,0.19249999604653567,SUCCESS
92752e07-d675-413b-aa74-e88dbd5346e6,2026-07-27T15:03:38.668876+00:00,IPFS,startup,generate_identity_c1,0.18224999075755477,SUCCESS
92752e07-d675-413b-aa74-e88dbd5346e6,2026-07-27T15:03:38.669118+00:00,IPFS,startup,generate_identity_s1,0.17683400074020028,SUCCESS
92752e07-d675-413b-aa74-e88dbd5346e6,2026-07-27T15:03:38.708929+00:00,IPFS,ipfs,ipfs_key_gen,0.9116250002989545,SUCCESS
92752e07-d675-413b-aa74-e88dbd5346e6,2026-07-27T15:03:38.734151+00:00,IPFS,ipfs,ipfs_add_json,24.363750009797513,SUCCESS
92752e07-d675-413b-aa74-e88dbd5346e6,2026-07-27T15:03:45.114063+00:00,IPFS,ipfs,ipns_publish,6377.644375010277,SUCCESS
92752e07-d675-413b-aa74-e88dbd5346e6,2026-07-27T15:03:45.118256+00:00,IPFS,publish,publish_identity_cp,6448.8270840083715,SUCCESS
92752e07-d675-413b-aa74-e88dbd5346e6,2026-07-27T15:03:45.171583+00:00,IPFS,ipfs,ipfs_key_gen,1.3832499971613288,SUCCESS
92752e07-d675-413b-aa74-e88dbd5346e6,2026-07-27T15:03:45.198645+00:00,IPFS,ipfs,ipfs_add_json,25.662874992121942,SUCCESS
92752e07-d675-413b-aa74-e88dbd5346e6,2026-07-27T15:04:47.899603+00:00,IPFS,ipfs,ipns_publish,62698.177750004106,SUCCESS
92752e07-d675-413b-aa74-e88dbd5346e6,2026-07-27T15:04:47.903413+00:00,IPFS,publish,publish_identity_sp,62784.18779099593,SUCCESS
92752e07-d675-413b-aa74-e88dbd5346e6,2026-07-27T15:04:47.960343+00:00,IPFS,ipfs,ipfs_key_gen,2.080333011690527,SUCCESS
92752e07-d675-413b-aa74-e88dbd5346e6,2026-07-27T15:04:48.002708+00:00,IPFS,ipfs,ipfs_add_json,32.1170829993207,SUCCESS
92752e07-d675-413b-aa74-e88dbd5346e6,2026-07-27T15:05:14.533169+00:00,IPFS,ipfs,ipns_publish,26529.12983299757,SUCCESS
92752e07-d675-413b-aa74-e88dbd5346e6,2026-07-27T15:05:14.535723+00:00,IPFS,publish,publish_identity_c1,26631.945833010832,SUCCESS
92752e07-d675-413b-aa74-e88dbd5346e6,2026-07-27T15:05:14.595300+00:00,IPFS,ipfs,ipfs_key_gen,2.34695800463669,SUCCESS
92752e07-d675-413b-aa74-e88dbd5346e6,2026-07-27T15:05:14.642768+00:00,IPFS,ipfs,ipfs_add_json,37.71108400542289,SUCCESS
92752e07-d675-413b-aa74-e88dbd5346e6,2026-07-27T15:05:21.265876+00:00,IPFS,ipfs,ipns_publish,6622.363500006031,SUCCESS
92752e07-d675-413b-aa74-e88dbd5346e6,2026-07-27T15:05:21.267074+00:00,IPFS,publish,publish_identity_s1,6731.064082996454,SUCCESS
92752e07-d675-413b-aa74-e88dbd5346e6,2026-07-27T15:05:21.306676+00:00,IPFS,ipfs,ipfs_key_gen,1.2553330016089603,SUCCESS
92752e07-d675-413b-aa74-e88dbd5346e6,2026-07-27T15:05:21.334520+00:00,IPFS,ipfs,ipfs_add_json,25.83516600134317,SUCCESS
92752e07-d675-413b-aa74-e88dbd5346e6,2026-07-27T15:06:06.318812+00:00,IPFS,ipfs,ipns_publish,44980.630124991876,SUCCESS
92752e07-d675-413b-aa74-e88dbd5346e6,2026-07-27T15:06:06.323142+00:00,IPFS,publish,publish_service_metadata,45055.73533300776,SUCCESS
92752e07-d675-413b-aa74-e88dbd5346e6,2026-07-27T15:06:06.379596+00:00,IPFS,ipfs,ipfs_key_gen,1.2305419950280339,SUCCESS
92752e07-d675-413b-aa74-e88dbd5346e6,2026-07-27T15:06:06.424401+00:00,IPFS,ipfs,ipfs_add_json,35.14912498940248,SUCCESS
92752e07-d675-413b-aa74-e88dbd5346e6,2026-07-27T15:06:29.151446+00:00,IPFS,ipfs,ipns_publish,22725.84683400055,SUCCESS
92752e07-d675-413b-aa74-e88dbd5346e6,2026-07-27T15:06:29.155271+00:00,IPFS,publish,publish_provider_registry,22831.6945409897,SUCCESS
92752e07-d675-413b-aa74-e88dbd5346e6,2026-07-27T15:06:29.161101+00:00,IPFS,ipfs,ipns_resolve,5.204625005717389,SUCCESS
92752e07-d675-413b-aa74-e88dbd5346e6,2026-07-27T15:06:29.164520+00:00,IPFS,ipfs,ipfs_cat_json,2.913042000727728,SUCCESS
92752e07-d675-413b-aa74-e88dbd5346e6,2026-07-27T15:06:29.174370+00:00,IPFS,ipfs,ipns_resolve,2.882000000681728,SUCCESS
92752e07-d675-413b-aa74-e88dbd5346e6,2026-07-27T15:06:29.176370+00:00,IPFS,ipfs,ipfs_cat_json,1.716375001706183,SUCCESS
92752e07-d675-413b-aa74-e88dbd5346e6,2026-07-27T15:06:29.179493+00:00,IPFS,ipfs,ipns_resolve,1.983541005756706,SUCCESS
92752e07-d675-413b-aa74-e88dbd5346e6,2026-07-27T15:06:29.180981+00:00,IPFS,ipfs,ipfs_cat_json,1.2343340058578178,SUCCESS
92752e07-d675-413b-aa74-e88dbd5346e6,2026-07-27T15:06:29.182393+00:00,IPFS,discovery,broker_discovery,26.772540993988514,SUCCESS
92752e07-d675-413b-aa74-e88dbd5346e6,2026-07-27T15:06:29.183634+00:00,IPFS,dap,dap_create_capability,1.0875840089283884,SUCCESS
92752e07-d675-413b-aa74-e88dbd5346e6,2026-07-27T15:06:29.196499+00:00,IPFS,dap,dap_encrypt_enc_cap,12.555040986626409,SUCCESS
92752e07-d675-413b-aa74-e88dbd5346e6,2026-07-27T15:06:29.197046+00:00,IPFS,idap,client_session_init,0.2537499967729673,SUCCESS
92752e07-d675-413b-aa74-e88dbd5346e6,2026-07-27T15:06:29.197170+00:00,IPFS,idap,client_ephemeral_public_key,0.007875001756474376,SUCCESS
92752e07-d675-413b-aa74-e88dbd5346e6,2026-07-27T15:06:29.197654+00:00,IPFS,idap,client_request_sign,0.39366701093968004,SUCCESS
92752e07-d675-413b-aa74-e88dbd5346e6,2026-07-27T15:06:29.197753+00:00,IPFS,idap,canonical_request_payload,0.020208011846989393,SUCCESS
92752e07-d675-413b-aa74-e88dbd5346e6,2026-07-27T15:06:29.200240+00:00,IPFS,ipfs,ipns_resolve,1.776916004018858,SUCCESS
92752e07-d675-413b-aa74-e88dbd5346e6,2026-07-27T15:06:29.201396+00:00,IPFS,ipfs,ipfs_cat_json,1.0433330025989562,SUCCESS
92752e07-d675-413b-aa74-e88dbd5346e6,2026-07-27T15:06:29.203350+00:00,IPFS,ipfs,ipns_resolve,1.346125005511567,SUCCESS
92752e07-d675-413b-aa74-e88dbd5346e6,2026-07-27T15:06:29.204223+00:00,IPFS,ipfs,ipfs_cat_json,0.7622910052305087,SUCCESS
92752e07-d675-413b-aa74-e88dbd5346e6,2026-07-27T15:06:29.205914+00:00,IPFS,ipfs,ipns_resolve,1.1864999978570268,SUCCESS
92752e07-d675-413b-aa74-e88dbd5346e6,2026-07-27T15:06:29.207045+00:00,IPFS,ipfs,ipfs_cat_json,0.9996669978136197,SUCCESS
92752e07-d675-413b-aa74-e88dbd5346e6,2026-07-27T15:06:29.209484+00:00,IPFS,ipfs,ipns_resolve,1.668750002863817,SUCCESS
92752e07-d675-413b-aa74-e88dbd5346e6,2026-07-27T15:06:29.211495+00:00,IPFS,ipfs,ipfs_cat_json,1.7204580071847886,SUCCESS
92752e07-d675-413b-aa74-e88dbd5346e6,2026-07-27T15:06:29.214139+00:00,IPFS,idap,idap_authorize,16.257499999483116,SUCCESS
92752e07-d675-413b-aa74-e88dbd5346e6,2026-07-27T15:06:29.216330+00:00,IPFS,ipfs,ipns_resolve,1.5772499900776893,SUCCESS
92752e07-d675-413b-aa74-e88dbd5346e6,2026-07-27T15:06:29.217509+00:00,IPFS,ipfs,ipfs_cat_json,1.0289999918313697,SUCCESS
92752e07-d675-413b-aa74-e88dbd5346e6,2026-07-27T15:06:29.221097+00:00,IPFS,ipfs,ipns_resolve,2.1020419953856617,SUCCESS
92752e07-d675-413b-aa74-e88dbd5346e6,2026-07-27T15:06:29.222395+00:00,IPFS,ipfs,ipfs_cat_json,1.1512910132296383,SUCCESS
92752e07-d675-413b-aa74-e88dbd5346e6,2026-07-27T15:06:29.224162+00:00,IPFS,ipfs,ipns_resolve,1.1659589945338666,SUCCESS
92752e07-d675-413b-aa74-e88dbd5346e6,2026-07-27T15:06:29.225040+00:00,IPFS,ipfs,ipfs_cat_json,0.7769170042593032,SUCCESS
92752e07-d675-413b-aa74-e88dbd5346e6,2026-07-27T15:06:29.226577+00:00,IPFS,ipfs,ipns_resolve,1.0723750019678846,SUCCESS
92752e07-d675-413b-aa74-e88dbd5346e6,2026-07-27T15:06:29.227209+00:00,IPFS,ipfs,ipfs_cat_json,0.52375000086613,SUCCESS
92752e07-d675-413b-aa74-e88dbd5346e6,2026-07-27T15:06:29.228380+00:00,IPFS,idap,idap_replay_check,14.098334009759128,SUCCESS
92752e07-d675-413b-aa74-e88dbd5346e6,2026-07-27T15:06:29.229239+00:00,IPFS,ipfs,ipns_resolve,0.7934579916764051,SUCCESS
92752e07-d675-413b-aa74-e88dbd5346e6,2026-07-27T15:06:29.229752+00:00,IPFS,ipfs,ipfs_cat_json,0.4588750016409904,SUCCESS
92752e07-d675-413b-aa74-e88dbd5346e6,2026-07-27T15:06:29.230088+00:00,IPFS,idap,resolve_service_public_key,1.6473750001750886,SUCCESS
92752e07-d675-413b-aa74-e88dbd5346e6,2026-07-27T15:06:29.230151+00:00,IPFS,idap,compute_transcript,0.013084005331620574,SUCCESS
92752e07-d675-413b-aa74-e88dbd5346e6,2026-07-27T15:06:29.230454+00:00,IPFS,idap,transcript_verify,0.2562500012572855,SUCCESS
92752e07-d675-413b-aa74-e88dbd5346e6,2026-07-27T15:06:29.230709+00:00,IPFS,idap,client_shared_secret_derivation,0.20562499412335455,SUCCESS
92752e07-d675-413b-aa74-e88dbd5346e6,2026-07-27T15:06:29.230779+00:00,IPFS,idap,client_session_key_derivation,0.025667002773843706,SUCCESS
92752e07-d675-413b-aa74-e88dbd5346e6,2026-07-27T15:06:29.230868+00:00,IPFS,crypto,encrypt_message,0.02937500539701432,SUCCESS
92752e07-d675-413b-aa74-e88dbd5346e6,2026-07-27T15:06:29.230920+00:00,IPFS,crypto,decrypt_message,0.006833986844867468,SUCCESS
92752e07-d675-413b-aa74-e88dbd5346e6,2026-07-27T15:06:29.231227+00:00,IPFS,tampering,tampered_request_sign,0.24183301138691604,SUCCESS
92752e07-d675-413b-aa74-e88dbd5346e6,2026-07-27T15:06:29.232421+00:00,IPFS,ipfs,ipns_resolve,0.757791000069119,SUCCESS
92752e07-d675-413b-aa74-e88dbd5346e6,2026-07-27T15:06:29.232904+00:00,IPFS,ipfs,ipfs_cat_json,0.41620898991823196,SUCCESS
92752e07-d675-413b-aa74-e88dbd5346e6,2026-07-27T15:06:29.234137+00:00,IPFS,ipfs,ipns_resolve,0.8898750093067065,SUCCESS
92752e07-d675-413b-aa74-e88dbd5346e6,2026-07-27T15:06:29.234708+00:00,IPFS,ipfs,ipfs_cat_json,0.49987500824499875,SUCCESS
92752e07-d675-413b-aa74-e88dbd5346e6,2026-07-27T15:06:29.235845+00:00,IPFS,ipfs,ipns_resolve,0.7645000005140901,SUCCESS
92752e07-d675-413b-aa74-e88dbd5346e6,2026-07-27T15:06:29.236405+00:00,IPFS,ipfs,ipfs_cat_json,0.4732079978566617,SUCCESS
92752e07-d675-413b-aa74-e88dbd5346e6,2026-07-27T15:06:29.237543+00:00,IPFS,ipfs,ipns_resolve,0.7844579959055409,SUCCESS
92752e07-d675-413b-aa74-e88dbd5346e6,2026-07-27T15:06:29.238132+00:00,IPFS,ipfs,ipfs_cat_json,0.5234159907558933,SUCCESS
92752e07-d675-413b-aa74-e88dbd5346e6,2026-07-27T15:06:29.239165+00:00,IPFS,tampering,tampering_check,7.831791997887194,SUCCESS
92752e07-d675-413b-aa74-e88dbd5346e6,2026-07-27T15:06:29.239216+00:00,IPFS,summary,total_flow,170576.65849999466,SUCCESS
f2de19f9-44b3-44cd-af27-587b94bb2fe8,2026-07-27T15:06:29.462029+00:00,IPFS,startup,initialize_store,0.10379200102761388,SUCCESS
f2de19f9-44b3-44cd-af27-587b94bb2fe8,2026-07-27T15:06:29.467673+00:00,IPFS,startup,generate_identity_cp,5.282958009047434,SUCCESS
f2de19f9-44b3-44cd-af27-587b94bb2fe8,2026-07-27T15:06:29.467912+00:00,IPFS,startup,generate_identity_sp,0.18195899610873312,SUCCESS
f2de19f9-44b3-44cd-af27-587b94bb2fe8,2026-07-27T15:06:29.468125+00:00,IPFS,startup,generate_identity_c1,0.17212500097230077,SUCCESS
f2de19f9-44b3-44cd-af27-587b94bb2fe8,2026-07-27T15:06:29.468331+00:00,IPFS,startup,generate_identity_s1,0.16958400374278426,SUCCESS
f2de19f9-44b3-44cd-af27-587b94bb2fe8,2026-07-27T15:06:29.504376+00:00,IPFS,ipfs,ipfs_key_gen,0.7164589915191755,SUCCESS
f2de19f9-44b3-44cd-af27-587b94bb2fe8,2026-07-27T15:06:29.525447+00:00,IPFS,ipfs,ipfs_add_json,20.302249991800636,SUCCESS
f2de19f9-44b3-44cd-af27-587b94bb2fe8,2026-07-27T15:06:53.399867+00:00,IPFS,ipfs,ipns_publish,23872.933916994953,SUCCESS
f2de19f9-44b3-44cd-af27-587b94bb2fe8,2026-07-27T15:06:53.403621+00:00,IPFS,publish,publish_identity_cp,23935.112374994787,SUCCESS
f2de19f9-44b3-44cd-af27-587b94bb2fe8,2026-07-27T15:06:53.444730+00:00,IPFS,ipfs,ipfs_key_gen,1.174584002001211,SUCCESS
f2de19f9-44b3-44cd-af27-587b94bb2fe8,2026-07-27T15:06:53.469351+00:00,IPFS,ipfs,ipfs_add_json,21.359417005442083,SUCCESS
f2de19f9-44b3-44cd-af27-587b94bb2fe8,2026-07-27T15:07:50.582494+00:00,IPFS,ipfs,ipns_publish,57110.282209003344,SUCCESS
f2de19f9-44b3-44cd-af27-587b94bb2fe8,2026-07-27T15:07:50.586064+00:00,IPFS,publish,publish_identity_sp,57182.06150000333,SUCCESS
f2de19f9-44b3-44cd-af27-587b94bb2fe8,2026-07-27T15:07:50.641612+00:00,IPFS,ipfs,ipfs_key_gen,1.7335840093437582,SUCCESS
f2de19f9-44b3-44cd-af27-587b94bb2fe8,2026-07-27T15:07:50.691089+00:00,IPFS,ipfs,ipfs_add_json,39.464582994696684,SUCCESS
f2de19f9-44b3-44cd-af27-587b94bb2fe8,2026-07-27T15:08:04.373012+00:00,IPFS,ipfs,ipns_publish,13679.701125001884,SUCCESS
f2de19f9-44b3-44cd-af27-587b94bb2fe8,2026-07-27T15:08:04.377255+00:00,IPFS,publish,publish_identity_c1,13790.548000004492,SUCCESS
f2de19f9-44b3-44cd-af27-587b94bb2fe8,2026-07-27T15:08:04.421590+00:00,IPFS,ipfs,ipfs_key_gen,1.0098750062752515,SUCCESS
f2de19f9-44b3-44cd-af27-587b94bb2fe8,2026-07-27T15:08:04.446445+00:00,IPFS,ipfs,ipfs_add_json,23.284334005438723,SUCCESS
f2de19f9-44b3-44cd-af27-587b94bb2fe8,2026-07-27T15:08:08.667105+00:00,IPFS,ipfs,ipns_publish,4219.852167007048,SUCCESS
f2de19f9-44b3-44cd-af27-587b94bb2fe8,2026-07-27T15:08:08.671057+00:00,IPFS,publish,publish_identity_s1,4293.292582995491,SUCCESS
f2de19f9-44b3-44cd-af27-587b94bb2fe8,2026-07-27T15:08:08.689919+00:00,IPFS,ipfs,ipfs_key_gen,1.658791006775573,SUCCESS
f2de19f9-44b3-44cd-af27-587b94bb2fe8,2026-07-27T15:08:08.714103+00:00,IPFS,ipfs,ipfs_add_json,21.832708996953443,SUCCESS
f2de19f9-44b3-44cd-af27-587b94bb2fe8,2026-07-27T15:08:58.301575+00:00,IPFS,ipfs,ipns_publish,49586.1078750022,SUCCESS
f2de19f9-44b3-44cd-af27-587b94bb2fe8,2026-07-27T15:08:58.304744+00:00,IPFS,publish,publish_service_metadata,49633.16712499363,SUCCESS
f2de19f9-44b3-44cd-af27-587b94bb2fe8,2026-07-27T15:08:58.353402+00:00,IPFS,ipfs,ipfs_key_gen,1.1147909972351044,SUCCESS
f2de19f9-44b3-44cd-af27-587b94bb2fe8,2026-07-27T15:08:58.378916+00:00,IPFS,ipfs,ipfs_add_json,23.919667000882328,SUCCESS
f2de19f9-44b3-44cd-af27-587b94bb2fe8,2026-07-27T15:09:47.497893+00:00,IPFS,ipfs,ipns_publish,49117.54500000097,SUCCESS
f2de19f9-44b3-44cd-af27-587b94bb2fe8,2026-07-27T15:09:47.503323+00:00,IPFS,publish,publish_provider_registry,49198.00533399393,SUCCESS
f2de19f9-44b3-44cd-af27-587b94bb2fe8,2026-07-27T15:09:47.512963+00:00,IPFS,ipfs,ipns_resolve,8.68333299877122,SUCCESS
f2de19f9-44b3-44cd-af27-587b94bb2fe8,2026-07-27T15:09:47.518229+00:00,IPFS,ipfs,ipfs_cat_json,4.522749994066544,SUCCESS
f2de19f9-44b3-44cd-af27-587b94bb2fe8,2026-07-27T15:09:47.529098+00:00,IPFS,ipfs,ipns_resolve,2.368125002249144,SUCCESS
f2de19f9-44b3-44cd-af27-587b94bb2fe8,2026-07-27T15:09:47.531291+00:00,IPFS,ipfs,ipfs_cat_json,1.9474579894449562,SUCCESS
f2de19f9-44b3-44cd-af27-587b94bb2fe8,2026-07-27T15:09:47.534323+00:00,IPFS,ipfs,ipns_resolve,2.2503749933093786,SUCCESS
f2de19f9-44b3-44cd-af27-587b94bb2fe8,2026-07-27T15:09:47.535903+00:00,IPFS,ipfs,ipfs_cat_json,1.4340000052470714,SUCCESS
f2de19f9-44b3-44cd-af27-587b94bb2fe8,2026-07-27T15:09:47.537062+00:00,IPFS,discovery,broker_discovery,33.29624999605585,SUCCESS
f2de19f9-44b3-44cd-af27-587b94bb2fe8,2026-07-27T15:09:47.538469+00:00,IPFS,dap,dap_create_capability,0.9569579997332767,SUCCESS
f2de19f9-44b3-44cd-af27-587b94bb2fe8,2026-07-27T15:09:47.547809+00:00,IPFS,dap,dap_encrypt_enc_cap,9.173417012789287,SUCCESS
f2de19f9-44b3-44cd-af27-587b94bb2fe8,2026-07-27T15:09:47.549557+00:00,IPFS,idap,client_session_init,0.1888330007204786,SUCCESS
f2de19f9-44b3-44cd-af27-587b94bb2fe8,2026-07-27T15:09:47.549640+00:00,IPFS,idap,client_ephemeral_public_key,0.010666000889614224,SUCCESS
f2de19f9-44b3-44cd-af27-587b94bb2fe8,2026-07-27T15:09:47.550082+00:00,IPFS,idap,client_request_sign,0.3623749944381416,SUCCESS
f2de19f9-44b3-44cd-af27-587b94bb2fe8,2026-07-27T15:09:47.550173+00:00,IPFS,idap,canonical_request_payload,0.01695798709988594,SUCCESS
f2de19f9-44b3-44cd-af27-587b94bb2fe8,2026-07-27T15:09:47.553010+00:00,IPFS,ipfs,ipns_resolve,2.191749998019077,SUCCESS
f2de19f9-44b3-44cd-af27-587b94bb2fe8,2026-07-27T15:09:47.554452+00:00,IPFS,ipfs,ipfs_cat_json,1.2761249963659793,SUCCESS
f2de19f9-44b3-44cd-af27-587b94bb2fe8,2026-07-27T15:09:47.556303+00:00,IPFS,ipfs,ipns_resolve,1.2425840104697272,SUCCESS
f2de19f9-44b3-44cd-af27-587b94bb2fe8,2026-07-27T15:09:47.557098+00:00,IPFS,ipfs,ipfs_cat_json,0.7017500029178336,SUCCESS
f2de19f9-44b3-44cd-af27-587b94bb2fe8,2026-07-27T15:09:47.558915+00:00,IPFS,ipfs,ipns_resolve,1.26599999202881,SUCCESS
f2de19f9-44b3-44cd-af27-587b94bb2fe8,2026-07-27T15:09:47.560180+00:00,IPFS,ipfs,ipfs_cat_json,1.1230000091018155,SUCCESS
f2de19f9-44b3-44cd-af27-587b94bb2fe8,2026-07-27T15:09:47.562095+00:00,IPFS,ipfs,ipns_resolve,1.3806659990223125,SUCCESS
f2de19f9-44b3-44cd-af27-587b94bb2fe8,2026-07-27T15:09:47.563455+00:00,IPFS,ipfs,ipfs_cat_json,1.2526249920483679,SUCCESS
f2de19f9-44b3-44cd-af27-587b94bb2fe8,2026-07-27T15:09:47.566212+00:00,IPFS,idap,idap_authorize,15.953709007590078,SUCCESS
f2de19f9-44b3-44cd-af27-587b94bb2fe8,2026-07-27T15:09:47.568271+00:00,IPFS,ipfs,ipns_resolve,1.443874993128702,SUCCESS
f2de19f9-44b3-44cd-af27-587b94bb2fe8,2026-07-27T15:09:47.569302+00:00,IPFS,ipfs,ipfs_cat_json,0.9330840111942962,SUCCESS
f2de19f9-44b3-44cd-af27-587b94bb2fe8,2026-07-27T15:09:47.571400+00:00,IPFS,ipfs,ipns_resolve,1.5588339883834124,SUCCESS
f2de19f9-44b3-44cd-af27-587b94bb2fe8,2026-07-27T15:09:47.572356+00:00,IPFS,ipfs,ipfs_cat_json,0.8633749966975302,SUCCESS
f2de19f9-44b3-44cd-af27-587b94bb2fe8,2026-07-27T15:09:47.574021+00:00,IPFS,ipfs,ipns_resolve,1.145000001997687,SUCCESS
f2de19f9-44b3-44cd-af27-587b94bb2fe8,2026-07-27T15:09:47.575038+00:00,IPFS,ipfs,ipfs_cat_json,0.84804100333713,SUCCESS
f2de19f9-44b3-44cd-af27-587b94bb2fe8,2026-07-27T15:09:47.576681+00:00,IPFS,ipfs,ipns_resolve,1.1159999994561076,SUCCESS
f2de19f9-44b3-44cd-af27-587b94bb2fe8,2026-07-27T15:09:47.577583+00:00,IPFS,ipfs,ipfs_cat_json,0.8102089923340827,SUCCESS
f2de19f9-44b3-44cd-af27-587b94bb2fe8,2026-07-27T15:09:47.579293+00:00,IPFS,idap,idap_replay_check,12.979624996660277,SUCCESS
f2de19f9-44b3-44cd-af27-587b94bb2fe8,2026-07-27T15:09:47.580730+00:00,IPFS,ipfs,ipns_resolve,1.3400829921010882,SUCCESS
f2de19f9-44b3-44cd-af27-587b94bb2fe8,2026-07-27T15:09:47.581406+00:00,IPFS,ipfs,ipfs_cat_json,0.5908750026719645,SUCCESS
f2de19f9-44b3-44cd-af27-587b94bb2fe8,2026-07-27T15:09:47.581847+00:00,IPFS,idap,resolve_service_public_key,2.4754589976510033,SUCCESS
f2de19f9-44b3-44cd-af27-587b94bb2fe8,2026-07-27T15:09:47.581932+00:00,IPFS,idap,compute_transcript,0.018749997252598405,SUCCESS
f2de19f9-44b3-44cd-af27-587b94bb2fe8,2026-07-27T15:09:47.582332+00:00,IPFS,idap,transcript_verify,0.33916700340341777,SUCCESS
f2de19f9-44b3-44cd-af27-587b94bb2fe8,2026-07-27T15:09:47.582669+00:00,IPFS,idap,client_shared_secret_derivation,0.2639169979374856,SUCCESS
f2de19f9-44b3-44cd-af27-587b94bb2fe8,2026-07-27T15:09:47.582785+00:00,IPFS,idap,client_session_key_derivation,0.051291994168423116,SUCCESS
f2de19f9-44b3-44cd-af27-587b94bb2fe8,2026-07-27T15:09:47.582921+00:00,IPFS,crypto,encrypt_message,0.06004200258757919,SUCCESS
f2de19f9-44b3-44cd-af27-587b94bb2fe8,2026-07-27T15:09:47.582998+00:00,IPFS,crypto,decrypt_message,0.009291994501836598,SUCCESS
f2de19f9-44b3-44cd-af27-587b94bb2fe8,2026-07-27T15:09:47.583417+00:00,IPFS,tampering,tampered_request_sign,0.330084003508091,SUCCESS
f2de19f9-44b3-44cd-af27-587b94bb2fe8,2026-07-27T15:09:47.585249+00:00,IPFS,ipfs,ipns_resolve,1.3250409974716604,SUCCESS
f2de19f9-44b3-44cd-af27-587b94bb2fe8,2026-07-27T15:09:47.586082+00:00,IPFS,ipfs,ipfs_cat_json,0.7392499974230304,SUCCESS
f2de19f9-44b3-44cd-af27-587b94bb2fe8,2026-07-27T15:09:47.589632+00:00,IPFS,ipfs,ipns_resolve,3.0437499954132363,SUCCESS
f2de19f9-44b3-44cd-af27-587b94bb2fe8,2026-07-27T15:09:47.593503+00:00,IPFS,ipfs,ipfs_cat_json,3.7676250067306682,SUCCESS
f2de19f9-44b3-44cd-af27-587b94bb2fe8,2026-07-27T15:09:47.599895+00:00,IPFS,ipfs,ipns_resolve,5.591207998804748,SUCCESS
f2de19f9-44b3-44cd-af27-587b94bb2fe8,2026-07-27T15:09:47.602115+00:00,IPFS,ipfs,ipfs_cat_json,2.099459001328796,SUCCESS
f2de19f9-44b3-44cd-af27-587b94bb2fe8,2026-07-27T15:09:47.604112+00:00,IPFS,ipfs,ipns_resolve,1.5159580070758238,SUCCESS
f2de19f9-44b3-44cd-af27-587b94bb2fe8,2026-07-27T15:09:47.605233+00:00,IPFS,ipfs,ipfs_cat_json,1.0368750081397593,SUCCESS
f2de19f9-44b3-44cd-af27-587b94bb2fe8,2026-07-27T15:09:47.606706+00:00,IPFS,tampering,tampering_check,23.219584007165395,SUCCESS
f2de19f9-44b3-44cd-af27-587b94bb2fe8,2026-07-27T15:09:47.606778+00:00,IPFS,summary,total_flow,198144.77091700246,SUCCESS
70937afa-26ae-47b6-8c7e-f12ff21c967e,2026-07-27T15:09:47.836512+00:00,IPFS,startup,initialize_store,0.09162499918602407,SUCCESS
70937afa-26ae-47b6-8c7e-f12ff21c967e,2026-07-27T15:09:47.841497+00:00,IPFS,startup,generate_identity_cp,4.662417006329633,SUCCESS
70937afa-26ae-47b6-8c7e-f12ff21c967e,2026-07-27T15:09:47.841734+00:00,IPFS,startup,generate_identity_sp,0.18495800031814724,SUCCESS
70937afa-26ae-47b6-8c7e-f12ff21c967e,2026-07-27T15:09:47.841948+00:00,IPFS,startup,generate_identity_c1,0.17658401338849217,SUCCESS
70937afa-26ae-47b6-8c7e-f12ff21c967e,2026-07-27T15:09:47.842151+00:00,IPFS,startup,generate_identity_s1,0.16924999363254756,SUCCESS
70937afa-26ae-47b6-8c7e-f12ff21c967e,2026-07-27T15:09:47.884928+00:00,IPFS,ipfs,ipfs_key_gen,1.0291250073350966,SUCCESS
70937afa-26ae-47b6-8c7e-f12ff21c967e,2026-07-27T15:09:47.908119+00:00,IPFS,ipfs,ipfs_add_json,22.376042004907504,SUCCESS
70937afa-26ae-47b6-8c7e-f12ff21c967e,2026-07-27T15:10:25.692332+00:00,IPFS,ipfs,ipns_publish,37782.72937500151,SUCCESS
70937afa-26ae-47b6-8c7e-f12ff21c967e,2026-07-27T15:10:25.696191+00:00,IPFS,publish,publish_identity_cp,37853.68000000017,SUCCESS
70937afa-26ae-47b6-8c7e-f12ff21c967e,2026-07-27T15:10:25.763479+00:00,IPFS,ipfs,ipfs_key_gen,3.2484999974258244,SUCCESS
70937afa-26ae-47b6-8c7e-f12ff21c967e,2026-07-27T15:10:25.789359+00:00,IPFS,ipfs,ipfs_add_json,24.259041994810104,SUCCESS
70937afa-26ae-47b6-8c7e-f12ff21c967e,2026-07-27T15:10:31.864992+00:00,IPFS,ipfs,ipns_publish,6074.966707994463,SUCCESS
70937afa-26ae-47b6-8c7e-f12ff21c967e,2026-07-27T15:10:31.869002+00:00,IPFS,publish,publish_identity_sp,6171.95950000314,SUCCESS
70937afa-26ae-47b6-8c7e-f12ff21c967e,2026-07-27T15:10:31.902781+00:00,IPFS,ipfs,ipfs_key_gen,2.283750000060536,SUCCESS
70937afa-26ae-47b6-8c7e-f12ff21c967e,2026-07-27T15:10:31.929503+00:00,IPFS,ipfs,ipfs_add_json,24.1295000014361,SUCCESS
70937afa-26ae-47b6-8c7e-f12ff21c967e,2026-07-27T15:11:03.458600+00:00,IPFS,ipfs,ipns_publish,31517.224583003554,SUCCESS
70937afa-26ae-47b6-8c7e-f12ff21c967e,2026-07-27T15:11:03.463866+00:00,IPFS,publish,publish_identity_c1,31593.97795899713,SUCCESS
70937afa-26ae-47b6-8c7e-f12ff21c967e,2026-07-27T15:11:03.532531+00:00,IPFS,ipfs,ipfs_key_gen,1.153375007561408,SUCCESS
70937afa-26ae-47b6-8c7e-f12ff21c967e,2026-07-27T15:11:03.559080+00:00,IPFS,ipfs,ipfs_add_json,23.237999994307756,SUCCESS
70937afa-26ae-47b6-8c7e-f12ff21c967e,2026-07-27T15:11:07.878920+00:00,IPFS,ipfs,ipns_publish,4318.1928749982035,SUCCESS
70937afa-26ae-47b6-8c7e-f12ff21c967e,2026-07-27T15:11:07.894643+00:00,IPFS,publish,publish_identity_s1,4428.21462500433,SUCCESS
70937afa-26ae-47b6-8c7e-f12ff21c967e,2026-07-27T15:11:07.923444+00:00,IPFS,ipfs,ipfs_key_gen,2.0212499948684126,SUCCESS
70937afa-26ae-47b6-8c7e-f12ff21c967e,2026-07-27T15:11:07.960838+00:00,IPFS,ipfs,ipfs_add_json,33.94475000095554,SUCCESS
70937afa-26ae-47b6-8c7e-f12ff21c967e,2026-07-27T15:11:26.824296+00:00,IPFS,ipfs,ipns_publish,18861.380957998335,SUCCESS
70937afa-26ae-47b6-8c7e-f12ff21c967e,2026-07-27T15:11:26.829183+00:00,IPFS,publish,publish_service_metadata,18933.63675000728,SUCCESS
70937afa-26ae-47b6-8c7e-f12ff21c967e,2026-07-27T15:11:26.900166+00:00,IPFS,ipfs,ipfs_key_gen,1.8107920041074976,SUCCESS
70937afa-26ae-47b6-8c7e-f12ff21c967e,2026-07-27T15:11:26.933330+00:00,IPFS,ipfs,ipfs_add_json,28.731166996294633,SUCCESS
70937afa-26ae-47b6-8c7e-f12ff21c967e,2026-07-27T15:12:08.623455+00:00,IPFS,ipfs,ipns_publish,41685.446957999375,SUCCESS
70937afa-26ae-47b6-8c7e-f12ff21c967e,2026-07-27T15:12:08.627517+00:00,IPFS,publish,publish_provider_registry,41797.70208300033,SUCCESS
70937afa-26ae-47b6-8c7e-f12ff21c967e,2026-07-27T15:12:08.641298+00:00,IPFS,ipfs,ipns_resolve,13.432584004476666,SUCCESS
70937afa-26ae-47b6-8c7e-f12ff21c967e,2026-07-27T15:12:08.648499+00:00,IPFS,ipfs,ipfs_cat_json,7.022208999842405,SUCCESS
70937afa-26ae-47b6-8c7e-f12ff21c967e,2026-07-27T15:12:08.664734+00:00,IPFS,ipfs,ipns_resolve,1.723958004731685,SUCCESS
70937afa-26ae-47b6-8c7e-f12ff21c967e,2026-07-27T15:12:08.666030+00:00,IPFS,ipfs,ipfs_cat_json,1.1542499996721745,SUCCESS
70937afa-26ae-47b6-8c7e-f12ff21c967e,2026-07-27T15:12:08.670798+00:00,IPFS,ipfs,ipns_resolve,4.186042002402246,SUCCESS
70937afa-26ae-47b6-8c7e-f12ff21c967e,2026-07-27T15:12:08.672195+00:00,IPFS,ipfs,ipfs_cat_json,1.245416991878301,SUCCESS
70937afa-26ae-47b6-8c7e-f12ff21c967e,2026-07-27T15:12:08.673099+00:00,IPFS,discovery,broker_discovery,45.35958399355877,SUCCESS
70937afa-26ae-47b6-8c7e-f12ff21c967e,2026-07-27T15:12:08.674813+00:00,IPFS,dap,dap_create_capability,1.6182499966816977,SUCCESS
70937afa-26ae-47b6-8c7e-f12ff21c967e,2026-07-27T15:12:08.688267+00:00,IPFS,dap,dap_encrypt_enc_cap,13.181084010284394,SUCCESS
70937afa-26ae-47b6-8c7e-f12ff21c967e,2026-07-27T15:12:08.688612+00:00,IPFS,idap,client_session_init,0.1449169940315187,SUCCESS
70937afa-26ae-47b6-8c7e-f12ff21c967e,2026-07-27T15:12:08.688678+00:00,IPFS,idap,client_ephemeral_public_key,0.00549999822396785,SUCCESS
70937afa-26ae-47b6-8c7e-f12ff21c967e,2026-07-27T15:12:08.689008+00:00,IPFS,idap,client_request_sign,0.27704199601430446,SUCCESS
70937afa-26ae-47b6-8c7e-f12ff21c967e,2026-07-27T15:12:08.689123+00:00,IPFS,idap,canonical_request_payload,0.012957985745742917,SUCCESS
70937afa-26ae-47b6-8c7e-f12ff21c967e,2026-07-27T15:12:08.695316+00:00,IPFS,ipfs,ipns_resolve,5.726500006858259,SUCCESS
70937afa-26ae-47b6-8c7e-f12ff21c967e,2026-07-27T15:12:08.699058+00:00,IPFS,ipfs,ipfs_cat_json,3.623999989940785,SUCCESS
70937afa-26ae-47b6-8c7e-f12ff21c967e,2026-07-27T15:12:08.702635+00:00,IPFS,ipfs,ipns_resolve,3.0176250002114102,SUCCESS
70937afa-26ae-47b6-8c7e-f12ff21c967e,2026-07-27T15:12:08.704516+00:00,IPFS,ipfs,ipfs_cat_json,1.6208330052904785,SUCCESS
70937afa-26ae-47b6-8c7e-f12ff21c967e,2026-07-27T15:12:08.707164+00:00,IPFS,ipfs,ipns_resolve,2.2016250004526228,SUCCESS
70937afa-26ae-47b6-8c7e-f12ff21c967e,2026-07-27T15:12:08.708410+00:00,IPFS,ipfs,ipfs_cat_json,1.1557910038391128,SUCCESS
70937afa-26ae-47b6-8c7e-f12ff21c967e,2026-07-27T15:12:08.710232+00:00,IPFS,ipfs,ipns_resolve,1.4095420046942309,SUCCESS
70937afa-26ae-47b6-8c7e-f12ff21c967e,2026-07-27T15:12:08.712163+00:00,IPFS,ipfs,ipfs_cat_json,1.8343340052524582,SUCCESS
70937afa-26ae-47b6-8c7e-f12ff21c967e,2026-07-27T15:12:08.714068+00:00,IPFS,idap,idap_authorize,24.88650000304915,SUCCESS
70937afa-26ae-47b6-8c7e-f12ff21c967e,2026-07-27T15:12:08.715632+00:00,IPFS,ipfs,ipns_resolve,1.1713749991031364,SUCCESS
70937afa-26ae-47b6-8c7e-f12ff21c967e,2026-07-27T15:12:08.716291+00:00,IPFS,ipfs,ipfs_cat_json,0.5969170015305281,SUCCESS
70937afa-26ae-47b6-8c7e-f12ff21c967e,2026-07-27T15:12:08.717498+00:00,IPFS,ipfs,ipns_resolve,0.873415992828086,SUCCESS
70937afa-26ae-47b6-8c7e-f12ff21c967e,2026-07-27T15:12:08.718140+00:00,IPFS,ipfs,ipfs_cat_json,0.5697919987142086,SUCCESS
70937afa-26ae-47b6-8c7e-f12ff21c967e,2026-07-27T15:12:08.719777+00:00,IPFS,ipfs,ipns_resolve,1.2635419989237562,SUCCESS
70937afa-26ae-47b6-8c7e-f12ff21c967e,2026-07-27T15:12:08.720368+00:00,IPFS,ipfs,ipfs_cat_json,0.5265829968266189,SUCCESS
70937afa-26ae-47b6-8c7e-f12ff21c967e,2026-07-27T15:12:08.721432+00:00,IPFS,ipfs,ipns_resolve,0.7481670036213472,SUCCESS
70937afa-26ae-47b6-8c7e-f12ff21c967e,2026-07-27T15:12:08.721981+00:00,IPFS,ipfs,ipfs_cat_json,0.488125006086193,SUCCESS
70937afa-26ae-47b6-8c7e-f12ff21c967e,2026-07-27T15:12:08.722991+00:00,IPFS,idap,idap_replay_check,8.858208006131463,SUCCESS
70937afa-26ae-47b6-8c7e-f12ff21c967e,2026-07-27T15:12:08.723794+00:00,IPFS,ipfs,ipns_resolve,0.7421670015901327,SUCCESS
70937afa-26ae-47b6-8c7e-f12ff21c967e,2026-07-27T15:12:08.725730+00:00,IPFS,ipfs,ipfs_cat_json,1.8785409920383245,SUCCESS
70937afa-26ae-47b6-8c7e-f12ff21c967e,2026-07-27T15:12:08.726031+00:00,IPFS,idap,resolve_service_public_key,2.984042002935894,SUCCESS
70937afa-26ae-47b6-8c7e-f12ff21c967e,2026-07-27T15:12:08.726090+00:00,IPFS,idap,compute_transcript,0.013290991773828864,SUCCESS
70937afa-26ae-47b6-8c7e-f12ff21c967e,2026-07-27T15:12:08.726356+00:00,IPFS,idap,transcript_verify,0.22408299264498055,SUCCESS
70937afa-26ae-47b6-8c7e-f12ff21c967e,2026-07-27T15:12:08.726572+00:00,IPFS,idap,client_shared_secret_derivation,0.17095799557864666,SUCCESS
70937afa-26ae-47b6-8c7e-f12ff21c967e,2026-07-27T15:12:08.726635+00:00,IPFS,idap,client_session_key_derivation,0.022207997972145677,SUCCESS
70937afa-26ae-47b6-8c7e-f12ff21c967e,2026-07-27T15:12:08.726712+00:00,IPFS,crypto,encrypt_message,0.024666995159350336,SUCCESS
70937afa-26ae-47b6-8c7e-f12ff21c967e,2026-07-27T15:12:08.726760+00:00,IPFS,crypto,decrypt_message,0.0062920007621869445,SUCCESS
70937afa-26ae-47b6-8c7e-f12ff21c967e,2026-07-27T15:12:08.727031+00:00,IPFS,tampering,tampered_request_sign,0.20941700495313853,SUCCESS
70937afa-26ae-47b6-8c7e-f12ff21c967e,2026-07-27T15:12:08.728202+00:00,IPFS,ipfs,ipns_resolve,0.8237080037361011,SUCCESS
70937afa-26ae-47b6-8c7e-f12ff21c967e,2026-07-27T15:12:08.728778+00:00,IPFS,ipfs,ipfs_cat_json,0.5066250014351681,SUCCESS
70937afa-26ae-47b6-8c7e-f12ff21c967e,2026-07-27T15:12:08.729803+00:00,IPFS,ipfs,ipns_resolve,0.7169579912442714,SUCCESS
70937afa-26ae-47b6-8c7e-f12ff21c967e,2026-07-27T15:12:08.730391+00:00,IPFS,ipfs,ipfs_cat_json,0.5266250082058832,SUCCESS
70937afa-26ae-47b6-8c7e-f12ff21c967e,2026-07-27T15:12:08.732158+00:00,IPFS,ipfs,ipns_resolve,1.2247499980730936,SUCCESS
70937afa-26ae-47b6-8c7e-f12ff21c967e,2026-07-27T15:12:08.732763+00:00,IPFS,ipfs,ipfs_cat_json,0.5544579908018932,SUCCESS
70937afa-26ae-47b6-8c7e-f12ff21c967e,2026-07-27T15:12:08.734187+00:00,IPFS,ipfs,ipns_resolve,1.1254580022068694,SUCCESS
70937afa-26ae-47b6-8c7e-f12ff21c967e,2026-07-27T15:12:08.734889+00:00,IPFS,ipfs,ipfs_cat_json,0.6391249917214736,SUCCESS
70937afa-26ae-47b6-8c7e-f12ff21c967e,2026-07-27T15:12:08.735818+00:00,IPFS,tampering,tampering_check,8.72970798809547,SUCCESS
70937afa-26ae-47b6-8c7e-f12ff21c967e,2026-07-27T15:12:08.735862+00:00,IPFS,summary,total_flow,140899.112375002,SUCCESS
586c0e67-1706-4702-b249-2c645680a096,2026-07-27T15:12:08.962977+00:00,IPFS,startup,initialize_store,0.09829200280364603,SUCCESS
586c0e67-1706-4702-b249-2c645680a096,2026-07-27T15:12:08.968405+00:00,IPFS,startup,generate_identity_cp,5.229166999924928,SUCCESS
586c0e67-1706-4702-b249-2c645680a096,2026-07-27T15:12:08.968635+00:00,IPFS,startup,generate_identity_sp,0.1817500015022233,SUCCESS
586c0e67-1706-4702-b249-2c645680a096,2026-07-27T15:12:08.968843+00:00,IPFS,startup,generate_identity_c1,0.17333400319330394,SUCCESS
586c0e67-1706-4702-b249-2c645680a096,2026-07-27T15:12:08.969044+00:00,IPFS,startup,generate_identity_s1,0.1697919942671433,SUCCESS
586c0e67-1706-4702-b249-2c645680a096,2026-07-27T15:12:09.015073+00:00,IPFS,ipfs,ipfs_key_gen,0.9370420011691749,SUCCESS
586c0e67-1706-4702-b249-2c645680a096,2026-07-27T15:12:09.052492+00:00,IPFS,ipfs,ipfs_add_json,36.64204099914059,SUCCESS
586c0e67-1706-4702-b249-2c645680a096,2026-07-27T15:12:16.143002+00:00,IPFS,ipfs,ipns_publish,7089.58045799227,SUCCESS
586c0e67-1706-4702-b249-2c645680a096,2026-07-27T15:12:16.146807+00:00,IPFS,publish,publish_identity_cp,7177.5048339914065,SUCCESS
586c0e67-1706-4702-b249-2c645680a096,2026-07-27T15:12:16.195140+00:00,IPFS,ipfs,ipfs_key_gen,1.8407909956295043,SUCCESS
586c0e67-1706-4702-b249-2c645680a096,2026-07-27T15:12:16.232079+00:00,IPFS,ipfs,ipfs_add_json,35.04995899857022,SUCCESS
586c0e67-1706-4702-b249-2c645680a096,2026-07-27T15:12:19.296798+00:00,IPFS,ipfs,ipns_publish,3063.9822079974692,SUCCESS
586c0e67-1706-4702-b249-2c645680a096,2026-07-27T15:12:19.302603+00:00,IPFS,publish,publish_identity_sp,3155.2442079992034,SUCCESS
586c0e67-1706-4702-b249-2c645680a096,2026-07-27T15:12:19.338095+00:00,IPFS,ipfs,ipfs_key_gen,1.7260409949813038,SUCCESS
586c0e67-1706-4702-b249-2c645680a096,2026-07-27T15:12:19.374608+00:00,IPFS,ipfs,ipfs_add_json,34.60941600496881,SUCCESS
586c0e67-1706-4702-b249-2c645680a096,2026-07-27T15:12:27.567076+00:00,IPFS,ipfs,ipns_publish,8189.298833007342,SUCCESS
586c0e67-1706-4702-b249-2c645680a096,2026-07-27T15:12:27.575187+00:00,IPFS,publish,publish_identity_c1,8271.726082995883,SUCCESS
586c0e67-1706-4702-b249-2c645680a096,2026-07-27T15:12:27.604523+00:00,IPFS,ipfs,ipfs_key_gen,1.788957990356721,SUCCESS
586c0e67-1706-4702-b249-2c645680a096,2026-07-27T15:12:27.629110+00:00,IPFS,ipfs,ipfs_add_json,21.919291000813246,SUCCESS
586c0e67-1706-4702-b249-2c645680a096,2026-07-27T15:12:37.639872+00:00,IPFS,ipfs,ipns_publish,10006.309332995443,SUCCESS
586c0e67-1706-4702-b249-2c645680a096,2026-07-27T15:12:37.644217+00:00,IPFS,publish,publish_identity_s1,10068.380249998881,SUCCESS
586c0e67-1706-4702-b249-2c645680a096,2026-07-27T15:12:37.701059+00:00,IPFS,ipfs,ipfs_key_gen,2.093625007546507,SUCCESS
586c0e67-1706-4702-b249-2c645680a096,2026-07-27T15:12:37.761843+00:00,IPFS,ipfs,ipfs_add_json,50.874666005256586,SUCCESS
586c0e67-1706-4702-b249-2c645680a096,2026-07-27T15:13:10.066330+00:00,IPFS,ipfs,ipns_publish,32301.858583989087,SUCCESS
586c0e67-1706-4702-b249-2c645680a096,2026-07-27T15:13:10.069869+00:00,IPFS,publish,publish_service_metadata,32425.07399999886,SUCCESS
586c0e67-1706-4702-b249-2c645680a096,2026-07-27T15:13:10.116878+00:00,IPFS,ipfs,ipfs_key_gen,0.9897499985527247,SUCCESS
586c0e67-1706-4702-b249-2c645680a096,2026-07-27T15:13:10.168702+00:00,IPFS,ipfs,ipfs_add_json,42.089249996934086,SUCCESS
586c0e67-1706-4702-b249-2c645680a096,2026-07-27T15:14:37.910829+00:00,IPFS,ipfs,ipns_publish,87737.94654200901,SUCCESS
586c0e67-1706-4702-b249-2c645680a096,2026-07-27T15:14:37.913907+00:00,IPFS,publish,publish_provider_registry,87843.30870800477,SUCCESS
586c0e67-1706-4702-b249-2c645680a096,2026-07-27T15:14:37.922905+00:00,IPFS,ipfs,ipns_resolve,8.641084001283161,SUCCESS
586c0e67-1706-4702-b249-2c645680a096,2026-07-27T15:14:37.929358+00:00,IPFS,ipfs,ipfs_cat_json,6.123707993538119,SUCCESS
586c0e67-1706-4702-b249-2c645680a096,2026-07-27T15:14:37.945728+00:00,IPFS,ipfs,ipns_resolve,2.2168339928612113,SUCCESS
586c0e67-1706-4702-b249-2c645680a096,2026-07-27T15:14:37.947565+00:00,IPFS,ipfs,ipfs_cat_json,1.643249997869134,SUCCESS
586c0e67-1706-4702-b249-2c645680a096,2026-07-27T15:14:37.949259+00:00,IPFS,ipfs,ipns_resolve,1.109958000597544,SUCCESS
586c0e67-1706-4702-b249-2c645680a096,2026-07-27T15:14:37.950345+00:00,IPFS,ipfs,ipfs_cat_json,0.9925000049406663,SUCCESS
586c0e67-1706-4702-b249-2c645680a096,2026-07-27T15:14:37.951132+00:00,IPFS,discovery,broker_discovery,37.03216700523626,SUCCESS
586c0e67-1706-4702-b249-2c645680a096,2026-07-27T15:14:37.952224+00:00,IPFS,dap,dap_create_capability,1.0048340045614168,SUCCESS
586c0e67-1706-4702-b249-2c645680a096,2026-07-27T15:14:37.961029+00:00,IPFS,dap,dap_encrypt_enc_cap,8.608290998381563,SUCCESS
586c0e67-1706-4702-b249-2c645680a096,2026-07-27T15:14:37.961385+00:00,IPFS,idap,client_session_init,0.15875000099185854,SUCCESS
586c0e67-1706-4702-b249-2c645680a096,2026-07-27T15:14:37.961471+00:00,IPFS,idap,client_ephemeral_public_key,0.0056249991757795215,SUCCESS
586c0e67-1706-4702-b249-2c645680a096,2026-07-27T15:14:37.961816+00:00,IPFS,idap,client_request_sign,0.28591600130312145,SUCCESS
586c0e67-1706-4702-b249-2c645680a096,2026-07-27T15:14:37.961882+00:00,IPFS,idap,canonical_request_payload,0.01375000283587724,SUCCESS
586c0e67-1706-4702-b249-2c645680a096,2026-07-27T15:14:37.963833+00:00,IPFS,ipfs,ipns_resolve,1.4674999983981252,SUCCESS
586c0e67-1706-4702-b249-2c645680a096,2026-07-27T15:14:37.964935+00:00,IPFS,ipfs,ipfs_cat_json,1.0169169981963933,SUCCESS
586c0e67-1706-4702-b249-2c645680a096,2026-07-27T15:14:37.966176+00:00,IPFS,ipfs,ipns_resolve,0.8137909899232909,SUCCESS
586c0e67-1706-4702-b249-2c645680a096,2026-07-27T15:14:37.966939+00:00,IPFS,ipfs,ipfs_cat_json,0.6944999913685024,SUCCESS
586c0e67-1706-4702-b249-2c645680a096,2026-07-27T15:14:37.968475+00:00,IPFS,ipfs,ipns_resolve,1.132457997300662,SUCCESS
586c0e67-1706-4702-b249-2c645680a096,2026-07-27T15:14:37.969507+00:00,IPFS,ipfs,ipfs_cat_json,0.9150839905487373,SUCCESS
586c0e67-1706-4702-b249-2c645680a096,2026-07-27T15:14:37.970866+00:00,IPFS,ipfs,ipns_resolve,0.957375013967976,SUCCESS
586c0e67-1706-4702-b249-2c645680a096,2026-07-27T15:14:37.971748+00:00,IPFS,ipfs,ipfs_cat_json,0.7843329949537292,SUCCESS
586c0e67-1706-4702-b249-2c645680a096,2026-07-27T15:14:37.973817+00:00,IPFS,idap,idap_authorize,11.85200001054909,SUCCESS
586c0e67-1706-4702-b249-2c645680a096,2026-07-27T15:14:37.975462+00:00,IPFS,ipfs,ipns_resolve,1.196208002511412,SUCCESS
586c0e67-1706-4702-b249-2c645680a096,2026-07-27T15:14:37.976056+00:00,IPFS,ipfs,ipfs_cat_json,0.5225420027272776,SUCCESS
586c0e67-1706-4702-b249-2c645680a096,2026-07-27T15:14:37.977258+00:00,IPFS,ipfs,ipns_resolve,0.8045419963309541,SUCCESS
586c0e67-1706-4702-b249-2c645680a096,2026-07-27T15:14:37.978007+00:00,IPFS,ipfs,ipfs_cat_json,0.6452919915318489,SUCCESS
586c0e67-1706-4702-b249-2c645680a096,2026-07-27T15:14:37.979312+00:00,IPFS,ipfs,ipns_resolve,0.8798749913694337,SUCCESS
586c0e67-1706-4702-b249-2c645680a096,2026-07-27T15:14:37.979901+00:00,IPFS,ipfs,ipfs_cat_json,0.5183750035939738,SUCCESS
586c0e67-1706-4702-b249-2c645680a096,2026-07-27T15:14:37.981235+00:00,IPFS,ipfs,ipns_resolve,0.9813340002438053,SUCCESS
586c0e67-1706-4702-b249-2c645680a096,2026-07-27T15:14:37.981810+00:00,IPFS,ipfs,ipfs_cat_json,0.5025829887017608,SUCCESS
586c0e67-1706-4702-b249-2c645680a096,2026-07-27T15:14:37.982900+00:00,IPFS,idap,idap_replay_check,9.000166988698766,SUCCESS
586c0e67-1706-4702-b249-2c645680a096,2026-07-27T15:14:37.984029+00:00,IPFS,ipfs,ipns_resolve,1.0112079908140004,SUCCESS
586c0e67-1706-4702-b249-2c645680a096,2026-07-27T15:14:37.984654+00:00,IPFS,ipfs,ipfs_cat_json,0.5697500018868595,SUCCESS
586c0e67-1706-4702-b249-2c645680a096,2026-07-27T15:14:37.984956+00:00,IPFS,idap,resolve_service_public_key,1.9444170029601082,SUCCESS
586c0e67-1706-4702-b249-2c645680a096,2026-07-27T15:14:37.985016+00:00,IPFS,idap,compute_transcript,0.014625009498558939,SUCCESS
586c0e67-1706-4702-b249-2c645680a096,2026-07-27T15:14:37.985298+00:00,IPFS,idap,transcript_verify,0.2385420084465295,SUCCESS
586c0e67-1706-4702-b249-2c645680a096,2026-07-27T15:14:37.985562+00:00,IPFS,idap,client_shared_secret_derivation,0.21741600357927382,SUCCESS
586c0e67-1706-4702-b249-2c645680a096,2026-07-27T15:14:37.985642+00:00,IPFS,idap,client_session_key_derivation,0.03545799700077623,SUCCESS
586c0e67-1706-4702-b249-2c645680a096,2026-07-27T15:14:37.985731+00:00,IPFS,crypto,encrypt_message,0.03070798993576318,SUCCESS
586c0e67-1706-4702-b249-2c645680a096,2026-07-27T15:14:38.025372+00:00,IPFS,crypto,decrypt_message,0.037667006836272776,SUCCESS
586c0e67-1706-4702-b249-2c645680a096,2026-07-27T15:14:38.025765+00:00,IPFS,tampering,tampered_request_sign,0.23141599376685917,SUCCESS
586c0e67-1706-4702-b249-2c645680a096,2026-07-27T15:14:38.027419+00:00,IPFS,ipfs,ipns_resolve,1.2557080044643953,SUCCESS
586c0e67-1706-4702-b249-2c645680a096,2026-07-27T15:14:38.028100+00:00,IPFS,ipfs,ipfs_cat_json,0.5810830043628812,SUCCESS
586c0e67-1706-4702-b249-2c645680a096,2026-07-27T15:14:38.030051+00:00,IPFS,ipfs,ipns_resolve,1.5256670012604445,SUCCESS
586c0e67-1706-4702-b249-2c645680a096,2026-07-27T15:14:38.030744+00:00,IPFS,ipfs,ipfs_cat_json,0.5440829991130158,SUCCESS
586c0e67-1706-4702-b249-2c645680a096,2026-07-27T15:14:38.031819+00:00,IPFS,ipfs,ipns_resolve,0.7256249955389649,SUCCESS
586c0e67-1706-4702-b249-2c645680a096,2026-07-27T15:14:38.033463+00:00,IPFS,ipfs,ipfs_cat_json,1.5832499921089038,SUCCESS
586c0e67-1706-4702-b249-2c645680a096,2026-07-27T15:14:38.034619+00:00,IPFS,ipfs,ipns_resolve,0.8209160005208105,SUCCESS
586c0e67-1706-4702-b249-2c645680a096,2026-07-27T15:14:38.035222+00:00,IPFS,ipfs,ipfs_cat_json,0.5202080064918846,SUCCESS
586c0e67-1706-4702-b249-2c645680a096,2026-07-27T15:14:38.036137+00:00,IPFS,tampering,tampering_check,10.305082992999814,SUCCESS
586c0e67-1706-4702-b249-2c645680a096,2026-07-27T15:14:38.036194+00:00,IPFS,summary,total_flow,149072.9686669947,SUCCESS
9ec4d8f5-47f0-4f5b-ad6d-17509dc68dd1,2026-07-27T15:14:38.236321+00:00,IPFS,startup,initialize_store,0.10737500269897282,SUCCESS
9ec4d8f5-47f0-4f5b-ad6d-17509dc68dd1,2026-07-27T15:14:38.242027+00:00,IPFS,startup,generate_identity_cp,5.3780000016558915,SUCCESS
9ec4d8f5-47f0-4f5b-ad6d-17509dc68dd1,2026-07-27T15:14:38.242302+00:00,IPFS,startup,generate_identity_sp,0.20137500541750342,SUCCESS
9ec4d8f5-47f0-4f5b-ad6d-17509dc68dd1,2026-07-27T15:14:38.242517+00:00,IPFS,startup,generate_identity_c1,0.17270799435209483,SUCCESS
9ec4d8f5-47f0-4f5b-ad6d-17509dc68dd1,2026-07-27T15:14:38.242725+00:00,IPFS,startup,generate_identity_s1,0.16933400183916092,SUCCESS
9ec4d8f5-47f0-4f5b-ad6d-17509dc68dd1,2026-07-27T15:14:38.290895+00:00,IPFS,ipfs,ipfs_key_gen,0.8709999965503812,SUCCESS
9ec4d8f5-47f0-4f5b-ad6d-17509dc68dd1,2026-07-27T15:14:38.319517+00:00,IPFS,ipfs,ipfs_add_json,27.63570798560977,SUCCESS
9ec4d8f5-47f0-4f5b-ad6d-17509dc68dd1,2026-07-27T15:15:27.264794+00:00,IPFS,ipfs,ipns_publish,48943.80429200828,SUCCESS
9ec4d8f5-47f0-4f5b-ad6d-17509dc68dd1,2026-07-27T15:15:27.268728+00:00,IPFS,publish,publish_identity_cp,49025.79845899891,SUCCESS
9ec4d8f5-47f0-4f5b-ad6d-17509dc68dd1,2026-07-27T15:15:27.322409+00:00,IPFS,ipfs,ipfs_key_gen,1.522499995189719,SUCCESS
9ec4d8f5-47f0-4f5b-ad6d-17509dc68dd1,2026-07-27T15:15:27.367909+00:00,IPFS,ipfs,ipfs_add_json,36.617000005207956,SUCCESS
9ec4d8f5-47f0-4f5b-ad6d-17509dc68dd1,2026-07-27T15:15:37.510566+00:00,IPFS,ipfs,ipns_publish,10140.688290994149,SUCCESS
9ec4d8f5-47f0-4f5b-ad6d-17509dc68dd1,2026-07-27T15:15:37.514274+00:00,IPFS,publish,publish_identity_sp,10245.145249995403,SUCCESS
9ec4d8f5-47f0-4f5b-ad6d-17509dc68dd1,2026-07-27T15:15:37.573100+00:00,IPFS,ipfs,ipfs_key_gen,0.9657500049797818,SUCCESS
9ec4d8f5-47f0-4f5b-ad6d-17509dc68dd1,2026-07-27T15:15:37.597940+00:00,IPFS,ipfs,ipfs_add_json,23.583707996294834,SUCCESS
9ec4d8f5-47f0-4f5b-ad6d-17509dc68dd1,2026-07-27T15:15:46.964978+00:00,IPFS,ipfs,ipns_publish,9364.531915998668,SUCCESS
9ec4d8f5-47f0-4f5b-ad6d-17509dc68dd1,2026-07-27T15:15:46.967082+00:00,IPFS,publish,publish_identity_c1,9452.344083998469,SUCCESS
9ec4d8f5-47f0-4f5b-ad6d-17509dc68dd1,2026-07-27T15:15:47.019899+00:00,IPFS,ipfs,ipfs_key_gen,1.9004170026164502,SUCCESS
9ec4d8f5-47f0-4f5b-ad6d-17509dc68dd1,2026-07-27T15:15:47.048510+00:00,IPFS,ipfs,ipfs_add_json,26.248791997204535,SUCCESS
9ec4d8f5-47f0-4f5b-ad6d-17509dc68dd1,2026-07-27T15:15:57.565003+00:00,IPFS,ipfs,ipns_publish,10515.248290990712,SUCCESS
9ec4d8f5-47f0-4f5b-ad6d-17509dc68dd1,2026-07-27T15:15:57.568287+00:00,IPFS,publish,publish_identity_s1,10600.905792001868,SUCCESS
9ec4d8f5-47f0-4f5b-ad6d-17509dc68dd1,2026-07-27T15:15:57.621659+00:00,IPFS,ipfs,ipfs_key_gen,1.8101669993484393,SUCCESS
9ec4d8f5-47f0-4f5b-ad6d-17509dc68dd1,2026-07-27T15:15:57.645506+00:00,IPFS,ipfs,ipfs_add_json,21.163333003642038,SUCCESS
9ec4d8f5-47f0-4f5b-ad6d-17509dc68dd1,2026-07-27T15:16:10.036613+00:00,IPFS,ipfs,ipns_publish,12390.285042012692,SUCCESS
9ec4d8f5-47f0-4f5b-ad6d-17509dc68dd1,2026-07-27T15:16:10.038911+00:00,IPFS,publish,publish_service_metadata,12470.179625001037,SUCCESS
9ec4d8f5-47f0-4f5b-ad6d-17509dc68dd1,2026-07-27T15:16:10.094935+00:00,IPFS,ipfs,ipfs_key_gen,1.3664580037584528,SUCCESS
9ec4d8f5-47f0-4f5b-ad6d-17509dc68dd1,2026-07-27T15:16:10.121767+00:00,IPFS,ipfs,ipfs_add_json,24.580083991168067,SUCCESS
9ec4d8f5-47f0-4f5b-ad6d-17509dc68dd1,2026-07-27T15:16:50.917131+00:00,IPFS,ipfs,ipns_publish,40793.991665996145,SUCCESS
9ec4d8f5-47f0-4f5b-ad6d-17509dc68dd1,2026-07-27T15:16:50.920099+00:00,IPFS,publish,publish_provider_registry,40880.8254589967,SUCCESS
9ec4d8f5-47f0-4f5b-ad6d-17509dc68dd1,2026-07-27T15:16:50.924550+00:00,IPFS,ipfs,ipns_resolve,4.095915996003896,SUCCESS
9ec4d8f5-47f0-4f5b-ad6d-17509dc68dd1,2026-07-27T15:16:50.927527+00:00,IPFS,ipfs,ipfs_cat_json,2.6657499984139577,SUCCESS
9ec4d8f5-47f0-4f5b-ad6d-17509dc68dd1,2026-07-27T15:16:50.936573+00:00,IPFS,ipfs,ipns_resolve,2.482957992469892,SUCCESS
9ec4d8f5-47f0-4f5b-ad6d-17509dc68dd1,2026-07-27T15:16:50.937880+00:00,IPFS,ipfs,ipfs_cat_json,1.0840000031748787,SUCCESS
9ec4d8f5-47f0-4f5b-ad6d-17509dc68dd1,2026-07-27T15:16:50.939729+00:00,IPFS,ipfs,ipns_resolve,1.3211670011514798,SUCCESS
9ec4d8f5-47f0-4f5b-ad6d-17509dc68dd1,2026-07-27T15:16:50.940760+00:00,IPFS,ipfs,ipfs_cat_json,0.9447499905945733,SUCCESS
9ec4d8f5-47f0-4f5b-ad6d-17509dc68dd1,2026-07-27T15:16:50.941567+00:00,IPFS,discovery,broker_discovery,21.24758399440907,SUCCESS
9ec4d8f5-47f0-4f5b-ad6d-17509dc68dd1,2026-07-27T15:16:50.942275+00:00,IPFS,dap,dap_create_capability,0.5978749977657571,SUCCESS
9ec4d8f5-47f0-4f5b-ad6d-17509dc68dd1,2026-07-27T15:16:50.951107+00:00,IPFS,dap,dap_encrypt_enc_cap,8.676708006532863,SUCCESS
9ec4d8f5-47f0-4f5b-ad6d-17509dc68dd1,2026-07-27T15:16:50.951383+00:00,IPFS,idap,client_session_init,0.14537500101141632,SUCCESS
9ec4d8f5-47f0-4f5b-ad6d-17509dc68dd1,2026-07-27T15:16:50.951455+00:00,IPFS,idap,client_ephemeral_public_key,0.006583999493159354,SUCCESS
9ec4d8f5-47f0-4f5b-ad6d-17509dc68dd1,2026-07-27T15:16:50.951801+00:00,IPFS,idap,client_request_sign,0.2860420063370839,SUCCESS
9ec4d8f5-47f0-4f5b-ad6d-17509dc68dd1,2026-07-27T15:16:50.951870+00:00,IPFS,idap,canonical_request_payload,0.013208991731517017,SUCCESS
9ec4d8f5-47f0-4f5b-ad6d-17509dc68dd1,2026-07-27T15:16:50.955262+00:00,IPFS,ipfs,ipns_resolve,2.8409579972503707,SUCCESS
9ec4d8f5-47f0-4f5b-ad6d-17509dc68dd1,2026-07-27T15:16:50.956940+00:00,IPFS,ipfs,ipfs_cat_json,1.534875002107583,SUCCESS
9ec4d8f5-47f0-4f5b-ad6d-17509dc68dd1,2026-07-27T15:16:50.958424+00:00,IPFS,ipfs,ipns_resolve,0.9195000020554289,SUCCESS
9ec4d8f5-47f0-4f5b-ad6d-17509dc68dd1,2026-07-27T15:16:50.959323+00:00,IPFS,ipfs,ipfs_cat_json,0.7432919956045225,SUCCESS
9ec4d8f5-47f0-4f5b-ad6d-17509dc68dd1,2026-07-27T15:16:50.960809+00:00,IPFS,ipfs,ipns_resolve,0.9849999914877117,SUCCESS
9ec4d8f5-47f0-4f5b-ad6d-17509dc68dd1,2026-07-27T15:16:50.961897+00:00,IPFS,ipfs,ipfs_cat_json,1.0189169988734648,SUCCESS
9ec4d8f5-47f0-4f5b-ad6d-17509dc68dd1,2026-07-27T15:16:50.965911+00:00,IPFS,ipfs,ipns_resolve,3.5650829959195107,SUCCESS
9ec4d8f5-47f0-4f5b-ad6d-17509dc68dd1,2026-07-27T15:16:50.968361+00:00,IPFS,ipfs,ipfs_cat_json,2.368874993408099,SUCCESS
9ec4d8f5-47f0-4f5b-ad6d-17509dc68dd1,2026-07-27T15:16:50.971760+00:00,IPFS,idap,idap_authorize,19.815874999039806,SUCCESS
9ec4d8f5-47f0-4f5b-ad6d-17509dc68dd1,2026-07-27T15:16:50.973786+00:00,IPFS,ipfs,ipns_resolve,1.5008749905973673,SUCCESS
9ec4d8f5-47f0-4f5b-ad6d-17509dc68dd1,2026-07-27T15:16:50.974584+00:00,IPFS,ipfs,ipfs_cat_json,0.7182500121416524,SUCCESS
9ec4d8f5-47f0-4f5b-ad6d-17509dc68dd1,2026-07-27T15:16:50.976219+00:00,IPFS,ipfs,ipns_resolve,1.1127500038128346,SUCCESS
9ec4d8f5-47f0-4f5b-ad6d-17509dc68dd1,2026-07-27T15:16:50.977555+00:00,IPFS,ipfs,ipfs_cat_json,1.20749999769032,SUCCESS
9ec4d8f5-47f0-4f5b-ad6d-17509dc68dd1,2026-07-27T15:16:50.979246+00:00,IPFS,ipfs,ipns_resolve,1.1309999972581863,SUCCESS
9ec4d8f5-47f0-4f5b-ad6d-17509dc68dd1,2026-07-27T15:16:50.979861+00:00,IPFS,ipfs,ipfs_cat_json,0.5505829903995618,SUCCESS
9ec4d8f5-47f0-4f5b-ad6d-17509dc68dd1,2026-07-27T15:16:50.981281+00:00,IPFS,ipfs,ipns_resolve,0.9811669879127294,SUCCESS
9ec4d8f5-47f0-4f5b-ad6d-17509dc68dd1,2026-07-27T15:16:50.981897+00:00,IPFS,ipfs,ipfs_cat_json,0.5406660056905821,SUCCESS
9ec4d8f5-47f0-4f5b-ad6d-17509dc68dd1,2026-07-27T15:16:50.983227+00:00,IPFS,idap,idap_replay_check,11.389416002202779,SUCCESS
9ec4d8f5-47f0-4f5b-ad6d-17509dc68dd1,2026-07-27T15:16:50.984309+00:00,IPFS,ipfs,ipns_resolve,1.0027500102296472,SUCCESS
9ec4d8f5-47f0-4f5b-ad6d-17509dc68dd1,2026-07-27T15:16:50.985689+00:00,IPFS,ipfs,ipfs_cat_json,1.3037919998168945,SUCCESS
9ec4d8f5-47f0-4f5b-ad6d-17509dc68dd1,2026-07-27T15:16:50.986092+00:00,IPFS,idap,resolve_service_public_key,2.7964589971816167,SUCCESS
9ec4d8f5-47f0-4f5b-ad6d-17509dc68dd1,2026-07-27T15:16:50.986166+00:00,IPFS,idap,compute_transcript,0.016624995623715222,SUCCESS
9ec4d8f5-47f0-4f5b-ad6d-17509dc68dd1,2026-07-27T15:16:50.986519+00:00,IPFS,idap,transcript_verify,0.29845799144823104,SUCCESS
9ec4d8f5-47f0-4f5b-ad6d-17509dc68dd1,2026-07-27T15:16:50.986866+00:00,IPFS,idap,client_shared_secret_derivation,0.26733400591183454,SUCCESS
9ec4d8f5-47f0-4f5b-ad6d-17509dc68dd1,2026-07-27T15:16:50.987012+00:00,IPFS,idap,client_session_key_derivation,0.06795900117140263,SUCCESS
9ec4d8f5-47f0-4f5b-ad6d-17509dc68dd1,2026-07-27T15:16:50.987130+00:00,IPFS,crypto,encrypt_message,0.02649999805726111,SUCCESS
9ec4d8f5-47f0-4f5b-ad6d-17509dc68dd1,2026-07-27T15:16:50.987192+00:00,IPFS,crypto,decrypt_message,0.007916998583823442,SUCCESS
9ec4d8f5-47f0-4f5b-ad6d-17509dc68dd1,2026-07-27T15:16:50.987553+00:00,IPFS,tampering,tampered_request_sign,0.2843750116880983,SUCCESS
9ec4d8f5-47f0-4f5b-ad6d-17509dc68dd1,2026-07-27T15:16:50.991627+00:00,IPFS,ipfs,ipns_resolve,3.5801250051008537,SUCCESS
9ec4d8f5-47f0-4f5b-ad6d-17509dc68dd1,2026-07-27T15:16:50.994586+00:00,IPFS,ipfs,ipfs_cat_json,2.869582996936515,SUCCESS
9ec4d8f5-47f0-4f5b-ad6d-17509dc68dd1,2026-07-27T15:16:50.996062+00:00,IPFS,ipfs,ipns_resolve,1.0241249983664602,SUCCESS
9ec4d8f5-47f0-4f5b-ad6d-17509dc68dd1,2026-07-27T15:16:50.996673+00:00,IPFS,ipfs,ipfs_cat_json,0.5404159892350435,SUCCESS
9ec4d8f5-47f0-4f5b-ad6d-17509dc68dd1,2026-07-27T15:16:50.997788+00:00,IPFS,ipfs,ipns_resolve,0.7081250078044832,SUCCESS
9ec4d8f5-47f0-4f5b-ad6d-17509dc68dd1,2026-07-27T15:16:50.998444+00:00,IPFS,ipfs,ipfs_cat_json,0.5844580009579659,SUCCESS
9ec4d8f5-47f0-4f5b-ad6d-17509dc68dd1,2026-07-27T15:16:50.999686+00:00,IPFS,ipfs,ipns_resolve,0.8498329989379272,SUCCESS
9ec4d8f5-47f0-4f5b-ad6d-17509dc68dd1,2026-07-27T15:16:51.000289+00:00,IPFS,ipfs,ipfs_cat_json,0.5394170002546161,SUCCESS
9ec4d8f5-47f0-4f5b-ad6d-17509dc68dd1,2026-07-27T15:16:51.001774+00:00,IPFS,tampering,tampering_check,14.163750005536713,SUCCESS
9ec4d8f5-47f0-4f5b-ad6d-17509dc68dd1,2026-07-27T15:16:51.001835+00:00,IPFS,summary,total_flow,132765.31033300853,SUCCESS
6a606ccf-3827-4a4b-8a5f-649676908ad8,2026-07-27T15:16:51.218345+00:00,IPFS,startup,initialize_store,0.1068339915946126,SUCCESS
6a606ccf-3827-4a4b-8a5f-649676908ad8,2026-07-27T15:16:51.224669+00:00,IPFS,startup,generate_identity_cp,5.990917008602992,SUCCESS
6a606ccf-3827-4a4b-8a5f-649676908ad8,2026-07-27T15:16:51.224904+00:00,IPFS,startup,generate_identity_sp,0.1841670018620789,SUCCESS
6a606ccf-3827-4a4b-8a5f-649676908ad8,2026-07-27T15:16:51.225109+00:00,IPFS,startup,generate_identity_c1,0.17137499526143074,SUCCESS
6a606ccf-3827-4a4b-8a5f-649676908ad8,2026-07-27T15:16:51.225309+00:00,IPFS,startup,generate_identity_s1,0.16845799109432846,SUCCESS
6a606ccf-3827-4a4b-8a5f-649676908ad8,2026-07-27T15:16:51.271636+00:00,IPFS,ipfs,ipfs_key_gen,0.8070839976426214,SUCCESS
6a606ccf-3827-4a4b-8a5f-649676908ad8,2026-07-27T15:16:51.299307+00:00,IPFS,ipfs,ipfs_add_json,26.827833004062995,SUCCESS
6a606ccf-3827-4a4b-8a5f-649676908ad8,2026-07-27T15:17:23.013302+00:00,IPFS,ipfs,ipns_publish,31712.674207999953,SUCCESS
6a606ccf-3827-4a4b-8a5f-649676908ad8,2026-07-27T15:17:23.018006+00:00,IPFS,publish,publish_identity_cp,31792.46716698981,SUCCESS
6a606ccf-3827-4a4b-8a5f-649676908ad8,2026-07-27T15:17:23.080697+00:00,IPFS,ipfs,ipfs_key_gen,1.5699579962529242,SUCCESS
6a606ccf-3827-4a4b-8a5f-649676908ad8,2026-07-27T15:17:23.106019+00:00,IPFS,ipfs,ipfs_add_json,22.550292007508688,SUCCESS
6a606ccf-3827-4a4b-8a5f-649676908ad8,2026-07-27T15:17:46.320410+00:00,IPFS,ipfs,ipns_publish,23210.979417010094,SUCCESS
6a606ccf-3827-4a4b-8a5f-649676908ad8,2026-07-27T15:17:46.326317+00:00,IPFS,publish,publish_identity_sp,23307.89112500497,SUCCESS
6a606ccf-3827-4a4b-8a5f-649676908ad8,2026-07-27T15:17:46.454049+00:00,IPFS,ipfs,ipfs_key_gen,2.5427910004509613,SUCCESS
6a606ccf-3827-4a4b-8a5f-649676908ad8,2026-07-27T15:17:46.581284+00:00,IPFS,ipfs,ipfs_add_json,107.07416699733585,SUCCESS
6a606ccf-3827-4a4b-8a5f-649676908ad8,2026-07-27T15:18:33.463318+00:00,IPFS,ipfs,ipns_publish,46877.969291992486,SUCCESS
6a606ccf-3827-4a4b-8a5f-649676908ad8,2026-07-27T15:18:33.469075+00:00,IPFS,publish,publish_identity_c1,47142.39529200131,SUCCESS
6a606ccf-3827-4a4b-8a5f-649676908ad8,2026-07-27T15:18:33.523003+00:00,IPFS,ipfs,ipfs_key_gen,1.132416000473313,SUCCESS
6a606ccf-3827-4a4b-8a5f-649676908ad8,2026-07-27T15:18:33.589138+00:00,IPFS,ipfs,ipfs_add_json,48.631917001330294,SUCCESS
6a606ccf-3827-4a4b-8a5f-649676908ad8,2026-07-27T15:19:40.216038+00:00,IPFS,ipfs,ipns_publish,66624.51366698951,SUCCESS
6a606ccf-3827-4a4b-8a5f-649676908ad8,2026-07-27T15:19:40.219789+00:00,IPFS,publish,publish_identity_s1,66750.21100000595,SUCCESS
6a606ccf-3827-4a4b-8a5f-649676908ad8,2026-07-27T15:19:40.293189+00:00,IPFS,ipfs,ipfs_key_gen,1.584792000357993,SUCCESS
6a606ccf-3827-4a4b-8a5f-649676908ad8,2026-07-27T15:19:40.377309+00:00,IPFS,ipfs,ipfs_add_json,68.79350000235718,SUCCESS
6a606ccf-3827-4a4b-8a5f-649676908ad8,2026-07-27T15:19:55.830518+00:00,IPFS,ipfs,ipns_publish,15451.773833003244,SUCCESS
6a606ccf-3827-4a4b-8a5f-649676908ad8,2026-07-27T15:19:55.834715+00:00,IPFS,publish,publish_service_metadata,15614.590333003434,SUCCESS
6a606ccf-3827-4a4b-8a5f-649676908ad8,2026-07-27T15:19:55.900843+00:00,IPFS,ipfs,ipfs_key_gen,1.934667001478374,SUCCESS
6a606ccf-3827-4a4b-8a5f-649676908ad8,2026-07-27T15:19:55.932541+00:00,IPFS,ipfs,ipfs_add_json,27.018583001336083,SUCCESS
6a606ccf-3827-4a4b-8a5f-649676908ad8,2026-07-27T15:20:02.515676+00:00,IPFS,ipfs,ipns_publish,6582.4684589897515,SUCCESS
6a606ccf-3827-4a4b-8a5f-649676908ad8,2026-07-27T15:20:02.520449+00:00,IPFS,publish,publish_provider_registry,6685.200541003724,SUCCESS
6a606ccf-3827-4a4b-8a5f-649676908ad8,2026-07-27T15:20:02.529236+00:00,IPFS,ipfs,ipns_resolve,5.762250002590008,SUCCESS
6a606ccf-3827-4a4b-8a5f-649676908ad8,2026-07-27T15:20:02.533226+00:00,IPFS,ipfs,ipfs_cat_json,3.4489170066080987,SUCCESS
6a606ccf-3827-4a4b-8a5f-649676908ad8,2026-07-27T15:20:02.547970+00:00,IPFS,ipfs,ipns_resolve,2.68491699534934,SUCCESS
6a606ccf-3827-4a4b-8a5f-649676908ad8,2026-07-27T15:20:02.549896+00:00,IPFS,ipfs,ipfs_cat_json,1.552207992062904,SUCCESS
6a606ccf-3827-4a4b-8a5f-649676908ad8,2026-07-27T15:20:02.552998+00:00,IPFS,ipfs,ipns_resolve,1.7982499994104728,SUCCESS
6a606ccf-3827-4a4b-8a5f-649676908ad8,2026-07-27T15:20:02.554597+00:00,IPFS,ipfs,ipfs_cat_json,1.3492919970303774,SUCCESS
6a606ccf-3827-4a4b-8a5f-649676908ad8,2026-07-27T15:20:02.555921+00:00,IPFS,discovery,broker_discovery,35.02287500305101,SUCCESS
6a606ccf-3827-4a4b-8a5f-649676908ad8,2026-07-27T15:20:02.558882+00:00,IPFS,dap,dap_create_capability,2.1230830025160685,SUCCESS
6a606ccf-3827-4a4b-8a5f-649676908ad8,2026-07-27T15:20:02.574063+00:00,IPFS,dap,dap_encrypt_enc_cap,14.372000005096197,SUCCESS
6a606ccf-3827-4a4b-8a5f-649676908ad8,2026-07-27T15:20:02.574880+00:00,IPFS,idap,client_session_init,0.4887910035904497,SUCCESS
6a606ccf-3827-4a4b-8a5f-649676908ad8,2026-07-27T15:20:02.574992+00:00,IPFS,idap,client_ephemeral_public_key,0.007416994776576757,SUCCESS
6a606ccf-3827-4a4b-8a5f-649676908ad8,2026-07-27T15:20:02.575414+00:00,IPFS,idap,client_request_sign,0.34749999758787453,SUCCESS
6a606ccf-3827-4a4b-8a5f-649676908ad8,2026-07-27T15:20:02.575498+00:00,IPFS,idap,canonical_request_payload,0.018417005776427686,SUCCESS
6a606ccf-3827-4a4b-8a5f-649676908ad8,2026-07-27T15:20:02.577995+00:00,IPFS,ipfs,ipns_resolve,1.91274999815505,SUCCESS
6a606ccf-3827-4a4b-8a5f-649676908ad8,2026-07-27T15:20:02.579323+00:00,IPFS,ipfs,ipfs_cat_json,1.2172919959994033,SUCCESS
6a606ccf-3827-4a4b-8a5f-649676908ad8,2026-07-27T15:20:02.581322+00:00,IPFS,ipfs,ipns_resolve,1.4582080038962886,SUCCESS
6a606ccf-3827-4a4b-8a5f-649676908ad8,2026-07-27T15:20:02.582311+00:00,IPFS,ipfs,ipfs_cat_json,0.90562499826774,SUCCESS
6a606ccf-3827-4a4b-8a5f-649676908ad8,2026-07-27T15:20:02.583890+00:00,IPFS,ipfs,ipns_resolve,1.0668330069165677,SUCCESS
6a606ccf-3827-4a4b-8a5f-649676908ad8,2026-07-27T15:20:02.584812+00:00,IPFS,ipfs,ipfs_cat_json,0.8193750109057873,SUCCESS
6a606ccf-3827-4a4b-8a5f-649676908ad8,2026-07-27T15:20:02.586348+00:00,IPFS,ipfs,ipns_resolve,1.027125006658025,SUCCESS
6a606ccf-3827-4a4b-8a5f-649676908ad8,2026-07-27T15:20:02.587551+00:00,IPFS,ipfs,ipfs_cat_json,1.083833005395718,SUCCESS
6a606ccf-3827-4a4b-8a5f-649676908ad8,2026-07-27T15:20:02.590604+00:00,IPFS,idap,idap_authorize,15.007709007477388,SUCCESS
6a606ccf-3827-4a4b-8a5f-649676908ad8,2026-07-27T15:20:02.592145+00:00,IPFS,ipfs,ipns_resolve,1.0304580064257607,SUCCESS
6a606ccf-3827-4a4b-8a5f-649676908ad8,2026-07-27T15:20:02.592786+00:00,IPFS,ipfs,ipfs_cat_json,0.5487089947564527,SUCCESS
6a606ccf-3827-4a4b-8a5f-649676908ad8,2026-07-27T15:20:02.594153+00:00,IPFS,ipfs,ipns_resolve,0.9349589963676408,SUCCESS
6a606ccf-3827-4a4b-8a5f-649676908ad8,2026-07-27T15:20:02.594754+00:00,IPFS,ipfs,ipfs_cat_json,0.5251659895293415,SUCCESS
6a606ccf-3827-4a4b-8a5f-649676908ad8,2026-07-27T15:20:02.596066+00:00,IPFS,ipfs,ipns_resolve,0.9024590108310804,SUCCESS
6a606ccf-3827-4a4b-8a5f-649676908ad8,2026-07-27T15:20:02.596607+00:00,IPFS,ipfs,ipfs_cat_json,0.4776249988935888,SUCCESS
6a606ccf-3827-4a4b-8a5f-649676908ad8,2026-07-27T15:20:02.597858+00:00,IPFS,ipfs,ipns_resolve,0.8804589888313785,SUCCESS
6a606ccf-3827-4a4b-8a5f-649676908ad8,2026-07-27T15:20:02.598408+00:00,IPFS,ipfs,ipfs_cat_json,0.47737499698996544,SUCCESS
6a606ccf-3827-4a4b-8a5f-649676908ad8,2026-07-27T15:20:02.599611+00:00,IPFS,idap,idap_replay_check,8.91458400292322,SUCCESS
6a606ccf-3827-4a4b-8a5f-649676908ad8,2026-07-27T15:20:02.600505+00:00,IPFS,ipfs,ipns_resolve,0.8134579984471202,SUCCESS
6a606ccf-3827-4a4b-8a5f-649676908ad8,2026-07-27T15:20:02.601068+00:00,IPFS,ipfs,ipfs_cat_json,0.49774999206420034,SUCCESS
6a606ccf-3827-4a4b-8a5f-649676908ad8,2026-07-27T15:20:02.601415+00:00,IPFS,idap,resolve_service_public_key,1.7417909984942526,SUCCESS
6a606ccf-3827-4a4b-8a5f-649676908ad8,2026-07-27T15:20:02.601483+00:00,IPFS,idap,compute_transcript,0.015333003830164671,SUCCESS
6a606ccf-3827-4a4b-8a5f-649676908ad8,2026-07-27T15:20:02.601794+00:00,IPFS,idap,transcript_verify,0.2614170080050826,SUCCESS
6a606ccf-3827-4a4b-8a5f-649676908ad8,2026-07-27T15:20:02.602041+00:00,IPFS,idap,client_shared_secret_derivation,0.1981670066015795,SUCCESS
6a606ccf-3827-4a4b-8a5f-649676908ad8,2026-07-27T15:20:02.602113+00:00,IPFS,idap,client_session_key_derivation,0.028290989575907588,SUCCESS
6a606ccf-3827-4a4b-8a5f-649676908ad8,2026-07-27T15:20:02.602212+00:00,IPFS,crypto,encrypt_message,0.030625000363215804,SUCCESS
6a606ccf-3827-4a4b-8a5f-649676908ad8,2026-07-27T15:20:02.602265+00:00,IPFS,crypto,decrypt_message,0.006874994141981006,SUCCESS
6a606ccf-3827-4a4b-8a5f-649676908ad8,2026-07-27T15:20:02.602578+00:00,IPFS,tampering,tampered_request_sign,0.24445900635328144,SUCCESS
6a606ccf-3827-4a4b-8a5f-649676908ad8,2026-07-27T15:20:02.604030+00:00,IPFS,ipfs,ipns_resolve,1.0517089976929128,SUCCESS
6a606ccf-3827-4a4b-8a5f-649676908ad8,2026-07-27T15:20:02.604678+00:00,IPFS,ipfs,ipfs_cat_json,0.5754169978899881,SUCCESS
6a606ccf-3827-4a4b-8a5f-649676908ad8,2026-07-27T15:20:02.605905+00:00,IPFS,ipfs,ipns_resolve,0.8386670087929815,SUCCESS
6a606ccf-3827-4a4b-8a5f-649676908ad8,2026-07-27T15:20:02.606389+00:00,IPFS,ipfs,ipfs_cat_json,0.42799999937415123,SUCCESS
6a606ccf-3827-4a4b-8a5f-649676908ad8,2026-07-27T15:20:02.607549+00:00,IPFS,ipfs,ipns_resolve,0.814375001937151,SUCCESS
6a606ccf-3827-4a4b-8a5f-649676908ad8,2026-07-27T15:20:02.608049+00:00,IPFS,ipfs,ipfs_cat_json,0.4447499959496781,SUCCESS
6a606ccf-3827-4a4b-8a5f-649676908ad8,2026-07-27T15:20:02.609122+00:00,IPFS,ipfs,ipns_resolve,0.7299160060938448,SUCCESS
6a606ccf-3827-4a4b-8a5f-649676908ad8,2026-07-27T15:20:02.609619+00:00,IPFS,ipfs,ipfs_cat_json,0.4378329904284328,SUCCESS
6a606ccf-3827-4a4b-8a5f-649676908ad8,2026-07-27T15:20:02.610736+00:00,IPFS,tampering,tampering_check,8.10670800274238,SUCCESS
6a606ccf-3827-4a4b-8a5f-649676908ad8,2026-07-27T15:20:02.610786+00:00,IPFS,summary,total_flow,191392.09399999527,SUCCESS
707a6258-22c8-4bd9-a078-f6919927e93e,2026-07-27T15:20:02.830314+00:00,IPFS,startup,initialize_store,0.10937500337604433,SUCCESS
707a6258-22c8-4bd9-a078-f6919927e93e,2026-07-27T15:20:02.836601+00:00,IPFS,startup,generate_identity_cp,5.986749994917773,SUCCESS
707a6258-22c8-4bd9-a078-f6919927e93e,2026-07-27T15:20:02.836836+00:00,IPFS,startup,generate_identity_sp,0.18566699873190373,SUCCESS
707a6258-22c8-4bd9-a078-f6919927e93e,2026-07-27T15:20:02.837045+00:00,IPFS,startup,generate_identity_c1,0.17304200446233153,SUCCESS
707a6258-22c8-4bd9-a078-f6919927e93e,2026-07-27T15:20:02.837248+00:00,IPFS,startup,generate_identity_s1,0.17045799177139997,SUCCESS
707a6258-22c8-4bd9-a078-f6919927e93e,2026-07-27T15:20:02.874222+00:00,IPFS,ipfs,ipfs_key_gen,1.0439999896334484,SUCCESS
707a6258-22c8-4bd9-a078-f6919927e93e,2026-07-27T15:20:02.894214+00:00,IPFS,ipfs,ipfs_add_json,19.001666994881816,SUCCESS
707a6258-22c8-4bd9-a078-f6919927e93e,2026-07-27T15:20:53.021307+00:00,IPFS,ipfs,ipns_publish,50124.08150000556,SUCCESS
707a6258-22c8-4bd9-a078-f6919927e93e,2026-07-27T15:20:53.026509+00:00,IPFS,publish,publish_identity_cp,50188.90024999564,SUCCESS
707a6258-22c8-4bd9-a078-f6919927e93e,2026-07-27T15:20:53.096296+00:00,IPFS,ipfs,ipfs_key_gen,1.7074999923352152,SUCCESS
707a6258-22c8-4bd9-a078-f6919927e93e,2026-07-27T15:20:53.141352+00:00,IPFS,ipfs,ipfs_add_json,32.6029580028262,SUCCESS
707a6258-22c8-4bd9-a078-f6919927e93e,2026-07-27T15:21:02.874055+00:00,IPFS,ipfs,ipns_publish,9731.417375005549,SUCCESS
707a6258-22c8-4bd9-a078-f6919927e93e,2026-07-27T15:21:02.893728+00:00,IPFS,publish,publish_identity_sp,9866.783124991343,SUCCESS
707a6258-22c8-4bd9-a078-f6919927e93e,2026-07-27T15:21:02.947059+00:00,IPFS,ipfs,ipfs_key_gen,1.451667005312629,SUCCESS
707a6258-22c8-4bd9-a078-f6919927e93e,2026-07-27T15:21:02.972233+00:00,IPFS,ipfs,ipfs_add_json,23.109750007279217,SUCCESS
707a6258-22c8-4bd9-a078-f6919927e93e,2026-07-27T15:21:23.574470+00:00,IPFS,ipfs,ipns_publish,20600.561332990765,SUCCESS
707a6258-22c8-4bd9-a078-f6919927e93e,2026-07-27T15:21:23.578612+00:00,IPFS,publish,publish_identity_c1,20684.183249992202,SUCCESS
707a6258-22c8-4bd9-a078-f6919927e93e,2026-07-27T15:21:23.628901+00:00,IPFS,ipfs,ipfs_key_gen,1.2569590035127476,SUCCESS
707a6258-22c8-4bd9-a078-f6919927e93e,2026-07-27T15:21:23.654533+00:00,IPFS,ipfs,ipfs_add_json,24.181333006708883,SUCCESS
707a6258-22c8-4bd9-a078-f6919927e93e,2026-07-27T15:21:42.964597+00:00,IPFS,ipfs,ipns_publish,19308.444166992558,SUCCESS
707a6258-22c8-4bd9-a078-f6919927e93e,2026-07-27T15:21:42.969471+00:00,IPFS,publish,publish_identity_s1,19389.87862500653,SUCCESS
707a6258-22c8-4bd9-a078-f6919927e93e,2026-07-27T15:21:43.028939+00:00,IPFS,ipfs,ipfs_key_gen,1.872167005785741,SUCCESS
707a6258-22c8-4bd9-a078-f6919927e93e,2026-07-27T15:21:43.061898+00:00,IPFS,ipfs,ipfs_add_json,27.23100000002887,SUCCESS
707a6258-22c8-4bd9-a078-f6919927e93e,2026-07-27T15:22:35.664660+00:00,IPFS,ipfs,ipns_publish,52600.29737500008,SUCCESS
707a6258-22c8-4bd9-a078-f6919927e93e,2026-07-27T15:22:35.671520+00:00,IPFS,publish,publish_service_metadata,52701.41833399248,SUCCESS
707a6258-22c8-4bd9-a078-f6919927e93e,2026-07-27T15:22:35.742331+00:00,IPFS,ipfs,ipfs_key_gen,2.5516669993521646,SUCCESS
707a6258-22c8-4bd9-a078-f6919927e93e,2026-07-27T15:22:35.770948+00:00,IPFS,ipfs,ipfs_add_json,23.166458995547146,SUCCESS
707a6258-22c8-4bd9-a078-f6919927e93e,2026-07-27T15:23:46.699435+00:00,IPFS,ipfs,ipns_publish,70924.7390840028,SUCCESS
707a6258-22c8-4bd9-a078-f6919927e93e,2026-07-27T15:23:46.707375+00:00,IPFS,publish,publish_provider_registry,71035.25591699872,SUCCESS
707a6258-22c8-4bd9-a078-f6919927e93e,2026-07-27T15:23:46.716877+00:00,IPFS,ipfs,ipns_resolve,8.920583000872284,SUCCESS
707a6258-22c8-4bd9-a078-f6919927e93e,2026-07-27T15:23:46.723538+00:00,IPFS,ipfs,ipfs_cat_json,6.384166990756057,SUCCESS
707a6258-22c8-4bd9-a078-f6919927e93e,2026-07-27T15:23:46.740351+00:00,IPFS,ipfs,ipns_resolve,3.435459002503194,SUCCESS
707a6258-22c8-4bd9-a078-f6919927e93e,2026-07-27T15:23:46.749248+00:00,IPFS,ipfs,ipfs_cat_json,7.971333005116321,SUCCESS
707a6258-22c8-4bd9-a078-f6919927e93e,2026-07-27T15:23:46.751263+00:00,IPFS,ipfs,ipns_resolve,1.3978339993627742,SUCCESS
707a6258-22c8-4bd9-a078-f6919927e93e,2026-07-27T15:23:46.752614+00:00,IPFS,ipfs,ipfs_cat_json,1.2229999992996454,SUCCESS
707a6258-22c8-4bd9-a078-f6919927e93e,2026-07-27T15:23:46.753487+00:00,IPFS,discovery,broker_discovery,45.793249999405816,SUCCESS
707a6258-22c8-4bd9-a078-f6919927e93e,2026-07-27T15:23:46.754460+00:00,IPFS,dap,dap_create_capability,0.8805420075077564,SUCCESS
707a6258-22c8-4bd9-a078-f6919927e93e,2026-07-27T15:23:46.762540+00:00,IPFS,dap,dap_encrypt_enc_cap,7.923166995169595,SUCCESS
707a6258-22c8-4bd9-a078-f6919927e93e,2026-07-27T15:23:46.763629+00:00,IPFS,idap,client_session_init,0.5501249979715794,SUCCESS
707a6258-22c8-4bd9-a078-f6919927e93e,2026-07-27T15:23:46.763748+00:00,IPFS,idap,client_ephemeral_public_key,0.005209003575146198,SUCCESS
707a6258-22c8-4bd9-a078-f6919927e93e,2026-07-27T15:23:46.764102+00:00,IPFS,idap,client_request_sign,0.29150000773370266,SUCCESS
707a6258-22c8-4bd9-a078-f6919927e93e,2026-07-27T15:23:46.764169+00:00,IPFS,idap,canonical_request_payload,0.01404101203661412,SUCCESS
707a6258-22c8-4bd9-a078-f6919927e93e,2026-07-27T15:23:46.766311+00:00,IPFS,ipfs,ipns_resolve,1.679459004662931,SUCCESS
707a6258-22c8-4bd9-a078-f6919927e93e,2026-07-27T15:23:46.767621+00:00,IPFS,ipfs,ipfs_cat_json,1.244250001036562,SUCCESS
707a6258-22c8-4bd9-a078-f6919927e93e,2026-07-27T15:23:46.769487+00:00,IPFS,ipfs,ipns_resolve,1.4457920042332262,SUCCESS
707a6258-22c8-4bd9-a078-f6919927e93e,2026-07-27T15:23:46.770157+00:00,IPFS,ipfs,ipfs_cat_json,0.5888330051675439,SUCCESS
707a6258-22c8-4bd9-a078-f6919927e93e,2026-07-27T15:23:46.771522+00:00,IPFS,ipfs,ipns_resolve,0.9721249953145161,SUCCESS
707a6258-22c8-4bd9-a078-f6919927e93e,2026-07-27T15:23:46.772595+00:00,IPFS,ipfs,ipfs_cat_json,1.0015420120907947,SUCCESS
707a6258-22c8-4bd9-a078-f6919927e93e,2026-07-27T15:23:46.774231+00:00,IPFS,ipfs,ipns_resolve,1.250166998943314,SUCCESS
707a6258-22c8-4bd9-a078-f6919927e93e,2026-07-27T15:23:46.775363+00:00,IPFS,ipfs,ipfs_cat_json,1.0668750037439167,SUCCESS
707a6258-22c8-4bd9-a078-f6919927e93e,2026-07-27T15:23:46.777197+00:00,IPFS,idap,idap_authorize,12.97145799617283,SUCCESS
707a6258-22c8-4bd9-a078-f6919927e93e,2026-07-27T15:23:46.778535+00:00,IPFS,ipfs,ipns_resolve,0.9211249998770654,SUCCESS
707a6258-22c8-4bd9-a078-f6919927e93e,2026-07-27T15:23:46.779103+00:00,IPFS,ipfs,ipfs_cat_json,0.49266600399278104,SUCCESS
707a6258-22c8-4bd9-a078-f6919927e93e,2026-07-27T15:23:46.780470+00:00,IPFS,ipfs,ipns_resolve,0.9788750030566007,SUCCESS
707a6258-22c8-4bd9-a078-f6919927e93e,2026-07-27T15:23:46.780983+00:00,IPFS,ipfs,ipfs_cat_json,0.4571669996948913,SUCCESS
707a6258-22c8-4bd9-a078-f6919927e93e,2026-07-27T15:23:46.782010+00:00,IPFS,ipfs,ipns_resolve,0.674833994708024,SUCCESS
707a6258-22c8-4bd9-a078-f6919927e93e,2026-07-27T15:23:46.782548+00:00,IPFS,ipfs,ipfs_cat_json,0.47395899309776723,SUCCESS
707a6258-22c8-4bd9-a078-f6919927e93e,2026-07-27T15:23:46.783710+00:00,IPFS,ipfs,ipns_resolve,0.8131249924190342,SUCCESS
707a6258-22c8-4bd9-a078-f6919927e93e,2026-07-27T15:23:46.784241+00:00,IPFS,ipfs,ipfs_cat_json,0.46808399201836437,SUCCESS
707a6258-22c8-4bd9-a078-f6919927e93e,2026-07-27T15:23:46.785324+00:00,IPFS,idap,idap_replay_check,8.06499998725485,SUCCESS
707a6258-22c8-4bd9-a078-f6919927e93e,2026-07-27T15:23:46.786579+00:00,IPFS,ipfs,ipns_resolve,1.181375002488494,SUCCESS
707a6258-22c8-4bd9-a078-f6919927e93e,2026-07-27T15:23:46.789152+00:00,IPFS,ipfs,ipfs_cat_json,2.4598330055596307,SUCCESS
707a6258-22c8-4bd9-a078-f6919927e93e,2026-07-27T15:23:46.789642+00:00,IPFS,idap,resolve_service_public_key,4.257708991644904,SUCCESS
707a6258-22c8-4bd9-a078-f6919927e93e,2026-07-27T15:23:46.789708+00:00,IPFS,idap,compute_transcript,0.015249999705702066,SUCCESS
707a6258-22c8-4bd9-a078-f6919927e93e,2026-07-27T15:23:46.789996+00:00,IPFS,idap,transcript_verify,0.24500000290572643,SUCCESS
707a6258-22c8-4bd9-a078-f6919927e93e,2026-07-27T15:23:46.790232+00:00,IPFS,idap,client_shared_secret_derivation,0.19212500774301589,SUCCESS
707a6258-22c8-4bd9-a078-f6919927e93e,2026-07-27T15:23:46.790299+00:00,IPFS,idap,client_session_key_derivation,0.026374997105449438,SUCCESS
707a6258-22c8-4bd9-a078-f6919927e93e,2026-07-27T15:23:46.790374+00:00,IPFS,crypto,encrypt_message,0.022833002731204033,SUCCESS
707a6258-22c8-4bd9-a078-f6919927e93e,2026-07-27T15:23:46.790422+00:00,IPFS,crypto,decrypt_message,0.006374990334734321,SUCCESS
707a6258-22c8-4bd9-a078-f6919927e93e,2026-07-27T15:23:46.790726+00:00,IPFS,tampering,tampered_request_sign,0.24179198953788728,SUCCESS
707a6258-22c8-4bd9-a078-f6919927e93e,2026-07-27T15:23:46.792570+00:00,IPFS,ipfs,ipns_resolve,1.4620829897467047,SUCCESS
707a6258-22c8-4bd9-a078-f6919927e93e,2026-07-27T15:23:46.793378+00:00,IPFS,ipfs,ipfs_cat_json,0.7469999982276931,SUCCESS
707a6258-22c8-4bd9-a078-f6919927e93e,2026-07-27T15:23:46.795176+00:00,IPFS,ipfs,ipns_resolve,1.385708004818298,SUCCESS
707a6258-22c8-4bd9-a078-f6919927e93e,2026-07-27T15:23:46.796350+00:00,IPFS,ipfs,ipfs_cat_json,1.1076250084443018,SUCCESS
707a6258-22c8-4bd9-a078-f6919927e93e,2026-07-27T15:23:46.797767+00:00,IPFS,ipfs,ipns_resolve,1.0960419895127416,SUCCESS
707a6258-22c8-4bd9-a078-f6919927e93e,2026-07-27T15:23:46.798748+00:00,IPFS,ipfs,ipfs_cat_json,0.9197920007864013,SUCCESS
707a6258-22c8-4bd9-a078-f6919927e93e,2026-07-27T15:23:46.799685+00:00,IPFS,ipfs,ipns_resolve,0.6377090030582622,SUCCESS
707a6258-22c8-4bd9-a078-f6919927e93e,2026-07-27T15:23:46.800260+00:00,IPFS,ipfs,ipfs_cat_json,0.5185839982004836,SUCCESS
707a6258-22c8-4bd9-a078-f6919927e93e,2026-07-27T15:23:46.802942+00:00,IPFS,tampering,tampering_check,11.838584003271535,SUCCESS
707a6258-22c8-4bd9-a078-f6919927e93e,2026-07-27T15:23:46.803078+00:00,IPFS,summary,total_flow,223972.3237920116,SUCCESS
9195b5f0-7dd9-40ab-b732-bb776ee3b98b,2026-07-27T15:23:47.036981+00:00,IPFS,startup,initialize_store,0.1128330040955916,SUCCESS
9195b5f0-7dd9-40ab-b732-bb776ee3b98b,2026-07-27T15:23:47.042756+00:00,IPFS,startup,generate_identity_cp,5.42945800407324,SUCCESS
9195b5f0-7dd9-40ab-b732-bb776ee3b98b,2026-07-27T15:23:47.043015+00:00,IPFS,startup,generate_identity_sp,0.20154200319666415,SUCCESS
9195b5f0-7dd9-40ab-b732-bb776ee3b98b,2026-07-27T15:23:47.043236+00:00,IPFS,startup,generate_identity_c1,0.18200000340584666,SUCCESS
9195b5f0-7dd9-40ab-b732-bb776ee3b98b,2026-07-27T15:23:47.043438+00:00,IPFS,startup,generate_identity_s1,0.16900000628083944,SUCCESS
9195b5f0-7dd9-40ab-b732-bb776ee3b98b,2026-07-27T15:23:47.095197+00:00,IPFS,ipfs,ipfs_key_gen,0.9918339928844944,SUCCESS
9195b5f0-7dd9-40ab-b732-bb776ee3b98b,2026-07-27T15:23:47.125966+00:00,IPFS,ipfs,ipfs_add_json,29.42450001137331,SUCCESS
9195b5f0-7dd9-40ab-b732-bb776ee3b98b,2026-07-27T15:24:00.053217+00:00,IPFS,ipfs,ipns_publish,12925.443749991246,SUCCESS
9195b5f0-7dd9-40ab-b732-bb776ee3b98b,2026-07-27T15:24:00.055456+00:00,IPFS,publish,publish_identity_cp,13011.846042005345,SUCCESS
9195b5f0-7dd9-40ab-b732-bb776ee3b98b,2026-07-27T15:24:00.105794+00:00,IPFS,ipfs,ipfs_key_gen,1.9745419995160773,SUCCESS
9195b5f0-7dd9-40ab-b732-bb776ee3b98b,2026-07-27T15:24:00.136124+00:00,IPFS,ipfs,ipfs_add_json,25.785999998333864,SUCCESS
9195b5f0-7dd9-40ab-b732-bb776ee3b98b,2026-07-27T15:24:10.035347+00:00,IPFS,ipfs,ipns_publish,9897.936458000913,SUCCESS
9195b5f0-7dd9-40ab-b732-bb776ee3b98b,2026-07-27T15:24:10.040117+00:00,IPFS,publish,publish_identity_sp,9984.125040995423,SUCCESS
9195b5f0-7dd9-40ab-b732-bb776ee3b98b,2026-07-27T15:24:10.100860+00:00,IPFS,ipfs,ipfs_key_gen,2.6482499961275607,SUCCESS
9195b5f0-7dd9-40ab-b732-bb776ee3b98b,2026-07-27T15:24:10.124448+00:00,IPFS,ipfs,ipfs_add_json,20.871000000624917,SUCCESS
9195b5f0-7dd9-40ab-b732-bb776ee3b98b,2026-07-27T15:24:49.206758+00:00,IPFS,ipfs,ipns_publish,39080.92429098906,SUCCESS
9195b5f0-7dd9-40ab-b732-bb776ee3b98b,2026-07-27T15:24:49.211693+00:00,IPFS,publish,publish_identity_c1,39170.98712499137,SUCCESS
9195b5f0-7dd9-40ab-b732-bb776ee3b98b,2026-07-27T15:24:49.329341+00:00,IPFS,ipfs,ipfs_key_gen,1.0305000032531098,SUCCESS
9195b5f0-7dd9-40ab-b732-bb776ee3b98b,2026-07-27T15:24:49.373780+00:00,IPFS,ipfs,ipfs_add_json,42.44845799985342,SUCCESS
9195b5f0-7dd9-40ab-b732-bb776ee3b98b,2026-07-27T15:25:27.203121+00:00,IPFS,ipfs,ipns_publish,37827.91033299873,SUCCESS
9195b5f0-7dd9-40ab-b732-bb776ee3b98b,2026-07-27T15:25:27.206619+00:00,IPFS,publish,publish_identity_s1,37994.385749989306,SUCCESS
9195b5f0-7dd9-40ab-b732-bb776ee3b98b,2026-07-27T15:25:27.262844+00:00,IPFS,ipfs,ipfs_key_gen,1.4423329994315282,SUCCESS
9195b5f0-7dd9-40ab-b732-bb776ee3b98b,2026-07-27T15:25:27.303813+00:00,IPFS,ipfs,ipfs_add_json,38.150541004142724,SUCCESS
9195b5f0-7dd9-40ab-b732-bb776ee3b98b,2026-07-27T15:25:35.655433+00:00,IPFS,ipfs,ipns_publish,8348.177624997334,SUCCESS
9195b5f0-7dd9-40ab-b732-bb776ee3b98b,2026-07-27T15:25:35.659832+00:00,IPFS,publish,publish_service_metadata,8452.809916998376,SUCCESS
9195b5f0-7dd9-40ab-b732-bb776ee3b98b,2026-07-27T15:25:35.728472+00:00,IPFS,ipfs,ipfs_key_gen,1.3911669957451522,SUCCESS
9195b5f0-7dd9-40ab-b732-bb776ee3b98b,2026-07-27T15:25:35.758991+00:00,IPFS,ipfs,ipfs_add_json,21.834375002072193,SUCCESS
9195b5f0-7dd9-40ab-b732-bb776ee3b98b,2026-07-27T15:25:54.376366+00:00,IPFS,ipfs,ipns_publish,18615.780082996935,SUCCESS
9195b5f0-7dd9-40ab-b732-bb776ee3b98b,2026-07-27T15:25:54.381593+00:00,IPFS,publish,publish_provider_registry,18721.33745800238,SUCCESS
9195b5f0-7dd9-40ab-b732-bb776ee3b98b,2026-07-27T15:25:54.387190+00:00,IPFS,ipfs,ipns_resolve,5.192374999751337,SUCCESS
9195b5f0-7dd9-40ab-b732-bb776ee3b98b,2026-07-27T15:25:54.390006+00:00,IPFS,ipfs,ipfs_cat_json,2.526625001337379,SUCCESS
9195b5f0-7dd9-40ab-b732-bb776ee3b98b,2026-07-27T15:25:54.397239+00:00,IPFS,ipfs,ipns_resolve,1.419124993844889,SUCCESS
9195b5f0-7dd9-40ab-b732-bb776ee3b98b,2026-07-27T15:25:54.398369+00:00,IPFS,ipfs,ipfs_cat_json,0.9474589896854013,SUCCESS
9195b5f0-7dd9-40ab-b732-bb776ee3b98b,2026-07-27T15:25:54.400810+00:00,IPFS,ipfs,ipns_resolve,1.5093749971129,SUCCESS
9195b5f0-7dd9-40ab-b732-bb776ee3b98b,2026-07-27T15:25:54.401847+00:00,IPFS,ipfs,ipfs_cat_json,0.9301249956479296,SUCCESS
9195b5f0-7dd9-40ab-b732-bb776ee3b98b,2026-07-27T15:25:54.402467+00:00,IPFS,discovery,broker_discovery,20.66325000487268,SUCCESS
9195b5f0-7dd9-40ab-b732-bb776ee3b98b,2026-07-27T15:25:54.402974+00:00,IPFS,dap,dap_create_capability,0.4445409867912531,SUCCESS
9195b5f0-7dd9-40ab-b732-bb776ee3b98b,2026-07-27T15:25:54.416082+00:00,IPFS,dap,dap_encrypt_enc_cap,12.94908398995176,SUCCESS
9195b5f0-7dd9-40ab-b732-bb776ee3b98b,2026-07-27T15:25:54.416335+00:00,IPFS,idap,client_session_init,0.11216700659133494,SUCCESS
9195b5f0-7dd9-40ab-b732-bb776ee3b98b,2026-07-27T15:25:54.416392+00:00,IPFS,idap,client_ephemeral_public_key,0.003665991243906319,SUCCESS
9195b5f0-7dd9-40ab-b732-bb776ee3b98b,2026-07-27T15:25:54.416651+00:00,IPFS,idap,client_request_sign,0.21341700630728155,SUCCESS
9195b5f0-7dd9-40ab-b732-bb776ee3b98b,2026-07-27T15:25:54.416700+00:00,IPFS,idap,canonical_request_payload,0.009625000529922545,SUCCESS
9195b5f0-7dd9-40ab-b732-bb776ee3b98b,2026-07-27T15:25:54.418316+00:00,IPFS,ipfs,ipns_resolve,1.2384169967845082,SUCCESS
9195b5f0-7dd9-40ab-b732-bb776ee3b98b,2026-07-27T15:25:54.419318+00:00,IPFS,ipfs,ipfs_cat_json,0.9082500037038699,SUCCESS
9195b5f0-7dd9-40ab-b732-bb776ee3b98b,2026-07-27T15:25:54.420549+00:00,IPFS,ipfs,ipns_resolve,0.8613329991931096,SUCCESS
9195b5f0-7dd9-40ab-b732-bb776ee3b98b,2026-07-27T15:25:54.421145+00:00,IPFS,ipfs,ipfs_cat_json,0.5195419944357127,SUCCESS
9195b5f0-7dd9-40ab-b732-bb776ee3b98b,2026-07-27T15:25:54.423318+00:00,IPFS,ipfs,ipns_resolve,1.8217920005554333,SUCCESS
9195b5f0-7dd9-40ab-b732-bb776ee3b98b,2026-07-27T15:25:54.424188+00:00,IPFS,ipfs,ipfs_cat_json,0.7999579975148663,SUCCESS
9195b5f0-7dd9-40ab-b732-bb776ee3b98b,2026-07-27T15:25:54.425326+00:00,IPFS,ipfs,ipns_resolve,0.8197500137612224,SUCCESS
9195b5f0-7dd9-40ab-b732-bb776ee3b98b,2026-07-27T15:25:54.426076+00:00,IPFS,ipfs,ipfs_cat_json,0.6872499943710864,SUCCESS
9195b5f0-7dd9-40ab-b732-bb776ee3b98b,2026-07-27T15:25:54.427721+00:00,IPFS,idap,idap_authorize,10.971499999868684,SUCCESS
9195b5f0-7dd9-40ab-b732-bb776ee3b98b,2026-07-27T15:25:54.429145+00:00,IPFS,ipfs,ipns_resolve,1.0003750066971406,SUCCESS
9195b5f0-7dd9-40ab-b732-bb776ee3b98b,2026-07-27T15:25:54.429678+00:00,IPFS,ipfs,ipfs_cat_json,0.4596660000970587,SUCCESS
9195b5f0-7dd9-40ab-b732-bb776ee3b98b,2026-07-27T15:25:54.431053+00:00,IPFS,ipfs,ipns_resolve,1.0970000002998859,SUCCESS
9195b5f0-7dd9-40ab-b732-bb776ee3b98b,2026-07-27T15:25:54.431585+00:00,IPFS,ipfs,ipfs_cat_json,0.48720798804424703,SUCCESS
9195b5f0-7dd9-40ab-b732-bb776ee3b98b,2026-07-27T15:25:54.432485+00:00,IPFS,ipfs,ipns_resolve,0.6294170016190037,SUCCESS
9195b5f0-7dd9-40ab-b732-bb776ee3b98b,2026-07-27T15:25:54.433374+00:00,IPFS,ipfs,ipfs_cat_json,0.49608400149736553,SUCCESS
9195b5f0-7dd9-40ab-b732-bb776ee3b98b,2026-07-27T15:25:54.434310+00:00,IPFS,ipfs,ipns_resolve,0.6540830072481185,SUCCESS
9195b5f0-7dd9-40ab-b732-bb776ee3b98b,2026-07-27T15:25:54.434789+00:00,IPFS,ipfs,ipfs_cat_json,0.43162499787285924,SUCCESS
9195b5f0-7dd9-40ab-b732-bb776ee3b98b,2026-07-27T15:25:54.435673+00:00,IPFS,idap,idap_replay_check,7.89420900400728,SUCCESS
9195b5f0-7dd9-40ab-b732-bb776ee3b98b,2026-07-27T15:25:54.437216+00:00,IPFS,ipfs,ipns_resolve,1.4891249884385616,SUCCESS
9195b5f0-7dd9-40ab-b732-bb776ee3b98b,2026-07-27T15:25:54.438444+00:00,IPFS,ipfs,ipfs_cat_json,1.1850420123664662,SUCCESS
9195b5f0-7dd9-40ab-b732-bb776ee3b98b,2026-07-27T15:25:54.438701+00:00,IPFS,idap,resolve_service_public_key,2.980874996865168,SUCCESS
9195b5f0-7dd9-40ab-b732-bb776ee3b98b,2026-07-27T15:25:54.438996+00:00,IPFS,idap,compute_transcript,0.010458999895490706,SUCCESS
9195b5f0-7dd9-40ab-b732-bb776ee3b98b,2026-07-27T15:25:54.439229+00:00,IPFS,idap,transcript_verify,0.1990000018849969,SUCCESS
9195b5f0-7dd9-40ab-b732-bb776ee3b98b,2026-07-27T15:25:54.439429+00:00,IPFS,idap,client_shared_secret_derivation,0.1618329988559708,SUCCESS
9195b5f0-7dd9-40ab-b732-bb776ee3b98b,2026-07-27T15:25:54.439537+00:00,IPFS,idap,client_session_key_derivation,0.06966599903535098,SUCCESS
9195b5f0-7dd9-40ab-b732-bb776ee3b98b,2026-07-27T15:25:54.439600+00:00,IPFS,crypto,encrypt_message,0.019207989680580795,SUCCESS
9195b5f0-7dd9-40ab-b732-bb776ee3b98b,2026-07-27T15:25:54.439651+00:00,IPFS,crypto,decrypt_message,0.0051670067477971315,SUCCESS
9195b5f0-7dd9-40ab-b732-bb776ee3b98b,2026-07-27T15:25:54.439891+00:00,IPFS,tampering,tampered_request_sign,0.18862499564420432,SUCCESS
9195b5f0-7dd9-40ab-b732-bb776ee3b98b,2026-07-27T15:25:54.441367+00:00,IPFS,ipfs,ipns_resolve,1.164082990726456,SUCCESS
9195b5f0-7dd9-40ab-b732-bb776ee3b98b,2026-07-27T15:25:54.442008+00:00,IPFS,ipfs,ipfs_cat_json,0.5732499994337559,SUCCESS
9195b5f0-7dd9-40ab-b732-bb776ee3b98b,2026-07-27T15:25:54.443135+00:00,IPFS,ipfs,ipns_resolve,0.818915999843739,SUCCESS
9195b5f0-7dd9-40ab-b732-bb776ee3b98b,2026-07-27T15:25:54.443685+00:00,IPFS,ipfs,ipfs_cat_json,0.4976659984095022,SUCCESS
9195b5f0-7dd9-40ab-b732-bb776ee3b98b,2026-07-27T15:25:54.444718+00:00,IPFS,ipfs,ipns_resolve,0.760292008635588,SUCCESS
9195b5f0-7dd9-40ab-b732-bb776ee3b98b,2026-07-27T15:25:54.445211+00:00,IPFS,ipfs,ipfs_cat_json,0.44387500383891165,SUCCESS
9195b5f0-7dd9-40ab-b732-bb776ee3b98b,2026-07-27T15:25:54.446511+00:00,IPFS,ipfs,ipns_resolve,1.014333000057377,SUCCESS
9195b5f0-7dd9-40ab-b732-bb776ee3b98b,2026-07-27T15:25:54.447058+00:00,IPFS,ipfs,ipfs_cat_json,0.4936250043101609,SUCCESS
9195b5f0-7dd9-40ab-b732-bb776ee3b98b,2026-07-27T15:25:54.447952+00:00,IPFS,tampering,tampering_check,8.015958999749273,SUCCESS
9195b5f0-7dd9-40ab-b732-bb776ee3b98b,2026-07-27T15:25:54.447996+00:00,IPFS,summary,total_flow,127410.84329099976,SUCCESS
71343fd6-9188-4d4e-a750-c86b6f20bfb6,2026-07-27T15:25:54.655354+00:00,IPFS,startup,initialize_store,0.11062499834224582,SUCCESS
71343fd6-9188-4d4e-a750-c86b6f20bfb6,2026-07-27T15:25:54.660779+00:00,IPFS,startup,generate_identity_cp,5.101249989820644,SUCCESS
71343fd6-9188-4d4e-a750-c86b6f20bfb6,2026-07-27T15:25:54.661033+00:00,IPFS,startup,generate_identity_sp,0.19191698811482638,SUCCESS
71343fd6-9188-4d4e-a750-c86b6f20bfb6,2026-07-27T15:25:54.661245+00:00,IPFS,startup,generate_identity_c1,0.1731249940348789,SUCCESS
71343fd6-9188-4d4e-a750-c86b6f20bfb6,2026-07-27T15:25:54.661450+00:00,IPFS,startup,generate_identity_s1,0.16924999363254756,SUCCESS
71343fd6-9188-4d4e-a750-c86b6f20bfb6,2026-07-27T15:25:54.703867+00:00,IPFS,ipfs,ipfs_key_gen,0.6471249944297597,SUCCESS
71343fd6-9188-4d4e-a750-c86b6f20bfb6,2026-07-27T15:25:54.733649+00:00,IPFS,ipfs,ipfs_add_json,28.534750003018416,SUCCESS
71343fd6-9188-4d4e-a750-c86b6f20bfb6,2026-07-27T15:26:43.776792+00:00,IPFS,ipfs,ipns_publish,49041.84170800727,SUCCESS
71343fd6-9188-4d4e-a750-c86b6f20bfb6,2026-07-27T15:26:43.782934+00:00,IPFS,publish,publish_identity_cp,49121.0565839865,SUCCESS
71343fd6-9188-4d4e-a750-c86b6f20bfb6,2026-07-27T15:26:43.857740+00:00,IPFS,ipfs,ipfs_key_gen,1.5096249990165234,SUCCESS
71343fd6-9188-4d4e-a750-c86b6f20bfb6,2026-07-27T15:26:43.891707+00:00,IPFS,ipfs,ipfs_add_json,30.95620800741017,SUCCESS
71343fd6-9188-4d4e-a750-c86b6f20bfb6,2026-07-27T15:26:51.089056+00:00,IPFS,ipfs,ipns_publish,7196.449417009717,SUCCESS
71343fd6-9188-4d4e-a750-c86b6f20bfb6,2026-07-27T15:26:51.091920+00:00,IPFS,publish,publish_identity_sp,7308.12945899379,SUCCESS
71343fd6-9188-4d4e-a750-c86b6f20bfb6,2026-07-27T15:26:51.142908+00:00,IPFS,ipfs,ipfs_key_gen,1.0725829924922436,SUCCESS
71343fd6-9188-4d4e-a750-c86b6f20bfb6,2026-07-27T15:26:51.165516+00:00,IPFS,ipfs,ipfs_add_json,20.99050000833813,SUCCESS
71343fd6-9188-4d4e-a750-c86b6f20bfb6,2026-07-27T15:28:12.189279+00:00,IPFS,ipfs,ipns_publish,81021.75675000763,SUCCESS
71343fd6-9188-4d4e-a750-c86b6f20bfb6,2026-07-27T15:28:12.193359+00:00,IPFS,publish,publish_identity_c1,81100.91987499618,SUCCESS
71343fd6-9188-4d4e-a750-c86b6f20bfb6,2026-07-27T15:28:12.256302+00:00,IPFS,ipfs,ipfs_key_gen,1.131458004238084,SUCCESS
71343fd6-9188-4d4e-a750-c86b6f20bfb6,2026-07-27T15:28:12.295672+00:00,IPFS,ipfs,ipfs_add_json,29.68541599693708,SUCCESS
71343fd6-9188-4d4e-a750-c86b6f20bfb6,2026-07-27T15:28:29.634892+00:00,IPFS,ipfs,ipns_publish,17327.01962500869,SUCCESS
71343fd6-9188-4d4e-a750-c86b6f20bfb6,2026-07-27T15:28:29.640474+00:00,IPFS,publish,publish_identity_s1,17446.409833006328,SUCCESS
71343fd6-9188-4d4e-a750-c86b6f20bfb6,2026-07-27T15:28:29.712378+00:00,IPFS,ipfs,ipfs_key_gen,4.599874999257736,SUCCESS
71343fd6-9188-4d4e-a750-c86b6f20bfb6,2026-07-27T15:28:29.737447+00:00,IPFS,ipfs,ipfs_add_json,20.554332993924618,SUCCESS
71343fd6-9188-4d4e-a750-c86b6f20bfb6,2026-07-27T15:28:40.234069+00:00,IPFS,ipfs,ipns_publish,10495.161749990075,SUCCESS
71343fd6-9188-4d4e-a750-c86b6f20bfb6,2026-07-27T15:28:40.240707+00:00,IPFS,publish,publish_service_metadata,10599.45041598985,SUCCESS
71343fd6-9188-4d4e-a750-c86b6f20bfb6,2026-07-27T15:28:40.307688+00:00,IPFS,ipfs,ipfs_key_gen,1.1517089878907427,SUCCESS
71343fd6-9188-4d4e-a750-c86b6f20bfb6,2026-07-27T15:28:40.328593+00:00,IPFS,ipfs,ipfs_add_json,19.472250001854263,SUCCESS
71343fd6-9188-4d4e-a750-c86b6f20bfb6,2026-07-27T15:28:52.049837+00:00,IPFS,ipfs,ipns_publish,11719.635750007,SUCCESS
71343fd6-9188-4d4e-a750-c86b6f20bfb6,2026-07-27T15:28:52.056378+00:00,IPFS,publish,publish_provider_registry,11814.908667001873,SUCCESS
71343fd6-9188-4d4e-a750-c86b6f20bfb6,2026-07-27T15:28:52.064598+00:00,IPFS,ipfs,ipns_resolve,7.242166990181431,SUCCESS
71343fd6-9188-4d4e-a750-c86b6f20bfb6,2026-07-27T15:28:52.069118+00:00,IPFS,ipfs,ipfs_cat_json,3.877250012010336,SUCCESS
71343fd6-9188-4d4e-a750-c86b6f20bfb6,2026-07-27T15:28:52.078794+00:00,IPFS,ipfs,ipns_resolve,1.986625007702969,SUCCESS
71343fd6-9188-4d4e-a750-c86b6f20bfb6,2026-07-27T15:28:52.080420+00:00,IPFS,ipfs,ipfs_cat_json,1.3283339940244332,SUCCESS
71343fd6-9188-4d4e-a750-c86b6f20bfb6,2026-07-27T15:28:52.082705+00:00,IPFS,ipfs,ipns_resolve,1.3939999917056412,SUCCESS
71343fd6-9188-4d4e-a750-c86b6f20bfb6,2026-07-27T15:28:52.083997+00:00,IPFS,ipfs,ipfs_cat_json,1.1464590061223134,SUCCESS
71343fd6-9188-4d4e-a750-c86b6f20bfb6,2026-07-27T15:28:52.084965+00:00,IPFS,discovery,broker_discovery,28.127249999670312,SUCCESS
71343fd6-9188-4d4e-a750-c86b6f20bfb6,2026-07-27T15:28:52.085875+00:00,IPFS,dap,dap_create_capability,0.8024579874472693,SUCCESS
71343fd6-9188-4d4e-a750-c86b6f20bfb6,2026-07-27T15:28:52.098213+00:00,IPFS,dap,dap_encrypt_enc_cap,12.154750002082437,SUCCESS
71343fd6-9188-4d4e-a750-c86b6f20bfb6,2026-07-27T15:28:52.098555+00:00,IPFS,idap,client_session_init,0.16758400306571275,SUCCESS
71343fd6-9188-4d4e-a750-c86b6f20bfb6,2026-07-27T15:28:52.098645+00:00,IPFS,idap,client_ephemeral_public_key,0.005875001079402864,SUCCESS
71343fd6-9188-4d4e-a750-c86b6f20bfb6,2026-07-27T15:28:52.099056+00:00,IPFS,idap,client_request_sign,0.34058399614878,SUCCESS
71343fd6-9188-4d4e-a750-c86b6f20bfb6,2026-07-27T15:28:52.099140+00:00,IPFS,idap,canonical_request_payload,0.018042002920992672,SUCCESS
71343fd6-9188-4d4e-a750-c86b6f20bfb6,2026-07-27T15:28:52.101383+00:00,IPFS,ipfs,ipns_resolve,1.6363749891752377,SUCCESS
71343fd6-9188-4d4e-a750-c86b6f20bfb6,2026-07-27T15:28:52.102518+00:00,IPFS,ipfs,ipfs_cat_json,1.0420829930808395,SUCCESS
71343fd6-9188-4d4e-a750-c86b6f20bfb6,2026-07-27T15:28:52.104595+00:00,IPFS,ipfs,ipns_resolve,1.5439160051755607,SUCCESS
71343fd6-9188-4d4e-a750-c86b6f20bfb6,2026-07-27T15:28:52.105524+00:00,IPFS,ipfs,ipfs_cat_json,0.80320899724029,SUCCESS
71343fd6-9188-4d4e-a750-c86b6f20bfb6,2026-07-27T15:28:52.107166+00:00,IPFS,ipfs,ipns_resolve,1.1882090038852766,SUCCESS
71343fd6-9188-4d4e-a750-c86b6f20bfb6,2026-07-27T15:28:52.115868+00:00,IPFS,ipfs,ipfs_cat_json,8.544790995074436,SUCCESS
71343fd6-9188-4d4e-a750-c86b6f20bfb6,2026-07-27T15:28:52.126446+00:00,IPFS,ipfs,ipns_resolve,9.826292007346638,SUCCESS
71343fd6-9188-4d4e-a750-c86b6f20bfb6,2026-07-27T15:28:52.129536+00:00,IPFS,ipfs,ipfs_cat_json,2.7033750084228814,SUCCESS
71343fd6-9188-4d4e-a750-c86b6f20bfb6,2026-07-27T15:28:52.133898+00:00,IPFS,idap,idap_authorize,34.4846670050174,SUCCESS
71343fd6-9188-4d4e-a750-c86b6f20bfb6,2026-07-27T15:28:52.138915+00:00,IPFS,ipfs,ipns_resolve,3.9205409993883222,SUCCESS
71343fd6-9188-4d4e-a750-c86b6f20bfb6,2026-07-27T15:28:52.141960+00:00,IPFS,ipfs,ipfs_cat_json,2.5493330031167716,SUCCESS
71343fd6-9188-4d4e-a750-c86b6f20bfb6,2026-07-27T15:28:52.145001+00:00,IPFS,ipfs,ipns_resolve,2.38641700707376,SUCCESS
71343fd6-9188-4d4e-a750-c86b6f20bfb6,2026-07-27T15:28:52.147046+00:00,IPFS,ipfs,ipfs_cat_json,1.5557919978164136,SUCCESS
71343fd6-9188-4d4e-a750-c86b6f20bfb6,2026-07-27T15:28:52.152335+00:00,IPFS,ipfs,ipns_resolve,4.3731670011766255,SUCCESS
71343fd6-9188-4d4e-a750-c86b6f20bfb6,2026-07-27T15:28:52.153996+00:00,IPFS,ipfs,ipfs_cat_json,1.5140000032261014,SUCCESS
71343fd6-9188-4d4e-a750-c86b6f20bfb6,2026-07-27T15:28:52.158304+00:00,IPFS,ipfs,ipns_resolve,3.0922079895390198,SUCCESS
71343fd6-9188-4d4e-a750-c86b6f20bfb6,2026-07-27T15:28:52.159686+00:00,IPFS,ipfs,ipfs_cat_json,1.2351670011412352,SUCCESS
71343fd6-9188-4d4e-a750-c86b6f20bfb6,2026-07-27T15:28:52.161800+00:00,IPFS,idap,idap_replay_check,27.497582996147685,SUCCESS
71343fd6-9188-4d4e-a750-c86b6f20bfb6,2026-07-27T15:28:52.165065+00:00,IPFS,ipfs,ipns_resolve,2.971875001094304,SUCCESS
71343fd6-9188-4d4e-a750-c86b6f20bfb6,2026-07-27T15:28:52.166422+00:00,IPFS,ipfs,ipfs_cat_json,1.1759170010918751,SUCCESS
71343fd6-9188-4d4e-a750-c86b6f20bfb6,2026-07-27T15:28:52.167477+00:00,IPFS,idap,resolve_service_public_key,5.342749995179474,SUCCESS
71343fd6-9188-4d4e-a750-c86b6f20bfb6,2026-07-27T15:28:52.167735+00:00,IPFS,idap,compute_transcript,0.039709004340693355,SUCCESS
71343fd6-9188-4d4e-a750-c86b6f20bfb6,2026-07-27T15:28:52.168311+00:00,IPFS,idap,transcript_verify,0.42725000821519643,SUCCESS
71343fd6-9188-4d4e-a750-c86b6f20bfb6,2026-07-27T15:28:52.168565+00:00,IPFS,idap,client_shared_secret_derivation,0.17141700664069504,SUCCESS
71343fd6-9188-4d4e-a750-c86b6f20bfb6,2026-07-27T15:28:52.168655+00:00,IPFS,idap,client_session_key_derivation,0.03649998689070344,SUCCESS
71343fd6-9188-4d4e-a750-c86b6f20bfb6,2026-07-27T15:28:52.168754+00:00,IPFS,crypto,encrypt_message,0.041749997762963176,SUCCESS
71343fd6-9188-4d4e-a750-c86b6f20bfb6,2026-07-27T15:28:52.168805+00:00,IPFS,crypto,decrypt_message,0.006582995411008596,SUCCESS
71343fd6-9188-4d4e-a750-c86b6f20bfb6,2026-07-27T15:28:52.169092+00:00,IPFS,tampering,tampered_request_sign,0.21133299742359668,SUCCESS
71343fd6-9188-4d4e-a750-c86b6f20bfb6,2026-07-27T15:28:52.172037+00:00,IPFS,ipfs,ipns_resolve,2.390583002124913,SUCCESS
71343fd6-9188-4d4e-a750-c86b6f20bfb6,2026-07-27T15:28:52.173528+00:00,IPFS,ipfs,ipfs_cat_json,1.2087079958291724,SUCCESS
71343fd6-9188-4d4e-a750-c86b6f20bfb6,2026-07-27T15:28:52.175137+00:00,IPFS,ipfs,ipns_resolve,1.153083998360671,SUCCESS
71343fd6-9188-4d4e-a750-c86b6f20bfb6,2026-07-27T15:28:52.175956+00:00,IPFS,ipfs,ipfs_cat_json,0.7461660134140402,SUCCESS
71343fd6-9188-4d4e-a750-c86b6f20bfb6,2026-07-27T15:28:52.177144+00:00,IPFS,ipfs,ipns_resolve,0.8620830049039796,SUCCESS
71343fd6-9188-4d4e-a750-c86b6f20bfb6,2026-07-27T15:28:52.177719+00:00,IPFS,ipfs,ipfs_cat_json,0.4915839963359758,SUCCESS
71343fd6-9188-4d4e-a750-c86b6f20bfb6,2026-07-27T15:28:52.180431+00:00,IPFS,ipfs,ipns_resolve,2.2379580041160807,SUCCESS
71343fd6-9188-4d4e-a750-c86b6f20bfb6,2026-07-27T15:28:52.181190+00:00,IPFS,ipfs,ipfs_cat_json,0.5671669932780787,SUCCESS
71343fd6-9188-4d4e-a750-c86b6f20bfb6,2026-07-27T15:28:52.182183+00:00,IPFS,tampering,tampering_check,13.024125000811182,SUCCESS
71343fd6-9188-4d4e-a750-c86b6f20bfb6,2026-07-27T15:28:52.182241+00:00,IPFS,summary,total_flow,177526.57783399627,SUCCESS
2ae79a24-e670-46cf-a14d-744387249631,2026-07-27T15:28:52.395475+00:00,IPFS,startup,initialize_store,0.1493749878136441,SUCCESS
2ae79a24-e670-46cf-a14d-744387249631,2026-07-27T15:28:52.401404+00:00,IPFS,startup,generate_identity_cp,5.579582997597754,SUCCESS
2ae79a24-e670-46cf-a14d-744387249631,2026-07-27T15:28:52.401637+00:00,IPFS,startup,generate_identity_sp,0.18491700757294893,SUCCESS
2ae79a24-e670-46cf-a14d-744387249631,2026-07-27T15:28:52.401847+00:00,IPFS,startup,generate_identity_c1,0.17337499593850225,SUCCESS
2ae79a24-e670-46cf-a14d-744387249631,2026-07-27T15:28:52.402049+00:00,IPFS,startup,generate_identity_s1,0.1698749983916059,SUCCESS
2ae79a24-e670-46cf-a14d-744387249631,2026-07-27T15:28:52.444888+00:00,IPFS,ipfs,ipfs_key_gen,1.0102919914061204,SUCCESS
2ae79a24-e670-46cf-a14d-744387249631,2026-07-27T15:28:52.465089+00:00,IPFS,ipfs,ipfs_add_json,18.79650000773836,SUCCESS
2ae79a24-e670-46cf-a14d-744387249631,2026-07-27T15:29:54.036759+00:00,IPFS,ipfs,ipns_publish,61568.662874997244,SUCCESS
2ae79a24-e670-46cf-a14d-744387249631,2026-07-27T15:29:54.042296+00:00,IPFS,publish,publish_identity_cp,61639.842167001916,SUCCESS
2ae79a24-e670-46cf-a14d-744387249631,2026-07-27T15:29:54.112857+00:00,IPFS,ipfs,ipfs_key_gen,1.612207997823134,SUCCESS
2ae79a24-e670-46cf-a14d-744387249631,2026-07-27T15:29:54.159428+00:00,IPFS,ipfs,ipfs_add_json,33.3067920000758,SUCCESS
2ae79a24-e670-46cf-a14d-744387249631,2026-07-27T15:30:06.578134+00:00,IPFS,ipfs,ipns_publish,12441.877833000035,SUCCESS
2ae79a24-e670-46cf-a14d-744387249631,2026-07-27T15:30:06.582255+00:00,IPFS,publish,publish_identity_sp,12563.24049999239,SUCCESS
2ae79a24-e670-46cf-a14d-744387249631,2026-07-27T15:30:06.699404+00:00,IPFS,ipfs,ipfs_key_gen,1.189083995996043,SUCCESS
2ae79a24-e670-46cf-a14d-744387249631,2026-07-27T15:30:06.756381+00:00,IPFS,ipfs,ipfs_add_json,55.173458997160196,SUCCESS
2ae79a24-e670-46cf-a14d-744387249631,2026-07-27T15:31:00.438845+00:00,IPFS,ipfs,ipns_publish,53695.081500001834,SUCCESS
2ae79a24-e670-46cf-a14d-744387249631,2026-07-27T15:31:00.455642+00:00,IPFS,publish,publish_identity_c1,53881.62316699163,SUCCESS
2ae79a24-e670-46cf-a14d-744387249631,2026-07-27T15:31:00.552101+00:00,IPFS,ipfs,ipfs_key_gen,1.2652500008698553,SUCCESS
2ae79a24-e670-46cf-a14d-744387249631,2026-07-27T15:31:00.594124+00:00,IPFS,ipfs,ipfs_add_json,32.19212499971036,SUCCESS
2ae79a24-e670-46cf-a14d-744387249631,2026-07-27T15:31:13.075786+00:00,IPFS,ipfs,ipns_publish,12480.517042000429,SUCCESS
2ae79a24-e670-46cf-a14d-744387249631,2026-07-27T15:31:13.080032+00:00,IPFS,publish,publish_identity_s1,12614.603709007497,SUCCESS
2ae79a24-e670-46cf-a14d-744387249631,2026-07-27T15:31:13.155636+00:00,IPFS,ipfs,ipfs_key_gen,1.3963329984107986,SUCCESS
2ae79a24-e670-46cf-a14d-744387249631,2026-07-27T15:31:13.181314+00:00,IPFS,ipfs,ipfs_add_json,22.99437500187196,SUCCESS
2ae79a24-e670-46cf-a14d-744387249631,2026-07-27T15:31:32.133852+00:00,IPFS,ipfs,ipns_publish,18951.312834004057,SUCCESS
2ae79a24-e670-46cf-a14d-744387249631,2026-07-27T15:31:32.140072+00:00,IPFS,publish,publish_service_metadata,19059.86983299954,SUCCESS
2ae79a24-e670-46cf-a14d-744387249631,2026-07-27T15:31:32.216615+00:00,IPFS,ipfs,ipfs_key_gen,1.0710419883253053,SUCCESS
2ae79a24-e670-46cf-a14d-744387249631,2026-07-27T15:31:32.245406+00:00,IPFS,ipfs,ipfs_add_json,26.349249994382262,SUCCESS
2ae79a24-e670-46cf-a14d-744387249631,2026-07-27T15:31:49.159780+00:00,IPFS,ipfs,ipns_publish,16913.75604199129,SUCCESS
2ae79a24-e670-46cf-a14d-744387249631,2026-07-27T15:31:49.171091+00:00,IPFS,publish,publish_provider_registry,17030.674833004014,SUCCESS
2ae79a24-e670-46cf-a14d-744387249631,2026-07-27T15:31:49.178349+00:00,IPFS,ipfs,ipns_resolve,6.766874997993,SUCCESS
2ae79a24-e670-46cf-a14d-744387249631,2026-07-27T15:31:49.182269+00:00,IPFS,ipfs,ipfs_cat_json,3.279832992120646,SUCCESS
2ae79a24-e670-46cf-a14d-744387249631,2026-07-27T15:31:49.201973+00:00,IPFS,ipfs,ipns_resolve,9.021457997732796,SUCCESS
2ae79a24-e670-46cf-a14d-744387249631,2026-07-27T15:31:49.203641+00:00,IPFS,ipfs,ipfs_cat_json,1.4146660105325282,SUCCESS
2ae79a24-e670-46cf-a14d-744387249631,2026-07-27T15:31:49.205631+00:00,IPFS,ipfs,ipns_resolve,1.3296249962877482,SUCCESS
2ae79a24-e670-46cf-a14d-744387249631,2026-07-27T15:31:49.206568+00:00,IPFS,ipfs,ipfs_cat_json,0.8323329966515303,SUCCESS
2ae79a24-e670-46cf-a14d-744387249631,2026-07-27T15:31:49.207345+00:00,IPFS,discovery,broker_discovery,36.03633299644571,SUCCESS
2ae79a24-e670-46cf-a14d-744387249631,2026-07-27T15:31:49.208120+00:00,IPFS,dap,dap_create_capability,0.680665994877927,SUCCESS
2ae79a24-e670-46cf-a14d-744387249631,2026-07-27T15:31:49.217201+00:00,IPFS,dap,dap_encrypt_enc_cap,8.800000010523945,SUCCESS
2ae79a24-e670-46cf-a14d-744387249631,2026-07-27T15:31:49.217596+00:00,IPFS,idap,client_session_init,0.16691599739715457,SUCCESS
2ae79a24-e670-46cf-a14d-744387249631,2026-07-27T15:31:49.217678+00:00,IPFS,idap,client_ephemeral_public_key,0.007499998901039362,SUCCESS
2ae79a24-e670-46cf-a14d-744387249631,2026-07-27T15:31:49.219294+00:00,IPFS,idap,client_request_sign,0.27291699370834976,SUCCESS
2ae79a24-e670-46cf-a14d-744387249631,2026-07-27T15:31:49.219383+00:00,IPFS,idap,canonical_request_payload,0.018584003555588424,SUCCESS
2ae79a24-e670-46cf-a14d-744387249631,2026-07-27T15:31:49.222099+00:00,IPFS,ipfs,ipns_resolve,2.1030829957453534,SUCCESS
2ae79a24-e670-46cf-a14d-744387249631,2026-07-27T15:31:49.225839+00:00,IPFS,ipfs,ipfs_cat_json,3.358458008733578,SUCCESS
2ae79a24-e670-46cf-a14d-744387249631,2026-07-27T15:31:49.230831+00:00,IPFS,ipfs,ipns_resolve,3.343415999552235,SUCCESS
2ae79a24-e670-46cf-a14d-744387249631,2026-07-27T15:31:49.231980+00:00,IPFS,ipfs,ipfs_cat_json,0.9766670118551701,SUCCESS
2ae79a24-e670-46cf-a14d-744387249631,2026-07-27T15:31:49.233622+00:00,IPFS,ipfs,ipns_resolve,1.1558330006664619,SUCCESS
2ae79a24-e670-46cf-a14d-744387249631,2026-07-27T15:31:49.234472+00:00,IPFS,ipfs,ipfs_cat_json,0.7345000049099326,SUCCESS
2ae79a24-e670-46cf-a14d-744387249631,2026-07-27T15:31:49.235948+00:00,IPFS,ipfs,ipns_resolve,1.0079169878736138,SUCCESS
2ae79a24-e670-46cf-a14d-744387249631,2026-07-27T15:31:49.237021+00:00,IPFS,ipfs,ipfs_cat_json,0.9852919902186841,SUCCESS
2ae79a24-e670-46cf-a14d-744387249631,2026-07-27T15:31:49.238810+00:00,IPFS,idap,idap_authorize,19.311791998916306,SUCCESS
2ae79a24-e670-46cf-a14d-744387249631,2026-07-27T15:31:49.240714+00:00,IPFS,ipfs,ipns_resolve,1.4553330111084506,SUCCESS
2ae79a24-e670-46cf-a14d-744387249631,2026-07-27T15:31:49.242080+00:00,IPFS,ipfs,ipfs_cat_json,1.2604579969774932,SUCCESS
2ae79a24-e670-46cf-a14d-744387249631,2026-07-27T15:31:49.244509+00:00,IPFS,ipfs,ipns_resolve,1.8601250048959628,SUCCESS
2ae79a24-e670-46cf-a14d-744387249631,2026-07-27T15:31:49.245549+00:00,IPFS,ipfs,ipfs_cat_json,0.8989999914774671,SUCCESS
2ae79a24-e670-46cf-a14d-744387249631,2026-07-27T15:31:49.246985+00:00,IPFS,ipfs,ipns_resolve,1.0348750074626878,SUCCESS
2ae79a24-e670-46cf-a14d-744387249631,2026-07-27T15:31:49.248143+00:00,IPFS,ipfs,ipfs_cat_json,0.8452920010313392,SUCCESS
2ae79a24-e670-46cf-a14d-744387249631,2026-07-27T15:31:49.250185+00:00,IPFS,ipfs,ipns_resolve,1.6609580052318051,SUCCESS
2ae79a24-e670-46cf-a14d-744387249631,2026-07-27T15:31:49.251379+00:00,IPFS,ipfs,ipfs_cat_json,1.112415993702598,SUCCESS
2ae79a24-e670-46cf-a14d-744387249631,2026-07-27T15:31:49.252375+00:00,IPFS,idap,idap_replay_check,13.48366700403858,SUCCESS
2ae79a24-e670-46cf-a14d-744387249631,2026-07-27T15:31:49.254502+00:00,IPFS,ipfs,ipns_resolve,1.989124997635372,SUCCESS
2ae79a24-e670-46cf-a14d-744387249631,2026-07-27T15:31:49.255147+00:00,IPFS,ipfs,ipfs_cat_json,0.5423330003395677,SUCCESS
2ae79a24-e670-46cf-a14d-744387249631,2026-07-27T15:31:49.255453+00:00,IPFS,idap,resolve_service_public_key,3.025375001016073,SUCCESS
2ae79a24-e670-46cf-a14d-744387249631,2026-07-27T15:31:49.255505+00:00,IPFS,idap,compute_transcript,0.011083000572398305,SUCCESS
2ae79a24-e670-46cf-a14d-744387249631,2026-07-27T15:31:49.255799+00:00,IPFS,idap,transcript_verify,0.2574160025687888,SUCCESS
2ae79a24-e670-46cf-a14d-744387249631,2026-07-27T15:31:49.256028+00:00,IPFS,idap,client_shared_secret_derivation,0.16891599807422608,SUCCESS
2ae79a24-e670-46cf-a14d-744387249631,2026-07-27T15:31:49.256106+00:00,IPFS,idap,client_session_key_derivation,0.04270799399819225,SUCCESS
2ae79a24-e670-46cf-a14d-744387249631,2026-07-27T15:31:49.256175+00:00,IPFS,crypto,encrypt_message,0.024249995476566255,SUCCESS
2ae79a24-e670-46cf-a14d-744387249631,2026-07-27T15:31:49.256224+00:00,IPFS,crypto,decrypt_message,0.006208007107488811,SUCCESS
2ae79a24-e670-46cf-a14d-744387249631,2026-07-27T15:31:49.256484+00:00,IPFS,tampering,tampered_request_sign,0.2037499943980947,SUCCESS
2ae79a24-e670-46cf-a14d-744387249631,2026-07-27T15:31:49.258254+00:00,IPFS,ipfs,ipns_resolve,1.426666000043042,SUCCESS
2ae79a24-e670-46cf-a14d-744387249631,2026-07-27T15:31:49.260118+00:00,IPFS,ipfs,ipfs_cat_json,1.7978749965550378,SUCCESS
2ae79a24-e670-46cf-a14d-744387249631,2026-07-27T15:31:49.261168+00:00,IPFS,ipfs,ipns_resolve,0.7371670071734115,SUCCESS
2ae79a24-e670-46cf-a14d-744387249631,2026-07-27T15:31:49.261732+00:00,IPFS,ipfs,ipfs_cat_json,0.5014590133214369,SUCCESS
2ae79a24-e670-46cf-a14d-744387249631,2026-07-27T15:31:49.262733+00:00,IPFS,ipfs,ipns_resolve,0.6903750036144629,SUCCESS
2ae79a24-e670-46cf-a14d-744387249631,2026-07-27T15:31:49.263444+00:00,IPFS,ipfs,ipfs_cat_json,0.6539579917443916,SUCCESS
2ae79a24-e670-46cf-a14d-744387249631,2026-07-27T15:31:49.264486+00:00,IPFS,ipfs,ipns_resolve,0.7294579991139472,SUCCESS
2ae79a24-e670-46cf-a14d-744387249631,2026-07-27T15:31:49.264958+00:00,IPFS,ipfs,ipfs_cat_json,0.4219170077703893,SUCCESS
2ae79a24-e670-46cf-a14d-744387249631,2026-07-27T15:31:49.265889+00:00,IPFS,tampering,tampering_check,9.358666997286491,SUCCESS
2ae79a24-e670-46cf-a14d-744387249631,2026-07-27T15:31:49.265937+00:00,IPFS,summary,total_flow,176914.36987499765,SUCCESS
a077c7a0-561f-46d2-9fd7-730383da33e0,2026-07-27T15:31:49.483656+00:00,IPFS,startup,initialize_store,0.12595899170264602,SUCCESS
a077c7a0-561f-46d2-9fd7-730383da33e0,2026-07-27T15:31:49.488727+00:00,IPFS,startup,generate_identity_cp,4.745625003124587,SUCCESS
a077c7a0-561f-46d2-9fd7-730383da33e0,2026-07-27T15:31:49.488955+00:00,IPFS,startup,generate_identity_sp,0.18133400590159,SUCCESS
a077c7a0-561f-46d2-9fd7-730383da33e0,2026-07-27T15:31:49.489162+00:00,IPFS,startup,generate_identity_c1,0.1725409965729341,SUCCESS
a077c7a0-561f-46d2-9fd7-730383da33e0,2026-07-27T15:31:49.489364+00:00,IPFS,startup,generate_identity_s1,0.1703750021988526,SUCCESS
a077c7a0-561f-46d2-9fd7-730383da33e0,2026-07-27T15:31:49.528663+00:00,IPFS,ipfs,ipfs_key_gen,0.7061249925754964,SUCCESS
a077c7a0-561f-46d2-9fd7-730383da33e0,2026-07-27T15:31:49.555306+00:00,IPFS,ipfs,ipfs_add_json,25.42854199418798,SUCCESS
a077c7a0-561f-46d2-9fd7-730383da33e0,2026-07-27T15:31:53.490838+00:00,IPFS,ipfs,ipns_publish,3935.2543749992037,SUCCESS
a077c7a0-561f-46d2-9fd7-730383da33e0,2026-07-27T15:31:53.493578+00:00,IPFS,publish,publish_identity_cp,4003.984541996033,SUCCESS
a077c7a0-561f-46d2-9fd7-730383da33e0,2026-07-27T15:31:53.514928+00:00,IPFS,ipfs,ipfs_key_gen,1.693917001830414,SUCCESS
a077c7a0-561f-46d2-9fd7-730383da33e0,2026-07-27T15:31:53.537939+00:00,IPFS,ipfs,ipfs_add_json,20.56845799961593,SUCCESS
a077c7a0-561f-46d2-9fd7-730383da33e0,2026-07-27T15:32:50.917935+00:00,IPFS,ipfs,ipns_publish,57377.99883300613,SUCCESS
a077c7a0-561f-46d2-9fd7-730383da33e0,2026-07-27T15:32:50.921775+00:00,IPFS,publish,publish_identity_sp,57428.435249996255,SUCCESS
a077c7a0-561f-46d2-9fd7-730383da33e0,2026-07-27T15:32:50.996097+00:00,IPFS,ipfs,ipfs_key_gen,1.4223750040400773,SUCCESS
a077c7a0-561f-46d2-9fd7-730383da33e0,2026-07-27T15:32:51.046085+00:00,IPFS,ipfs,ipfs_add_json,40.51420900213998,SUCCESS
a077c7a0-561f-46d2-9fd7-730383da33e0,2026-07-27T15:32:56.868093+00:00,IPFS,ipfs,ipns_publish,5821.540499993716,SUCCESS
a077c7a0-561f-46d2-9fd7-730383da33e0,2026-07-27T15:32:56.871723+00:00,IPFS,publish,publish_identity_c1,5949.722749995999,SUCCESS
a077c7a0-561f-46d2-9fd7-730383da33e0,2026-07-27T15:32:56.939823+00:00,IPFS,ipfs,ipfs_key_gen,1.3887919922126457,SUCCESS
a077c7a0-561f-46d2-9fd7-730383da33e0,2026-07-27T15:32:56.965043+00:00,IPFS,ipfs,ipfs_add_json,23.510416998760775,SUCCESS
a077c7a0-561f-46d2-9fd7-730383da33e0,2026-07-27T15:33:44.833633+00:00,IPFS,ipfs,ipns_publish,47865.571708010975,SUCCESS
a077c7a0-561f-46d2-9fd7-730383da33e0,2026-07-27T15:33:44.844244+00:00,IPFS,publish,publish_identity_s1,47972.488208004506,SUCCESS
a077c7a0-561f-46d2-9fd7-730383da33e0,2026-07-27T15:33:44.912245+00:00,IPFS,ipfs,ipfs_key_gen,1.381374997436069,SUCCESS
a077c7a0-561f-46d2-9fd7-730383da33e0,2026-07-27T15:33:44.952063+00:00,IPFS,ipfs,ipfs_add_json,30.20616600406356,SUCCESS
a077c7a0-561f-46d2-9fd7-730383da33e0,2026-07-27T15:35:09.029065+00:00,IPFS,ipfs,ipns_publish,84073.54383300117,SUCCESS
a077c7a0-561f-46d2-9fd7-730383da33e0,2026-07-27T15:35:09.035005+00:00,IPFS,publish,publish_service_metadata,84191.21612500749,SUCCESS
a077c7a0-561f-46d2-9fd7-730383da33e0,2026-07-27T15:35:09.132506+00:00,IPFS,ipfs,ipfs_key_gen,1.665167001192458,SUCCESS
a077c7a0-561f-46d2-9fd7-730383da33e0,2026-07-27T15:35:09.178476+00:00,IPFS,ipfs,ipfs_add_json,33.17679099563975,SUCCESS
a077c7a0-561f-46d2-9fd7-730383da33e0,2026-07-27T15:35:33.632689+00:00,IPFS,ipfs,ipns_publish,24453.014999991865,SUCCESS
a077c7a0-561f-46d2-9fd7-730383da33e0,2026-07-27T15:35:33.644359+00:00,IPFS,publish,publish_provider_registry,24609.10391699872,SUCCESS
a077c7a0-561f-46d2-9fd7-730383da33e0,2026-07-27T15:35:33.651113+00:00,IPFS,ipfs,ipns_resolve,5.318915995303541,SUCCESS
a077c7a0-561f-46d2-9fd7-730383da33e0,2026-07-27T15:35:33.655136+00:00,IPFS,ipfs,ipfs_cat_json,3.5419999912846833,SUCCESS
a077c7a0-561f-46d2-9fd7-730383da33e0,2026-07-27T15:35:33.668987+00:00,IPFS,ipfs,ipns_resolve,2.9242920136312023,SUCCESS
a077c7a0-561f-46d2-9fd7-730383da33e0,2026-07-27T15:35:33.671414+00:00,IPFS,ipfs,ipfs_cat_json,1.9107499974779785,SUCCESS
a077c7a0-561f-46d2-9fd7-730383da33e0,2026-07-27T15:35:33.673871+00:00,IPFS,ipfs,ipns_resolve,1.5005000022938475,SUCCESS
a077c7a0-561f-46d2-9fd7-730383da33e0,2026-07-27T15:35:33.675407+00:00,IPFS,ipfs,ipfs_cat_json,1.3787500065518543,SUCCESS
a077c7a0-561f-46d2-9fd7-730383da33e0,2026-07-27T15:35:33.676805+00:00,IPFS,discovery,broker_discovery,31.33954199438449,SUCCESS
a077c7a0-561f-46d2-9fd7-730383da33e0,2026-07-27T15:35:33.677867+00:00,IPFS,dap,dap_create_capability,0.9304159902967513,SUCCESS
a077c7a0-561f-46d2-9fd7-730383da33e0,2026-07-27T15:35:33.691194+00:00,IPFS,dap,dap_encrypt_enc_cap,13.069041990092956,SUCCESS
a077c7a0-561f-46d2-9fd7-730383da33e0,2026-07-27T15:35:33.691669+00:00,IPFS,idap,client_session_init,0.19137500203214586,SUCCESS
a077c7a0-561f-46d2-9fd7-730383da33e0,2026-07-27T15:35:33.691758+00:00,IPFS,idap,client_ephemeral_public_key,0.007333001121878624,SUCCESS
a077c7a0-561f-46d2-9fd7-730383da33e0,2026-07-27T15:35:33.692193+00:00,IPFS,idap,client_request_sign,0.36016599915456027,SUCCESS
a077c7a0-561f-46d2-9fd7-730383da33e0,2026-07-27T15:35:33.692285+00:00,IPFS,idap,canonical_request_payload,0.01979200169444084,SUCCESS
a077c7a0-561f-46d2-9fd7-730383da33e0,2026-07-27T15:35:33.695227+00:00,IPFS,ipfs,ipns_resolve,2.234416999272071,SUCCESS
a077c7a0-561f-46d2-9fd7-730383da33e0,2026-07-27T15:35:33.696594+00:00,IPFS,ipfs,ipfs_cat_json,1.241417005076073,SUCCESS
a077c7a0-561f-46d2-9fd7-730383da33e0,2026-07-27T15:35:33.698639+00:00,IPFS,ipfs,ipns_resolve,1.4435000048251823,SUCCESS
a077c7a0-561f-46d2-9fd7-730383da33e0,2026-07-27T15:35:33.699540+00:00,IPFS,ipfs,ipfs_cat_json,0.7902919896878302,SUCCESS
a077c7a0-561f-46d2-9fd7-730383da33e0,2026-07-27T15:35:33.701110+00:00,IPFS,ipfs,ipns_resolve,1.02879099722486,SUCCESS
a077c7a0-561f-46d2-9fd7-730383da33e0,2026-07-27T15:35:33.702120+00:00,IPFS,ipfs,ipfs_cat_json,0.9299160010414198,SUCCESS
a077c7a0-561f-46d2-9fd7-730383da33e0,2026-07-27T15:35:33.703837+00:00,IPFS,ipfs,ipns_resolve,1.2417079997248948,SUCCESS
a077c7a0-561f-46d2-9fd7-730383da33e0,2026-07-27T15:35:33.706637+00:00,IPFS,ipfs,ipfs_cat_json,2.61970900464803,SUCCESS
a077c7a0-561f-46d2-9fd7-730383da33e0,2026-07-27T15:35:33.709904+00:00,IPFS,idap,idap_authorize,17.532333004055545,SUCCESS
a077c7a0-561f-46d2-9fd7-730383da33e0,2026-07-27T15:35:33.711572+00:00,IPFS,ipfs,ipns_resolve,1.0386669891886413,SUCCESS
a077c7a0-561f-46d2-9fd7-730383da33e0,2026-07-27T15:35:33.712264+00:00,IPFS,ipfs,ipfs_cat_json,0.6171250133775175,SUCCESS
a077c7a0-561f-46d2-9fd7-730383da33e0,2026-07-27T15:35:33.713905+00:00,IPFS,ipfs,ipns_resolve,1.170875009847805,SUCCESS
a077c7a0-561f-46d2-9fd7-730383da33e0,2026-07-27T15:35:33.714811+00:00,IPFS,ipfs,ipfs_cat_json,0.8115829987218603,SUCCESS
a077c7a0-561f-46d2-9fd7-730383da33e0,2026-07-27T15:35:33.717045+00:00,IPFS,ipfs,ipns_resolve,1.7392909940099344,SUCCESS
a077c7a0-561f-46d2-9fd7-730383da33e0,2026-07-27T15:35:33.718159+00:00,IPFS,ipfs,ipfs_cat_json,1.025000005029142,SUCCESS
a077c7a0-561f-46d2-9fd7-730383da33e0,2026-07-27T15:35:33.719477+00:00,IPFS,ipfs,ipns_resolve,0.8621669985586777,SUCCESS
a077c7a0-561f-46d2-9fd7-730383da33e0,2026-07-27T15:35:33.720100+00:00,IPFS,ipfs,ipfs_cat_json,0.5438340012915432,SUCCESS
a077c7a0-561f-46d2-9fd7-730383da33e0,2026-07-27T15:35:33.721562+00:00,IPFS,idap,idap_replay_check,11.574707998079248,SUCCESS
a077c7a0-561f-46d2-9fd7-730383da33e0,2026-07-27T15:35:33.722467+00:00,IPFS,ipfs,ipns_resolve,0.8345420064870268,SUCCESS
a077c7a0-561f-46d2-9fd7-730383da33e0,2026-07-27T15:35:33.723358+00:00,IPFS,ipfs,ipfs_cat_json,0.8285840012831613,SUCCESS
a077c7a0-561f-46d2-9fd7-730383da33e0,2026-07-27T15:35:33.723755+00:00,IPFS,idap,resolve_service_public_key,2.1290839940775186,SUCCESS
a077c7a0-561f-46d2-9fd7-730383da33e0,2026-07-27T15:35:33.723913+00:00,IPFS,idap,compute_transcript,0.019750004867091775,SUCCESS
a077c7a0-561f-46d2-9fd7-730383da33e0,2026-07-27T15:35:33.724280+00:00,IPFS,idap,transcript_verify,0.30879100086167455,SUCCESS
a077c7a0-561f-46d2-9fd7-730383da33e0,2026-07-27T15:35:33.724586+00:00,IPFS,idap,client_shared_secret_derivation,0.24983299954328686,SUCCESS
a077c7a0-561f-46d2-9fd7-730383da33e0,2026-07-27T15:35:33.725108+00:00,IPFS,idap,client_session_key_derivation,0.4687080072471872,SUCCESS
a077c7a0-561f-46d2-9fd7-730383da33e0,2026-07-27T15:35:33.725209+00:00,IPFS,crypto,encrypt_message,0.026541994884610176,SUCCESS
a077c7a0-561f-46d2-9fd7-730383da33e0,2026-07-27T15:35:33.725270+00:00,IPFS,crypto,decrypt_message,0.007584007107652724,SUCCESS
a077c7a0-561f-46d2-9fd7-730383da33e0,2026-07-27T15:35:33.725635+00:00,IPFS,tampering,tampered_request_sign,0.2847920113708824,SUCCESS
a077c7a0-561f-46d2-9fd7-730383da33e0,2026-07-27T15:35:33.727989+00:00,IPFS,ipfs,ipns_resolve,1.911583007313311,SUCCESS
a077c7a0-561f-46d2-9fd7-730383da33e0,2026-07-27T15:35:33.728614+00:00,IPFS,ipfs,ipfs_cat_json,0.5588749918388203,SUCCESS
a077c7a0-561f-46d2-9fd7-730383da33e0,2026-07-27T15:35:33.729782+00:00,IPFS,ipfs,ipns_resolve,0.766083991038613,SUCCESS
a077c7a0-561f-46d2-9fd7-730383da33e0,2026-07-27T15:35:33.732891+00:00,IPFS,ipfs,ipfs_cat_json,3.045834004296921,SUCCESS
a077c7a0-561f-46d2-9fd7-730383da33e0,2026-07-27T15:35:33.734425+00:00,IPFS,ipfs,ipns_resolve,1.1269999959040433,SUCCESS
a077c7a0-561f-46d2-9fd7-730383da33e0,2026-07-27T15:35:33.735047+00:00,IPFS,ipfs,ipfs_cat_json,0.5585000035353005,SUCCESS
a077c7a0-561f-46d2-9fd7-730383da33e0,2026-07-27T15:35:33.736182+00:00,IPFS,ipfs,ipns_resolve,0.7422920025419444,SUCCESS
a077c7a0-561f-46d2-9fd7-730383da33e0,2026-07-27T15:35:33.736774+00:00,IPFS,ipfs,ipfs_cat_json,0.52541600598488,SUCCESS
a077c7a0-561f-46d2-9fd7-730383da33e0,2026-07-27T15:35:33.738091+00:00,IPFS,tampering,tampering_check,12.398334001773037,SUCCESS
a077c7a0-561f-46d2-9fd7-730383da33e0,2026-07-27T15:35:33.738149+00:00,IPFS,summary,total_flow,224256.60875000176,SUCCESS
abe7a2c0-dde5-422d-8286-7d28ad2951eb,2026-07-27T15:35:33.964170+00:00,IPFS,startup,initialize_store,0.12091700045857579,SUCCESS
abe7a2c0-dde5-422d-8286-7d28ad2951eb,2026-07-27T15:35:33.979130+00:00,IPFS,startup,generate_identity_cp,14.575125009287149,SUCCESS
abe7a2c0-dde5-422d-8286-7d28ad2951eb,2026-07-27T15:35:33.979397+00:00,IPFS,startup,generate_identity_sp,0.20175000827293843,SUCCESS
abe7a2c0-dde5-422d-8286-7d28ad2951eb,2026-07-27T15:35:33.979630+00:00,IPFS,startup,generate_identity_c1,0.19141699885949492,SUCCESS
abe7a2c0-dde5-422d-8286-7d28ad2951eb,2026-07-27T15:35:33.979856+00:00,IPFS,startup,generate_identity_s1,0.1882920041680336,SUCCESS
abe7a2c0-dde5-422d-8286-7d28ad2951eb,2026-07-27T15:35:34.024575+00:00,IPFS,ipfs,ipfs_key_gen,0.9612089925212786,SUCCESS
abe7a2c0-dde5-422d-8286-7d28ad2951eb,2026-07-27T15:35:34.042306+00:00,IPFS,ipfs,ipfs_add_json,16.532374997041188,SUCCESS
abe7a2c0-dde5-422d-8286-7d28ad2951eb,2026-07-27T15:36:06.935039+00:00,IPFS,ipfs,ipns_publish,32891.44158399722,SUCCESS
abe7a2c0-dde5-422d-8286-7d28ad2951eb,2026-07-27T15:36:06.944256+00:00,IPFS,publish,publish_identity_cp,32964.26637499826,SUCCESS
abe7a2c0-dde5-422d-8286-7d28ad2951eb,2026-07-27T15:36:07.040220+00:00,IPFS,ipfs,ipfs_key_gen,4.349708993686363,SUCCESS
abe7a2c0-dde5-422d-8286-7d28ad2951eb,2026-07-27T15:36:07.065910+00:00,IPFS,ipfs,ipfs_add_json,23.51454099698458,SUCCESS
abe7a2c0-dde5-422d-8286-7d28ad2951eb,2026-07-27T15:36:50.893949+00:00,IPFS,ipfs,ipns_publish,43824.05333300994,SUCCESS
abe7a2c0-dde5-422d-8286-7d28ad2951eb,2026-07-27T15:36:50.900399+00:00,IPFS,publish,publish_identity_sp,43955.79725000425,SUCCESS
abe7a2c0-dde5-422d-8286-7d28ad2951eb,2026-07-27T15:36:50.990473+00:00,IPFS,ipfs,ipfs_key_gen,1.1845839908346534,SUCCESS
abe7a2c0-dde5-422d-8286-7d28ad2951eb,2026-07-27T15:36:51.012992+00:00,IPFS,ipfs,ipfs_add_json,20.72933300223667,SUCCESS
abe7a2c0-dde5-422d-8286-7d28ad2951eb,2026-07-27T15:36:57.150148+00:00,IPFS,ipfs,ipns_publish,6136.821874999441,SUCCESS
abe7a2c0-dde5-422d-8286-7d28ad2951eb,2026-07-27T15:36:57.153566+00:00,IPFS,publish,publish_identity_c1,6252.656625001691,SUCCESS
abe7a2c0-dde5-422d-8286-7d28ad2951eb,2026-07-27T15:36:57.244822+00:00,IPFS,ipfs,ipfs_key_gen,0.9627909894334152,SUCCESS
abe7a2c0-dde5-422d-8286-7d28ad2951eb,2026-07-27T15:36:57.296642+00:00,IPFS,ipfs,ipfs_add_json,50.57237499568146,SUCCESS
abe7a2c0-dde5-422d-8286-7d28ad2951eb,2026-07-27T15:37:37.013359+00:00,IPFS,ipfs,ipns_publish,39700.77733299695,SUCCESS
abe7a2c0-dde5-422d-8286-7d28ad2951eb,2026-07-27T15:37:37.017432+00:00,IPFS,publish,publish_identity_s1,39863.85683401022,SUCCESS
abe7a2c0-dde5-422d-8286-7d28ad2951eb,2026-07-27T15:37:37.097346+00:00,IPFS,ipfs,ipfs_key_gen,1.2239999923622236,SUCCESS
abe7a2c0-dde5-422d-8286-7d28ad2951eb,2026-07-27T15:37:37.136481+00:00,IPFS,ipfs,ipfs_add_json,37.02891699504107,SUCCESS
abe7a2c0-dde5-422d-8286-7d28ad2951eb,2026-07-27T15:37:40.477907+00:00,IPFS,ipfs,ipns_publish,3340.8529160078615,SUCCESS
abe7a2c0-dde5-422d-8286-7d28ad2951eb,2026-07-27T15:37:40.483237+00:00,IPFS,publish,publish_service_metadata,3465.4439170117257,SUCCESS
abe7a2c0-dde5-422d-8286-7d28ad2951eb,2026-07-27T15:37:40.515694+00:00,IPFS,ipfs,ipfs_key_gen,1.7938329983735457,SUCCESS
abe7a2c0-dde5-422d-8286-7d28ad2951eb,2026-07-27T15:37:40.543403+00:00,IPFS,ipfs,ipfs_add_json,25.101457998971455,SUCCESS
abe7a2c0-dde5-422d-8286-7d28ad2951eb,2026-07-27T15:37:49.590904+00:00,IPFS,ipfs,ipns_publish,9046.45537500619,SUCCESS
abe7a2c0-dde5-422d-8286-7d28ad2951eb,2026-07-27T15:37:49.595108+00:00,IPFS,publish,publish_provider_registry,9111.378417001106,SUCCESS
abe7a2c0-dde5-422d-8286-7d28ad2951eb,2026-07-27T15:37:49.602086+00:00,IPFS,ipfs,ipns_resolve,6.272917002206668,SUCCESS
abe7a2c0-dde5-422d-8286-7d28ad2951eb,2026-07-27T15:37:49.607206+00:00,IPFS,ipfs,ipfs_cat_json,4.102790990145877,SUCCESS
abe7a2c0-dde5-422d-8286-7d28ad2951eb,2026-07-27T15:37:49.630110+00:00,IPFS,ipfs,ipns_resolve,10.938874998828396,SUCCESS
abe7a2c0-dde5-422d-8286-7d28ad2951eb,2026-07-27T15:37:49.634236+00:00,IPFS,ipfs,ipfs_cat_json,2.609083996503614,SUCCESS
abe7a2c0-dde5-422d-8286-7d28ad2951eb,2026-07-27T15:37:49.637458+00:00,IPFS,ipfs,ipns_resolve,2.058625002973713,SUCCESS
abe7a2c0-dde5-422d-8286-7d28ad2951eb,2026-07-27T15:37:49.639049+00:00,IPFS,ipfs,ipfs_cat_json,1.4289170067058876,SUCCESS
abe7a2c0-dde5-422d-8286-7d28ad2951eb,2026-07-27T15:37:49.640324+00:00,IPFS,discovery,broker_discovery,44.87524999422021,SUCCESS
abe7a2c0-dde5-422d-8286-7d28ad2951eb,2026-07-27T15:37:49.641382+00:00,IPFS,dap,dap_create_capability,0.9201659995596856,SUCCESS
abe7a2c0-dde5-422d-8286-7d28ad2951eb,2026-07-27T15:37:49.659674+00:00,IPFS,dap,dap_encrypt_enc_cap,18.12508300645277,SUCCESS
abe7a2c0-dde5-422d-8286-7d28ad2951eb,2026-07-27T15:37:49.660612+00:00,IPFS,idap,client_session_init,0.7632920023752376,SUCCESS
abe7a2c0-dde5-422d-8286-7d28ad2951eb,2026-07-27T15:37:49.660685+00:00,IPFS,idap,client_ephemeral_public_key,0.007334005204029381,SUCCESS
abe7a2c0-dde5-422d-8286-7d28ad2951eb,2026-07-27T15:37:49.661066+00:00,IPFS,idap,client_request_sign,0.32104100682772696,SUCCESS
abe7a2c0-dde5-422d-8286-7d28ad2951eb,2026-07-27T15:37:49.661139+00:00,IPFS,idap,canonical_request_payload,0.016332996892742813,SUCCESS
abe7a2c0-dde5-422d-8286-7d28ad2951eb,2026-07-27T15:37:49.671340+00:00,IPFS,ipfs,ipns_resolve,9.442374997888692,SUCCESS
abe7a2c0-dde5-422d-8286-7d28ad2951eb,2026-07-27T15:37:49.675606+00:00,IPFS,ipfs,ipfs_cat_json,3.3519169955980033,SUCCESS
abe7a2c0-dde5-422d-8286-7d28ad2951eb,2026-07-27T15:37:49.678475+00:00,IPFS,ipfs,ipns_resolve,2.186790996347554,SUCCESS
abe7a2c0-dde5-422d-8286-7d28ad2951eb,2026-07-27T15:37:49.679388+00:00,IPFS,ipfs,ipfs_cat_json,0.7876249874243513,SUCCESS
abe7a2c0-dde5-422d-8286-7d28ad2951eb,2026-07-27T15:37:49.682870+00:00,IPFS,ipfs,ipns_resolve,2.6853750023292378,SUCCESS
abe7a2c0-dde5-422d-8286-7d28ad2951eb,2026-07-27T15:37:49.684724+00:00,IPFS,ipfs,ipfs_cat_json,1.5879999991739169,SUCCESS
abe7a2c0-dde5-422d-8286-7d28ad2951eb,2026-07-27T15:37:49.687803+00:00,IPFS,ipfs,ipns_resolve,2.5047499948414043,SUCCESS
abe7a2c0-dde5-422d-8286-7d28ad2951eb,2026-07-27T15:37:49.689043+00:00,IPFS,ipfs,ipfs_cat_json,1.1289169924566522,SUCCESS
abe7a2c0-dde5-422d-8286-7d28ad2951eb,2026-07-27T15:37:49.694771+00:00,IPFS,idap,idap_authorize,33.538125004270114,SUCCESS
abe7a2c0-dde5-422d-8286-7d28ad2951eb,2026-07-27T15:37:49.697483+00:00,IPFS,ipfs,ipns_resolve,2.1507079945877194,SUCCESS
abe7a2c0-dde5-422d-8286-7d28ad2951eb,2026-07-27T15:37:49.699099+00:00,IPFS,ipfs,ipfs_cat_json,1.5010830102255568,SUCCESS
abe7a2c0-dde5-422d-8286-7d28ad2951eb,2026-07-27T15:37:49.700883+00:00,IPFS,ipfs,ipns_resolve,1.2302909890422598,SUCCESS
abe7a2c0-dde5-422d-8286-7d28ad2951eb,2026-07-27T15:37:49.703510+00:00,IPFS,ipfs,ipfs_cat_json,2.5070830015465617,SUCCESS
abe7a2c0-dde5-422d-8286-7d28ad2951eb,2026-07-27T15:37:49.707309+00:00,IPFS,ipfs,ipns_resolve,3.2732079998822883,SUCCESS
abe7a2c0-dde5-422d-8286-7d28ad2951eb,2026-07-27T15:37:49.708176+00:00,IPFS,ipfs,ipfs_cat_json,0.7712500082561746,SUCCESS
abe7a2c0-dde5-422d-8286-7d28ad2951eb,2026-07-27T15:37:49.709786+00:00,IPFS,ipfs,ipns_resolve,1.0869169927900657,SUCCESS
abe7a2c0-dde5-422d-8286-7d28ad2951eb,2026-07-27T15:37:49.710556+00:00,IPFS,ipfs,ipfs_cat_json,0.6731670000590384,SUCCESS
abe7a2c0-dde5-422d-8286-7d28ad2951eb,2026-07-27T15:37:49.712220+00:00,IPFS,idap,idap_replay_check,17.33079200494103,SUCCESS
abe7a2c0-dde5-422d-8286-7d28ad2951eb,2026-07-27T15:37:49.713440+00:00,IPFS,ipfs,ipns_resolve,1.1114579974673688,SUCCESS
abe7a2c0-dde5-422d-8286-7d28ad2951eb,2026-07-27T15:37:49.714156+00:00,IPFS,ipfs,ipfs_cat_json,0.5996249965392053,SUCCESS
abe7a2c0-dde5-422d-8286-7d28ad2951eb,2026-07-27T15:37:49.714657+00:00,IPFS,idap,resolve_service_public_key,2.3483749973820522,SUCCESS
abe7a2c0-dde5-422d-8286-7d28ad2951eb,2026-07-27T15:37:49.714758+00:00,IPFS,idap,compute_transcript,0.01925000105984509,SUCCESS
abe7a2c0-dde5-422d-8286-7d28ad2951eb,2026-07-27T15:37:49.715214+00:00,IPFS,idap,transcript_verify,0.38454199966508895,SUCCESS
abe7a2c0-dde5-422d-8286-7d28ad2951eb,2026-07-27T15:37:49.715589+00:00,IPFS,idap,client_shared_secret_derivation,0.3022919991053641,SUCCESS
abe7a2c0-dde5-422d-8286-7d28ad2951eb,2026-07-27T15:37:49.715693+00:00,IPFS,idap,client_session_key_derivation,0.03658300556708127,SUCCESS
abe7a2c0-dde5-422d-8286-7d28ad2951eb,2026-07-27T15:37:49.715819+00:00,IPFS,crypto,encrypt_message,0.035375007428228855,SUCCESS
abe7a2c0-dde5-422d-8286-7d28ad2951eb,2026-07-27T15:37:49.715899+00:00,IPFS,crypto,decrypt_message,0.009333001798950136,SUCCESS
abe7a2c0-dde5-422d-8286-7d28ad2951eb,2026-07-27T15:37:49.716365+00:00,IPFS,tampering,tampered_request_sign,0.36395800998434424,SUCCESS
abe7a2c0-dde5-422d-8286-7d28ad2951eb,2026-07-27T15:37:49.718061+00:00,IPFS,ipfs,ipns_resolve,1.1137919937027618,SUCCESS
abe7a2c0-dde5-422d-8286-7d28ad2951eb,2026-07-27T15:37:49.718862+00:00,IPFS,ipfs,ipfs_cat_json,0.7182500121416524,SUCCESS
abe7a2c0-dde5-422d-8286-7d28ad2951eb,2026-07-27T15:37:49.720231+00:00,IPFS,ipfs,ipns_resolve,0.9370420011691749,SUCCESS
abe7a2c0-dde5-422d-8286-7d28ad2951eb,2026-07-27T15:37:49.720973+00:00,IPFS,ipfs,ipfs_cat_json,0.6731670000590384,SUCCESS
abe7a2c0-dde5-422d-8286-7d28ad2951eb,2026-07-27T15:37:49.722471+00:00,IPFS,ipfs,ipns_resolve,1.03870801103767,SUCCESS
abe7a2c0-dde5-422d-8286-7d28ad2951eb,2026-07-27T15:37:49.723245+00:00,IPFS,ipfs,ipfs_cat_json,0.6773749919375405,SUCCESS
abe7a2c0-dde5-422d-8286-7d28ad2951eb,2026-07-27T15:37:49.724596+00:00,IPFS,ipfs,ipns_resolve,0.8884169947123155,SUCCESS
abe7a2c0-dde5-422d-8286-7d28ad2951eb,2026-07-27T15:37:49.725211+00:00,IPFS,ipfs,ipfs_cat_json,0.5335840105544776,SUCCESS
abe7a2c0-dde5-422d-8286-7d28ad2951eb,2026-07-27T15:37:49.726662+00:00,IPFS,tampering,tampering_check,10.224458004813641,SUCCESS
abe7a2c0-dde5-422d-8286-7d28ad2951eb,2026-07-27T15:37:49.726725+00:00,IPFS,summary,total_flow,135763.86824999645,SUCCESS
d562dc28-46db-4cc9-b15c-e592dc64af38,2026-07-27T15:37:49.933989+00:00,IPFS,startup,initialize_store,0.14195800758898258,SUCCESS
d562dc28-46db-4cc9-b15c-e592dc64af38,2026-07-27T15:37:49.940486+00:00,IPFS,startup,generate_identity_cp,6.116249991464429,SUCCESS
d562dc28-46db-4cc9-b15c-e592dc64af38,2026-07-27T15:37:49.940731+00:00,IPFS,startup,generate_identity_sp,0.18849999469239265,SUCCESS
d562dc28-46db-4cc9-b15c-e592dc64af38,2026-07-27T15:37:49.940942+00:00,IPFS,startup,generate_identity_c1,0.17329100228380412,SUCCESS
d562dc28-46db-4cc9-b15c-e592dc64af38,2026-07-27T15:37:49.941163+00:00,IPFS,startup,generate_identity_s1,0.185500000952743,SUCCESS
d562dc28-46db-4cc9-b15c-e592dc64af38,2026-07-27T15:37:49.986683+00:00,IPFS,ipfs,ipfs_key_gen,1.011542000924237,SUCCESS
d562dc28-46db-4cc9-b15c-e592dc64af38,2026-07-27T15:37:50.008861+00:00,IPFS,ipfs,ipfs_add_json,21.095541000249796,SUCCESS
d562dc28-46db-4cc9-b15c-e592dc64af38,2026-07-27T15:37:57.417967+00:00,IPFS,ipfs,ipns_publish,7408.05112500675,SUCCESS
d562dc28-46db-4cc9-b15c-e592dc64af38,2026-07-27T15:37:57.423056+00:00,IPFS,publish,publish_identity_cp,7481.602333005867,SUCCESS
d562dc28-46db-4cc9-b15c-e592dc64af38,2026-07-27T15:37:57.486780+00:00,IPFS,ipfs,ipfs_key_gen,2.1307499991962686,SUCCESS
d562dc28-46db-4cc9-b15c-e592dc64af38,2026-07-27T15:37:57.511852+00:00,IPFS,ipfs,ipfs_add_json,23.56724999845028,SUCCESS
d562dc28-46db-4cc9-b15c-e592dc64af38,2026-07-27T15:38:06.818000+00:00,IPFS,ipfs,ipns_publish,9304.653207989759,SUCCESS
d562dc28-46db-4cc9-b15c-e592dc64af38,2026-07-27T15:38:06.840570+00:00,IPFS,publish,publish_identity_sp,9416.890666994732,SUCCESS
d562dc28-46db-4cc9-b15c-e592dc64af38,2026-07-27T15:38:06.890031+00:00,IPFS,ipfs,ipfs_key_gen,1.4325000083772466,SUCCESS
d562dc28-46db-4cc9-b15c-e592dc64af38,2026-07-27T15:38:06.915649+00:00,IPFS,ipfs,ipfs_add_json,23.562666989164427,SUCCESS
d562dc28-46db-4cc9-b15c-e592dc64af38,2026-07-27T15:38:46.485550+00:00,IPFS,ipfs,ipns_publish,39568.54320799175,SUCCESS
d562dc28-46db-4cc9-b15c-e592dc64af38,2026-07-27T15:38:46.492819+00:00,IPFS,publish,publish_identity_c1,39652.13708400552,SUCCESS
d562dc28-46db-4cc9-b15c-e592dc64af38,2026-07-27T15:38:46.586170+00:00,IPFS,ipfs,ipfs_key_gen,1.8850420019589365,SUCCESS
d562dc28-46db-4cc9-b15c-e592dc64af38,2026-07-27T15:38:46.611058+00:00,IPFS,ipfs,ipfs_add_json,21.437832998344675,SUCCESS
d562dc28-46db-4cc9-b15c-e592dc64af38,2026-07-27T15:38:56.296876+00:00,IPFS,ipfs,ipns_publish,9684.734957991168,SUCCESS
d562dc28-46db-4cc9-b15c-e592dc64af38,2026-07-27T15:38:56.303362+00:00,IPFS,publish,publish_identity_s1,9809.938040998532,SUCCESS
d562dc28-46db-4cc9-b15c-e592dc64af38,2026-07-27T15:38:56.365072+00:00,IPFS,ipfs,ipfs_key_gen,1.3316249969648197,SUCCESS
d562dc28-46db-4cc9-b15c-e592dc64af38,2026-07-27T15:38:56.388033+00:00,IPFS,ipfs,ipfs_add_json,19.25404199573677,SUCCESS
d562dc28-46db-4cc9-b15c-e592dc64af38,2026-07-27T15:39:08.452335+00:00,IPFS,ipfs,ipns_publish,12061.821959010558,SUCCESS
d562dc28-46db-4cc9-b15c-e592dc64af38,2026-07-27T15:39:08.458553+00:00,IPFS,publish,publish_service_metadata,12154.529875013395,SUCCESS
d562dc28-46db-4cc9-b15c-e592dc64af38,2026-07-27T15:39:08.519748+00:00,IPFS,ipfs,ipfs_key_gen,1.233750008395873,SUCCESS
d562dc28-46db-4cc9-b15c-e592dc64af38,2026-07-27T15:39:08.582001+00:00,IPFS,ipfs,ipfs_add_json,52.40208300529048,SUCCESS
d562dc28-46db-4cc9-b15c-e592dc64af38,2026-07-27T15:39:54.353135+00:00,IPFS,ipfs,ipns_publish,45768.64504099649,SUCCESS
d562dc28-46db-4cc9-b15c-e592dc64af38,2026-07-27T15:39:54.358640+00:00,IPFS,publish,publish_provider_registry,45899.87025001028,SUCCESS
d562dc28-46db-4cc9-b15c-e592dc64af38,2026-07-27T15:39:54.364878+00:00,IPFS,ipfs,ipns_resolve,5.703791000996716,SUCCESS
d562dc28-46db-4cc9-b15c-e592dc64af38,2026-07-27T15:39:54.370048+00:00,IPFS,ipfs,ipfs_cat_json,4.906750007648952,SUCCESS
d562dc28-46db-4cc9-b15c-e592dc64af38,2026-07-27T15:39:54.385095+00:00,IPFS,ipfs,ipns_resolve,1.419791005901061,SUCCESS
d562dc28-46db-4cc9-b15c-e592dc64af38,2026-07-27T15:39:54.386099+00:00,IPFS,ipfs,ipfs_cat_json,0.8586670010117814,SUCCESS
d562dc28-46db-4cc9-b15c-e592dc64af38,2026-07-27T15:39:54.387930+00:00,IPFS,ipfs,ipns_resolve,1.194167009089142,SUCCESS
d562dc28-46db-4cc9-b15c-e592dc64af38,2026-07-27T15:39:54.389342+00:00,IPFS,ipfs,ipfs_cat_json,1.2688749993685633,SUCCESS
d562dc28-46db-4cc9-b15c-e592dc64af38,2026-07-27T15:39:54.390308+00:00,IPFS,discovery,broker_discovery,31.4344579965109,SUCCESS
d562dc28-46db-4cc9-b15c-e592dc64af38,2026-07-27T15:39:54.391685+00:00,IPFS,dap,dap_create_capability,1.2721249950118363,SUCCESS
d562dc28-46db-4cc9-b15c-e592dc64af38,2026-07-27T15:39:54.401187+00:00,IPFS,dap,dap_encrypt_enc_cap,9.378791000926867,SUCCESS
d562dc28-46db-4cc9-b15c-e592dc64af38,2026-07-27T15:39:54.401449+00:00,IPFS,idap,client_session_init,0.15537498984485865,SUCCESS
d562dc28-46db-4cc9-b15c-e592dc64af38,2026-07-27T15:39:54.401540+00:00,IPFS,idap,client_ephemeral_public_key,0.009125011274591088,SUCCESS
d562dc28-46db-4cc9-b15c-e592dc64af38,2026-07-27T15:39:54.401870+00:00,IPFS,idap,client_request_sign,0.2784590033115819,SUCCESS
d562dc28-46db-4cc9-b15c-e592dc64af38,2026-07-27T15:39:54.403417+00:00,IPFS,idap,canonical_request_payload,0.01229200279340148,SUCCESS
d562dc28-46db-4cc9-b15c-e592dc64af38,2026-07-27T15:39:54.404960+00:00,IPFS,ipfs,ipns_resolve,1.0423340136185288,SUCCESS
d562dc28-46db-4cc9-b15c-e592dc64af38,2026-07-27T15:39:54.405922+00:00,IPFS,ipfs,ipfs_cat_json,0.8499579998897389,SUCCESS
d562dc28-46db-4cc9-b15c-e592dc64af38,2026-07-27T15:39:54.407278+00:00,IPFS,ipfs,ipns_resolve,0.9313750051660463,SUCCESS
d562dc28-46db-4cc9-b15c-e592dc64af38,2026-07-27T15:39:54.407826+00:00,IPFS,ipfs,ipfs_cat_json,0.4845420044148341,SUCCESS
d562dc28-46db-4cc9-b15c-e592dc64af38,2026-07-27T15:39:54.409016+00:00,IPFS,ipfs,ipns_resolve,0.7909580017440021,SUCCESS
d562dc28-46db-4cc9-b15c-e592dc64af38,2026-07-27T15:39:54.409718+00:00,IPFS,ipfs,ipfs_cat_json,0.6317079969448969,SUCCESS
d562dc28-46db-4cc9-b15c-e592dc64af38,2026-07-27T15:39:54.410967+00:00,IPFS,ipfs,ipns_resolve,0.8590829966124147,SUCCESS
d562dc28-46db-4cc9-b15c-e592dc64af38,2026-07-27T15:39:54.411645+00:00,IPFS,ipfs,ipfs_cat_json,0.6054580007912591,SUCCESS
d562dc28-46db-4cc9-b15c-e592dc64af38,2026-07-27T15:39:54.413737+00:00,IPFS,idap,idap_authorize,10.24600000528153,SUCCESS
d562dc28-46db-4cc9-b15c-e592dc64af38,2026-07-27T15:39:54.415145+00:00,IPFS,ipfs,ipns_resolve,0.9348750027129427,SUCCESS
d562dc28-46db-4cc9-b15c-e592dc64af38,2026-07-27T15:39:54.415630+00:00,IPFS,ipfs,ipfs_cat_json,0.41845798841677606,SUCCESS
d562dc28-46db-4cc9-b15c-e592dc64af38,2026-07-27T15:39:54.416791+00:00,IPFS,ipfs,ipns_resolve,0.7874160073697567,SUCCESS
d562dc28-46db-4cc9-b15c-e592dc64af38,2026-07-27T15:39:54.417293+00:00,IPFS,ipfs,ipfs_cat_json,0.43691700557246804,SUCCESS
d562dc28-46db-4cc9-b15c-e592dc64af38,2026-07-27T15:39:54.418423+00:00,IPFS,ipfs,ipns_resolve,0.7712079968769103,SUCCESS
d562dc28-46db-4cc9-b15c-e592dc64af38,2026-07-27T15:39:54.418870+00:00,IPFS,ipfs,ipfs_cat_json,0.3928330115741119,SUCCESS
d562dc28-46db-4cc9-b15c-e592dc64af38,2026-07-27T15:39:54.420063+00:00,IPFS,ipfs,ipns_resolve,0.8585839968873188,SUCCESS
d562dc28-46db-4cc9-b15c-e592dc64af38,2026-07-27T15:39:54.420815+00:00,IPFS,ipfs,ipfs_cat_json,0.6963750056456774,SUCCESS
d562dc28-46db-4cc9-b15c-e592dc64af38,2026-07-27T15:39:54.421940+00:00,IPFS,idap,idap_replay_check,8.125374995870516,SUCCESS
d562dc28-46db-4cc9-b15c-e592dc64af38,2026-07-27T15:39:54.422881+00:00,IPFS,ipfs,ipns_resolve,0.8797909977147356,SUCCESS
d562dc28-46db-4cc9-b15c-e592dc64af38,2026-07-27T15:39:54.423395+00:00,IPFS,ipfs,ipfs_cat_json,0.45812499593012035,SUCCESS
d562dc28-46db-4cc9-b15c-e592dc64af38,2026-07-27T15:39:54.423721+00:00,IPFS,idap,resolve_service_public_key,1.7263750050915405,SUCCESS
d562dc28-46db-4cc9-b15c-e592dc64af38,2026-07-27T15:39:54.423786+00:00,IPFS,idap,compute_transcript,0.012707998394034803,SUCCESS
d562dc28-46db-4cc9-b15c-e592dc64af38,2026-07-27T15:39:54.424099+00:00,IPFS,idap,transcript_verify,0.26604101003613323,SUCCESS
d562dc28-46db-4cc9-b15c-e592dc64af38,2026-07-27T15:39:54.424343+00:00,IPFS,idap,client_shared_secret_derivation,0.19429200619924814,SUCCESS
d562dc28-46db-4cc9-b15c-e592dc64af38,2026-07-27T15:39:54.424404+00:00,IPFS,idap,client_session_key_derivation,0.017625003238208592,SUCCESS
d562dc28-46db-4cc9-b15c-e592dc64af38,2026-07-27T15:39:54.424474+00:00,IPFS,crypto,encrypt_message,0.015417012036778033,SUCCESS
d562dc28-46db-4cc9-b15c-e592dc64af38,2026-07-27T15:39:54.424526+00:00,IPFS,crypto,decrypt_message,0.005833004252053797,SUCCESS
d562dc28-46db-4cc9-b15c-e592dc64af38,2026-07-27T15:39:54.424827+00:00,IPFS,tampering,tampered_request_sign,0.2382500097155571,SUCCESS
d562dc28-46db-4cc9-b15c-e592dc64af38,2026-07-27T15:39:54.426073+00:00,IPFS,ipfs,ipns_resolve,0.8646249916637316,SUCCESS
d562dc28-46db-4cc9-b15c-e592dc64af38,2026-07-27T15:39:54.426784+00:00,IPFS,ipfs,ipfs_cat_json,0.6562500057043508,SUCCESS
d562dc28-46db-4cc9-b15c-e592dc64af38,2026-07-27T15:39:54.427867+00:00,IPFS,ipfs,ipns_resolve,0.7382920011878014,SUCCESS
d562dc28-46db-4cc9-b15c-e592dc64af38,2026-07-27T15:39:54.428362+00:00,IPFS,ipfs,ipfs_cat_json,0.4371670074760914,SUCCESS
d562dc28-46db-4cc9-b15c-e592dc64af38,2026-07-27T15:39:54.429512+00:00,IPFS,ipfs,ipns_resolve,0.8082499989541247,SUCCESS
d562dc28-46db-4cc9-b15c-e592dc64af38,2026-07-27T15:39:54.430080+00:00,IPFS,ipfs,ipfs_cat_json,0.512875005370006,SUCCESS
d562dc28-46db-4cc9-b15c-e592dc64af38,2026-07-27T15:39:54.431203+00:00,IPFS,ipfs,ipns_resolve,0.7860409968998283,SUCCESS
d562dc28-46db-4cc9-b15c-e592dc64af38,2026-07-27T15:39:54.431682+00:00,IPFS,ipfs,ipfs_cat_json,0.42795800254680216,SUCCESS
d562dc28-46db-4cc9-b15c-e592dc64af38,2026-07-27T15:39:54.432789+00:00,IPFS,tampering,tampering_check,7.908166007837281,SUCCESS
d562dc28-46db-4cc9-b15c-e592dc64af38,2026-07-27T15:39:54.432837+00:00,IPFS,summary,total_flow,124500.09679199138,SUCCESS
2a77f768-0aa9-46d1-99c2-df96e8006b04,2026-07-27T15:39:54.644950+00:00,IPFS,startup,initialize_store,0.1385000068694353,SUCCESS
2a77f768-0aa9-46d1-99c2-df96e8006b04,2026-07-27T15:39:54.651090+00:00,IPFS,startup,generate_identity_cp,5.827165994560346,SUCCESS
2a77f768-0aa9-46d1-99c2-df96e8006b04,2026-07-27T15:39:54.651323+00:00,IPFS,startup,generate_identity_sp,0.18191701383329928,SUCCESS
2a77f768-0aa9-46d1-99c2-df96e8006b04,2026-07-27T15:39:54.651533+00:00,IPFS,startup,generate_identity_c1,0.1727920025587082,SUCCESS
2a77f768-0aa9-46d1-99c2-df96e8006b04,2026-07-27T15:39:54.651736+00:00,IPFS,startup,generate_identity_s1,0.17058299272321165,SUCCESS
2a77f768-0aa9-46d1-99c2-df96e8006b04,2026-07-27T15:39:54.712304+00:00,IPFS,ipfs,ipfs_key_gen,0.7024999940767884,SUCCESS
2a77f768-0aa9-46d1-99c2-df96e8006b04,2026-07-27T15:39:54.742425+00:00,IPFS,ipfs,ipfs_add_json,28.958750001038425,SUCCESS
2a77f768-0aa9-46d1-99c2-df96e8006b04,2026-07-27T15:40:08.670918+00:00,IPFS,ipfs,ipns_publish,13927.833666995866,SUCCESS
2a77f768-0aa9-46d1-99c2-df96e8006b04,2026-07-27T15:40:08.674653+00:00,IPFS,publish,publish_identity_cp,14022.921291994862,SUCCESS
2a77f768-0aa9-46d1-99c2-df96e8006b04,2026-07-27T15:40:08.747223+00:00,IPFS,ipfs,ipfs_key_gen,3.62495900481008,SUCCESS
2a77f768-0aa9-46d1-99c2-df96e8006b04,2026-07-27T15:40:08.786101+00:00,IPFS,ipfs,ipfs_add_json,28.719041001750156,SUCCESS
2a77f768-0aa9-46d1-99c2-df96e8006b04,2026-07-27T15:41:07.293702+00:00,IPFS,ipfs,ipns_publish,58506.41545900726,SUCCESS
2a77f768-0aa9-46d1-99c2-df96e8006b04,2026-07-27T15:41:07.301075+00:00,IPFS,publish,publish_identity_sp,58626.50416699762,SUCCESS
2a77f768-0aa9-46d1-99c2-df96e8006b04,2026-07-27T15:41:07.376493+00:00,IPFS,ipfs,ipfs_key_gen,1.3097089977236465,SUCCESS
2a77f768-0aa9-46d1-99c2-df96e8006b04,2026-07-27T15:41:07.404798+00:00,IPFS,ipfs,ipfs_add_json,26.472790996194817,SUCCESS
2a77f768-0aa9-46d1-99c2-df96e8006b04,2026-07-27T15:41:14.342664+00:00,IPFS,ipfs,ipns_publish,6937.644874997204,SUCCESS
2a77f768-0aa9-46d1-99c2-df96e8006b04,2026-07-27T15:41:14.345227+00:00,IPFS,publish,publish_identity_c1,7043.688999998267,SUCCESS
2a77f768-0aa9-46d1-99c2-df96e8006b04,2026-07-27T15:41:14.410458+00:00,IPFS,ipfs,ipfs_key_gen,1.4303749921964481,SUCCESS
2a77f768-0aa9-46d1-99c2-df96e8006b04,2026-07-27T15:41:14.435754+00:00,IPFS,ipfs,ipfs_add_json,23.403291997965425,SUCCESS
2a77f768-0aa9-46d1-99c2-df96e8006b04,2026-07-27T15:41:31.525480+00:00,IPFS,ipfs,ipns_publish,17088.355459010927,SUCCESS
2a77f768-0aa9-46d1-99c2-df96e8006b04,2026-07-27T15:41:31.533102+00:00,IPFS,publish,publish_identity_s1,17187.618416995974,SUCCESS
2a77f768-0aa9-46d1-99c2-df96e8006b04,2026-07-27T15:41:31.624577+00:00,IPFS,ipfs,ipfs_key_gen,1.225375002832152,SUCCESS
2a77f768-0aa9-46d1-99c2-df96e8006b04,2026-07-27T15:41:31.648617+00:00,IPFS,ipfs,ipfs_add_json,21.62500000849832,SUCCESS
2a77f768-0aa9-46d1-99c2-df96e8006b04,2026-07-27T15:42:04.459540+00:00,IPFS,ipfs,ipns_publish,32809.78250000044,SUCCESS
2a77f768-0aa9-46d1-99c2-df96e8006b04,2026-07-27T15:42:04.465317+00:00,IPFS,publish,publish_service_metadata,32931.87454200233,SUCCESS
2a77f768-0aa9-46d1-99c2-df96e8006b04,2026-07-27T15:42:04.568485+00:00,IPFS,ipfs,ipfs_key_gen,1.7765000084182248,SUCCESS
2a77f768-0aa9-46d1-99c2-df96e8006b04,2026-07-27T15:42:04.599825+00:00,IPFS,ipfs,ipfs_add_json,26.81341700372286,SUCCESS
2a77f768-0aa9-46d1-99c2-df96e8006b04,2026-07-27T15:43:24.808968+00:00,IPFS,ipfs,ipns_publish,80208.37287500035,SUCCESS
2a77f768-0aa9-46d1-99c2-df96e8006b04,2026-07-27T15:43:24.814836+00:00,IPFS,publish,publish_provider_registry,80349.67120800866,SUCCESS
2a77f768-0aa9-46d1-99c2-df96e8006b04,2026-07-27T15:43:24.823521+00:00,IPFS,ipfs,ipns_resolve,7.809667004039511,SUCCESS
2a77f768-0aa9-46d1-99c2-df96e8006b04,2026-07-27T15:43:24.828070+00:00,IPFS,ipfs,ipfs_cat_json,3.8183750002644956,SUCCESS
2a77f768-0aa9-46d1-99c2-df96e8006b04,2026-07-27T15:43:24.842782+00:00,IPFS,ipfs,ipns_resolve,2.600082996650599,SUCCESS
2a77f768-0aa9-46d1-99c2-df96e8006b04,2026-07-27T15:43:24.844781+00:00,IPFS,ipfs,ipfs_cat_json,1.7081249970942736,SUCCESS
2a77f768-0aa9-46d1-99c2-df96e8006b04,2026-07-27T15:43:24.847299+00:00,IPFS,ipfs,ipns_resolve,1.5570420073345304,SUCCESS
2a77f768-0aa9-46d1-99c2-df96e8006b04,2026-07-27T15:43:24.848827+00:00,IPFS,ipfs,ipfs_cat_json,1.336415996775031,SUCCESS
2a77f768-0aa9-46d1-99c2-df96e8006b04,2026-07-27T15:43:24.850013+00:00,IPFS,discovery,broker_discovery,34.7248329926515,SUCCESS
2a77f768-0aa9-46d1-99c2-df96e8006b04,2026-07-27T15:43:24.851057+00:00,IPFS,dap,dap_create_capability,0.9202499932143837,SUCCESS
2a77f768-0aa9-46d1-99c2-df96e8006b04,2026-07-27T15:43:24.861202+00:00,IPFS,dap,dap_encrypt_enc_cap,9.97800000186544,SUCCESS
2a77f768-0aa9-46d1-99c2-df96e8006b04,2026-07-27T15:43:24.861525+00:00,IPFS,idap,client_session_init,0.18495800031814724,SUCCESS
2a77f768-0aa9-46d1-99c2-df96e8006b04,2026-07-27T15:43:24.861599+00:00,IPFS,idap,client_ephemeral_public_key,0.005084002623334527,SUCCESS
2a77f768-0aa9-46d1-99c2-df96e8006b04,2026-07-27T15:43:24.862026+00:00,IPFS,idap,client_request_sign,0.3619579947553575,SUCCESS
2a77f768-0aa9-46d1-99c2-df96e8006b04,2026-07-27T15:43:24.862105+00:00,IPFS,idap,canonical_request_payload,0.016417005099356174,SUCCESS
2a77f768-0aa9-46d1-99c2-df96e8006b04,2026-07-27T15:43:24.864177+00:00,IPFS,ipfs,ipns_resolve,1.4315000007627532,SUCCESS
2a77f768-0aa9-46d1-99c2-df96e8006b04,2026-07-27T15:43:24.865361+00:00,IPFS,ipfs,ipfs_cat_json,1.0817500005941838,SUCCESS
2a77f768-0aa9-46d1-99c2-df96e8006b04,2026-07-27T15:43:24.867274+00:00,IPFS,ipfs,ipns_resolve,1.3237920065876096,SUCCESS
2a77f768-0aa9-46d1-99c2-df96e8006b04,2026-07-27T15:43:24.868368+00:00,IPFS,ipfs,ipfs_cat_json,0.9494999976595864,SUCCESS
2a77f768-0aa9-46d1-99c2-df96e8006b04,2026-07-27T15:43:24.870202+00:00,IPFS,ipfs,ipns_resolve,1.2323749979259446,SUCCESS
2a77f768-0aa9-46d1-99c2-df96e8006b04,2026-07-27T15:43:24.871550+00:00,IPFS,ipfs,ipfs_cat_json,1.2159170000813901,SUCCESS
2a77f768-0aa9-46d1-99c2-df96e8006b04,2026-07-27T15:43:24.873317+00:00,IPFS,ipfs,ipns_resolve,1.2372500059427693,SUCCESS
2a77f768-0aa9-46d1-99c2-df96e8006b04,2026-07-27T15:43:24.874505+00:00,IPFS,ipfs,ipfs_cat_json,1.0819590097526088,SUCCESS
2a77f768-0aa9-46d1-99c2-df96e8006b04,2026-07-27T15:43:24.877846+00:00,IPFS,idap,idap_authorize,15.64929100277368,SUCCESS
2a77f768-0aa9-46d1-99c2-df96e8006b04,2026-07-27T15:43:24.879573+00:00,IPFS,ipfs,ipns_resolve,1.1476670042611659,SUCCESS
2a77f768-0aa9-46d1-99c2-df96e8006b04,2026-07-27T15:43:24.880460+00:00,IPFS,ipfs,ipfs_cat_json,0.7958750065881759,SUCCESS
2a77f768-0aa9-46d1-99c2-df96e8006b04,2026-07-27T15:43:24.882177+00:00,IPFS,ipfs,ipns_resolve,1.22900000133086,SUCCESS
2a77f768-0aa9-46d1-99c2-df96e8006b04,2026-07-27T15:43:24.883001+00:00,IPFS,ipfs,ipfs_cat_json,0.7430830009980127,SUCCESS
2a77f768-0aa9-46d1-99c2-df96e8006b04,2026-07-27T15:43:24.884696+00:00,IPFS,ipfs,ipns_resolve,1.2411249917931855,SUCCESS
2a77f768-0aa9-46d1-99c2-df96e8006b04,2026-07-27T15:43:24.885661+00:00,IPFS,ipfs,ipfs_cat_json,0.8902499976102263,SUCCESS
2a77f768-0aa9-46d1-99c2-df96e8006b04,2026-07-27T15:43:24.886929+00:00,IPFS,ipfs,ipns_resolve,0.8104580047074705,SUCCESS
2a77f768-0aa9-46d1-99c2-df96e8006b04,2026-07-27T15:43:24.887616+00:00,IPFS,ipfs,ipfs_cat_json,0.6067080103093758,SUCCESS
2a77f768-0aa9-46d1-99c2-df96e8006b04,2026-07-27T15:43:24.889094+00:00,IPFS,idap,idap_replay_check,11.155832995427772,SUCCESS
2a77f768-0aa9-46d1-99c2-df96e8006b04,2026-07-27T15:43:24.890536+00:00,IPFS,ipfs,ipns_resolve,1.3518750056391582,SUCCESS
2a77f768-0aa9-46d1-99c2-df96e8006b04,2026-07-27T15:43:24.891770+00:00,IPFS,ipfs,ipfs_cat_json,1.1554590018931776,SUCCESS
2a77f768-0aa9-46d1-99c2-df96e8006b04,2026-07-27T15:43:24.892200+00:00,IPFS,idap,resolve_service_public_key,3.0262500076787546,SUCCESS
2a77f768-0aa9-46d1-99c2-df96e8006b04,2026-07-27T15:43:24.892280+00:00,IPFS,idap,compute_transcript,0.016999998479150236,SUCCESS
2a77f768-0aa9-46d1-99c2-df96e8006b04,2026-07-27T15:43:24.892675+00:00,IPFS,idap,transcript_verify,0.3376250097062439,SUCCESS
2a77f768-0aa9-46d1-99c2-df96e8006b04,2026-07-27T15:43:24.893071+00:00,IPFS,idap,client_shared_secret_derivation,0.262790999840945,SUCCESS
2a77f768-0aa9-46d1-99c2-df96e8006b04,2026-07-27T15:43:24.893203+00:00,IPFS,idap,client_session_key_derivation,0.07254199590533972,SUCCESS
2a77f768-0aa9-46d1-99c2-df96e8006b04,2026-07-27T15:43:24.893321+00:00,IPFS,crypto,encrypt_message,0.041709005017764866,SUCCESS
2a77f768-0aa9-46d1-99c2-df96e8006b04,2026-07-27T15:43:24.893388+00:00,IPFS,crypto,decrypt_message,0.00970800465438515,SUCCESS
2a77f768-0aa9-46d1-99c2-df96e8006b04,2026-07-27T15:43:24.893791+00:00,IPFS,tampering,tampered_request_sign,0.3172080032527447,SUCCESS
2a77f768-0aa9-46d1-99c2-df96e8006b04,2026-07-27T15:43:24.895434+00:00,IPFS,ipfs,ipns_resolve,1.1489159951452166,SUCCESS
2a77f768-0aa9-46d1-99c2-df96e8006b04,2026-07-27T15:43:24.896134+00:00,IPFS,ipfs,ipfs_cat_json,0.6242499948712066,SUCCESS
2a77f768-0aa9-46d1-99c2-df96e8006b04,2026-07-27T15:43:24.898084+00:00,IPFS,ipfs,ipns_resolve,1.5073329996084794,SUCCESS
2a77f768-0aa9-46d1-99c2-df96e8006b04,2026-07-27T15:43:24.898823+00:00,IPFS,ipfs,ipfs_cat_json,0.6280420057009906,SUCCESS
2a77f768-0aa9-46d1-99c2-df96e8006b04,2026-07-27T15:43:24.900230+00:00,IPFS,ipfs,ipns_resolve,0.9378749964525923,SUCCESS
2a77f768-0aa9-46d1-99c2-df96e8006b04,2026-07-27T15:43:24.900987+00:00,IPFS,ipfs,ipfs_cat_json,0.6673330062767491,SUCCESS
2a77f768-0aa9-46d1-99c2-df96e8006b04,2026-07-27T15:43:24.902348+00:00,IPFS,ipfs,ipns_resolve,0.9080409945454448,SUCCESS
2a77f768-0aa9-46d1-99c2-df96e8006b04,2026-07-27T15:43:24.903217+00:00,IPFS,ipfs,ipfs_cat_json,0.7990409940248355,SUCCESS
2a77f768-0aa9-46d1-99c2-df96e8006b04,2026-07-27T15:43:24.904529+00:00,IPFS,tampering,tampering_check,10.67575000342913,SUCCESS
2a77f768-0aa9-46d1-99c2-df96e8006b04,2026-07-27T15:43:24.904589+00:00,IPFS,summary,total_flow,210261.6155410069,SUCCESS
1e878b4a-0112-4de1-ad11-f02e228e9c63,2026-07-27T15:43:25.152015+00:00,IPFS,startup,initialize_store,0.1824999926611781,SUCCESS
1e878b4a-0112-4de1-ad11-f02e228e9c63,2026-07-27T15:43:25.157802+00:00,IPFS,startup,generate_identity_cp,5.338999995728955,SUCCESS
1e878b4a-0112-4de1-ad11-f02e228e9c63,2026-07-27T15:43:25.158033+00:00,IPFS,startup,generate_identity_sp,0.18462500884197652,SUCCESS
1e878b4a-0112-4de1-ad11-f02e228e9c63,2026-07-27T15:43:25.158241+00:00,IPFS,startup,generate_identity_c1,0.17349999689031392,SUCCESS
1e878b4a-0112-4de1-ad11-f02e228e9c63,2026-07-27T15:43:25.158443+00:00,IPFS,startup,generate_identity_s1,0.1700000138953328,SUCCESS
1e878b4a-0112-4de1-ad11-f02e228e9c63,2026-07-27T15:43:25.239274+00:00,IPFS,ipfs,ipfs_key_gen,1.010041989502497,SUCCESS
1e878b4a-0112-4de1-ad11-f02e228e9c63,2026-07-27T15:43:25.264711+00:00,IPFS,ipfs,ipfs_add_json,24.225957997259684,SUCCESS
1e878b4a-0112-4de1-ad11-f02e228e9c63,2026-07-27T15:43:31.167258+00:00,IPFS,ipfs,ipns_publish,5901.870333997067,SUCCESS
1e878b4a-0112-4de1-ad11-f02e228e9c63,2026-07-27T15:43:31.173907+00:00,IPFS,publish,publish_identity_cp,6015.136791989789,SUCCESS
1e878b4a-0112-4de1-ad11-f02e228e9c63,2026-07-27T15:43:31.208637+00:00,IPFS,ipfs,ipfs_key_gen,1.8154580029658973,SUCCESS
1e878b4a-0112-4de1-ad11-f02e228e9c63,2026-07-27T15:43:31.235893+00:00,IPFS,ipfs,ipfs_add_json,24.526583001716062,SUCCESS
1e878b4a-0112-4de1-ad11-f02e228e9c63,2026-07-27T15:43:36.711978+00:00,IPFS,ipfs,ipns_publish,5474.885916992207,SUCCESS
1e878b4a-0112-4de1-ad11-f02e228e9c63,2026-07-27T15:43:36.715881+00:00,IPFS,publish,publish_identity_sp,5541.372792009497,SUCCESS
1e878b4a-0112-4de1-ad11-f02e228e9c63,2026-07-27T15:43:36.748077+00:00,IPFS,ipfs,ipfs_key_gen,2.1303329995134845,SUCCESS
1e878b4a-0112-4de1-ad11-f02e228e9c63,2026-07-27T15:43:36.776650+00:00,IPFS,ipfs,ipfs_add_json,26.1752499936847,SUCCESS
1e878b4a-0112-4de1-ad11-f02e228e9c63,2026-07-27T15:44:01.378829+00:00,IPFS,ipfs,ipns_publish,24600.684499993804,SUCCESS
1e878b4a-0112-4de1-ad11-f02e228e9c63,2026-07-27T15:44:01.385962+00:00,IPFS,publish,publish_identity_c1,24669.650124997133,SUCCESS
1e878b4a-0112-4de1-ad11-f02e228e9c63,2026-07-27T15:44:01.473563+00:00,IPFS,ipfs,ipfs_key_gen,1.4264999917941168,SUCCESS
1e878b4a-0112-4de1-ad11-f02e228e9c63,2026-07-27T15:44:01.499072+00:00,IPFS,ipfs,ipfs_add_json,23.545125004602596,SUCCESS
1e878b4a-0112-4de1-ad11-f02e228e9c63,2026-07-27T15:44:12.940328+00:00,IPFS,ipfs,ipns_publish,11440.43208299263,SUCCESS
1e878b4a-0112-4de1-ad11-f02e228e9c63,2026-07-27T15:44:12.946383+00:00,IPFS,publish,publish_identity_s1,11559.41154100583,SUCCESS
1e878b4a-0112-4de1-ad11-f02e228e9c63,2026-07-27T15:44:13.021401+00:00,IPFS,ipfs,ipfs_key_gen,1.103083006455563,SUCCESS
1e878b4a-0112-4de1-ad11-f02e228e9c63,2026-07-27T15:44:13.042901+00:00,IPFS,ipfs,ipfs_add_json,18.85520899668336,SUCCESS
1e878b4a-0112-4de1-ad11-f02e228e9c63,2026-07-27T15:44:52.968672+00:00,IPFS,ipfs,ipns_publish,39924.58445900411,SUCCESS
1e878b4a-0112-4de1-ad11-f02e228e9c63,2026-07-27T15:44:52.974828+00:00,IPFS,publish,publish_service_metadata,40028.04766698682,SUCCESS
1e878b4a-0112-4de1-ad11-f02e228e9c63,2026-07-27T15:44:53.063653+00:00,IPFS,ipfs,ipfs_key_gen,1.2447500048438087,SUCCESS
1e878b4a-0112-4de1-ad11-f02e228e9c63,2026-07-27T15:44:53.085152+00:00,IPFS,ipfs,ipfs_add_json,19.423457997618243,SUCCESS
1e878b4a-0112-4de1-ad11-f02e228e9c63,2026-07-27T15:45:29.147946+00:00,IPFS,ipfs,ipns_publish,36061.77066700184,SUCCESS
1e878b4a-0112-4de1-ad11-f02e228e9c63,2026-07-27T15:45:29.156133+00:00,IPFS,publish,publish_provider_registry,36180.8618340001,SUCCESS
1e878b4a-0112-4de1-ad11-f02e228e9c63,2026-07-27T15:45:29.163771+00:00,IPFS,ipfs,ipns_resolve,6.635249999817461,SUCCESS
1e878b4a-0112-4de1-ad11-f02e228e9c63,2026-07-27T15:45:29.168917+00:00,IPFS,ipfs,ipfs_cat_json,4.401833008159883,SUCCESS
1e878b4a-0112-4de1-ad11-f02e228e9c63,2026-07-27T15:45:29.180250+00:00,IPFS,ipfs,ipns_resolve,2.0420419896254316,SUCCESS
1e878b4a-0112-4de1-ad11-f02e228e9c63,2026-07-27T15:45:29.181865+00:00,IPFS,ipfs,ipfs_cat_json,1.370500001939945,SUCCESS
1e878b4a-0112-4de1-ad11-f02e228e9c63,2026-07-27T15:45:29.183959+00:00,IPFS,ipfs,ipns_resolve,1.3673750072484836,SUCCESS
1e878b4a-0112-4de1-ad11-f02e228e9c63,2026-07-27T15:45:29.185218+00:00,IPFS,ipfs,ipfs_cat_json,1.1435830092523247,SUCCESS
1e878b4a-0112-4de1-ad11-f02e228e9c63,2026-07-27T15:45:29.186350+00:00,IPFS,discovery,broker_discovery,29.60654199705459,SUCCESS
1e878b4a-0112-4de1-ad11-f02e228e9c63,2026-07-27T15:45:29.187448+00:00,IPFS,dap,dap_create_capability,0.981459001195617,SUCCESS
1e878b4a-0112-4de1-ad11-f02e228e9c63,2026-07-27T15:45:29.197453+00:00,IPFS,dap,dap_encrypt_enc_cap,9.795167003176175,SUCCESS
1e878b4a-0112-4de1-ad11-f02e228e9c63,2026-07-27T15:45:29.198005+00:00,IPFS,idap,client_session_init,0.2819579967763275,SUCCESS
1e878b4a-0112-4de1-ad11-f02e228e9c63,2026-07-27T15:45:29.198121+00:00,IPFS,idap,client_ephemeral_public_key,0.031458999728783965,SUCCESS
1e878b4a-0112-4de1-ad11-f02e228e9c63,2026-07-27T15:45:29.198624+00:00,IPFS,idap,client_request_sign,0.3798749967245385,SUCCESS
1e878b4a-0112-4de1-ad11-f02e228e9c63,2026-07-27T15:45:29.198706+00:00,IPFS,idap,canonical_request_payload,0.020042003598064184,SUCCESS
1e878b4a-0112-4de1-ad11-f02e228e9c63,2026-07-27T15:45:29.201213+00:00,IPFS,ipfs,ipns_resolve,1.7941669939318672,SUCCESS
1e878b4a-0112-4de1-ad11-f02e228e9c63,2026-07-27T15:45:29.202383+00:00,IPFS,ipfs,ipfs_cat_json,1.0719580022851005,SUCCESS
1e878b4a-0112-4de1-ad11-f02e228e9c63,2026-07-27T15:45:29.204374+00:00,IPFS,ipfs,ipns_resolve,1.4229160005925223,SUCCESS
1e878b4a-0112-4de1-ad11-f02e228e9c63,2026-07-27T15:45:29.205640+00:00,IPFS,ipfs,ipfs_cat_json,1.0713749943533912,SUCCESS
1e878b4a-0112-4de1-ad11-f02e228e9c63,2026-07-27T15:45:29.207127+00:00,IPFS,ipfs,ipns_resolve,0.9850419883150607,SUCCESS
1e878b4a-0112-4de1-ad11-f02e228e9c63,2026-07-27T15:45:29.208907+00:00,IPFS,ipfs,ipfs_cat_json,1.6785829939180985,SUCCESS
1e878b4a-0112-4de1-ad11-f02e228e9c63,2026-07-27T15:45:29.210444+00:00,IPFS,ipfs,ipns_resolve,1.017999995383434,SUCCESS
1e878b4a-0112-4de1-ad11-f02e228e9c63,2026-07-27T15:45:29.211509+00:00,IPFS,ipfs,ipfs_cat_json,0.9829170012380928,SUCCESS
1e878b4a-0112-4de1-ad11-f02e228e9c63,2026-07-27T15:45:29.214043+00:00,IPFS,idap,idap_authorize,15.259332998539321,SUCCESS
1e878b4a-0112-4de1-ad11-f02e228e9c63,2026-07-27T15:45:29.216212+00:00,IPFS,ipfs,ipns_resolve,1.60041700291913,SUCCESS
1e878b4a-0112-4de1-ad11-f02e228e9c63,2026-07-27T15:45:29.217040+00:00,IPFS,ipfs,ipfs_cat_json,0.7317090057767928,SUCCESS
1e878b4a-0112-4de1-ad11-f02e228e9c63,2026-07-27T15:45:29.218666+00:00,IPFS,ipfs,ipns_resolve,1.133792000473477,SUCCESS
1e878b4a-0112-4de1-ad11-f02e228e9c63,2026-07-27T15:45:29.219495+00:00,IPFS,ipfs,ipfs_cat_json,0.741249998100102,SUCCESS
1e878b4a-0112-4de1-ad11-f02e228e9c63,2026-07-27T15:45:29.220997+00:00,IPFS,ipfs,ipns_resolve,1.0425419895909727,SUCCESS
1e878b4a-0112-4de1-ad11-f02e228e9c63,2026-07-27T15:45:29.221705+00:00,IPFS,ipfs,ipfs_cat_json,0.633250005193986,SUCCESS
1e878b4a-0112-4de1-ad11-f02e228e9c63,2026-07-27T15:45:29.223088+00:00,IPFS,ipfs,ipns_resolve,0.9418330009793863,SUCCESS
1e878b4a-0112-4de1-ad11-f02e228e9c63,2026-07-27T15:45:29.223684+00:00,IPFS,ipfs,ipfs_cat_json,0.5267910019028932,SUCCESS
1e878b4a-0112-4de1-ad11-f02e228e9c63,2026-07-27T15:45:29.225141+00:00,IPFS,idap,idap_replay_check,11.02062501013279,SUCCESS
1e878b4a-0112-4de1-ad11-f02e228e9c63,2026-07-27T15:45:29.226075+00:00,IPFS,ipfs,ipns_resolve,0.8461669931421056,SUCCESS
1e878b4a-0112-4de1-ad11-f02e228e9c63,2026-07-27T15:45:29.226822+00:00,IPFS,ipfs,ipfs_cat_json,0.6710839952575043,SUCCESS
1e878b4a-0112-4de1-ad11-f02e228e9c63,2026-07-27T15:45:29.227204+00:00,IPFS,idap,resolve_service_public_key,1.996708000660874,SUCCESS
1e878b4a-0112-4de1-ad11-f02e228e9c63,2026-07-27T15:45:29.227272+00:00,IPFS,idap,compute_transcript,0.013625001884065568,SUCCESS
1e878b4a-0112-4de1-ad11-f02e228e9c63,2026-07-27T15:45:29.227625+00:00,IPFS,idap,transcript_verify,0.3023750032298267,SUCCESS
1e878b4a-0112-4de1-ad11-f02e228e9c63,2026-07-27T15:45:29.227912+00:00,IPFS,idap,client_shared_secret_derivation,0.23445900296792388,SUCCESS
1e878b4a-0112-4de1-ad11-f02e228e9c63,2026-07-27T15:45:29.227990+00:00,IPFS,idap,client_session_key_derivation,0.027916001272387803,SUCCESS
1e878b4a-0112-4de1-ad11-f02e228e9c63,2026-07-27T15:45:29.228086+00:00,IPFS,crypto,encrypt_message,0.028291004127822816,SUCCESS
1e878b4a-0112-4de1-ad11-f02e228e9c63,2026-07-27T15:45:29.228145+00:00,IPFS,crypto,decrypt_message,0.008041999535635114,SUCCESS
1e878b4a-0112-4de1-ad11-f02e228e9c63,2026-07-27T15:45:29.228500+00:00,IPFS,tampering,tampered_request_sign,0.28112498694099486,SUCCESS
1e878b4a-0112-4de1-ad11-f02e228e9c63,2026-07-27T15:45:29.230134+00:00,IPFS,ipfs,ipns_resolve,1.182749998406507,SUCCESS
1e878b4a-0112-4de1-ad11-f02e228e9c63,2026-07-27T15:45:29.230831+00:00,IPFS,ipfs,ipfs_cat_json,0.6141250050859526,SUCCESS
1e878b4a-0112-4de1-ad11-f02e228e9c63,2026-07-27T15:45:29.232204+00:00,IPFS,ipfs,ipns_resolve,0.9279579971916974,SUCCESS
1e878b4a-0112-4de1-ad11-f02e228e9c63,2026-07-27T15:45:29.232805+00:00,IPFS,ipfs,ipfs_cat_json,0.530834004166536,SUCCESS
1e878b4a-0112-4de1-ad11-f02e228e9c63,2026-07-27T15:45:29.234006+00:00,IPFS,ipfs,ipns_resolve,0.7956670015119016,SUCCESS
1e878b4a-0112-4de1-ad11-f02e228e9c63,2026-07-27T15:45:29.234994+00:00,IPFS,ipfs,ipfs_cat_json,0.919917001738213,SUCCESS
1e878b4a-0112-4de1-ad11-f02e228e9c63,2026-07-27T15:45:29.236178+00:00,IPFS,ipfs,ipns_resolve,0.7853749993955716,SUCCESS
1e878b4a-0112-4de1-ad11-f02e228e9c63,2026-07-27T15:45:29.236841+00:00,IPFS,ipfs,ipfs_cat_json,0.5874170019524172,SUCCESS
1e878b4a-0112-4de1-ad11-f02e228e9c63,2026-07-27T15:45:29.238053+00:00,IPFS,tampering,tampering_check,9.496208003838547,SUCCESS
1e878b4a-0112-4de1-ad11-f02e228e9c63,2026-07-27T15:45:29.238108+00:00,IPFS,summary,total_flow,124087.37237499736,SUCCESS
db4d925b-f52e-43a8-84a7-3505e22cc540,2026-07-27T15:45:29.446184+00:00,IPFS,startup,initialize_store,0.1779999874997884,SUCCESS
db4d925b-f52e-43a8-84a7-3505e22cc540,2026-07-27T15:45:29.451971+00:00,IPFS,startup,generate_identity_cp,5.442666006274521,SUCCESS
db4d925b-f52e-43a8-84a7-3505e22cc540,2026-07-27T15:45:29.452205+00:00,IPFS,startup,generate_identity_sp,0.18233299488201737,SUCCESS
db4d925b-f52e-43a8-84a7-3505e22cc540,2026-07-27T15:45:29.452414+00:00,IPFS,startup,generate_identity_c1,0.1727499911794439,SUCCESS
db4d925b-f52e-43a8-84a7-3505e22cc540,2026-07-27T15:45:29.452617+00:00,IPFS,startup,generate_identity_s1,0.17020798986777663,SUCCESS
db4d925b-f52e-43a8-84a7-3505e22cc540,2026-07-27T15:45:29.498537+00:00,IPFS,ipfs,ipfs_key_gen,0.9386250021634623,SUCCESS
db4d925b-f52e-43a8-84a7-3505e22cc540,2026-07-27T15:45:29.519919+00:00,IPFS,ipfs,ipfs_add_json,20.345666009234264,SUCCESS
db4d925b-f52e-43a8-84a7-3505e22cc540,2026-07-27T15:46:19.127987+00:00,IPFS,ipfs,ipns_publish,49607.00150000048,SUCCESS
db4d925b-f52e-43a8-84a7-3505e22cc540,2026-07-27T15:46:19.140130+00:00,IPFS,publish,publish_identity_cp,49687.46791599551,SUCCESS
db4d925b-f52e-43a8-84a7-3505e22cc540,2026-07-27T15:46:19.224817+00:00,IPFS,ipfs,ipfs_key_gen,2.4086670018732548,SUCCESS
db4d925b-f52e-43a8-84a7-3505e22cc540,2026-07-27T15:46:19.249772+00:00,IPFS,ipfs,ipfs_add_json,20.27799999632407,SUCCESS
db4d925b-f52e-43a8-84a7-3505e22cc540,2026-07-27T15:47:13.370033+00:00,IPFS,ipfs,ipns_publish,54120.23312500969,SUCCESS
db4d925b-f52e-43a8-84a7-3505e22cc540,2026-07-27T15:47:13.372374+00:00,IPFS,publish,publish_identity_sp,54232.1683330083,SUCCESS
db4d925b-f52e-43a8-84a7-3505e22cc540,2026-07-27T15:47:13.444554+00:00,IPFS,ipfs,ipfs_key_gen,1.1851250019390136,SUCCESS
db4d925b-f52e-43a8-84a7-3505e22cc540,2026-07-27T15:47:13.468639+00:00,IPFS,ipfs,ipfs_add_json,22.160916007123888,SUCCESS
db4d925b-f52e-43a8-84a7-3505e22cc540,2026-07-27T15:47:18.392892+00:00,IPFS,ipfs,ipns_publish,4923.681749991374,SUCCESS
db4d925b-f52e-43a8-84a7-3505e22cc540,2026-07-27T15:47:18.396697+00:00,IPFS,publish,publish_identity_c1,5024.060666997684,SUCCESS
db4d925b-f52e-43a8-84a7-3505e22cc540,2026-07-27T15:47:18.431434+00:00,IPFS,ipfs,ipfs_key_gen,1.8658339977264404,SUCCESS
db4d925b-f52e-43a8-84a7-3505e22cc540,2026-07-27T15:47:18.456425+00:00,IPFS,ipfs,ipfs_add_json,22.488457994768396,SUCCESS
db4d925b-f52e-43a8-84a7-3505e22cc540,2026-07-27T15:47:27.765458+00:00,IPFS,ipfs,ipns_publish,9307.116583004245,SUCCESS
db4d925b-f52e-43a8-84a7-3505e22cc540,2026-07-27T15:47:27.769246+00:00,IPFS,publish,publish_identity_s1,9372.043625000515,SUCCESS
db4d925b-f52e-43a8-84a7-3505e22cc540,2026-07-27T15:47:27.789624+00:00,IPFS,ipfs,ipfs_key_gen,0.9068340004887432,SUCCESS
db4d925b-f52e-43a8-84a7-3505e22cc540,2026-07-27T15:47:27.812564+00:00,IPFS,ipfs,ipfs_add_json,20.726667004055344,SUCCESS
db4d925b-f52e-43a8-84a7-3505e22cc540,2026-07-27T15:47:37.341285+00:00,IPFS,ipfs,ipns_publish,9527.22058299696,SUCCESS
db4d925b-f52e-43a8-84a7-3505e22cc540,2026-07-27T15:47:37.347263+00:00,IPFS,publish,publish_service_metadata,9577.607416998944,SUCCESS
db4d925b-f52e-43a8-84a7-3505e22cc540,2026-07-27T15:47:37.383976+00:00,IPFS,ipfs,ipfs_key_gen,1.8035000102827325,SUCCESS
db4d925b-f52e-43a8-84a7-3505e22cc540,2026-07-27T15:47:37.406373+00:00,IPFS,ipfs,ipfs_add_json,18.964207993121818,SUCCESS
db4d925b-f52e-43a8-84a7-3505e22cc540,2026-07-27T15:48:00.773587+00:00,IPFS,ipfs,ipns_publish,23363.689750010963,SUCCESS
db4d925b-f52e-43a8-84a7-3505e22cc540,2026-07-27T15:48:00.780056+00:00,IPFS,publish,publish_provider_registry,23432.121874997392,SUCCESS
db4d925b-f52e-43a8-84a7-3505e22cc540,2026-07-27T15:48:00.786002+00:00,IPFS,ipfs,ipns_resolve,5.565875006141141,SUCCESS
db4d925b-f52e-43a8-84a7-3505e22cc540,2026-07-27T15:48:00.793122+00:00,IPFS,ipfs,ipfs_cat_json,6.955499993637204,SUCCESS
db4d925b-f52e-43a8-84a7-3505e22cc540,2026-07-27T15:48:00.809391+00:00,IPFS,ipfs,ipns_resolve,1.5022090083220974,SUCCESS
db4d925b-f52e-43a8-84a7-3505e22cc540,2026-07-27T15:48:00.810508+00:00,IPFS,ipfs,ipfs_cat_json,1.0170410096179694,SUCCESS
db4d925b-f52e-43a8-84a7-3505e22cc540,2026-07-27T15:48:00.812418+00:00,IPFS,ipfs,ipns_resolve,1.2749579909723252,SUCCESS
db4d925b-f52e-43a8-84a7-3505e22cc540,2026-07-27T15:48:00.815217+00:00,IPFS,ipfs,ipfs_cat_json,2.636458011693321,SUCCESS
db4d925b-f52e-43a8-84a7-3505e22cc540,2026-07-27T15:48:00.816649+00:00,IPFS,discovery,broker_discovery,36.34045799844898,SUCCESS
db4d925b-f52e-43a8-84a7-3505e22cc540,2026-07-27T15:48:00.818523+00:00,IPFS,dap,dap_create_capability,1.7261660104850307,SUCCESS
db4d925b-f52e-43a8-84a7-3505e22cc540,2026-07-27T15:48:00.827521+00:00,IPFS,dap,dap_encrypt_enc_cap,8.796125010121614,SUCCESS
db4d925b-f52e-43a8-84a7-3505e22cc540,2026-07-27T15:48:00.835651+00:00,IPFS,idap,client_session_init,0.18254099995829165,SUCCESS
db4d925b-f52e-43a8-84a7-3505e22cc540,2026-07-27T15:48:00.835738+00:00,IPFS,idap,client_ephemeral_public_key,0.006917005521245301,SUCCESS
db4d925b-f52e-43a8-84a7-3505e22cc540,2026-07-27T15:48:00.836136+00:00,IPFS,idap,client_request_sign,0.33379100204911083,SUCCESS
db4d925b-f52e-43a8-84a7-3505e22cc540,2026-07-27T15:48:00.836220+00:00,IPFS,idap,canonical_request_payload,0.01558400981593877,SUCCESS
db4d925b-f52e-43a8-84a7-3505e22cc540,2026-07-27T15:48:00.838269+00:00,IPFS,ipfs,ipns_resolve,1.484459004132077,SUCCESS
db4d925b-f52e-43a8-84a7-3505e22cc540,2026-07-27T15:48:00.839601+00:00,IPFS,ipfs,ipfs_cat_json,1.2382499990053475,SUCCESS
db4d925b-f52e-43a8-84a7-3505e22cc540,2026-07-27T15:48:00.841406+00:00,IPFS,ipfs,ipns_resolve,1.2635000020964071,SUCCESS
db4d925b-f52e-43a8-84a7-3505e22cc540,2026-07-27T15:48:00.842304+00:00,IPFS,ipfs,ipfs_cat_json,0.7668330072192475,SUCCESS
db4d925b-f52e-43a8-84a7-3505e22cc540,2026-07-27T15:48:00.843834+00:00,IPFS,ipfs,ipns_resolve,1.042291012709029,SUCCESS
db4d925b-f52e-43a8-84a7-3505e22cc540,2026-07-27T15:48:00.844828+00:00,IPFS,ipfs,ipfs_cat_json,0.8997919940156862,SUCCESS
db4d925b-f52e-43a8-84a7-3505e22cc540,2026-07-27T15:48:00.846268+00:00,IPFS,ipfs,ipns_resolve,0.9477499988861382,SUCCESS
db4d925b-f52e-43a8-84a7-3505e22cc540,2026-07-27T15:48:00.847095+00:00,IPFS,ipfs,ipfs_cat_json,0.7286670006578788,SUCCESS
db4d925b-f52e-43a8-84a7-3505e22cc540,2026-07-27T15:48:00.849208+00:00,IPFS,idap,idap_authorize,12.918499996885657,SUCCESS
db4d925b-f52e-43a8-84a7-3505e22cc540,2026-07-27T15:48:00.850467+00:00,IPFS,ipfs,ipns_resolve,0.7954160100780427,SUCCESS
db4d925b-f52e-43a8-84a7-3505e22cc540,2026-07-27T15:48:00.851087+00:00,IPFS,ipfs,ipfs_cat_json,0.5476249934872612,SUCCESS
db4d925b-f52e-43a8-84a7-3505e22cc540,2026-07-27T15:48:00.852245+00:00,IPFS,ipfs,ipns_resolve,0.7550000009359792,SUCCESS
db4d925b-f52e-43a8-84a7-3505e22cc540,2026-07-27T15:48:00.852816+00:00,IPFS,ipfs,ipfs_cat_json,0.49729199963621795,SUCCESS
db4d925b-f52e-43a8-84a7-3505e22cc540,2026-07-27T15:48:00.853914+00:00,IPFS,ipfs,ipns_resolve,0.6953749980311841,SUCCESS
db4d925b-f52e-43a8-84a7-3505e22cc540,2026-07-27T15:48:00.854458+00:00,IPFS,ipfs,ipfs_cat_json,0.46749999455641955,SUCCESS
db4d925b-f52e-43a8-84a7-3505e22cc540,2026-07-27T15:48:00.855551+00:00,IPFS,ipfs,ipns_resolve,0.6947080109966919,SUCCESS
db4d925b-f52e-43a8-84a7-3505e22cc540,2026-07-27T15:48:00.856081+00:00,IPFS,ipfs,ipfs_cat_json,0.4652500065276399,SUCCESS
db4d925b-f52e-43a8-84a7-3505e22cc540,2026-07-27T15:48:00.857307+00:00,IPFS,idap,idap_replay_check,8.031042001675814,SUCCESS
db4d925b-f52e-43a8-84a7-3505e22cc540,2026-07-27T15:48:00.858106+00:00,IPFS,ipfs,ipns_resolve,0.7320419972529635,SUCCESS
db4d925b-f52e-43a8-84a7-3505e22cc540,2026-07-27T15:48:00.858641+00:00,IPFS,ipfs,ipfs_cat_json,0.47116698988247663,SUCCESS
db4d925b-f52e-43a8-84a7-3505e22cc540,2026-07-27T15:48:00.859001+00:00,IPFS,idap,resolve_service_public_key,1.6320830036420375,SUCCESS
db4d925b-f52e-43a8-84a7-3505e22cc540,2026-07-27T15:48:00.859069+00:00,IPFS,idap,compute_transcript,0.014375007594935596,SUCCESS
db4d925b-f52e-43a8-84a7-3505e22cc540,2026-07-27T15:48:00.859400+00:00,IPFS,idap,transcript_verify,0.28141599614173174,SUCCESS
db4d925b-f52e-43a8-84a7-3505e22cc540,2026-07-27T15:48:00.859666+00:00,IPFS,idap,client_shared_secret_derivation,0.2095829986501485,SUCCESS
db4d925b-f52e-43a8-84a7-3505e22cc540,2026-07-27T15:48:00.859735+00:00,IPFS,idap,client_session_key_derivation,0.02041699190158397,SUCCESS
db4d925b-f52e-43a8-84a7-3505e22cc540,2026-07-27T15:48:00.859821+00:00,IPFS,crypto,encrypt_message,0.023833999875932932,SUCCESS
db4d925b-f52e-43a8-84a7-3505e22cc540,2026-07-27T15:48:00.859876+00:00,IPFS,crypto,decrypt_message,0.006917005521245301,SUCCESS
db4d925b-f52e-43a8-84a7-3505e22cc540,2026-07-27T15:48:00.860209+00:00,IPFS,tampering,tampered_request_sign,0.26404199888929725,SUCCESS
db4d925b-f52e-43a8-84a7-3505e22cc540,2026-07-27T15:48:00.861325+00:00,IPFS,ipfs,ipns_resolve,0.7308750064112246,SUCCESS
db4d925b-f52e-43a8-84a7-3505e22cc540,2026-07-27T15:48:00.861829+00:00,IPFS,ipfs,ipfs_cat_json,0.4485829995246604,SUCCESS
db4d925b-f52e-43a8-84a7-3505e22cc540,2026-07-27T15:48:00.862818+00:00,IPFS,ipfs,ipns_resolve,0.6488750077551231,SUCCESS
db4d925b-f52e-43a8-84a7-3505e22cc540,2026-07-27T15:48:00.863642+00:00,IPFS,ipfs,ipfs_cat_json,0.7650830084457994,SUCCESS
db4d925b-f52e-43a8-84a7-3505e22cc540,2026-07-27T15:48:00.864624+00:00,IPFS,ipfs,ipns_resolve,0.6533749983645976,SUCCESS
db4d925b-f52e-43a8-84a7-3505e22cc540,2026-07-27T15:48:00.865095+00:00,IPFS,ipfs,ipfs_cat_json,0.42033300269395113,SUCCESS
db4d925b-f52e-43a8-84a7-3505e22cc540,2026-07-27T15:48:00.866063+00:00,IPFS,ipfs,ipns_resolve,0.6554999999934807,SUCCESS
db4d925b-f52e-43a8-84a7-3505e22cc540,2026-07-27T15:48:00.866561+00:00,IPFS,ipfs,ipfs_cat_json,0.4472500004339963,SUCCESS
db4d925b-f52e-43a8-84a7-3505e22cc540,2026-07-27T15:48:00.867607+00:00,IPFS,tampering,tampering_check,7.344500001636334,SUCCESS
db4d925b-f52e-43a8-84a7-3505e22cc540,2026-07-27T15:48:00.867653+00:00,IPFS,summary,total_flow,151422.9820420005,SUCCESS
2e651a17-7e81-44e7-8599-dec20ed6f88b,2026-07-27T15:48:01.072014+00:00,IPFS,startup,initialize_store,0.13520799984689802,SUCCESS
2e651a17-7e81-44e7-8599-dec20ed6f88b,2026-07-27T15:48:01.077129+00:00,IPFS,startup,generate_identity_cp,4.7742080059833825,SUCCESS
2e651a17-7e81-44e7-8599-dec20ed6f88b,2026-07-27T15:48:01.077365+00:00,IPFS,startup,generate_identity_sp,0.1820419856812805,SUCCESS
2e651a17-7e81-44e7-8599-dec20ed6f88b,2026-07-27T15:48:01.077576+00:00,IPFS,startup,generate_identity_c1,0.17295799625571817,SUCCESS
2e651a17-7e81-44e7-8599-dec20ed6f88b,2026-07-27T15:48:01.077783+00:00,IPFS,startup,generate_identity_s1,0.17004199617076665,SUCCESS
2e651a17-7e81-44e7-8599-dec20ed6f88b,2026-07-27T15:48:01.135649+00:00,IPFS,ipfs,ipfs_key_gen,0.8803750097285956,SUCCESS
2e651a17-7e81-44e7-8599-dec20ed6f88b,2026-07-27T15:48:01.162347+00:00,IPFS,ipfs,ipfs_add_json,25.566958007402718,SUCCESS
2e651a17-7e81-44e7-8599-dec20ed6f88b,2026-07-27T15:48:29.651501+00:00,IPFS,ipfs,ipns_publish,28481.88670798845,SUCCESS
2e651a17-7e81-44e7-8599-dec20ed6f88b,2026-07-27T15:48:29.656245+00:00,IPFS,publish,publish_identity_cp,28578.4235829924,SUCCESS
2e651a17-7e81-44e7-8599-dec20ed6f88b,2026-07-27T15:48:29.726811+00:00,IPFS,ipfs,ipfs_key_gen,1.8009589985013008,SUCCESS
2e651a17-7e81-44e7-8599-dec20ed6f88b,2026-07-27T15:48:29.756341+00:00,IPFS,ipfs,ipfs_add_json,26.449417011463083,SUCCESS
2e651a17-7e81-44e7-8599-dec20ed6f88b,2026-07-27T15:48:39.393544+00:00,IPFS,ipfs,ipns_publish,9635.50208399829,SUCCESS
2e651a17-7e81-44e7-8599-dec20ed6f88b,2026-07-27T15:48:39.398267+00:00,IPFS,publish,publish_identity_sp,9741.607166011818,SUCCESS
2e651a17-7e81-44e7-8599-dec20ed6f88b,2026-07-27T15:48:39.478309+00:00,IPFS,ipfs,ipfs_key_gen,1.215124997543171,SUCCESS
2e651a17-7e81-44e7-8599-dec20ed6f88b,2026-07-27T15:48:39.502620+00:00,IPFS,ipfs,ipfs_add_json,22.37024999340065,SUCCESS
2e651a17-7e81-44e7-8599-dec20ed6f88b,2026-07-27T15:48:49.275129+00:00,IPFS,ipfs,ipns_publish,9771.483207994606,SUCCESS
2e651a17-7e81-44e7-8599-dec20ed6f88b,2026-07-27T15:48:49.285543+00:00,IPFS,publish,publish_identity_c1,9886.709375001374,SUCCESS
2e651a17-7e81-44e7-8599-dec20ed6f88b,2026-07-27T15:48:49.358995+00:00,IPFS,ipfs,ipfs_key_gen,1.1192910023964942,SUCCESS
2e651a17-7e81-44e7-8599-dec20ed6f88b,2026-07-27T15:48:49.381509+00:00,IPFS,ipfs,ipfs_add_json,20.486124994931743,SUCCESS
2e651a17-7e81-44e7-8599-dec20ed6f88b,2026-07-27T15:49:25.825726+00:00,IPFS,ipfs,ipns_publish,36442.947959003504,SUCCESS
2e651a17-7e81-44e7-8599-dec20ed6f88b,2026-07-27T15:49:25.836629+00:00,IPFS,publish,publish_identity_s1,36549.35387500154,SUCCESS
2e651a17-7e81-44e7-8599-dec20ed6f88b,2026-07-27T15:49:25.919710+00:00,IPFS,ipfs,ipfs_key_gen,1.0190000029979274,SUCCESS
2e651a17-7e81-44e7-8599-dec20ed6f88b,2026-07-27T15:49:25.943841+00:00,IPFS,ipfs,ipfs_add_json,22.67095800198149,SUCCESS
2e651a17-7e81-44e7-8599-dec20ed6f88b,2026-07-27T15:49:42.681663+00:00,IPFS,ipfs,ipns_publish,16737.07462499442,SUCCESS
2e651a17-7e81-44e7-8599-dec20ed6f88b,2026-07-27T15:49:42.684667+00:00,IPFS,publish,publish_service_metadata,16847.81366599782,SUCCESS
2e651a17-7e81-44e7-8599-dec20ed6f88b,2026-07-27T15:49:42.812954+00:00,IPFS,ipfs,ipfs_key_gen,0.817624997580424,SUCCESS
2e651a17-7e81-44e7-8599-dec20ed6f88b,2026-07-27T15:49:42.896511+00:00,IPFS,ipfs,ipfs_add_json,82.33016700251028,SUCCESS
2e651a17-7e81-44e7-8599-dec20ed6f88b,2026-07-27T15:50:23.363607+00:00,IPFS,ipfs,ipns_publish,40465.68962499441,SUCCESS
2e651a17-7e81-44e7-8599-dec20ed6f88b,2026-07-27T15:50:23.367031+00:00,IPFS,publish,publish_provider_registry,40682.43387500115,SUCCESS
2e651a17-7e81-44e7-8599-dec20ed6f88b,2026-07-27T15:50:23.371959+00:00,IPFS,ipfs,ipns_resolve,4.699583005276509,SUCCESS
2e651a17-7e81-44e7-8599-dec20ed6f88b,2026-07-27T15:50:23.377967+00:00,IPFS,ipfs,ipfs_cat_json,5.881374992895871,SUCCESS
2e651a17-7e81-44e7-8599-dec20ed6f88b,2026-07-27T15:50:23.394282+00:00,IPFS,ipfs,ipns_resolve,1.2912079982925206,SUCCESS
2e651a17-7e81-44e7-8599-dec20ed6f88b,2026-07-27T15:50:23.395335+00:00,IPFS,ipfs,ipfs_cat_json,0.9392499923706055,SUCCESS
2e651a17-7e81-44e7-8599-dec20ed6f88b,2026-07-27T15:50:23.397015+00:00,IPFS,ipfs,ipns_resolve,1.1714169959304854,SUCCESS
2e651a17-7e81-44e7-8599-dec20ed6f88b,2026-07-27T15:50:23.398187+00:00,IPFS,ipfs,ipfs_cat_json,1.1009590089088306,SUCCESS
2e651a17-7e81-44e7-8599-dec20ed6f88b,2026-07-27T15:50:23.398950+00:00,IPFS,discovery,broker_discovery,31.764500003191642,SUCCESS
2e651a17-7e81-44e7-8599-dec20ed6f88b,2026-07-27T15:50:23.399857+00:00,IPFS,dap,dap_create_capability,0.8184159960364923,SUCCESS
2e651a17-7e81-44e7-8599-dec20ed6f88b,2026-07-27T15:50:23.409054+00:00,IPFS,dap,dap_encrypt_enc_cap,9.062666998943314,SUCCESS
2e651a17-7e81-44e7-8599-dec20ed6f88b,2026-07-27T15:50:23.409320+00:00,IPFS,idap,client_session_init,0.1531669986434281,SUCCESS
2e651a17-7e81-44e7-8599-dec20ed6f88b,2026-07-27T15:50:23.409382+00:00,IPFS,idap,client_ephemeral_public_key,0.004040994099341333,SUCCESS
2e651a17-7e81-44e7-8599-dec20ed6f88b,2026-07-27T15:50:23.409683+00:00,IPFS,idap,client_request_sign,0.24929200299084187,SUCCESS
2e651a17-7e81-44e7-8599-dec20ed6f88b,2026-07-27T15:50:23.409743+00:00,IPFS,idap,canonical_request_payload,0.013041993952356279,SUCCESS
2e651a17-7e81-44e7-8599-dec20ed6f88b,2026-07-27T15:50:23.411840+00:00,IPFS,ipfs,ipns_resolve,1.6082909860415384,SUCCESS
2e651a17-7e81-44e7-8599-dec20ed6f88b,2026-07-27T15:50:23.412935+00:00,IPFS,ipfs,ipfs_cat_json,1.003458004561253,SUCCESS
2e651a17-7e81-44e7-8599-dec20ed6f88b,2026-07-27T15:50:23.414418+00:00,IPFS,ipfs,ipns_resolve,1.0274160013068467,SUCCESS
2e651a17-7e81-44e7-8599-dec20ed6f88b,2026-07-27T15:50:23.414995+00:00,IPFS,ipfs,ipfs_cat_json,0.5027090082876384,SUCCESS
2e651a17-7e81-44e7-8599-dec20ed6f88b,2026-07-27T15:50:23.416126+00:00,IPFS,ipfs,ipns_resolve,0.7777079881634563,SUCCESS
2e651a17-7e81-44e7-8599-dec20ed6f88b,2026-07-27T15:50:23.416804+00:00,IPFS,ipfs,ipfs_cat_json,0.624166990746744,SUCCESS
2e651a17-7e81-44e7-8599-dec20ed6f88b,2026-07-27T15:50:23.417934+00:00,IPFS,ipfs,ipns_resolve,0.7867499953135848,SUCCESS
2e651a17-7e81-44e7-8599-dec20ed6f88b,2026-07-27T15:50:23.418543+00:00,IPFS,ipfs,ipfs_cat_json,0.5523330037249252,SUCCESS
2e651a17-7e81-44e7-8599-dec20ed6f88b,2026-07-27T15:50:23.420323+00:00,IPFS,idap,idap_authorize,10.520374999032356,SUCCESS
2e651a17-7e81-44e7-8599-dec20ed6f88b,2026-07-27T15:50:23.421516+00:00,IPFS,ipfs,ipns_resolve,0.7862920028856024,SUCCESS
2e651a17-7e81-44e7-8599-dec20ed6f88b,2026-07-27T15:50:23.422012+00:00,IPFS,ipfs,ipfs_cat_json,0.44395800796337426,SUCCESS
2e651a17-7e81-44e7-8599-dec20ed6f88b,2026-07-27T15:50:23.423167+00:00,IPFS,ipfs,ipns_resolve,0.8281250047730282,SUCCESS
2e651a17-7e81-44e7-8599-dec20ed6f88b,2026-07-27T15:50:23.423597+00:00,IPFS,ipfs,ipfs_cat_json,0.38266599585767835,SUCCESS
2e651a17-7e81-44e7-8599-dec20ed6f88b,2026-07-27T15:50:23.424665+00:00,IPFS,ipfs,ipns_resolve,0.7512500014854595,SUCCESS
2e651a17-7e81-44e7-8599-dec20ed6f88b,2026-07-27T15:50:23.425120+00:00,IPFS,ipfs,ipfs_cat_json,0.40395800897385925,SUCCESS
2e651a17-7e81-44e7-8599-dec20ed6f88b,2026-07-27T15:50:23.426048+00:00,IPFS,ipfs,ipns_resolve,0.6124999927124009,SUCCESS
2e651a17-7e81-44e7-8599-dec20ed6f88b,2026-07-27T15:50:23.426530+00:00,IPFS,ipfs,ipfs_cat_json,0.42962499719578773,SUCCESS
2e651a17-7e81-44e7-8599-dec20ed6f88b,2026-07-27T15:50:23.427604+00:00,IPFS,idap,idap_replay_check,7.217833001050167,SUCCESS
2e651a17-7e81-44e7-8599-dec20ed6f88b,2026-07-27T15:50:23.428400+00:00,IPFS,ipfs,ipns_resolve,0.7431669946527109,SUCCESS
2e651a17-7e81-44e7-8599-dec20ed6f88b,2026-07-27T15:50:23.428854+00:00,IPFS,ipfs,ipfs_cat_json,0.40645801345817745,SUCCESS
2e651a17-7e81-44e7-8599-dec20ed6f88b,2026-07-27T15:50:23.429162+00:00,IPFS,idap,resolve_service_public_key,1.5090420056367293,SUCCESS
2e651a17-7e81-44e7-8599-dec20ed6f88b,2026-07-27T15:50:23.429218+00:00,IPFS,idap,compute_transcript,0.01158300437964499,SUCCESS
2e651a17-7e81-44e7-8599-dec20ed6f88b,2026-07-27T15:50:23.429503+00:00,IPFS,idap,transcript_verify,0.2431250031804666,SUCCESS
2e651a17-7e81-44e7-8599-dec20ed6f88b,2026-07-27T15:50:23.429729+00:00,IPFS,idap,client_shared_secret_derivation,0.1824999926611781,SUCCESS
2e651a17-7e81-44e7-8599-dec20ed6f88b,2026-07-27T15:50:23.429786+00:00,IPFS,idap,client_session_key_derivation,0.015292011084966362,SUCCESS
2e651a17-7e81-44e7-8599-dec20ed6f88b,2026-07-27T15:50:23.429847+00:00,IPFS,crypto,encrypt_message,0.012333999620750546,SUCCESS
2e651a17-7e81-44e7-8599-dec20ed6f88b,2026-07-27T15:50:23.429894+00:00,IPFS,crypto,decrypt_message,0.00508299854118377,SUCCESS
2e651a17-7e81-44e7-8599-dec20ed6f88b,2026-07-27T15:50:23.430176+00:00,IPFS,tampering,tampered_request_sign,0.22508400434162468,SUCCESS
2e651a17-7e81-44e7-8599-dec20ed6f88b,2026-07-27T15:50:23.431278+00:00,IPFS,ipfs,ipns_resolve,0.7686669996473938,SUCCESS
2e651a17-7e81-44e7-8599-dec20ed6f88b,2026-07-27T15:50:23.431776+00:00,IPFS,ipfs,ipfs_cat_json,0.4526249977061525,SUCCESS
2e651a17-7e81-44e7-8599-dec20ed6f88b,2026-07-27T15:50:23.433038+00:00,IPFS,ipfs,ipns_resolve,0.9630830027163029,SUCCESS
2e651a17-7e81-44e7-8599-dec20ed6f88b,2026-07-27T15:50:23.433525+00:00,IPFS,ipfs,ipfs_cat_json,0.43737499800045043,SUCCESS
2e651a17-7e81-44e7-8599-dec20ed6f88b,2026-07-27T15:50:23.434364+00:00,IPFS,ipfs,ipns_resolve,0.5453329940792173,SUCCESS
2e651a17-7e81-44e7-8599-dec20ed6f88b,2026-07-27T15:50:23.434821+00:00,IPFS,ipfs,ipfs_cat_json,0.41429199336562306,SUCCESS
2e651a17-7e81-44e7-8599-dec20ed6f88b,2026-07-27T15:50:23.435971+00:00,IPFS,ipfs,ipns_resolve,0.8415839984081686,SUCCESS
2e651a17-7e81-44e7-8599-dec20ed6f88b,2026-07-27T15:50:23.436460+00:00,IPFS,ipfs,ipfs_cat_json,0.4352079995442182,SUCCESS
2e651a17-7e81-44e7-8599-dec20ed6f88b,2026-07-27T15:50:23.437464+00:00,IPFS,tampering,tampering_check,7.240999999339692,SUCCESS
2e651a17-7e81-44e7-8599-dec20ed6f88b,2026-07-27T15:50:23.437511+00:00,IPFS,summary,total_flow,142366.88654099999,SUCCESS
17d7e787-a2b7-4619-a946-d75c1738e506,2026-07-27T15:50:23.648471+00:00,IPFS,startup,initialize_store,0.14033299521543086,SUCCESS
17d7e787-a2b7-4619-a946-d75c1738e506,2026-07-27T15:50:23.654457+00:00,IPFS,startup,generate_identity_cp,5.651249986840412,SUCCESS
17d7e787-a2b7-4619-a946-d75c1738e506,2026-07-27T15:50:23.654686+00:00,IPFS,startup,generate_identity_sp,0.18158300372306257,SUCCESS
17d7e787-a2b7-4619-a946-d75c1738e506,2026-07-27T15:50:23.654894+00:00,IPFS,startup,generate_identity_c1,0.17320799815934151,SUCCESS
17d7e787-a2b7-4619-a946-d75c1738e506,2026-07-27T15:50:23.655095+00:00,IPFS,startup,generate_identity_s1,0.16829199739731848,SUCCESS
17d7e787-a2b7-4619-a946-d75c1738e506,2026-07-27T15:50:23.721249+00:00,IPFS,ipfs,ipfs_key_gen,0.9076249989448115,SUCCESS
17d7e787-a2b7-4619-a946-d75c1738e506,2026-07-27T15:50:23.751601+00:00,IPFS,ipfs,ipfs_add_json,29.263499993248843,SUCCESS
17d7e787-a2b7-4619-a946-d75c1738e506,2026-07-27T15:50:42.645741+00:00,IPFS,ipfs,ipns_publish,18880.788499998744,SUCCESS
17d7e787-a2b7-4619-a946-d75c1738e506,2026-07-27T15:50:42.649611+00:00,IPFS,publish,publish_identity_cp,18994.533832999878,SUCCESS
17d7e787-a2b7-4619-a946-d75c1738e506,2026-07-27T15:50:42.710443+00:00,IPFS,ipfs,ipfs_key_gen,1.178708000225015,SUCCESS
17d7e787-a2b7-4619-a946-d75c1738e506,2026-07-27T15:50:42.734888+00:00,IPFS,ipfs,ipfs_add_json,22.11791700392496,SUCCESS
17d7e787-a2b7-4619-a946-d75c1738e506,2026-07-27T15:50:47.191528+00:00,IPFS,ipfs,ipns_publish,4455.573457991704,SUCCESS
17d7e787-a2b7-4619-a946-d75c1738e506,2026-07-27T15:50:47.197031+00:00,IPFS,publish,publish_identity_sp,4547.160125002847,SUCCESS
17d7e787-a2b7-4619-a946-d75c1738e506,2026-07-27T15:50:47.244130+00:00,IPFS,ipfs,ipfs_key_gen,1.8770000024233013,SUCCESS
17d7e787-a2b7-4619-a946-d75c1738e506,2026-07-27T15:50:47.274205+00:00,IPFS,ipfs,ipfs_add_json,25.347874994622543,SUCCESS
17d7e787-a2b7-4619-a946-d75c1738e506,2026-07-27T15:50:56.230637+00:00,IPFS,ipfs,ipns_publish,8955.44725000218,SUCCESS
17d7e787-a2b7-4619-a946-d75c1738e506,2026-07-27T15:50:56.237161+00:00,IPFS,publish,publish_identity_c1,9039.575750008225,SUCCESS
17d7e787-a2b7-4619-a946-d75c1738e506,2026-07-27T15:50:56.269498+00:00,IPFS,ipfs,ipfs_key_gen,1.6399169981013983,SUCCESS
17d7e787-a2b7-4619-a946-d75c1738e506,2026-07-27T15:50:56.293475+00:00,IPFS,ipfs,ipfs_add_json,21.548958000494167,SUCCESS
17d7e787-a2b7-4619-a946-d75c1738e506,2026-07-27T15:51:26.361751+00:00,IPFS,ipfs,ipns_publish,30067.98137498845,SUCCESS
17d7e787-a2b7-4619-a946-d75c1738e506,2026-07-27T15:51:26.363363+00:00,IPFS,publish,publish_identity_s1,30126.030042010825,SUCCESS
17d7e787-a2b7-4619-a946-d75c1738e506,2026-07-27T15:51:26.421533+00:00,IPFS,ipfs,ipfs_key_gen,0.8857499924488366,SUCCESS
17d7e787-a2b7-4619-a946-d75c1738e506,2026-07-27T15:51:26.443206+00:00,IPFS,ipfs,ipfs_add_json,20.029499995871447,SUCCESS
17d7e787-a2b7-4619-a946-d75c1738e506,2026-07-27T15:51:55.451862+00:00,IPFS,ipfs,ipns_publish,29007.566416999907,SUCCESS
17d7e787-a2b7-4619-a946-d75c1738e506,2026-07-27T15:51:55.457728+00:00,IPFS,publish,publish_service_metadata,29094.052125001326,SUCCESS
17d7e787-a2b7-4619-a946-d75c1738e506,2026-07-27T15:51:55.551882+00:00,IPFS,ipfs,ipfs_key_gen,1.4335419982671738,SUCCESS
17d7e787-a2b7-4619-a946-d75c1738e506,2026-07-27T15:51:55.572007+00:00,IPFS,ipfs,ipfs_add_json,18.3814589981921,SUCCESS
17d7e787-a2b7-4619-a946-d75c1738e506,2026-07-27T15:52:11.765570+00:00,IPFS,ipfs,ipns_publish,16192.435374992783,SUCCESS
17d7e787-a2b7-4619-a946-d75c1738e506,2026-07-27T15:52:11.774431+00:00,IPFS,publish,publish_provider_registry,16316.210791002959,SUCCESS
17d7e787-a2b7-4619-a946-d75c1738e506,2026-07-27T15:52:11.781773+00:00,IPFS,ipfs,ipns_resolve,6.746083003235981,SUCCESS
17d7e787-a2b7-4619-a946-d75c1738e506,2026-07-27T15:52:11.785139+00:00,IPFS,ipfs,ipfs_cat_json,2.803082999889739,SUCCESS
17d7e787-a2b7-4619-a946-d75c1738e506,2026-07-27T15:52:11.794659+00:00,IPFS,ipfs,ipns_resolve,2.1062920131953433,SUCCESS
17d7e787-a2b7-4619-a946-d75c1738e506,2026-07-27T15:52:11.797069+00:00,IPFS,ipfs,ipfs_cat_json,2.119041993864812,SUCCESS
17d7e787-a2b7-4619-a946-d75c1738e506,2026-07-27T15:52:11.799529+00:00,IPFS,ipfs,ipns_resolve,1.4930000033928081,SUCCESS
17d7e787-a2b7-4619-a946-d75c1738e506,2026-07-27T15:52:11.800819+00:00,IPFS,ipfs,ipfs_cat_json,1.0984160035150126,SUCCESS
17d7e787-a2b7-4619-a946-d75c1738e506,2026-07-27T15:52:11.802081+00:00,IPFS,discovery,broker_discovery,27.30433299439028,SUCCESS
17d7e787-a2b7-4619-a946-d75c1738e506,2026-07-27T15:52:11.803216+00:00,IPFS,dap,dap_create_capability,0.9947079961420968,SUCCESS
17d7e787-a2b7-4619-a946-d75c1738e506,2026-07-27T15:52:11.813120+00:00,IPFS,dap,dap_encrypt_enc_cap,9.504250003374182,SUCCESS
17d7e787-a2b7-4619-a946-d75c1738e506,2026-07-27T15:52:11.813761+00:00,IPFS,idap,client_session_init,0.44466600229498,SUCCESS
17d7e787-a2b7-4619-a946-d75c1738e506,2026-07-27T15:52:11.813867+00:00,IPFS,idap,client_ephemeral_public_key,0.005665991920977831,SUCCESS
17d7e787-a2b7-4619-a946-d75c1738e506,2026-07-27T15:52:11.814464+00:00,IPFS,idap,client_request_sign,0.5168329953448847,SUCCESS
17d7e787-a2b7-4619-a946-d75c1738e506,2026-07-27T15:52:11.814554+00:00,IPFS,idap,canonical_request_payload,0.01925000105984509,SUCCESS
17d7e787-a2b7-4619-a946-d75c1738e506,2026-07-27T15:52:11.817269+00:00,IPFS,ipfs,ipns_resolve,1.8069579964503646,SUCCESS
17d7e787-a2b7-4619-a946-d75c1738e506,2026-07-27T15:52:11.818480+00:00,IPFS,ipfs,ipfs_cat_json,1.126917006331496,SUCCESS
17d7e787-a2b7-4619-a946-d75c1738e506,2026-07-27T15:52:11.820063+00:00,IPFS,ipfs,ipns_resolve,1.0117909987457097,SUCCESS
17d7e787-a2b7-4619-a946-d75c1738e506,2026-07-27T15:52:11.820898+00:00,IPFS,ipfs,ipfs_cat_json,0.7426669908454642,SUCCESS
17d7e787-a2b7-4619-a946-d75c1738e506,2026-07-27T15:52:11.822671+00:00,IPFS,ipfs,ipns_resolve,1.2495420087361708,SUCCESS
17d7e787-a2b7-4619-a946-d75c1738e506,2026-07-27T15:52:11.823617+00:00,IPFS,ipfs,ipfs_cat_json,0.8588339987909421,SUCCESS
17d7e787-a2b7-4619-a946-d75c1738e506,2026-07-27T15:52:11.825077+00:00,IPFS,ipfs,ipns_resolve,0.9543750056764111,SUCCESS
17d7e787-a2b7-4619-a946-d75c1738e506,2026-07-27T15:52:11.826424+00:00,IPFS,ipfs,ipfs_cat_json,1.255292008863762,SUCCESS
17d7e787-a2b7-4619-a946-d75c1738e506,2026-07-27T15:52:11.828983+00:00,IPFS,idap,idap_authorize,14.35304198821541,SUCCESS
17d7e787-a2b7-4619-a946-d75c1738e506,2026-07-27T15:52:11.830604+00:00,IPFS,ipfs,ipns_resolve,1.0989169968524948,SUCCESS
17d7e787-a2b7-4619-a946-d75c1738e506,2026-07-27T15:52:11.831349+00:00,IPFS,ipfs,ipfs_cat_json,0.6507910002255812,SUCCESS
17d7e787-a2b7-4619-a946-d75c1738e506,2026-07-27T15:52:11.832842+00:00,IPFS,ipfs,ipns_resolve,0.9898749995045364,SUCCESS
17d7e787-a2b7-4619-a946-d75c1738e506,2026-07-27T15:52:11.833651+00:00,IPFS,ipfs,ipfs_cat_json,0.7085420074872673,SUCCESS
17d7e787-a2b7-4619-a946-d75c1738e506,2026-07-27T15:52:11.835101+00:00,IPFS,ipfs,ipns_resolve,0.9948749939212576,SUCCESS
17d7e787-a2b7-4619-a946-d75c1738e506,2026-07-27T15:52:11.835873+00:00,IPFS,ipfs,ipfs_cat_json,0.6911669916007668,SUCCESS
17d7e787-a2b7-4619-a946-d75c1738e506,2026-07-27T15:52:11.837272+00:00,IPFS,ipfs,ipns_resolve,0.9089589875657111,SUCCESS
17d7e787-a2b7-4619-a946-d75c1738e506,2026-07-27T15:52:11.838269+00:00,IPFS,ipfs,ipfs_cat_json,0.8327920077135786,SUCCESS
17d7e787-a2b7-4619-a946-d75c1738e506,2026-07-27T15:52:11.839689+00:00,IPFS,idap,idap_replay_check,10.625417009578086,SUCCESS
17d7e787-a2b7-4619-a946-d75c1738e506,2026-07-27T15:52:11.840723+00:00,IPFS,ipfs,ipns_resolve,0.9485839982517064,SUCCESS
17d7e787-a2b7-4619-a946-d75c1738e506,2026-07-27T15:52:11.841419+00:00,IPFS,ipfs,ipfs_cat_json,0.6124589999672025,SUCCESS
17d7e787-a2b7-4619-a946-d75c1738e506,2026-07-27T15:52:11.843002+00:00,IPFS,idap,resolve_service_public_key,3.232625007512979,SUCCESS
17d7e787-a2b7-4619-a946-d75c1738e506,2026-07-27T15:52:11.843079+00:00,IPFS,idap,compute_transcript,0.01695800165180117,SUCCESS
17d7e787-a2b7-4619-a946-d75c1738e506,2026-07-27T15:52:11.843433+00:00,IPFS,idap,transcript_verify,0.3020000003743917,SUCCESS
17d7e787-a2b7-4619-a946-d75c1738e506,2026-07-27T15:52:11.843724+00:00,IPFS,idap,client_shared_secret_derivation,0.23591700301039964,SUCCESS
17d7e787-a2b7-4619-a946-d75c1738e506,2026-07-27T15:52:11.843822+00:00,IPFS,idap,client_session_key_derivation,0.04720799915958196,SUCCESS
17d7e787-a2b7-4619-a946-d75c1738e506,2026-07-27T15:52:11.843926+00:00,IPFS,crypto,encrypt_message,0.031499992473982275,SUCCESS
17d7e787-a2b7-4619-a946-d75c1738e506,2026-07-27T15:52:11.843985+00:00,IPFS,crypto,decrypt_message,0.007374997949227691,SUCCESS
17d7e787-a2b7-4619-a946-d75c1738e506,2026-07-27T15:52:11.844340+00:00,IPFS,tampering,tampered_request_sign,0.28212500910740346,SUCCESS
17d7e787-a2b7-4619-a946-d75c1738e506,2026-07-27T15:52:11.845823+00:00,IPFS,ipfs,ipns_resolve,1.0311660007573664,SUCCESS
17d7e787-a2b7-4619-a946-d75c1738e506,2026-07-27T15:52:11.846492+00:00,IPFS,ipfs,ipfs_cat_json,0.5972910003038123,SUCCESS
17d7e787-a2b7-4619-a946-d75c1738e506,2026-07-27T15:52:11.847703+00:00,IPFS,ipfs,ipns_resolve,0.7984170078998432,SUCCESS
17d7e787-a2b7-4619-a946-d75c1738e506,2026-07-27T15:52:11.848299+00:00,IPFS,ipfs,ipfs_cat_json,0.5298330070218071,SUCCESS
17d7e787-a2b7-4619-a946-d75c1738e506,2026-07-27T15:52:11.849940+00:00,IPFS,ipfs,ipns_resolve,1.2381660053506494,SUCCESS
17d7e787-a2b7-4619-a946-d75c1738e506,2026-07-27T15:52:11.850781+00:00,IPFS,ipfs,ipfs_cat_json,0.7422920025419444,SUCCESS
17d7e787-a2b7-4619-a946-d75c1738e506,2026-07-27T15:52:11.852142+00:00,IPFS,ipfs,ipns_resolve,0.9214590099873021,SUCCESS
17d7e787-a2b7-4619-a946-d75c1738e506,2026-07-27T15:52:11.853207+00:00,IPFS,ipfs,ipfs_cat_json,0.9847909968812019,SUCCESS
17d7e787-a2b7-4619-a946-d75c1738e506,2026-07-27T15:52:11.854688+00:00,IPFS,tampering,tampering_check,10.286999997333623,SUCCESS
17d7e787-a2b7-4619-a946-d75c1738e506,2026-07-27T15:52:11.854751+00:00,IPFS,summary,total_flow,108207.4099159945,SUCCESS
e9206597-ef2b-4586-864e-75371464ac61,2026-07-27T15:52:12.085997+00:00,IPFS,startup,initialize_store,0.17316600133199245,SUCCESS
e9206597-ef2b-4586-864e-75371464ac61,2026-07-27T15:52:12.091426+00:00,IPFS,startup,generate_identity_cp,5.062458003521897,SUCCESS
e9206597-ef2b-4586-864e-75371464ac61,2026-07-27T15:52:12.091685+00:00,IPFS,startup,generate_identity_sp,0.20470899471547455,SUCCESS
e9206597-ef2b-4586-864e-75371464ac61,2026-07-27T15:52:12.091915+00:00,IPFS,startup,generate_identity_c1,0.18929099314846098,SUCCESS
e9206597-ef2b-4586-864e-75371464ac61,2026-07-27T15:52:12.092138+00:00,IPFS,startup,generate_identity_s1,0.1866249949671328,SUCCESS
e9206597-ef2b-4586-864e-75371464ac61,2026-07-27T15:52:12.142634+00:00,IPFS,ipfs,ipfs_key_gen,0.9560839971527457,SUCCESS
e9206597-ef2b-4586-864e-75371464ac61,2026-07-27T15:52:12.161771+00:00,IPFS,ipfs,ipfs_add_json,17.801832989789546,SUCCESS
e9206597-ef2b-4586-864e-75371464ac61,2026-07-27T15:52:27.724614+00:00,IPFS,ipfs,ipns_publish,15561.53274999815,SUCCESS
e9206597-ef2b-4586-864e-75371464ac61,2026-07-27T15:52:27.732206+00:00,IPFS,publish,publish_identity_cp,15639.798707998125,SUCCESS
e9206597-ef2b-4586-864e-75371464ac61,2026-07-27T15:52:27.803487+00:00,IPFS,ipfs,ipfs_key_gen,1.0840420000022277,SUCCESS
e9206597-ef2b-4586-864e-75371464ac61,2026-07-27T15:52:27.826919+00:00,IPFS,ipfs,ipfs_add_json,22.01583399437368,SUCCESS
e9206597-ef2b-4586-864e-75371464ac61,2026-07-27T15:52:40.399484+00:00,IPFS,ipfs,ipns_publish,12567.021374998149,SUCCESS
e9206597-ef2b-4586-864e-75371464ac61,2026-07-27T15:52:40.407256+00:00,IPFS,publish,publish_identity_sp,12673.678041988751,SUCCESS
e9206597-ef2b-4586-864e-75371464ac61,2026-07-27T15:52:40.476111+00:00,IPFS,ipfs,ipfs_key_gen,1.1016250064130872,SUCCESS
e9206597-ef2b-4586-864e-75371464ac61,2026-07-27T15:52:40.500163+00:00,IPFS,ipfs,ipfs_add_json,22.63541700085625,SUCCESS
e9206597-ef2b-4586-864e-75371464ac61,2026-07-27T15:52:48.714790+00:00,IPFS,ipfs,ipns_publish,8212.950582994381,SUCCESS
e9206597-ef2b-4586-864e-75371464ac61,2026-07-27T15:52:48.720213+00:00,IPFS,publish,publish_identity_c1,8312.6663340081,SUCCESS
e9206597-ef2b-4586-864e-75371464ac61,2026-07-27T15:52:48.781455+00:00,IPFS,ipfs,ipfs_key_gen,1.3798750005662441,SUCCESS
e9206597-ef2b-4586-864e-75371464ac61,2026-07-27T15:52:48.806988+00:00,IPFS,ipfs,ipfs_add_json,23.45416700700298,SUCCESS
e9206597-ef2b-4586-864e-75371464ac61,2026-07-27T15:53:44.483726+00:00,IPFS,ipfs,ipns_publish,55676.08616600046,SUCCESS
e9206597-ef2b-4586-864e-75371464ac61,2026-07-27T15:53:44.492138+00:00,IPFS,publish,publish_identity_s1,55771.92708400253,SUCCESS
e9206597-ef2b-4586-864e-75371464ac61,2026-07-27T15:53:44.575335+00:00,IPFS,ipfs,ipfs_key_gen,1.5439160051755607,SUCCESS
e9206597-ef2b-4586-864e-75371464ac61,2026-07-27T15:53:44.606918+00:00,IPFS,ipfs,ipfs_add_json,26.666042002034374,SUCCESS
e9206597-ef2b-4586-864e-75371464ac61,2026-07-27T15:53:54.483209+00:00,IPFS,ipfs,ipns_publish,9875.569208001252,SUCCESS
e9206597-ef2b-4586-864e-75371464ac61,2026-07-27T15:53:54.491643+00:00,IPFS,publish,publish_service_metadata,9999.086499999976,SUCCESS
e9206597-ef2b-4586-864e-75371464ac61,2026-07-27T15:53:54.583171+00:00,IPFS,ipfs,ipfs_key_gen,2.7926249895244837,SUCCESS
e9206597-ef2b-4586-864e-75371464ac61,2026-07-27T15:53:54.607999+00:00,IPFS,ipfs,ipfs_add_json,22.79091699165292,SUCCESS
e9206597-ef2b-4586-864e-75371464ac61,2026-07-27T15:54:23.097451+00:00,IPFS,ipfs,ipns_publish,28488.134625004022,SUCCESS
e9206597-ef2b-4586-864e-75371464ac61,2026-07-27T15:54:23.103398+00:00,IPFS,publish,publish_provider_registry,28611.499000006006,SUCCESS
e9206597-ef2b-4586-864e-75371464ac61,2026-07-27T15:54:23.109363+00:00,IPFS,ipfs,ipns_resolve,5.219833008595742,SUCCESS
e9206597-ef2b-4586-864e-75371464ac61,2026-07-27T15:54:23.113235+00:00,IPFS,ipfs,ipfs_cat_json,3.2187500037252903,SUCCESS
e9206597-ef2b-4586-864e-75371464ac61,2026-07-27T15:54:23.124577+00:00,IPFS,ipfs,ipns_resolve,2.4532090028515086,SUCCESS
e9206597-ef2b-4586-864e-75371464ac61,2026-07-27T15:54:23.126863+00:00,IPFS,ipfs,ipfs_cat_json,1.94191699847579,SUCCESS
e9206597-ef2b-4586-864e-75371464ac61,2026-07-27T15:54:23.129207+00:00,IPFS,ipfs,ipns_resolve,1.4761659986106679,SUCCESS
e9206597-ef2b-4586-864e-75371464ac61,2026-07-27T15:54:23.130302+00:00,IPFS,ipfs,ipfs_cat_json,0.9691250015748665,SUCCESS
e9206597-ef2b-4586-864e-75371464ac61,2026-07-27T15:54:23.131438+00:00,IPFS,discovery,broker_discovery,27.630290991510265,SUCCESS
e9206597-ef2b-4586-864e-75371464ac61,2026-07-27T15:54:23.132715+00:00,IPFS,dap,dap_create_capability,1.0711249924497679,SUCCESS
e9206597-ef2b-4586-864e-75371464ac61,2026-07-27T15:54:23.145716+00:00,IPFS,dap,dap_encrypt_enc_cap,12.662790992180817,SUCCESS
e9206597-ef2b-4586-864e-75371464ac61,2026-07-27T15:54:23.146191+00:00,IPFS,idap,client_session_init,0.27062500885222107,SUCCESS
e9206597-ef2b-4586-864e-75371464ac61,2026-07-27T15:54:23.146309+00:00,IPFS,idap,client_ephemeral_public_key,0.006165995728224516,SUCCESS
e9206597-ef2b-4586-864e-75371464ac61,2026-07-27T15:54:23.146756+00:00,IPFS,idap,client_request_sign,0.3640420036390424,SUCCESS
e9206597-ef2b-4586-864e-75371464ac61,2026-07-27T15:54:23.146836+00:00,IPFS,idap,canonical_request_payload,0.017166996258310974,SUCCESS
e9206597-ef2b-4586-864e-75371464ac61,2026-07-27T15:54:23.149190+00:00,IPFS,ipfs,ipns_resolve,1.7109999898821115,SUCCESS
e9206597-ef2b-4586-864e-75371464ac61,2026-07-27T15:54:23.150455+00:00,IPFS,ipfs,ipfs_cat_json,1.1700420000124723,SUCCESS
e9206597-ef2b-4586-864e-75371464ac61,2026-07-27T15:54:23.151986+00:00,IPFS,ipfs,ipns_resolve,1.022165990434587,SUCCESS
e9206597-ef2b-4586-864e-75371464ac61,2026-07-27T15:54:23.152842+00:00,IPFS,ipfs,ipfs_cat_json,0.7755419937893748,SUCCESS
e9206597-ef2b-4586-864e-75371464ac61,2026-07-27T15:54:23.154539+00:00,IPFS,ipfs,ipns_resolve,1.1979170085396618,SUCCESS
e9206597-ef2b-4586-864e-75371464ac61,2026-07-27T15:54:23.155514+00:00,IPFS,ipfs,ipfs_cat_json,0.8645000052638352,SUCCESS
e9206597-ef2b-4586-864e-75371464ac61,2026-07-27T15:54:23.157224+00:00,IPFS,ipfs,ipns_resolve,1.1605840118136257,SUCCESS
e9206597-ef2b-4586-864e-75371464ac61,2026-07-27T15:54:23.158338+00:00,IPFS,ipfs,ipfs_cat_json,0.9488340001553297,SUCCESS
e9206597-ef2b-4586-864e-75371464ac61,2026-07-27T15:54:23.160582+00:00,IPFS,idap,idap_authorize,13.669791995198466,SUCCESS
e9206597-ef2b-4586-864e-75371464ac61,2026-07-27T15:54:23.162168+00:00,IPFS,ipfs,ipns_resolve,1.0941660002572462,SUCCESS
e9206597-ef2b-4586-864e-75371464ac61,2026-07-27T15:54:23.162862+00:00,IPFS,ipfs,ipfs_cat_json,0.6152920104796067,SUCCESS
e9206597-ef2b-4586-864e-75371464ac61,2026-07-27T15:54:23.164025+00:00,IPFS,ipfs,ipns_resolve,0.7320000004256144,SUCCESS
e9206597-ef2b-4586-864e-75371464ac61,2026-07-27T15:54:23.164664+00:00,IPFS,ipfs,ipfs_cat_json,0.5529580084839836,SUCCESS
e9206597-ef2b-4586-864e-75371464ac61,2026-07-27T15:54:23.165827+00:00,IPFS,ipfs,ipns_resolve,0.7344159967033193,SUCCESS
e9206597-ef2b-4586-864e-75371464ac61,2026-07-27T15:54:23.166422+00:00,IPFS,ipfs,ipfs_cat_json,0.5256250005913898,SUCCESS
e9206597-ef2b-4586-864e-75371464ac61,2026-07-27T15:54:23.167590+00:00,IPFS,ipfs,ipns_resolve,0.7687500037718564,SUCCESS
e9206597-ef2b-4586-864e-75371464ac61,2026-07-27T15:54:23.168192+00:00,IPFS,ipfs,ipfs_cat_json,0.5332500004442409,SUCCESS
e9206597-ef2b-4586-864e-75371464ac61,2026-07-27T15:54:23.169527+00:00,IPFS,idap,idap_replay_check,8.865833005984314,SUCCESS
e9206597-ef2b-4586-864e-75371464ac61,2026-07-27T15:54:23.170463+00:00,IPFS,ipfs,ipns_resolve,0.8652920078020543,SUCCESS
e9206597-ef2b-4586-864e-75371464ac61,2026-07-27T15:54:23.171136+00:00,IPFS,ipfs,ipfs_cat_json,0.5879159871255979,SUCCESS
e9206597-ef2b-4586-864e-75371464ac61,2026-07-27T15:54:23.171504+00:00,IPFS,idap,resolve_service_public_key,1.9137500057695433,SUCCESS
e9206597-ef2b-4586-864e-75371464ac61,2026-07-27T15:54:23.171573+00:00,IPFS,idap,compute_transcript,0.015291996533051133,SUCCESS
e9206597-ef2b-4586-864e-75371464ac61,2026-07-27T15:54:23.171911+00:00,IPFS,idap,transcript_verify,0.28700000257231295,SUCCESS
e9206597-ef2b-4586-864e-75371464ac61,2026-07-27T15:54:23.172178+00:00,IPFS,idap,client_shared_secret_derivation,0.21695900068152696,SUCCESS
e9206597-ef2b-4586-864e-75371464ac61,2026-07-27T15:54:23.172249+00:00,IPFS,idap,client_session_key_derivation,0.02445800055284053,SUCCESS
e9206597-ef2b-4586-864e-75371464ac61,2026-07-27T15:54:23.172333+00:00,IPFS,crypto,encrypt_message,0.02154200046788901,SUCCESS
e9206597-ef2b-4586-864e-75371464ac61,2026-07-27T15:54:23.172391+00:00,IPFS,crypto,decrypt_message,0.006749993190169334,SUCCESS
e9206597-ef2b-4586-864e-75371464ac61,2026-07-27T15:54:23.172721+00:00,IPFS,tampering,tampered_request_sign,0.26083299599122256,SUCCESS
e9206597-ef2b-4586-864e-75371464ac61,2026-07-27T15:54:23.173835+00:00,IPFS,ipfs,ipns_resolve,0.7012499991105869,SUCCESS
e9206597-ef2b-4586-864e-75371464ac61,2026-07-27T15:54:23.174364+00:00,IPFS,ipfs,ipfs_cat_json,0.4635840014088899,SUCCESS
e9206597-ef2b-4586-864e-75371464ac61,2026-07-27T15:54:23.175500+00:00,IPFS,ipfs,ipns_resolve,0.7822500047041103,SUCCESS
e9206597-ef2b-4586-864e-75371464ac61,2026-07-27T15:54:23.176005+00:00,IPFS,ipfs,ipfs_cat_json,0.4487910046009347,SUCCESS
e9206597-ef2b-4586-864e-75371464ac61,2026-07-27T15:54:23.176929+00:00,IPFS,ipfs,ipns_resolve,0.5842910031788051,SUCCESS
e9206597-ef2b-4586-864e-75371464ac61,2026-07-27T15:54:23.177436+00:00,IPFS,ipfs,ipfs_cat_json,0.4493749875109643,SUCCESS
e9206597-ef2b-4586-864e-75371464ac61,2026-07-27T15:54:23.178541+00:00,IPFS,ipfs,ipns_resolve,0.7622080011060461,SUCCESS
e9206597-ef2b-4586-864e-75371464ac61,2026-07-27T15:54:23.179183+00:00,IPFS,ipfs,ipfs_cat_json,0.5801250081276521,SUCCESS
e9206597-ef2b-4586-864e-75371464ac61,2026-07-27T15:54:23.180327+00:00,IPFS,tampering,tampering_check,7.551583010354079,SUCCESS
e9206597-ef2b-4586-864e-75371464ac61,2026-07-27T15:54:23.180384+00:00,IPFS,summary,total_flow,131095.72529199068,SUCCESS
7096e0ca-b82f-4f1e-8d54-1f79aacf188a,2026-07-27T15:54:23.399278+00:00,IPFS,startup,initialize_store,0.14954200014472008,SUCCESS
7096e0ca-b82f-4f1e-8d54-1f79aacf188a,2026-07-27T15:54:23.406621+00:00,IPFS,startup,generate_identity_cp,6.978500008699484,SUCCESS
7096e0ca-b82f-4f1e-8d54-1f79aacf188a,2026-07-27T15:54:23.406885+00:00,IPFS,startup,generate_identity_sp,0.20304200006648898,SUCCESS
7096e0ca-b82f-4f1e-8d54-1f79aacf188a,2026-07-27T15:54:23.407115+00:00,IPFS,startup,generate_identity_c1,0.18795901269186288,SUCCESS
7096e0ca-b82f-4f1e-8d54-1f79aacf188a,2026-07-27T15:54:23.407339+00:00,IPFS,startup,generate_identity_s1,0.1850830012699589,SUCCESS
7096e0ca-b82f-4f1e-8d54-1f79aacf188a,2026-07-27T15:54:23.457607+00:00,IPFS,ipfs,ipfs_key_gen,0.8936249942053109,SUCCESS
7096e0ca-b82f-4f1e-8d54-1f79aacf188a,2026-07-27T15:54:23.479377+00:00,IPFS,ipfs,ipfs_add_json,20.656791995861568,SUCCESS
7096e0ca-b82f-4f1e-8d54-1f79aacf188a,2026-07-27T15:55:18.847071+00:00,IPFS,ipfs,ipns_publish,55366.67904199567,SUCCESS
7096e0ca-b82f-4f1e-8d54-1f79aacf188a,2026-07-27T15:55:18.853332+00:00,IPFS,publish,publish_identity_cp,55446.22649998928,SUCCESS
7096e0ca-b82f-4f1e-8d54-1f79aacf188a,2026-07-27T15:55:18.928493+00:00,IPFS,ipfs,ipfs_key_gen,1.5108329971553758,SUCCESS
7096e0ca-b82f-4f1e-8d54-1f79aacf188a,2026-07-27T15:55:18.954657+00:00,IPFS,ipfs,ipfs_add_json,24.44541599834338,SUCCESS
7096e0ca-b82f-4f1e-8d54-1f79aacf188a,2026-07-27T15:55:33.929722+00:00,IPFS,ipfs,ipns_publish,14974.288166995393,SUCCESS
7096e0ca-b82f-4f1e-8d54-1f79aacf188a,2026-07-27T15:55:33.935368+00:00,IPFS,publish,publish_identity_sp,15081.631541004754,SUCCESS
7096e0ca-b82f-4f1e-8d54-1f79aacf188a,2026-07-27T15:55:34.010606+00:00,IPFS,ipfs,ipfs_key_gen,1.000499993097037,SUCCESS
7096e0ca-b82f-4f1e-8d54-1f79aacf188a,2026-07-27T15:55:34.033067+00:00,IPFS,ipfs,ipfs_add_json,20.72833399870433,SUCCESS
7096e0ca-b82f-4f1e-8d54-1f79aacf188a,2026-07-27T15:56:09.165104+00:00,IPFS,ipfs,ipns_publish,35131.0927500017,SUCCESS
7096e0ca-b82f-4f1e-8d54-1f79aacf188a,2026-07-27T15:56:09.171569+00:00,IPFS,publish,publish_identity_c1,35236.0135409981,SUCCESS
7096e0ca-b82f-4f1e-8d54-1f79aacf188a,2026-07-27T15:56:09.255700+00:00,IPFS,ipfs,ipfs_key_gen,1.6017500020097941,SUCCESS
7096e0ca-b82f-4f1e-8d54-1f79aacf188a,2026-07-27T15:56:09.276618+00:00,IPFS,ipfs,ipfs_add_json,17.690665990812704,SUCCESS
7096e0ca-b82f-4f1e-8d54-1f79aacf188a,2026-07-27T15:56:17.105971+00:00,IPFS,ipfs,ipns_publish,7828.796375004458,SUCCESS
7096e0ca-b82f-4f1e-8d54-1f79aacf188a,2026-07-27T15:56:17.110660+00:00,IPFS,publish,publish_identity_s1,7938.568291996489,SUCCESS
7096e0ca-b82f-4f1e-8d54-1f79aacf188a,2026-07-27T15:56:17.193147+00:00,IPFS,ipfs,ipfs_key_gen,1.4397090126294643,SUCCESS
7096e0ca-b82f-4f1e-8d54-1f79aacf188a,2026-07-27T15:56:17.213887+00:00,IPFS,ipfs,ipfs_add_json,18.410207994747907,SUCCESS
7096e0ca-b82f-4f1e-8d54-1f79aacf188a,2026-07-27T15:56:34.096276+00:00,IPFS,ipfs,ipns_publish,16881.37404200097,SUCCESS
7096e0ca-b82f-4f1e-8d54-1f79aacf188a,2026-07-27T15:56:34.101213+00:00,IPFS,publish,publish_service_metadata,16990.10095799167,SUCCESS
7096e0ca-b82f-4f1e-8d54-1f79aacf188a,2026-07-27T15:56:34.174984+00:00,IPFS,ipfs,ipfs_key_gen,1.0249579936498776,SUCCESS
7096e0ca-b82f-4f1e-8d54-1f79aacf188a,2026-07-27T15:56:34.196497+00:00,IPFS,ipfs,ipfs_add_json,19.83037499303464,SUCCESS
7096e0ca-b82f-4f1e-8d54-1f79aacf188a,2026-07-27T15:56:44.614955+00:00,IPFS,ipfs,ipns_publish,10417.696542004705,SUCCESS
7096e0ca-b82f-4f1e-8d54-1f79aacf188a,2026-07-27T15:56:44.620589+00:00,IPFS,publish,publish_provider_registry,10518.895542001701,SUCCESS
7096e0ca-b82f-4f1e-8d54-1f79aacf188a,2026-07-27T15:56:44.625719+00:00,IPFS,ipfs,ipns_resolve,4.580417007673532,SUCCESS
7096e0ca-b82f-4f1e-8d54-1f79aacf188a,2026-07-27T15:56:44.629199+00:00,IPFS,ipfs,ipfs_cat_json,2.9400000057648867,SUCCESS
7096e0ca-b82f-4f1e-8d54-1f79aacf188a,2026-07-27T15:56:44.638665+00:00,IPFS,ipfs,ipns_resolve,2.738125011092052,SUCCESS
7096e0ca-b82f-4f1e-8d54-1f79aacf188a,2026-07-27T15:56:44.641151+00:00,IPFS,ipfs,ipfs_cat_json,1.9814580009551719,SUCCESS
7096e0ca-b82f-4f1e-8d54-1f79aacf188a,2026-07-27T15:56:44.644826+00:00,IPFS,ipfs,ipns_resolve,2.3333749995799735,SUCCESS
7096e0ca-b82f-4f1e-8d54-1f79aacf188a,2026-07-27T15:56:44.646445+00:00,IPFS,ipfs,ipfs_cat_json,1.3707909965887666,SUCCESS
7096e0ca-b82f-4f1e-8d54-1f79aacf188a,2026-07-27T15:56:44.648322+00:00,IPFS,discovery,broker_discovery,27.32112500234507,SUCCESS
7096e0ca-b82f-4f1e-8d54-1f79aacf188a,2026-07-27T15:56:44.649354+00:00,IPFS,dap,dap_create_capability,0.8619169966550544,SUCCESS
7096e0ca-b82f-4f1e-8d54-1f79aacf188a,2026-07-27T15:56:44.666275+00:00,IPFS,dap,dap_encrypt_enc_cap,16.57641700876411,SUCCESS
7096e0ca-b82f-4f1e-8d54-1f79aacf188a,2026-07-27T15:56:44.666754+00:00,IPFS,idap,client_session_init,0.2189170045312494,SUCCESS
7096e0ca-b82f-4f1e-8d54-1f79aacf188a,2026-07-27T15:56:44.666850+00:00,IPFS,idap,client_ephemeral_public_key,0.010917006875388324,SUCCESS
7096e0ca-b82f-4f1e-8d54-1f79aacf188a,2026-07-27T15:56:44.667325+00:00,IPFS,idap,client_request_sign,0.3998750034952536,SUCCESS
7096e0ca-b82f-4f1e-8d54-1f79aacf188a,2026-07-27T15:56:44.667415+00:00,IPFS,idap,canonical_request_payload,0.020499996026046574,SUCCESS
7096e0ca-b82f-4f1e-8d54-1f79aacf188a,2026-07-27T15:56:44.670076+00:00,IPFS,ipfs,ipns_resolve,1.9441250042291358,SUCCESS
7096e0ca-b82f-4f1e-8d54-1f79aacf188a,2026-07-27T15:56:44.671547+00:00,IPFS,ipfs,ipfs_cat_json,1.3585420092567801,SUCCESS
7096e0ca-b82f-4f1e-8d54-1f79aacf188a,2026-07-27T15:56:44.673531+00:00,IPFS,ipfs,ipns_resolve,1.284082987695001,SUCCESS
7096e0ca-b82f-4f1e-8d54-1f79aacf188a,2026-07-27T15:56:44.674696+00:00,IPFS,ipfs,ipfs_cat_json,0.9684590040706098,SUCCESS
7096e0ca-b82f-4f1e-8d54-1f79aacf188a,2026-07-27T15:56:44.676475+00:00,IPFS,ipfs,ipns_resolve,1.1285829968983307,SUCCESS
7096e0ca-b82f-4f1e-8d54-1f79aacf188a,2026-07-27T15:56:44.677532+00:00,IPFS,ipfs,ipfs_cat_json,0.9401670104125515,SUCCESS
7096e0ca-b82f-4f1e-8d54-1f79aacf188a,2026-07-27T15:56:44.679657+00:00,IPFS,ipfs,ipns_resolve,1.5247089904733002,SUCCESS
7096e0ca-b82f-4f1e-8d54-1f79aacf188a,2026-07-27T15:56:44.680718+00:00,IPFS,ipfs,ipfs_cat_json,0.9192910074489191,SUCCESS
7096e0ca-b82f-4f1e-8d54-1f79aacf188a,2026-07-27T15:56:44.683628+00:00,IPFS,idap,idap_authorize,16.116499988129362,SUCCESS
7096e0ca-b82f-4f1e-8d54-1f79aacf188a,2026-07-27T15:56:44.685659+00:00,IPFS,ipfs,ipns_resolve,1.4174170064507052,SUCCESS
7096e0ca-b82f-4f1e-8d54-1f79aacf188a,2026-07-27T15:56:44.686516+00:00,IPFS,ipfs,ipfs_cat_json,0.7436249870806932,SUCCESS
7096e0ca-b82f-4f1e-8d54-1f79aacf188a,2026-07-27T15:56:44.688346+00:00,IPFS,ipfs,ipns_resolve,1.3024579966440797,SUCCESS
7096e0ca-b82f-4f1e-8d54-1f79aacf188a,2026-07-27T15:56:44.689158+00:00,IPFS,ipfs,ipfs_cat_json,0.7045420061331242,SUCCESS
7096e0ca-b82f-4f1e-8d54-1f79aacf188a,2026-07-27T15:56:44.690582+00:00,IPFS,ipfs,ipns_resolve,0.8826669945847243,SUCCESS
7096e0ca-b82f-4f1e-8d54-1f79aacf188a,2026-07-27T15:56:44.691182+00:00,IPFS,ipfs,ipfs_cat_json,0.5285829975036904,SUCCESS
7096e0ca-b82f-4f1e-8d54-1f79aacf188a,2026-07-27T15:56:44.692641+00:00,IPFS,ipfs,ipns_resolve,1.0359580046497285,SUCCESS
7096e0ca-b82f-4f1e-8d54-1f79aacf188a,2026-07-27T15:56:44.693392+00:00,IPFS,ipfs,ipfs_cat_json,0.6815840024501085,SUCCESS
7096e0ca-b82f-4f1e-8d54-1f79aacf188a,2026-07-27T15:56:44.694671+00:00,IPFS,idap,idap_replay_check,10.865000003832392,SUCCESS
7096e0ca-b82f-4f1e-8d54-1f79aacf188a,2026-07-27T15:56:44.695743+00:00,IPFS,ipfs,ipns_resolve,0.9743340051500127,SUCCESS
7096e0ca-b82f-4f1e-8d54-1f79aacf188a,2026-07-27T15:56:44.696418+00:00,IPFS,ipfs,ipfs_cat_json,0.5877090006833896,SUCCESS
7096e0ca-b82f-4f1e-8d54-1f79aacf188a,2026-07-27T15:56:44.696868+00:00,IPFS,idap,resolve_service_public_key,2.11666600080207,SUCCESS
7096e0ca-b82f-4f1e-8d54-1f79aacf188a,2026-07-27T15:56:44.696951+00:00,IPFS,idap,compute_transcript,0.016833990230225027,SUCCESS
7096e0ca-b82f-4f1e-8d54-1f79aacf188a,2026-07-27T15:56:44.697295+00:00,IPFS,idap,transcript_verify,0.2867500006686896,SUCCESS
7096e0ca-b82f-4f1e-8d54-1f79aacf188a,2026-07-27T15:56:44.697639+00:00,IPFS,idap,client_shared_secret_derivation,0.2261660119984299,SUCCESS
7096e0ca-b82f-4f1e-8d54-1f79aacf188a,2026-07-27T15:56:44.697796+00:00,IPFS,idap,client_session_key_derivation,0.06550000398419797,SUCCESS
7096e0ca-b82f-4f1e-8d54-1f79aacf188a,2026-07-27T15:56:44.697981+00:00,IPFS,crypto,encrypt_message,0.06487499922513962,SUCCESS
7096e0ca-b82f-4f1e-8d54-1f79aacf188a,2026-07-27T15:56:44.698047+00:00,IPFS,crypto,decrypt_message,0.008749993867240846,SUCCESS
7096e0ca-b82f-4f1e-8d54-1f79aacf188a,2026-07-27T15:56:44.698539+00:00,IPFS,tampering,tampered_request_sign,0.3916669957106933,SUCCESS
7096e0ca-b82f-4f1e-8d54-1f79aacf188a,2026-07-27T15:56:44.700173+00:00,IPFS,ipfs,ipns_resolve,1.1729590041795745,SUCCESS
7096e0ca-b82f-4f1e-8d54-1f79aacf188a,2026-07-27T15:56:44.701014+00:00,IPFS,ipfs,ipfs_cat_json,0.724083001841791,SUCCESS
7096e0ca-b82f-4f1e-8d54-1f79aacf188a,2026-07-27T15:56:44.702273+00:00,IPFS,ipfs,ipns_resolve,0.8411250018980354,SUCCESS
7096e0ca-b82f-4f1e-8d54-1f79aacf188a,2026-07-27T15:56:44.702885+00:00,IPFS,ipfs,ipfs_cat_json,0.5410000012489036,SUCCESS
7096e0ca-b82f-4f1e-8d54-1f79aacf188a,2026-07-27T15:56:44.704018+00:00,IPFS,ipfs,ipns_resolve,0.7418330060318112,SUCCESS
7096e0ca-b82f-4f1e-8d54-1f79aacf188a,2026-07-27T15:56:44.704634+00:00,IPFS,ipfs,ipfs_cat_json,0.550583004951477,SUCCESS
7096e0ca-b82f-4f1e-8d54-1f79aacf188a,2026-07-27T15:56:44.705834+00:00,IPFS,ipfs,ipns_resolve,0.8194590045604855,SUCCESS
7096e0ca-b82f-4f1e-8d54-1f79aacf188a,2026-07-27T15:56:44.706398+00:00,IPFS,ipfs,ipfs_cat_json,0.5015420028939843,SUCCESS
7096e0ca-b82f-4f1e-8d54-1f79aacf188a,2026-07-27T15:56:44.707523+00:00,IPFS,tampering,tampering_check,8.919707994209602,SUCCESS
7096e0ca-b82f-4f1e-8d54-1f79aacf188a,2026-07-27T15:56:44.707621+00:00,IPFS,summary,total_flow,141309.69212499622,SUCCESS
76bde031-0b3a-460b-80bb-4a2d308a11d6,2026-07-27T15:56:44.909267+00:00,IPFS,startup,initialize_store,0.15341700054705143,SUCCESS
76bde031-0b3a-460b-80bb-4a2d308a11d6,2026-07-27T15:56:44.914585+00:00,IPFS,startup,generate_identity_cp,4.97262499993667,SUCCESS
76bde031-0b3a-460b-80bb-4a2d308a11d6,2026-07-27T15:56:44.914823+00:00,IPFS,startup,generate_identity_sp,0.18200000340584666,SUCCESS
76bde031-0b3a-460b-80bb-4a2d308a11d6,2026-07-27T15:56:44.915031+00:00,IPFS,startup,generate_identity_c1,0.1721660082694143,SUCCESS
76bde031-0b3a-460b-80bb-4a2d308a11d6,2026-07-27T15:56:44.915232+00:00,IPFS,startup,generate_identity_s1,0.16895799490157515,SUCCESS
76bde031-0b3a-460b-80bb-4a2d308a11d6,2026-07-27T15:56:44.967184+00:00,IPFS,ipfs,ipfs_key_gen,0.7754159887554124,SUCCESS
76bde031-0b3a-460b-80bb-4a2d308a11d6,2026-07-27T15:56:44.988656+00:00,IPFS,ipfs,ipfs_add_json,20.325417004642077,SUCCESS
76bde031-0b3a-460b-80bb-4a2d308a11d6,2026-07-27T15:56:54.393476+00:00,IPFS,ipfs,ipns_publish,9403.916417009896,SUCCESS
76bde031-0b3a-460b-80bb-4a2d308a11d6,2026-07-27T15:56:54.398759+00:00,IPFS,publish,publish_identity_cp,9483.411708992207,SUCCESS
76bde031-0b3a-460b-80bb-4a2d308a11d6,2026-07-27T15:56:54.476767+00:00,IPFS,ipfs,ipfs_key_gen,1.1824579996755347,SUCCESS
76bde031-0b3a-460b-80bb-4a2d308a11d6,2026-07-27T15:56:54.496983+00:00,IPFS,ipfs,ipfs_add_json,18.32770899636671,SUCCESS
76bde031-0b3a-460b-80bb-4a2d308a11d6,2026-07-27T15:57:05.261739+00:00,IPFS,ipfs,ipns_publish,10758.696958000655,SUCCESS
76bde031-0b3a-460b-80bb-4a2d308a11d6,2026-07-27T15:57:05.267738+00:00,IPFS,publish,publish_identity_sp,10868.655333004426,SUCCESS
76bde031-0b3a-460b-80bb-4a2d308a11d6,2026-07-27T15:57:05.361307+00:00,IPFS,ipfs,ipfs_key_gen,2.858791995095089,SUCCESS
76bde031-0b3a-460b-80bb-4a2d308a11d6,2026-07-27T15:57:05.383155+00:00,IPFS,ipfs,ipfs_add_json,20.161458000075072,SUCCESS
76bde031-0b3a-460b-80bb-4a2d308a11d6,2026-07-27T15:57:16.862024+00:00,IPFS,ipfs,ipns_publish,11472.674125005142,SUCCESS
76bde031-0b3a-460b-80bb-4a2d308a11d6,2026-07-27T15:57:16.867477+00:00,IPFS,publish,publish_identity_c1,11599.28399999626,SUCCESS
76bde031-0b3a-460b-80bb-4a2d308a11d6,2026-07-27T15:57:16.976512+00:00,IPFS,ipfs,ipfs_key_gen,1.6770840011304244,SUCCESS
76bde031-0b3a-460b-80bb-4a2d308a11d6,2026-07-27T15:57:17.015298+00:00,IPFS,ipfs,ipfs_add_json,36.375167008372955,SUCCESS
76bde031-0b3a-460b-80bb-4a2d308a11d6,2026-07-27T15:57:38.559072+00:00,IPFS,ipfs,ipns_publish,21542.43845900055,SUCCESS
76bde031-0b3a-460b-80bb-4a2d308a11d6,2026-07-27T15:57:38.564693+00:00,IPFS,publish,publish_identity_s1,21696.734625002136,SUCCESS
76bde031-0b3a-460b-80bb-4a2d308a11d6,2026-07-27T15:57:38.664760+00:00,IPFS,ipfs,ipfs_key_gen,1.3067090039839968,SUCCESS
76bde031-0b3a-460b-80bb-4a2d308a11d6,2026-07-27T15:57:38.693594+00:00,IPFS,ipfs,ipfs_add_json,26.128875004360452,SUCCESS
76bde031-0b3a-460b-80bb-4a2d308a11d6,2026-07-27T15:58:10.783771+00:00,IPFS,ipfs,ipns_publish,32089.19495799637,SUCCESS
76bde031-0b3a-460b-80bb-4a2d308a11d6,2026-07-27T15:58:10.789472+00:00,IPFS,publish,publish_service_metadata,32224.45558400068,SUCCESS
76bde031-0b3a-460b-80bb-4a2d308a11d6,2026-07-27T15:58:10.884722+00:00,IPFS,ipfs,ipfs_key_gen,1.6383749898523092,SUCCESS
76bde031-0b3a-460b-80bb-4a2d308a11d6,2026-07-27T15:58:10.903292+00:00,IPFS,ipfs,ipfs_add_json,16.12741699500475,SUCCESS
76bde031-0b3a-460b-80bb-4a2d308a11d6,2026-07-27T15:59:18.652392+00:00,IPFS,ipfs,ipns_publish,67748.52729198756,SUCCESS
76bde031-0b3a-460b-80bb-4a2d308a11d6,2026-07-27T15:59:18.658419+00:00,IPFS,publish,publish_provider_registry,67869.18029100343,SUCCESS
76bde031-0b3a-460b-80bb-4a2d308a11d6,2026-07-27T15:59:18.662759+00:00,IPFS,ipfs,ipns_resolve,3.7731660122517496,SUCCESS
76bde031-0b3a-460b-80bb-4a2d308a11d6,2026-07-27T15:59:18.666037+00:00,IPFS,ipfs,ipfs_cat_json,2.7257079927949235,SUCCESS
76bde031-0b3a-460b-80bb-4a2d308a11d6,2026-07-27T15:59:18.671156+00:00,IPFS,ipfs,ipns_resolve,2.858000007108785,SUCCESS
76bde031-0b3a-460b-80bb-4a2d308a11d6,2026-07-27T15:59:18.673404+00:00,IPFS,ipfs,ipfs_cat_json,1.719666994176805,SUCCESS
76bde031-0b3a-460b-80bb-4a2d308a11d6,2026-07-27T15:59:18.677384+00:00,IPFS,ipfs,ipns_resolve,2.686042003915645,SUCCESS
76bde031-0b3a-460b-80bb-4a2d308a11d6,2026-07-27T15:59:18.679640+00:00,IPFS,ipfs,ipfs_cat_json,1.8624170043040067,SUCCESS
76bde031-0b3a-460b-80bb-4a2d308a11d6,2026-07-27T15:59:18.681284+00:00,IPFS,discovery,broker_discovery,22.554042006959207,SUCCESS
76bde031-0b3a-460b-80bb-4a2d308a11d6,2026-07-27T15:59:18.682372+00:00,IPFS,dap,dap_create_capability,0.9479579894104972,SUCCESS
76bde031-0b3a-460b-80bb-4a2d308a11d6,2026-07-27T15:59:18.683961+00:00,IPFS,dap,dap_encrypt_enc_cap,1.4139580016490072,SUCCESS
76bde031-0b3a-460b-80bb-4a2d308a11d6,2026-07-27T15:59:18.684323+00:00,IPFS,idap,client_session_init,0.21883299632463604,SUCCESS
76bde031-0b3a-460b-80bb-4a2d308a11d6,2026-07-27T15:59:18.684413+00:00,IPFS,idap,client_ephemeral_public_key,0.005917012458667159,SUCCESS
76bde031-0b3a-460b-80bb-4a2d308a11d6,2026-07-27T15:59:18.684925+00:00,IPFS,idap,client_request_sign,0.42424999992363155,SUCCESS
76bde031-0b3a-460b-80bb-4a2d308a11d6,2026-07-27T15:59:18.685023+00:00,IPFS,idap,canonical_request_payload,0.018916995031759143,SUCCESS
76bde031-0b3a-460b-80bb-4a2d308a11d6,2026-07-27T15:59:18.687696+00:00,IPFS,ipfs,ipns_resolve,1.9141670054523274,SUCCESS
76bde031-0b3a-460b-80bb-4a2d308a11d6,2026-07-27T15:59:18.689320+00:00,IPFS,ipfs,ipfs_cat_json,1.410917000612244,SUCCESS
76bde031-0b3a-460b-80bb-4a2d308a11d6,2026-07-27T15:59:18.691675+00:00,IPFS,ipfs,ipns_resolve,1.5768750017741695,SUCCESS
76bde031-0b3a-460b-80bb-4a2d308a11d6,2026-07-27T15:59:18.692667+00:00,IPFS,ipfs,ipfs_cat_json,0.8416659984504804,SUCCESS
76bde031-0b3a-460b-80bb-4a2d308a11d6,2026-07-27T15:59:18.694871+00:00,IPFS,ipfs,ipns_resolve,1.4785829989705235,SUCCESS
76bde031-0b3a-460b-80bb-4a2d308a11d6,2026-07-27T15:59:18.696042+00:00,IPFS,ipfs,ipfs_cat_json,1.0383339977124706,SUCCESS
76bde031-0b3a-460b-80bb-4a2d308a11d6,2026-07-27T15:59:18.698291+00:00,IPFS,ipfs,ipns_resolve,1.5576250007143244,SUCCESS
76bde031-0b3a-460b-80bb-4a2d308a11d6,2026-07-27T15:59:18.699620+00:00,IPFS,ipfs,ipfs_cat_json,1.1965000012423843,SUCCESS
76bde031-0b3a-460b-80bb-4a2d308a11d6,2026-07-27T15:59:18.703646+00:00,IPFS,idap,idap_authorize,18.505625004763715,SUCCESS
76bde031-0b3a-460b-80bb-4a2d308a11d6,2026-07-27T15:59:18.707722+00:00,IPFS,ipfs,ipns_resolve,3.3357920037815347,SUCCESS
76bde031-0b3a-460b-80bb-4a2d308a11d6,2026-07-27T15:59:18.710321+00:00,IPFS,ipfs,ipfs_cat_json,2.4842499988153577,SUCCESS
76bde031-0b3a-460b-80bb-4a2d308a11d6,2026-07-27T15:59:18.712984+00:00,IPFS,ipfs,ipns_resolve,1.9747920014197007,SUCCESS
76bde031-0b3a-460b-80bb-4a2d308a11d6,2026-07-27T15:59:18.714756+00:00,IPFS,ipfs,ipfs_cat_json,1.5912910021143034,SUCCESS
76bde031-0b3a-460b-80bb-4a2d308a11d6,2026-07-27T15:59:18.717551+00:00,IPFS,ipfs,ipns_resolve,2.0799589983653277,SUCCESS
76bde031-0b3a-460b-80bb-4a2d308a11d6,2026-07-27T15:59:18.718513+00:00,IPFS,ipfs,ipfs_cat_json,0.8287079981528223,SUCCESS
76bde031-0b3a-460b-80bb-4a2d308a11d6,2026-07-27T15:59:18.720497+00:00,IPFS,ipfs,ipns_resolve,1.3552499876823276,SUCCESS
76bde031-0b3a-460b-80bb-4a2d308a11d6,2026-07-27T15:59:18.724581+00:00,IPFS,ipfs,ipfs_cat_json,3.9696660096524283,SUCCESS
76bde031-0b3a-460b-80bb-4a2d308a11d6,2026-07-27T15:59:18.726898+00:00,IPFS,idap,idap_replay_check,23.07070800452493,SUCCESS
76bde031-0b3a-460b-80bb-4a2d308a11d6,2026-07-27T15:59:18.729352+00:00,IPFS,ipfs,ipns_resolve,2.277666993904859,SUCCESS
76bde031-0b3a-460b-80bb-4a2d308a11d6,2026-07-27T15:59:18.731155+00:00,IPFS,ipfs,ipfs_cat_json,1.6870830004336312,SUCCESS
76bde031-0b3a-460b-80bb-4a2d308a11d6,2026-07-27T15:59:18.731780+00:00,IPFS,idap,resolve_service_public_key,4.724750004243106,SUCCESS
76bde031-0b3a-460b-80bb-4a2d308a11d6,2026-07-27T15:59:18.731894+00:00,IPFS,idap,compute_transcript,0.0228749995585531,SUCCESS
76bde031-0b3a-460b-80bb-4a2d308a11d6,2026-07-27T15:59:18.732435+00:00,IPFS,idap,transcript_verify,0.45729200064670295,SUCCESS
76bde031-0b3a-460b-80bb-4a2d308a11d6,2026-07-27T15:59:18.732872+00:00,IPFS,idap,client_shared_secret_derivation,0.3537499869707972,SUCCESS
76bde031-0b3a-460b-80bb-4a2d308a11d6,2026-07-27T15:59:18.733886+00:00,IPFS,idap,client_session_key_derivation,0.9152910060947761,SUCCESS
76bde031-0b3a-460b-80bb-4a2d308a11d6,2026-07-27T15:59:18.734086+00:00,IPFS,crypto,encrypt_message,0.05987500480841845,SUCCESS
76bde031-0b3a-460b-80bb-4a2d308a11d6,2026-07-27T15:59:18.734193+00:00,IPFS,crypto,decrypt_message,0.014125005691312253,SUCCESS
76bde031-0b3a-460b-80bb-4a2d308a11d6,2026-07-27T15:59:18.735419+00:00,IPFS,tampering,tampered_request_sign,0.47070899745449424,SUCCESS
76bde031-0b3a-460b-80bb-4a2d308a11d6,2026-07-27T15:59:18.738247+00:00,IPFS,ipfs,ipns_resolve,1.5067500062286854,SUCCESS
76bde031-0b3a-460b-80bb-4a2d308a11d6,2026-07-27T15:59:18.739215+00:00,IPFS,ipfs,ipfs_cat_json,0.8620420121587813,SUCCESS
76bde031-0b3a-460b-80bb-4a2d308a11d6,2026-07-27T15:59:18.741507+00:00,IPFS,ipfs,ipns_resolve,1.6354160034097731,SUCCESS
76bde031-0b3a-460b-80bb-4a2d308a11d6,2026-07-27T15:59:18.742806+00:00,IPFS,ipfs,ipfs_cat_json,1.1466249998193234,SUCCESS
76bde031-0b3a-460b-80bb-4a2d308a11d6,2026-07-27T15:59:18.744808+00:00,IPFS,ipfs,ipns_resolve,1.306915990426205,SUCCESS
76bde031-0b3a-460b-80bb-4a2d308a11d6,2026-07-27T15:59:18.745912+00:00,IPFS,ipfs,ipfs_cat_json,0.9597500029485673,SUCCESS
76bde031-0b3a-460b-80bb-4a2d308a11d6,2026-07-27T15:59:18.747974+00:00,IPFS,ipfs,ipns_resolve,1.4037500077392906,SUCCESS
76bde031-0b3a-460b-80bb-4a2d308a11d6,2026-07-27T15:59:18.748934+00:00,IPFS,ipfs,ipfs_cat_json,0.8577079861424863,SUCCESS
76bde031-0b3a-460b-80bb-4a2d308a11d6,2026-07-27T15:59:18.750647+00:00,IPFS,tampering,tampering_check,15.138292001211084,SUCCESS
76bde031-0b3a-460b-80bb-4a2d308a11d6,2026-07-27T15:59:18.750722+00:00,IPFS,summary,total_flow,153842.95004200249,SUCCESS
534b4008-cb19-4417-b2d7-fa6b1cc7d01a,2026-07-27T15:59:18.912539+00:00,IPFS,startup,initialize_store,0.15545800852123648,SUCCESS
534b4008-cb19-4417-b2d7-fa6b1cc7d01a,2026-07-27T15:59:18.915707+00:00,IPFS,startup,generate_identity_cp,2.8179170039948076,SUCCESS
534b4008-cb19-4417-b2d7-fa6b1cc7d01a,2026-07-27T15:59:18.915962+00:00,IPFS,startup,generate_identity_sp,0.18950000230688602,SUCCESS
534b4008-cb19-4417-b2d7-fa6b1cc7d01a,2026-07-27T15:59:18.916176+00:00,IPFS,startup,generate_identity_c1,0.17324999498669058,SUCCESS
534b4008-cb19-4417-b2d7-fa6b1cc7d01a,2026-07-27T15:59:18.916380+00:00,IPFS,startup,generate_identity_s1,0.16954199236351997,SUCCESS
534b4008-cb19-4417-b2d7-fa6b1cc7d01a,2026-07-27T15:59:18.979580+00:00,IPFS,ipfs,ipfs_key_gen,0.6467499915743247,SUCCESS
534b4008-cb19-4417-b2d7-fa6b1cc7d01a,2026-07-27T15:59:19.005641+00:00,IPFS,ipfs,ipfs_add_json,24.785415997030213,SUCCESS
534b4008-cb19-4417-b2d7-fa6b1cc7d01a,2026-07-27T15:59:26.421380+00:00,IPFS,ipfs,ipns_publish,7415.242291986942,SUCCESS
534b4008-cb19-4417-b2d7-fa6b1cc7d01a,2026-07-27T15:59:26.426110+00:00,IPFS,publish,publish_identity_cp,7509.593416005373,SUCCESS
534b4008-cb19-4417-b2d7-fa6b1cc7d01a,2026-07-27T15:59:26.487285+00:00,IPFS,ipfs,ipfs_key_gen,0.9712920000310987,SUCCESS
534b4008-cb19-4417-b2d7-fa6b1cc7d01a,2026-07-27T15:59:26.515011+00:00,IPFS,ipfs,ipfs_add_json,26.43716700549703,SUCCESS
534b4008-cb19-4417-b2d7-fa6b1cc7d01a,2026-07-27T16:00:14.262680+00:00,IPFS,ipfs,ipns_publish,47746.913708004286,SUCCESS
534b4008-cb19-4417-b2d7-fa6b1cc7d01a,2026-07-27T16:00:14.269528+00:00,IPFS,publish,publish_identity_sp,47843.33716699621,SUCCESS
534b4008-cb19-4417-b2d7-fa6b1cc7d01a,2026-07-27T16:00:14.345255+00:00,IPFS,ipfs,ipfs_key_gen,1.0510420106584206,SUCCESS
534b4008-cb19-4417-b2d7-fa6b1cc7d01a,2026-07-27T16:00:14.370619+00:00,IPFS,ipfs,ipfs_add_json,22.91112499369774,SUCCESS
534b4008-cb19-4417-b2d7-fa6b1cc7d01a,2026-07-27T16:00:51.459335+00:00,IPFS,ipfs,ipns_publish,37082.15262500744,SUCCESS
534b4008-cb19-4417-b2d7-fa6b1cc7d01a,2026-07-27T16:00:51.465770+00:00,IPFS,publish,publish_identity_c1,37191.452625003876,SUCCESS
534b4008-cb19-4417-b2d7-fa6b1cc7d01a,2026-07-27T16:00:51.556778+00:00,IPFS,ipfs,ipfs_key_gen,1.030750005156733,SUCCESS
534b4008-cb19-4417-b2d7-fa6b1cc7d01a,2026-07-27T16:00:51.579505+00:00,IPFS,ipfs,ipfs_add_json,20.624041004339233,SUCCESS
534b4008-cb19-4417-b2d7-fa6b1cc7d01a,2026-07-27T16:01:03.333531+00:00,IPFS,ipfs,ipns_publish,11750.112833004096,SUCCESS
534b4008-cb19-4417-b2d7-fa6b1cc7d01a,2026-07-27T16:01:03.343581+00:00,IPFS,publish,publish_identity_s1,11873.961917008273,SUCCESS
534b4008-cb19-4417-b2d7-fa6b1cc7d01a,2026-07-27T16:01:03.432313+00:00,IPFS,ipfs,ipfs_key_gen,2.1802499977638945,SUCCESS
534b4008-cb19-4417-b2d7-fa6b1cc7d01a,2026-07-27T16:01:03.454177+00:00,IPFS,ipfs,ipfs_add_json,19.387624997762032,SUCCESS
534b4008-cb19-4417-b2d7-fa6b1cc7d01a,2026-07-27T16:01:07.144186+00:00,IPFS,ipfs,ipns_publish,3689.0697500057286,SUCCESS
534b4008-cb19-4417-b2d7-fa6b1cc7d01a,2026-07-27T16:01:07.147320+00:00,IPFS,publish,publish_service_metadata,3802.596374996938,SUCCESS
534b4008-cb19-4417-b2d7-fa6b1cc7d01a,2026-07-27T16:01:07.174034+00:00,IPFS,ipfs,ipfs_key_gen,1.7278330051340163,SUCCESS
534b4008-cb19-4417-b2d7-fa6b1cc7d01a,2026-07-27T16:01:07.202355+00:00,IPFS,ipfs,ipfs_add_json,23.657083002035506,SUCCESS
534b4008-cb19-4417-b2d7-fa6b1cc7d01a,2026-07-27T16:01:36.380810+00:00,IPFS,ipfs,ipns_publish,29174.888958994416,SUCCESS
534b4008-cb19-4417-b2d7-fa6b1cc7d01a,2026-07-27T16:01:36.390020+00:00,IPFS,publish,publish_provider_registry,29240.489457995864,SUCCESS
534b4008-cb19-4417-b2d7-fa6b1cc7d01a,2026-07-27T16:01:36.397285+00:00,IPFS,ipfs,ipns_resolve,6.327832990791649,SUCCESS
534b4008-cb19-4417-b2d7-fa6b1cc7d01a,2026-07-27T16:01:36.402967+00:00,IPFS,ipfs,ipfs_cat_json,4.938332989695482,SUCCESS
534b4008-cb19-4417-b2d7-fa6b1cc7d01a,2026-07-27T16:01:36.415467+00:00,IPFS,ipfs,ipns_resolve,2.2984999959589913,SUCCESS
534b4008-cb19-4417-b2d7-fa6b1cc7d01a,2026-07-27T16:01:36.417287+00:00,IPFS,ipfs,ipfs_cat_json,1.545416991575621,SUCCESS
534b4008-cb19-4417-b2d7-fa6b1cc7d01a,2026-07-27T16:01:36.419734+00:00,IPFS,ipfs,ipns_resolve,1.6164590051630512,SUCCESS
534b4008-cb19-4417-b2d7-fa6b1cc7d01a,2026-07-27T16:01:36.421193+00:00,IPFS,ipfs,ipfs_cat_json,1.2713340111076832,SUCCESS
534b4008-cb19-4417-b2d7-fa6b1cc7d01a,2026-07-27T16:01:36.422389+00:00,IPFS,discovery,broker_discovery,31.8378749943804,SUCCESS
534b4008-cb19-4417-b2d7-fa6b1cc7d01a,2026-07-27T16:01:36.423447+00:00,IPFS,dap,dap_create_capability,0.934750001761131,SUCCESS
534b4008-cb19-4417-b2d7-fa6b1cc7d01a,2026-07-27T16:01:36.435429+00:00,IPFS,dap,dap_encrypt_enc_cap,11.636374998488463,SUCCESS
534b4008-cb19-4417-b2d7-fa6b1cc7d01a,2026-07-27T16:01:36.436390+00:00,IPFS,idap,client_session_init,0.42054199730046093,SUCCESS
534b4008-cb19-4417-b2d7-fa6b1cc7d01a,2026-07-27T16:01:36.436699+00:00,IPFS,idap,client_ephemeral_public_key,0.012290998711250722,SUCCESS
534b4008-cb19-4417-b2d7-fa6b1cc7d01a,2026-07-27T16:01:36.437246+00:00,IPFS,idap,client_request_sign,0.4015000013168901,SUCCESS
534b4008-cb19-4417-b2d7-fa6b1cc7d01a,2026-07-27T16:01:36.437340+00:00,IPFS,idap,canonical_request_payload,0.020042003598064184,SUCCESS
534b4008-cb19-4417-b2d7-fa6b1cc7d01a,2026-07-27T16:01:36.440004+00:00,IPFS,ipfs,ipns_resolve,1.8732919998001307,SUCCESS
534b4008-cb19-4417-b2d7-fa6b1cc7d01a,2026-07-27T16:01:36.441072+00:00,IPFS,ipfs,ipfs_cat_json,0.9435829997528344,SUCCESS
534b4008-cb19-4417-b2d7-fa6b1cc7d01a,2026-07-27T16:01:36.442431+00:00,IPFS,ipfs,ipns_resolve,0.8213340042857453,SUCCESS
534b4008-cb19-4417-b2d7-fa6b1cc7d01a,2026-07-27T16:01:36.443087+00:00,IPFS,ipfs,ipfs_cat_json,0.5819159996462986,SUCCESS
534b4008-cb19-4417-b2d7-fa6b1cc7d01a,2026-07-27T16:01:36.444344+00:00,IPFS,ipfs,ipns_resolve,0.8202909957617521,SUCCESS
534b4008-cb19-4417-b2d7-fa6b1cc7d01a,2026-07-27T16:01:36.445194+00:00,IPFS,ipfs,ipfs_cat_json,0.7690000056754798,SUCCESS
534b4008-cb19-4417-b2d7-fa6b1cc7d01a,2026-07-27T16:01:36.446461+00:00,IPFS,ipfs,ipns_resolve,0.8510000043315813,SUCCESS
534b4008-cb19-4417-b2d7-fa6b1cc7d01a,2026-07-27T16:01:36.447262+00:00,IPFS,ipfs,ipfs_cat_json,0.7254579977598041,SUCCESS
534b4008-cb19-4417-b2d7-fa6b1cc7d01a,2026-07-27T16:01:36.449509+00:00,IPFS,idap,idap_authorize,12.093249999452382,SUCCESS
534b4008-cb19-4417-b2d7-fa6b1cc7d01a,2026-07-27T16:01:36.451130+00:00,IPFS,ipfs,ipns_resolve,1.1317500029690564,SUCCESS
534b4008-cb19-4417-b2d7-fa6b1cc7d01a,2026-07-27T16:01:36.451838+00:00,IPFS,ipfs,ipfs_cat_json,0.6135829898994416,SUCCESS
534b4008-cb19-4417-b2d7-fa6b1cc7d01a,2026-07-27T16:01:36.453155+00:00,IPFS,ipfs,ipns_resolve,0.8726249943720177,SUCCESS
534b4008-cb19-4417-b2d7-fa6b1cc7d01a,2026-07-27T16:01:36.453844+00:00,IPFS,ipfs,ipfs_cat_json,0.6193750014062971,SUCCESS
534b4008-cb19-4417-b2d7-fa6b1cc7d01a,2026-07-27T16:01:36.455013+00:00,IPFS,ipfs,ipns_resolve,0.7694170053582639,SUCCESS
534b4008-cb19-4417-b2d7-fa6b1cc7d01a,2026-07-27T16:01:36.455795+00:00,IPFS,ipfs,ipfs_cat_json,0.7229580078274012,SUCCESS
534b4008-cb19-4417-b2d7-fa6b1cc7d01a,2026-07-27T16:01:36.457111+00:00,IPFS,ipfs,ipns_resolve,0.9446659969398752,SUCCESS
534b4008-cb19-4417-b2d7-fa6b1cc7d01a,2026-07-27T16:01:36.457948+00:00,IPFS,ipfs,ipfs_cat_json,0.7692499930271879,SUCCESS
534b4008-cb19-4417-b2d7-fa6b1cc7d01a,2026-07-27T16:01:36.459176+00:00,IPFS,idap,idap_replay_check,9.594374991138466,SUCCESS
534b4008-cb19-4417-b2d7-fa6b1cc7d01a,2026-07-27T16:01:36.460717+00:00,IPFS,ipfs,ipns_resolve,1.4771660062251613,SUCCESS
534b4008-cb19-4417-b2d7-fa6b1cc7d01a,2026-07-27T16:01:36.461552+00:00,IPFS,ipfs,ipfs_cat_json,0.7801659958204255,SUCCESS
534b4008-cb19-4417-b2d7-fa6b1cc7d01a,2026-07-27T16:01:36.461899+00:00,IPFS,idap,resolve_service_public_key,2.6653749955585226,SUCCESS
534b4008-cb19-4417-b2d7-fa6b1cc7d01a,2026-07-27T16:01:36.461960+00:00,IPFS,idap,compute_transcript,0.013666998711414635,SUCCESS
534b4008-cb19-4417-b2d7-fa6b1cc7d01a,2026-07-27T16:01:36.462283+00:00,IPFS,idap,transcript_verify,0.27666699315886945,SUCCESS
534b4008-cb19-4417-b2d7-fa6b1cc7d01a,2026-07-27T16:01:36.462559+00:00,IPFS,idap,client_shared_secret_derivation,0.22787500347476453,SUCCESS
534b4008-cb19-4417-b2d7-fa6b1cc7d01a,2026-07-27T16:01:36.462646+00:00,IPFS,idap,client_session_key_derivation,0.04170800093561411,SUCCESS
534b4008-cb19-4417-b2d7-fa6b1cc7d01a,2026-07-27T16:01:36.462757+00:00,IPFS,crypto,encrypt_message,0.050000002374872565,SUCCESS
534b4008-cb19-4417-b2d7-fa6b1cc7d01a,2026-07-27T16:01:36.462813+00:00,IPFS,crypto,decrypt_message,0.00912499672267586,SUCCESS
534b4008-cb19-4417-b2d7-fa6b1cc7d01a,2026-07-27T16:01:36.463152+00:00,IPFS,tampering,tampered_request_sign,0.2675420109881088,SUCCESS
534b4008-cb19-4417-b2d7-fa6b1cc7d01a,2026-07-27T16:01:36.464331+00:00,IPFS,ipfs,ipns_resolve,0.7698749977862462,SUCCESS
534b4008-cb19-4417-b2d7-fa6b1cc7d01a,2026-07-27T16:01:36.464835+00:00,IPFS,ipfs,ipfs_cat_json,0.4497079935390502,SUCCESS
534b4008-cb19-4417-b2d7-fa6b1cc7d01a,2026-07-27T16:01:36.465964+00:00,IPFS,ipfs,ipns_resolve,0.7597079966217279,SUCCESS
534b4008-cb19-4417-b2d7-fa6b1cc7d01a,2026-07-27T16:01:36.466541+00:00,IPFS,ipfs,ipfs_cat_json,0.5088339967187494,SUCCESS
534b4008-cb19-4417-b2d7-fa6b1cc7d01a,2026-07-27T16:01:36.467723+00:00,IPFS,ipfs,ipns_resolve,0.7878339965827763,SUCCESS
534b4008-cb19-4417-b2d7-fa6b1cc7d01a,2026-07-27T16:01:36.468317+00:00,IPFS,ipfs,ipfs_cat_json,0.5143330054124817,SUCCESS
534b4008-cb19-4417-b2d7-fa6b1cc7d01a,2026-07-27T16:01:36.469429+00:00,IPFS,ipfs,ipns_resolve,0.7446670060744509,SUCCESS
534b4008-cb19-4417-b2d7-fa6b1cc7d01a,2026-07-27T16:01:36.470058+00:00,IPFS,ipfs,ipfs_cat_json,0.5471670010592788,SUCCESS
534b4008-cb19-4417-b2d7-fa6b1cc7d01a,2026-07-27T16:01:36.471301+00:00,IPFS,tampering,tampering_check,8.090874995104969,SUCCESS
534b4008-cb19-4417-b2d7-fa6b1cc7d01a,2026-07-27T16:01:36.471362+00:00,IPFS,summary,total_flow,137549.36062499473,SUCCESS
9710f994-1fcd-4790-9f1a-bc22371f9b52,2026-07-27T16:01:36.682003+00:00,IPFS,startup,initialize_store,0.16412499826401472,SUCCESS
9710f994-1fcd-4790-9f1a-bc22371f9b52,2026-07-27T16:01:36.688148+00:00,IPFS,startup,generate_identity_cp,5.785749992355704,SUCCESS
9710f994-1fcd-4790-9f1a-bc22371f9b52,2026-07-27T16:01:36.688401+00:00,IPFS,startup,generate_identity_sp,0.18845799786504358,SUCCESS
9710f994-1fcd-4790-9f1a-bc22371f9b52,2026-07-27T16:01:36.688615+00:00,IPFS,startup,generate_identity_c1,0.17420799122191966,SUCCESS
9710f994-1fcd-4790-9f1a-bc22371f9b52,2026-07-27T16:01:36.688829+00:00,IPFS,startup,generate_identity_s1,0.1694590027909726,SUCCESS
9710f994-1fcd-4790-9f1a-bc22371f9b52,2026-07-27T16:01:36.755464+00:00,IPFS,ipfs,ipfs_key_gen,0.9667090052971616,SUCCESS
9710f994-1fcd-4790-9f1a-bc22371f9b52,2026-07-27T16:01:36.781280+00:00,IPFS,ipfs,ipfs_add_json,24.631416992633604,SUCCESS
9710f994-1fcd-4790-9f1a-bc22371f9b52,2026-07-27T16:02:28.551103+00:00,IPFS,ipfs,ipns_publish,51768.58245799667,SUCCESS
9710f994-1fcd-4790-9f1a-bc22371f9b52,2026-07-27T16:02:28.558123+00:00,IPFS,publish,publish_identity_cp,51868.83820799994,SUCCESS
9710f994-1fcd-4790-9f1a-bc22371f9b52,2026-07-27T16:02:28.660063+00:00,IPFS,ipfs,ipfs_key_gen,1.5140420000534505,SUCCESS
9710f994-1fcd-4790-9f1a-bc22371f9b52,2026-07-27T16:02:28.683668+00:00,IPFS,ipfs,ipfs_add_json,21.765083001810126,SUCCESS
9710f994-1fcd-4790-9f1a-bc22371f9b52,2026-07-27T16:03:13.511443+00:00,IPFS,ipfs,ipns_publish,44826.61391599686,SUCCESS
9710f994-1fcd-4790-9f1a-bc22371f9b52,2026-07-27T16:03:13.516978+00:00,IPFS,publish,publish_identity_sp,44958.343332997174,SUCCESS
9710f994-1fcd-4790-9f1a-bc22371f9b52,2026-07-27T16:03:13.621675+00:00,IPFS,ipfs,ipfs_key_gen,1.9208750018151477,SUCCESS
9710f994-1fcd-4790-9f1a-bc22371f9b52,2026-07-27T16:03:13.648582+00:00,IPFS,ipfs,ipfs_add_json,24.402459006523713,SUCCESS
9710f994-1fcd-4790-9f1a-bc22371f9b52,2026-07-27T16:03:43.951932+00:00,IPFS,ipfs,ipns_publish,30302.404000001843,SUCCESS
9710f994-1fcd-4790-9f1a-bc22371f9b52,2026-07-27T16:03:43.956916+00:00,IPFS,publish,publish_identity_c1,30439.5919170056,SUCCESS
9710f994-1fcd-4790-9f1a-bc22371f9b52,2026-07-27T16:03:44.059830+00:00,IPFS,ipfs,ipfs_key_gen,1.3897499884478748,SUCCESS
9710f994-1fcd-4790-9f1a-bc22371f9b52,2026-07-27T16:03:44.083950+00:00,IPFS,ipfs,ipfs_add_json,21.8954589945497,SUCCESS
9710f994-1fcd-4790-9f1a-bc22371f9b52,2026-07-27T16:03:48.915935+00:00,IPFS,ipfs,ipns_publish,4830.834749998758,SUCCESS
9710f994-1fcd-4790-9f1a-bc22371f9b52,2026-07-27T16:03:48.921184+00:00,IPFS,publish,publish_identity_s1,4963.749916991219,SUCCESS
9710f994-1fcd-4790-9f1a-bc22371f9b52,2026-07-27T16:03:48.998348+00:00,IPFS,ipfs,ipfs_key_gen,1.7631670052651316,SUCCESS
9710f994-1fcd-4790-9f1a-bc22371f9b52,2026-07-27T16:03:49.022913+00:00,IPFS,ipfs,ipfs_add_json,21.484624987351708,SUCCESS
9710f994-1fcd-4790-9f1a-bc22371f9b52,2026-07-27T16:04:18.584900+00:00,IPFS,ipfs,ipns_publish,29560.528500005603,SUCCESS
9710f994-1fcd-4790-9f1a-bc22371f9b52,2026-07-27T16:04:18.592979+00:00,IPFS,publish,publish_service_metadata,29671.328249998624,SUCCESS
9710f994-1fcd-4790-9f1a-bc22371f9b52,2026-07-27T16:04:18.674131+00:00,IPFS,ipfs,ipfs_key_gen,1.2729169975500554,SUCCESS
9710f994-1fcd-4790-9f1a-bc22371f9b52,2026-07-27T16:04:18.695191+00:00,IPFS,ipfs,ipfs_add_json,19.339708000188693,SUCCESS
9710f994-1fcd-4790-9f1a-bc22371f9b52,2026-07-27T16:04:21.387123+00:00,IPFS,ipfs,ipns_publish,2691.405665987986,SUCCESS
9710f994-1fcd-4790-9f1a-bc22371f9b52,2026-07-27T16:04:21.393506+00:00,IPFS,publish,publish_provider_registry,2799.8735000001034,SUCCESS
9710f994-1fcd-4790-9f1a-bc22371f9b52,2026-07-27T16:04:21.403201+00:00,IPFS,ipfs,ipns_resolve,8.616582999820821,SUCCESS
9710f994-1fcd-4790-9f1a-bc22371f9b52,2026-07-27T16:04:21.408380+00:00,IPFS,ipfs,ipfs_cat_json,4.470458006835543,SUCCESS
9710f994-1fcd-4790-9f1a-bc22371f9b52,2026-07-27T16:04:21.424225+00:00,IPFS,ipfs,ipns_resolve,3.2451250008307397,SUCCESS
9710f994-1fcd-4790-9f1a-bc22371f9b52,2026-07-27T16:04:21.426000+00:00,IPFS,ipfs,ipfs_cat_json,1.508999994257465,SUCCESS
9710f994-1fcd-4790-9f1a-bc22371f9b52,2026-07-27T16:04:21.429438+00:00,IPFS,ipfs,ipns_resolve,2.5634589983383194,SUCCESS
9710f994-1fcd-4790-9f1a-bc22371f9b52,2026-07-27T16:04:21.431109+00:00,IPFS,ipfs,ipfs_cat_json,1.5012079966254532,SUCCESS
9710f994-1fcd-4790-9f1a-bc22371f9b52,2026-07-27T16:04:21.432928+00:00,IPFS,discovery,broker_discovery,38.903249995200895,SUCCESS
9710f994-1fcd-4790-9f1a-bc22371f9b52,2026-07-27T16:04:21.434028+00:00,IPFS,dap,dap_create_capability,0.9527090005576611,SUCCESS
9710f994-1fcd-4790-9f1a-bc22371f9b52,2026-07-27T16:04:21.446999+00:00,IPFS,dap,dap_encrypt_enc_cap,12.784500009729527,SUCCESS
9710f994-1fcd-4790-9f1a-bc22371f9b52,2026-07-27T16:04:21.447300+00:00,IPFS,idap,client_session_init,0.1667079923208803,SUCCESS
9710f994-1fcd-4790-9f1a-bc22371f9b52,2026-07-27T16:04:21.447378+00:00,IPFS,idap,client_ephemeral_public_key,0.004458997864276171,SUCCESS
9710f994-1fcd-4790-9f1a-bc22371f9b52,2026-07-27T16:04:21.447768+00:00,IPFS,idap,client_request_sign,0.32316600845661014,SUCCESS
9710f994-1fcd-4790-9f1a-bc22371f9b52,2026-07-27T16:04:21.447848+00:00,IPFS,idap,canonical_request_payload,0.015958998119458556,SUCCESS
9710f994-1fcd-4790-9f1a-bc22371f9b52,2026-07-27T16:04:21.449985+00:00,IPFS,ipfs,ipns_resolve,1.5191669954219833,SUCCESS
9710f994-1fcd-4790-9f1a-bc22371f9b52,2026-07-27T16:04:21.451274+00:00,IPFS,ipfs,ipfs_cat_json,1.1668329971143976,SUCCESS
9710f994-1fcd-4790-9f1a-bc22371f9b52,2026-07-27T16:04:21.452735+00:00,IPFS,ipfs,ipns_resolve,0.9605829982319847,SUCCESS
9710f994-1fcd-4790-9f1a-bc22371f9b52,2026-07-27T16:04:21.453589+00:00,IPFS,ipfs,ipfs_cat_json,0.7320000004256144,SUCCESS
9710f994-1fcd-4790-9f1a-bc22371f9b52,2026-07-27T16:04:21.455067+00:00,IPFS,ipfs,ipns_resolve,0.9092920081457123,SUCCESS
9710f994-1fcd-4790-9f1a-bc22371f9b52,2026-07-27T16:04:21.456212+00:00,IPFS,ipfs,ipfs_cat_json,1.050374994520098,SUCCESS
9710f994-1fcd-4790-9f1a-bc22371f9b52,2026-07-27T16:04:21.457625+00:00,IPFS,ipfs,ipns_resolve,0.9909169893944636,SUCCESS
9710f994-1fcd-4790-9f1a-bc22371f9b52,2026-07-27T16:04:21.458494+00:00,IPFS,ipfs,ipfs_cat_json,0.7943749951664358,SUCCESS
9710f994-1fcd-4790-9f1a-bc22371f9b52,2026-07-27T16:04:21.460617+00:00,IPFS,idap,idap_authorize,12.698291000560857,SUCCESS
9710f994-1fcd-4790-9f1a-bc22371f9b52,2026-07-27T16:04:21.462093+00:00,IPFS,ipfs,ipns_resolve,0.9944999910658225,SUCCESS
9710f994-1fcd-4790-9f1a-bc22371f9b52,2026-07-27T16:04:21.462712+00:00,IPFS,ipfs,ipfs_cat_json,0.535375002073124,SUCCESS
9710f994-1fcd-4790-9f1a-bc22371f9b52,2026-07-27T16:04:21.464076+00:00,IPFS,ipfs,ipns_resolve,0.9430419886484742,SUCCESS
9710f994-1fcd-4790-9f1a-bc22371f9b52,2026-07-27T16:04:21.464648+00:00,IPFS,ipfs,ipfs_cat_json,0.4992909962311387,SUCCESS
9710f994-1fcd-4790-9f1a-bc22371f9b52,2026-07-27T16:04:21.465871+00:00,IPFS,ipfs,ipns_resolve,0.8223339973483235,SUCCESS
9710f994-1fcd-4790-9f1a-bc22371f9b52,2026-07-27T16:04:21.466462+00:00,IPFS,ipfs,ipfs_cat_json,0.5177079874556512,SUCCESS
9710f994-1fcd-4790-9f1a-bc22371f9b52,2026-07-27T16:04:21.467735+00:00,IPFS,ipfs,ipns_resolve,0.8814999891910702,SUCCESS
9710f994-1fcd-4790-9f1a-bc22371f9b52,2026-07-27T16:04:21.468337+00:00,IPFS,ipfs,ipfs_cat_json,0.5387499986682087,SUCCESS
9710f994-1fcd-4790-9f1a-bc22371f9b52,2026-07-27T16:04:21.469642+00:00,IPFS,idap,idap_replay_check,8.951666997745633,SUCCESS
9710f994-1fcd-4790-9f1a-bc22371f9b52,2026-07-27T16:04:21.470612+00:00,IPFS,ipfs,ipns_resolve,0.8933329954743385,SUCCESS
9710f994-1fcd-4790-9f1a-bc22371f9b52,2026-07-27T16:04:21.471158+00:00,IPFS,ipfs,ipfs_cat_json,0.4779169976245612,SUCCESS
9710f994-1fcd-4790-9f1a-bc22371f9b52,2026-07-27T16:04:21.471551+00:00,IPFS,idap,resolve_service_public_key,1.8392920028418303,SUCCESS
9710f994-1fcd-4790-9f1a-bc22371f9b52,2026-07-27T16:04:21.471626+00:00,IPFS,idap,compute_transcript,0.015041005099192262,SUCCESS
9710f994-1fcd-4790-9f1a-bc22371f9b52,2026-07-27T16:04:21.471980+00:00,IPFS,idap,transcript_verify,0.2993749949382618,SUCCESS
9710f994-1fcd-4790-9f1a-bc22371f9b52,2026-07-27T16:04:21.472263+00:00,IPFS,idap,client_shared_secret_derivation,0.2259579923702404,SUCCESS
9710f994-1fcd-4790-9f1a-bc22371f9b52,2026-07-27T16:04:21.472335+00:00,IPFS,idap,client_session_key_derivation,0.018874998204410076,SUCCESS
9710f994-1fcd-4790-9f1a-bc22371f9b52,2026-07-27T16:04:21.472422+00:00,IPFS,crypto,encrypt_message,0.017833008314482868,SUCCESS
9710f994-1fcd-4790-9f1a-bc22371f9b52,2026-07-27T16:04:21.472482+00:00,IPFS,crypto,decrypt_message,0.0067920045694336295,SUCCESS
9710f994-1fcd-4790-9f1a-bc22371f9b52,2026-07-27T16:04:21.472821+00:00,IPFS,tampering,tampered_request_sign,0.2600419975351542,SUCCESS
9710f994-1fcd-4790-9f1a-bc22371f9b52,2026-07-27T16:04:21.474123+00:00,IPFS,ipfs,ipns_resolve,0.8943330030888319,SUCCESS
9710f994-1fcd-4790-9f1a-bc22371f9b52,2026-07-27T16:04:21.474674+00:00,IPFS,ipfs,ipfs_cat_json,0.49279199447482824,SUCCESS
9710f994-1fcd-4790-9f1a-bc22371f9b52,2026-07-27T16:04:21.475903+00:00,IPFS,ipfs,ipns_resolve,0.8655419951537624,SUCCESS
9710f994-1fcd-4790-9f1a-bc22371f9b52,2026-07-27T16:04:21.476486+00:00,IPFS,ipfs,ipfs_cat_json,0.5171670054551214,SUCCESS
9710f994-1fcd-4790-9f1a-bc22371f9b52,2026-07-27T16:04:21.477778+00:00,IPFS,ipfs,ipns_resolve,0.9033329988596961,SUCCESS
9710f994-1fcd-4790-9f1a-bc22371f9b52,2026-07-27T16:04:21.478411+00:00,IPFS,ipfs,ipfs_cat_json,0.552500001504086,SUCCESS
9710f994-1fcd-4790-9f1a-bc22371f9b52,2026-07-27T16:04:21.480037+00:00,IPFS,ipfs,ipns_resolve,1.0779579897643998,SUCCESS
9710f994-1fcd-4790-9f1a-bc22371f9b52,2026-07-27T16:04:21.480761+00:00,IPFS,ipfs,ipfs_cat_json,0.6621250067837536,SUCCESS
9710f994-1fcd-4790-9f1a-bc22371f9b52,2026-07-27T16:04:21.481970+00:00,IPFS,tampering,tampering_check,9.088750011869706,SUCCESS
9710f994-1fcd-4790-9f1a-bc22371f9b52,2026-07-27T16:04:21.482028+00:00,IPFS,summary,total_flow,164800.71266699815,SUCCESS
de447c78-82db-499b-89f1-4e13c56d20d0,2026-07-27T16:04:21.729947+00:00,IPFS,startup,initialize_store,0.1636669912841171,SUCCESS
de447c78-82db-499b-89f1-4e13c56d20d0,2026-07-27T16:04:21.739293+00:00,IPFS,startup,generate_identity_cp,8.813541993731633,SUCCESS
de447c78-82db-499b-89f1-4e13c56d20d0,2026-07-27T16:04:21.739526+00:00,IPFS,startup,generate_identity_sp,0.1863329962361604,SUCCESS
de447c78-82db-499b-89f1-4e13c56d20d0,2026-07-27T16:04:21.739734+00:00,IPFS,startup,generate_identity_c1,0.17316699086222798,SUCCESS
de447c78-82db-499b-89f1-4e13c56d20d0,2026-07-27T16:04:21.739934+00:00,IPFS,startup,generate_identity_s1,0.16966700786724687,SUCCESS
de447c78-82db-499b-89f1-4e13c56d20d0,2026-07-27T16:04:21.760567+00:00,IPFS,ipfs,ipfs_key_gen,0.9614580048946664,SUCCESS
de447c78-82db-499b-89f1-4e13c56d20d0,2026-07-27T16:04:21.784277+00:00,IPFS,ipfs,ipfs_add_json,22.433083009673283,SUCCESS
de447c78-82db-499b-89f1-4e13c56d20d0,2026-07-27T16:04:45.682831+00:00,IPFS,ipfs,ipns_publish,23897.90070800518,SUCCESS
de447c78-82db-499b-89f1-4e13c56d20d0,2026-07-27T16:04:45.690536+00:00,IPFS,publish,publish_identity_cp,23950.51404100377,SUCCESS
de447c78-82db-499b-89f1-4e13c56d20d0,2026-07-27T16:04:45.801861+00:00,IPFS,ipfs,ipfs_key_gen,1.0042079957202077,SUCCESS
de447c78-82db-499b-89f1-4e13c56d20d0,2026-07-27T16:04:45.827479+00:00,IPFS,ipfs,ipfs_add_json,24.021167002501898,SUCCESS
de447c78-82db-499b-89f1-4e13c56d20d0,2026-07-27T16:05:38.240044+00:00,IPFS,ipfs,ipns_publish,52411.83862500475,SUCCESS
de447c78-82db-499b-89f1-4e13c56d20d0,2026-07-27T16:05:38.245840+00:00,IPFS,publish,publish_identity_sp,52555.14354200568,SUCCESS
de447c78-82db-499b-89f1-4e13c56d20d0,2026-07-27T16:05:38.320167+00:00,IPFS,ipfs,ipfs_key_gen,1.2400410050759092,SUCCESS
de447c78-82db-499b-89f1-4e13c56d20d0,2026-07-27T16:05:38.342827+00:00,IPFS,ipfs,ipfs_add_json,20.255750001524575,SUCCESS
de447c78-82db-499b-89f1-4e13c56d20d0,2026-07-27T16:06:05.620553+00:00,IPFS,ipfs,ipns_publish,27275.210874999175,SUCCESS
de447c78-82db-499b-89f1-4e13c56d20d0,2026-07-27T16:06:05.635974+00:00,IPFS,publish,publish_identity_c1,27389.712541000335,SUCCESS
de447c78-82db-499b-89f1-4e13c56d20d0,2026-07-27T16:06:05.724708+00:00,IPFS,ipfs,ipfs_key_gen,1.4624159957747906,SUCCESS
de447c78-82db-499b-89f1-4e13c56d20d0,2026-07-27T16:06:05.744415+00:00,IPFS,ipfs,ipfs_add_json,17.97025000269059,SUCCESS
de447c78-82db-499b-89f1-4e13c56d20d0,2026-07-27T16:06:11.388777+00:00,IPFS,ipfs,ipns_publish,5643.749124996248,SUCCESS
de447c78-82db-499b-89f1-4e13c56d20d0,2026-07-27T16:06:11.395604+00:00,IPFS,publish,publish_identity_s1,5759.09925000451,SUCCESS
de447c78-82db-499b-89f1-4e13c56d20d0,2026-07-27T16:06:11.440983+00:00,IPFS,ipfs,ipfs_key_gen,1.8404159927740693,SUCCESS
de447c78-82db-499b-89f1-4e13c56d20d0,2026-07-27T16:06:11.466588+00:00,IPFS,ipfs,ipfs_add_json,22.572041998500936,SUCCESS
de447c78-82db-499b-89f1-4e13c56d20d0,2026-07-27T16:07:18.110737+00:00,IPFS,ipfs,ipns_publish,66642.95574999414,SUCCESS
de447c78-82db-499b-89f1-4e13c56d20d0,2026-07-27T16:07:18.115430+00:00,IPFS,publish,publish_service_metadata,66719.50862499943,SUCCESS
de447c78-82db-499b-89f1-4e13c56d20d0,2026-07-27T16:07:18.198075+00:00,IPFS,ipfs,ipfs_key_gen,0.8642499888082966,SUCCESS
de447c78-82db-499b-89f1-4e13c56d20d0,2026-07-27T16:07:18.218553+00:00,IPFS,ipfs,ipfs_add_json,18.967500000144355,SUCCESS
de447c78-82db-499b-89f1-4e13c56d20d0,2026-07-27T16:07:34.733006+00:00,IPFS,ipfs,ipns_publish,16511.820291998447,SUCCESS
de447c78-82db-499b-89f1-4e13c56d20d0,2026-07-27T16:07:34.738285+00:00,IPFS,publish,publish_provider_registry,16622.394999998505,SUCCESS
de447c78-82db-499b-89f1-4e13c56d20d0,2026-07-27T16:07:34.746213+00:00,IPFS,ipfs,ipns_resolve,7.062832999508828,SUCCESS
de447c78-82db-499b-89f1-4e13c56d20d0,2026-07-27T16:07:34.750535+00:00,IPFS,ipfs,ipfs_cat_json,3.7718749954365194,SUCCESS
de447c78-82db-499b-89f1-4e13c56d20d0,2026-07-27T16:07:34.759522+00:00,IPFS,ipfs,ipns_resolve,2.3518329981015995,SUCCESS
de447c78-82db-499b-89f1-4e13c56d20d0,2026-07-27T16:07:34.761507+00:00,IPFS,ipfs,ipfs_cat_json,1.7691249959170818,SUCCESS
de447c78-82db-499b-89f1-4e13c56d20d0,2026-07-27T16:07:34.764234+00:00,IPFS,ipfs,ipns_resolve,1.9493339932523668,SUCCESS
de447c78-82db-499b-89f1-4e13c56d20d0,2026-07-27T16:07:34.765470+00:00,IPFS,ipfs,ipfs_cat_json,1.103125003282912,SUCCESS
de447c78-82db-499b-89f1-4e13c56d20d0,2026-07-27T16:07:34.766505+00:00,IPFS,discovery,broker_discovery,27.886750001925975,SUCCESS
de447c78-82db-499b-89f1-4e13c56d20d0,2026-07-27T16:07:34.767415+00:00,IPFS,dap,dap_create_capability,0.8058749954216182,SUCCESS
de447c78-82db-499b-89f1-4e13c56d20d0,2026-07-27T16:07:34.777906+00:00,IPFS,dap,dap_encrypt_enc_cap,10.304583993274719,SUCCESS
de447c78-82db-499b-89f1-4e13c56d20d0,2026-07-27T16:07:34.778324+00:00,IPFS,idap,client_session_init,0.24912500521168113,SUCCESS
de447c78-82db-499b-89f1-4e13c56d20d0,2026-07-27T16:07:34.778405+00:00,IPFS,idap,client_ephemeral_public_key,0.007166003342717886,SUCCESS
de447c78-82db-499b-89f1-4e13c56d20d0,2026-07-27T16:07:34.778802+00:00,IPFS,idap,client_request_sign,0.3328339953441173,SUCCESS
de447c78-82db-499b-89f1-4e13c56d20d0,2026-07-27T16:07:34.778875+00:00,IPFS,idap,canonical_request_payload,0.015375000657513738,SUCCESS
de447c78-82db-499b-89f1-4e13c56d20d0,2026-07-27T16:07:34.781195+00:00,IPFS,ipfs,ipns_resolve,1.7633340030442923,SUCCESS
de447c78-82db-499b-89f1-4e13c56d20d0,2026-07-27T16:07:34.782360+00:00,IPFS,ipfs,ipfs_cat_json,1.0796249989653006,SUCCESS
de447c78-82db-499b-89f1-4e13c56d20d0,2026-07-27T16:07:34.784258+00:00,IPFS,ipfs,ipns_resolve,1.396999999997206,SUCCESS
de447c78-82db-499b-89f1-4e13c56d20d0,2026-07-27T16:07:34.785448+00:00,IPFS,ipfs,ipfs_cat_json,1.1030000023311004,SUCCESS
de447c78-82db-499b-89f1-4e13c56d20d0,2026-07-27T16:07:34.787243+00:00,IPFS,ipfs,ipns_resolve,1.203625011839904,SUCCESS
de447c78-82db-499b-89f1-4e13c56d20d0,2026-07-27T16:07:34.788438+00:00,IPFS,ipfs,ipfs_cat_json,1.053999993018806,SUCCESS
de447c78-82db-499b-89f1-4e13c56d20d0,2026-07-27T16:07:34.790403+00:00,IPFS,ipfs,ipns_resolve,1.3722919975407422,SUCCESS
de447c78-82db-499b-89f1-4e13c56d20d0,2026-07-27T16:07:34.791609+00:00,IPFS,ipfs,ipfs_cat_json,1.1268330126767978,SUCCESS
de447c78-82db-499b-89f1-4e13c56d20d0,2026-07-27T16:07:34.793803+00:00,IPFS,idap,idap_authorize,14.832625005510636,SUCCESS
de447c78-82db-499b-89f1-4e13c56d20d0,2026-07-27T16:07:34.795234+00:00,IPFS,ipfs,ipns_resolve,0.9485420014243573,SUCCESS
de447c78-82db-499b-89f1-4e13c56d20d0,2026-07-27T16:07:34.795961+00:00,IPFS,ipfs,ipfs_cat_json,0.6600409979000688,SUCCESS
de447c78-82db-499b-89f1-4e13c56d20d0,2026-07-27T16:07:34.797263+00:00,IPFS,ipfs,ipns_resolve,0.9335420036222786,SUCCESS
de447c78-82db-499b-89f1-4e13c56d20d0,2026-07-27T16:07:34.797949+00:00,IPFS,ipfs,ipfs_cat_json,0.6209999992279336,SUCCESS
de447c78-82db-499b-89f1-4e13c56d20d0,2026-07-27T16:07:34.799127+00:00,IPFS,ipfs,ipns_resolve,0.800458001322113,SUCCESS
de447c78-82db-499b-89f1-4e13c56d20d0,2026-07-27T16:07:34.799744+00:00,IPFS,ipfs,ipfs_cat_json,0.5562919977819547,SUCCESS
de447c78-82db-499b-89f1-4e13c56d20d0,2026-07-27T16:07:34.801003+00:00,IPFS,ipfs,ipns_resolve,0.881208005012013,SUCCESS
de447c78-82db-499b-89f1-4e13c56d20d0,2026-07-27T16:07:34.801554+00:00,IPFS,ipfs,ipfs_cat_json,0.4760000010719523,SUCCESS
de447c78-82db-499b-89f1-4e13c56d20d0,2026-07-27T16:07:34.802794+00:00,IPFS,idap,idap_replay_check,8.91175000288058,SUCCESS
de447c78-82db-499b-89f1-4e13c56d20d0,2026-07-27T16:07:34.803745+00:00,IPFS,ipfs,ipns_resolve,0.86616599583067,SUCCESS
de447c78-82db-499b-89f1-4e13c56d20d0,2026-07-27T16:07:34.804446+00:00,IPFS,ipfs,ipfs_cat_json,0.5604589969152585,SUCCESS
de447c78-82db-499b-89f1-4e13c56d20d0,2026-07-27T16:07:34.804808+00:00,IPFS,idap,resolve_service_public_key,1.9505000091157854,SUCCESS
de447c78-82db-499b-89f1-4e13c56d20d0,2026-07-27T16:07:34.804878+00:00,IPFS,idap,compute_transcript,0.01504199462942779,SUCCESS
de447c78-82db-499b-89f1-4e13c56d20d0,2026-07-27T16:07:34.805189+00:00,IPFS,idap,transcript_verify,0.26287500804755837,SUCCESS
de447c78-82db-499b-89f1-4e13c56d20d0,2026-07-27T16:07:34.805440+00:00,IPFS,idap,client_shared_secret_derivation,0.2020419924519956,SUCCESS
de447c78-82db-499b-89f1-4e13c56d20d0,2026-07-27T16:07:34.805520+00:00,IPFS,idap,client_session_key_derivation,0.03529200330376625,SUCCESS
de447c78-82db-499b-89f1-4e13c56d20d0,2026-07-27T16:07:34.805604+00:00,IPFS,crypto,encrypt_message,0.024833992938511074,SUCCESS
de447c78-82db-499b-89f1-4e13c56d20d0,2026-07-27T16:07:34.805657+00:00,IPFS,crypto,decrypt_message,0.007208000170066953,SUCCESS
de447c78-82db-499b-89f1-4e13c56d20d0,2026-07-27T16:07:34.805970+00:00,IPFS,tampering,tampered_request_sign,0.24525000480934978,SUCCESS
de447c78-82db-499b-89f1-4e13c56d20d0,2026-07-27T16:07:34.807168+00:00,IPFS,ipfs,ipns_resolve,0.8123750012600794,SUCCESS
de447c78-82db-499b-89f1-4e13c56d20d0,2026-07-27T16:07:34.807761+00:00,IPFS,ipfs,ipfs_cat_json,0.5339579947758466,SUCCESS
de447c78-82db-499b-89f1-4e13c56d20d0,2026-07-27T16:07:34.808747+00:00,IPFS,ipfs,ipns_resolve,0.6622910004807636,SUCCESS
de447c78-82db-499b-89f1-4e13c56d20d0,2026-07-27T16:07:34.809886+00:00,IPFS,ipfs,ipfs_cat_json,1.0873330029426143,SUCCESS
de447c78-82db-499b-89f1-4e13c56d20d0,2026-07-27T16:07:34.810878+00:00,IPFS,ipfs,ipns_resolve,0.6590839911950752,SUCCESS
de447c78-82db-499b-89f1-4e13c56d20d0,2026-07-27T16:07:34.811483+00:00,IPFS,ipfs,ipfs_cat_json,0.5524169973796234,SUCCESS
de447c78-82db-499b-89f1-4e13c56d20d0,2026-07-27T16:07:34.812620+00:00,IPFS,ipfs,ipns_resolve,0.8221669995691627,SUCCESS
de447c78-82db-499b-89f1-4e13c56d20d0,2026-07-27T16:07:34.813145+00:00,IPFS,ipfs,ipfs_cat_json,0.46799999836366624,SUCCESS
de447c78-82db-499b-89f1-4e13c56d20d0,2026-07-27T16:07:34.814196+00:00,IPFS,tampering,tampering_check,8.175124996341765,SUCCESS
de447c78-82db-499b-89f1-4e13c56d20d0,2026-07-27T16:07:34.814248+00:00,IPFS,summary,total_flow,193085.47937498952,SUCCESS
11a9008d-983a-4e0a-9441-2afe22a1cf1c,2026-07-27T16:07:35.013074+00:00,IPFS,startup,initialize_store,0.1612499909242615,SUCCESS
11a9008d-983a-4e0a-9441-2afe22a1cf1c,2026-07-27T16:07:35.019048+00:00,IPFS,startup,generate_identity_cp,5.630166997434571,SUCCESS
11a9008d-983a-4e0a-9441-2afe22a1cf1c,2026-07-27T16:07:35.019297+00:00,IPFS,startup,generate_identity_sp,0.1889160048449412,SUCCESS
11a9008d-983a-4e0a-9441-2afe22a1cf1c,2026-07-27T16:07:35.019509+00:00,IPFS,startup,generate_identity_c1,0.17425000260118395,SUCCESS
11a9008d-983a-4e0a-9441-2afe22a1cf1c,2026-07-27T16:07:35.019718+00:00,IPFS,startup,generate_identity_s1,0.1703750021988526,SUCCESS
11a9008d-983a-4e0a-9441-2afe22a1cf1c,2026-07-27T16:07:35.076159+00:00,IPFS,ipfs,ipfs_key_gen,0.891290997969918,SUCCESS
11a9008d-983a-4e0a-9441-2afe22a1cf1c,2026-07-27T16:07:35.098832+00:00,IPFS,ipfs,ipfs_add_json,21.32808300666511,SUCCESS
11a9008d-983a-4e0a-9441-2afe22a1cf1c,2026-07-27T16:07:46.445451+00:00,IPFS,ipfs,ipns_publish,11345.745415994315,SUCCESS
11a9008d-983a-4e0a-9441-2afe22a1cf1c,2026-07-27T16:07:46.457229+00:00,IPFS,publish,publish_identity_cp,11437.317499992787,SUCCESS
11a9008d-983a-4e0a-9441-2afe22a1cf1c,2026-07-27T16:07:46.536985+00:00,IPFS,ipfs,ipfs_key_gen,0.8782910008449107,SUCCESS
11a9008d-983a-4e0a-9441-2afe22a1cf1c,2026-07-27T16:07:46.562036+00:00,IPFS,ipfs,ipfs_add_json,23.364417007542215,SUCCESS
11a9008d-983a-4e0a-9441-2afe22a1cf1c,2026-07-27T16:07:52.843979+00:00,IPFS,ipfs,ipns_publish,6281.266875012079,SUCCESS
11a9008d-983a-4e0a-9441-2afe22a1cf1c,2026-07-27T16:07:52.848685+00:00,IPFS,publish,publish_identity_sp,6391.040250004153,SUCCESS
11a9008d-983a-4e0a-9441-2afe22a1cf1c,2026-07-27T16:07:52.932610+00:00,IPFS,ipfs,ipfs_key_gen,1.0967080015689135,SUCCESS
11a9008d-983a-4e0a-9441-2afe22a1cf1c,2026-07-27T16:07:52.958136+00:00,IPFS,ipfs,ipfs_add_json,22.739249994629063,SUCCESS
11a9008d-983a-4e0a-9441-2afe22a1cf1c,2026-07-27T16:08:12.548623+00:00,IPFS,ipfs,ipns_publish,19589.652750000823,SUCCESS
11a9008d-983a-4e0a-9441-2afe22a1cf1c,2026-07-27T16:08:12.552523+00:00,IPFS,publish,publish_identity_c1,19703.467999992426,SUCCESS
11a9008d-983a-4e0a-9441-2afe22a1cf1c,2026-07-27T16:08:12.635768+00:00,IPFS,ipfs,ipfs_key_gen,1.3093339948682114,SUCCESS
11a9008d-983a-4e0a-9441-2afe22a1cf1c,2026-07-27T16:08:12.657620+00:00,IPFS,ipfs,ipfs_add_json,20.044917007908225,SUCCESS
11a9008d-983a-4e0a-9441-2afe22a1cf1c,2026-07-27T16:08:17.957763+00:00,IPFS,ipfs,ipns_publish,5299.502416004543,SUCCESS
11a9008d-983a-4e0a-9441-2afe22a1cf1c,2026-07-27T16:08:17.963663+00:00,IPFS,publish,publish_identity_s1,5410.706209004275,SUCCESS
11a9008d-983a-4e0a-9441-2afe22a1cf1c,2026-07-27T16:08:18.047335+00:00,IPFS,ipfs,ipfs_key_gen,1.1286669905530289,SUCCESS
11a9008d-983a-4e0a-9441-2afe22a1cf1c,2026-07-27T16:08:18.072327+00:00,IPFS,ipfs,ipfs_add_json,22.953749998123385,SUCCESS
11a9008d-983a-4e0a-9441-2afe22a1cf1c,2026-07-27T16:08:27.559088+00:00,IPFS,ipfs,ipns_publish,9485.456875001546,SUCCESS
11a9008d-983a-4e0a-9441-2afe22a1cf1c,2026-07-27T16:08:27.565464+00:00,IPFS,publish,publish_service_metadata,9601.295665997895,SUCCESS
11a9008d-983a-4e0a-9441-2afe22a1cf1c,2026-07-27T16:08:27.629978+00:00,IPFS,ipfs,ipfs_key_gen,1.2715829943772405,SUCCESS
11a9008d-983a-4e0a-9441-2afe22a1cf1c,2026-07-27T16:08:27.656063+00:00,IPFS,ipfs,ipfs_add_json,23.708084001555108,SUCCESS
11a9008d-983a-4e0a-9441-2afe22a1cf1c,2026-07-27T16:08:35.568059+00:00,IPFS,ipfs,ipns_publish,7911.188833997585,SUCCESS
11a9008d-983a-4e0a-9441-2afe22a1cf1c,2026-07-27T16:08:35.572861+00:00,IPFS,publish,publish_provider_registry,8006.910625001183,SUCCESS
11a9008d-983a-4e0a-9441-2afe22a1cf1c,2026-07-27T16:08:35.577876+00:00,IPFS,ipfs,ipns_resolve,4.500958995777182,SUCCESS
11a9008d-983a-4e0a-9441-2afe22a1cf1c,2026-07-27T16:08:35.581118+00:00,IPFS,ipfs,ipfs_cat_json,2.814375009620562,SUCCESS
11a9008d-983a-4e0a-9441-2afe22a1cf1c,2026-07-27T16:08:35.590302+00:00,IPFS,ipfs,ipns_resolve,1.5515419945586473,SUCCESS
11a9008d-983a-4e0a-9441-2afe22a1cf1c,2026-07-27T16:08:35.591651+00:00,IPFS,ipfs,ipfs_cat_json,1.222542006871663,SUCCESS
11a9008d-983a-4e0a-9441-2afe22a1cf1c,2026-07-27T16:08:35.593421+00:00,IPFS,ipfs,ipns_resolve,1.3716249959543347,SUCCESS
11a9008d-983a-4e0a-9441-2afe22a1cf1c,2026-07-27T16:08:35.594098+00:00,IPFS,ipfs,ipfs_cat_json,0.6177499890327454,SUCCESS
11a9008d-983a-4e0a-9441-2afe22a1cf1c,2026-07-27T16:08:35.594649+00:00,IPFS,discovery,broker_discovery,21.57012499810662,SUCCESS
11a9008d-983a-4e0a-9441-2afe22a1cf1c,2026-07-27T16:08:35.595157+00:00,IPFS,dap,dap_create_capability,0.4503329982981086,SUCCESS
11a9008d-983a-4e0a-9441-2afe22a1cf1c,2026-07-27T16:08:35.603610+00:00,IPFS,dap,dap_encrypt_enc_cap,8.348832998308353,SUCCESS
11a9008d-983a-4e0a-9441-2afe22a1cf1c,2026-07-27T16:08:35.603862+00:00,IPFS,idap,client_session_init,0.12358299863990396,SUCCESS
11a9008d-983a-4e0a-9441-2afe22a1cf1c,2026-07-27T16:08:35.603918+00:00,IPFS,idap,client_ephemeral_public_key,0.0037919962778687477,SUCCESS
11a9008d-983a-4e0a-9441-2afe22a1cf1c,2026-07-27T16:08:35.604191+00:00,IPFS,idap,client_request_sign,0.22975000320002437,SUCCESS
11a9008d-983a-4e0a-9441-2afe22a1cf1c,2026-07-27T16:08:35.604241+00:00,IPFS,idap,canonical_request_payload,0.010916002793237567,SUCCESS
11a9008d-983a-4e0a-9441-2afe22a1cf1c,2026-07-27T16:08:35.605640+00:00,IPFS,ipfs,ipns_resolve,1.025958001264371,SUCCESS
11a9008d-983a-4e0a-9441-2afe22a1cf1c,2026-07-27T16:08:35.606336+00:00,IPFS,ipfs,ipfs_cat_json,0.6396669923560694,SUCCESS
11a9008d-983a-4e0a-9441-2afe22a1cf1c,2026-07-27T16:08:35.608026+00:00,IPFS,ipfs,ipns_resolve,1.2873750092694536,SUCCESS
11a9008d-983a-4e0a-9441-2afe22a1cf1c,2026-07-27T16:08:35.608707+00:00,IPFS,ipfs,ipfs_cat_json,0.5300000048009679,SUCCESS
11a9008d-983a-4e0a-9441-2afe22a1cf1c,2026-07-27T16:08:35.610102+00:00,IPFS,ipfs,ipns_resolve,1.0036249877884984,SUCCESS
11a9008d-983a-4e0a-9441-2afe22a1cf1c,2026-07-27T16:08:35.610852+00:00,IPFS,ipfs,ipfs_cat_json,0.6905830086907372,SUCCESS
11a9008d-983a-4e0a-9441-2afe22a1cf1c,2026-07-27T16:08:35.612153+00:00,IPFS,ipfs,ipns_resolve,0.9578750032233074,SUCCESS
11a9008d-983a-4e0a-9441-2afe22a1cf1c,2026-07-27T16:08:35.612934+00:00,IPFS,ipfs,ipfs_cat_json,0.7220419938676059,SUCCESS
11a9008d-983a-4e0a-9441-2afe22a1cf1c,2026-07-27T16:08:35.615845+00:00,IPFS,idap,idap_authorize,11.532750009791926,SUCCESS
11a9008d-983a-4e0a-9441-2afe22a1cf1c,2026-07-27T16:08:35.617431+00:00,IPFS,ipfs,ipns_resolve,1.152832992374897,SUCCESS
11a9008d-983a-4e0a-9441-2afe22a1cf1c,2026-07-27T16:08:35.618189+00:00,IPFS,ipfs,ipfs_cat_json,0.6173330039018765,SUCCESS
11a9008d-983a-4e0a-9441-2afe22a1cf1c,2026-07-27T16:08:35.619660+00:00,IPFS,ipfs,ipns_resolve,1.0610410099616274,SUCCESS
11a9008d-983a-4e0a-9441-2afe22a1cf1c,2026-07-27T16:08:35.620592+00:00,IPFS,ipfs,ipfs_cat_json,0.6899579893797636,SUCCESS
11a9008d-983a-4e0a-9441-2afe22a1cf1c,2026-07-27T16:08:35.621821+00:00,IPFS,ipfs,ipns_resolve,0.7615829963469878,SUCCESS
11a9008d-983a-4e0a-9441-2afe22a1cf1c,2026-07-27T16:08:35.622544+00:00,IPFS,ipfs,ipfs_cat_json,0.6302910041995347,SUCCESS
11a9008d-983a-4e0a-9441-2afe22a1cf1c,2026-07-27T16:08:35.624014+00:00,IPFS,ipfs,ipns_resolve,0.9676250047050416,SUCCESS
11a9008d-983a-4e0a-9441-2afe22a1cf1c,2026-07-27T16:08:35.624660+00:00,IPFS,ipfs,ipfs_cat_json,0.5656249995809048,SUCCESS
11a9008d-983a-4e0a-9441-2afe22a1cf1c,2026-07-27T16:08:35.626256+00:00,IPFS,idap,idap_replay_check,10.32149999809917,SUCCESS
11a9008d-983a-4e0a-9441-2afe22a1cf1c,2026-07-27T16:08:35.627397+00:00,IPFS,ipfs,ipns_resolve,1.0552080057095736,SUCCESS
11a9008d-983a-4e0a-9441-2afe22a1cf1c,2026-07-27T16:08:35.628071+00:00,IPFS,ipfs,ipfs_cat_json,0.5993750091874972,SUCCESS
11a9008d-983a-4e0a-9441-2afe22a1cf1c,2026-07-27T16:08:35.628513+00:00,IPFS,idap,resolve_service_public_key,2.178792012273334,SUCCESS
11a9008d-983a-4e0a-9441-2afe22a1cf1c,2026-07-27T16:08:35.628595+00:00,IPFS,idap,compute_transcript,0.01720800355542451,SUCCESS
11a9008d-983a-4e0a-9441-2afe22a1cf1c,2026-07-27T16:08:35.628995+00:00,IPFS,idap,transcript_verify,0.3385839954717085,SUCCESS
11a9008d-983a-4e0a-9441-2afe22a1cf1c,2026-07-27T16:08:35.629314+00:00,IPFS,idap,client_shared_secret_derivation,0.2578330022515729,SUCCESS
11a9008d-983a-4e0a-9441-2afe22a1cf1c,2026-07-27T16:08:35.629628+00:00,IPFS,idap,client_session_key_derivation,0.24862500140443444,SUCCESS
11a9008d-983a-4e0a-9441-2afe22a1cf1c,2026-07-27T16:08:35.629969+00:00,IPFS,crypto,encrypt_message,0.25845799245871603,SUCCESS
11a9008d-983a-4e0a-9441-2afe22a1cf1c,2026-07-27T16:08:35.630036+00:00,IPFS,crypto,decrypt_message,0.008499991963617504,SUCCESS
11a9008d-983a-4e0a-9441-2afe22a1cf1c,2026-07-27T16:08:35.630433+00:00,IPFS,tampering,tampered_request_sign,0.31354099337477237,SUCCESS
11a9008d-983a-4e0a-9441-2afe22a1cf1c,2026-07-27T16:08:35.631902+00:00,IPFS,ipfs,ipns_resolve,0.9729590092319995,SUCCESS
11a9008d-983a-4e0a-9441-2afe22a1cf1c,2026-07-27T16:08:35.632609+00:00,IPFS,ipfs,ipfs_cat_json,0.6358750106301159,SUCCESS
11a9008d-983a-4e0a-9441-2afe22a1cf1c,2026-07-27T16:08:35.633853+00:00,IPFS,ipfs,ipns_resolve,0.8060410036705434,SUCCESS
11a9008d-983a-4e0a-9441-2afe22a1cf1c,2026-07-27T16:08:35.634453+00:00,IPFS,ipfs,ipfs_cat_json,0.528125005075708,SUCCESS
11a9008d-983a-4e0a-9441-2afe22a1cf1c,2026-07-27T16:08:35.635756+00:00,IPFS,ipfs,ipns_resolve,0.8741249912418425,SUCCESS
11a9008d-983a-4e0a-9441-2afe22a1cf1c,2026-07-27T16:08:35.636411+00:00,IPFS,ipfs,ipfs_cat_json,0.5886669969186187,SUCCESS
11a9008d-983a-4e0a-9441-2afe22a1cf1c,2026-07-27T16:08:35.637575+00:00,IPFS,ipfs,ipns_resolve,0.7852080016164109,SUCCESS
11a9008d-983a-4e0a-9441-2afe22a1cf1c,2026-07-27T16:08:35.638107+00:00,IPFS,ipfs,ipfs_cat_json,0.46808399201836437,SUCCESS
11a9008d-983a-4e0a-9441-2afe22a1cf1c,2026-07-27T16:08:35.639410+00:00,IPFS,tampering,tampering_check,8.917125000152737,SUCCESS
11a9008d-983a-4e0a-9441-2afe22a1cf1c,2026-07-27T16:08:35.639471+00:00,IPFS,summary,total_flow,60626.88725000771,SUCCESS
985f33ae-c2cd-462e-a475-340b90e8a6d8,2026-07-27T16:08:35.857632+00:00,IPFS,startup,initialize_store,0.1618750102352351,SUCCESS
985f33ae-c2cd-462e-a475-340b90e8a6d8,2026-07-27T16:08:35.863518+00:00,IPFS,startup,generate_identity_cp,5.52050000987947,SUCCESS
985f33ae-c2cd-462e-a475-340b90e8a6d8,2026-07-27T16:08:35.863754+00:00,IPFS,startup,generate_identity_sp,0.1859580079326406,SUCCESS
985f33ae-c2cd-462e-a475-340b90e8a6d8,2026-07-27T16:08:35.863964+00:00,IPFS,startup,generate_identity_c1,0.17258399748243392,SUCCESS
985f33ae-c2cd-462e-a475-340b90e8a6d8,2026-07-27T16:08:35.864167+00:00,IPFS,startup,generate_identity_s1,0.1694590027909726,SUCCESS
985f33ae-c2cd-462e-a475-340b90e8a6d8,2026-07-27T16:08:35.913868+00:00,IPFS,ipfs,ipfs_key_gen,0.713583009201102,SUCCESS
985f33ae-c2cd-462e-a475-340b90e8a6d8,2026-07-27T16:08:35.936473+00:00,IPFS,ipfs,ipfs_add_json,21.263874994474463,SUCCESS
985f33ae-c2cd-462e-a475-340b90e8a6d8,2026-07-27T16:08:43.115250+00:00,IPFS,ipfs,ipns_publish,7178.155583009357,SUCCESS
985f33ae-c2cd-462e-a475-340b90e8a6d8,2026-07-27T16:08:43.119875+00:00,IPFS,publish,publish_identity_cp,7255.477583006723,SUCCESS
985f33ae-c2cd-462e-a475-340b90e8a6d8,2026-07-27T16:08:43.199466+00:00,IPFS,ipfs,ipfs_key_gen,1.229417001013644,SUCCESS
985f33ae-c2cd-462e-a475-340b90e8a6d8,2026-07-27T16:08:43.222673+00:00,IPFS,ipfs,ipfs_add_json,21.267375006573275,SUCCESS
985f33ae-c2cd-462e-a475-340b90e8a6d8,2026-07-27T16:08:46.727515+00:00,IPFS,ipfs,ipns_publish,3504.1327500075568,SUCCESS
985f33ae-c2cd-462e-a475-340b90e8a6d8,2026-07-27T16:08:46.734865+00:00,IPFS,publish,publish_identity_sp,3614.5528339984594,SUCCESS
985f33ae-c2cd-462e-a475-340b90e8a6d8,2026-07-27T16:08:46.804221+00:00,IPFS,ipfs,ipfs_key_gen,1.063875010004267,SUCCESS
985f33ae-c2cd-462e-a475-340b90e8a6d8,2026-07-27T16:08:46.827964+00:00,IPFS,ipfs,ipfs_add_json,21.632709002005868,SUCCESS
985f33ae-c2cd-462e-a475-340b90e8a6d8,2026-07-27T16:09:41.398246+00:00,IPFS,ipfs,ipns_publish,54568.4892499994,SUCCESS
985f33ae-c2cd-462e-a475-340b90e8a6d8,2026-07-27T16:09:41.403794+00:00,IPFS,publish,publish_identity_c1,54668.54608300491,SUCCESS
985f33ae-c2cd-462e-a475-340b90e8a6d8,2026-07-27T16:09:41.488019+00:00,IPFS,ipfs,ipfs_key_gen,1.5216250030789524,SUCCESS
985f33ae-c2cd-462e-a475-340b90e8a6d8,2026-07-27T16:09:41.529641+00:00,IPFS,ipfs,ipfs_add_json,27.60691700677853,SUCCESS
985f33ae-c2cd-462e-a475-340b90e8a6d8,2026-07-27T16:10:14.003384+00:00,IPFS,ipfs,ipns_publish,32471.620375014027,SUCCESS
985f33ae-c2cd-462e-a475-340b90e8a6d8,2026-07-27T16:10:14.010681+00:00,IPFS,publish,publish_identity_s1,32606.418124996708,SUCCESS
985f33ae-c2cd-462e-a475-340b90e8a6d8,2026-07-27T16:10:14.100641+00:00,IPFS,ipfs,ipfs_key_gen,1.4132499927654862,SUCCESS
985f33ae-c2cd-462e-a475-340b90e8a6d8,2026-07-27T16:10:14.141847+00:00,IPFS,ipfs,ipfs_add_json,30.635500006610528,SUCCESS
985f33ae-c2cd-462e-a475-340b90e8a6d8,2026-07-27T16:10:44.775122+00:00,IPFS,ipfs,ipns_publish,30632.19708300312,SUCCESS
985f33ae-c2cd-462e-a475-340b90e8a6d8,2026-07-27T16:10:44.780761+00:00,IPFS,publish,publish_service_metadata,30769.566749993828,SUCCESS
985f33ae-c2cd-462e-a475-340b90e8a6d8,2026-07-27T16:10:44.878959+00:00,IPFS,ipfs,ipfs_key_gen,1.3986249978188425,SUCCESS
985f33ae-c2cd-462e-a475-340b90e8a6d8,2026-07-27T16:10:44.907025+00:00,IPFS,ipfs,ipfs_add_json,24.581749996286817,SUCCESS
985f33ae-c2cd-462e-a475-340b90e8a6d8,2026-07-27T16:11:35.125140+00:00,IPFS,ipfs,ipns_publish,50216.137958996114,SUCCESS
985f33ae-c2cd-462e-a475-340b90e8a6d8,2026-07-27T16:11:35.132631+00:00,IPFS,publish,publish_provider_registry,50351.62324999692,SUCCESS
985f33ae-c2cd-462e-a475-340b90e8a6d8,2026-07-27T16:11:35.138112+00:00,IPFS,ipfs,ipns_resolve,4.9233330064453185,SUCCESS
985f33ae-c2cd-462e-a475-340b90e8a6d8,2026-07-27T16:11:35.141911+00:00,IPFS,ipfs,ipfs_cat_json,3.245375002734363,SUCCESS
985f33ae-c2cd-462e-a475-340b90e8a6d8,2026-07-27T16:11:35.151963+00:00,IPFS,ipfs,ipns_resolve,2.7351249882485718,SUCCESS
985f33ae-c2cd-462e-a475-340b90e8a6d8,2026-07-27T16:11:35.154505+00:00,IPFS,ipfs,ipfs_cat_json,2.202832998591475,SUCCESS
985f33ae-c2cd-462e-a475-340b90e8a6d8,2026-07-27T16:11:35.158243+00:00,IPFS,ipfs,ipns_resolve,2.2461249900516123,SUCCESS
985f33ae-c2cd-462e-a475-340b90e8a6d8,2026-07-27T16:11:35.160236+00:00,IPFS,ipfs,ipfs_cat_json,1.7009159928420559,SUCCESS
985f33ae-c2cd-462e-a475-340b90e8a6d8,2026-07-27T16:11:35.161636+00:00,IPFS,discovery,broker_discovery,28.681958006927744,SUCCESS
985f33ae-c2cd-462e-a475-340b90e8a6d8,2026-07-27T16:11:35.162929+00:00,IPFS,dap,dap_create_capability,1.159124993137084,SUCCESS
985f33ae-c2cd-462e-a475-340b90e8a6d8,2026-07-27T16:11:35.179668+00:00,IPFS,dap,dap_encrypt_enc_cap,16.44049999595154,SUCCESS
985f33ae-c2cd-462e-a475-340b90e8a6d8,2026-07-27T16:11:35.180103+00:00,IPFS,idap,client_session_init,0.21641599596478045,SUCCESS
985f33ae-c2cd-462e-a475-340b90e8a6d8,2026-07-27T16:11:35.180202+00:00,IPFS,idap,client_ephemeral_public_key,0.007041991921141744,SUCCESS
985f33ae-c2cd-462e-a475-340b90e8a6d8,2026-07-27T16:11:35.180668+00:00,IPFS,idap,client_request_sign,0.3898339928127825,SUCCESS
985f33ae-c2cd-462e-a475-340b90e8a6d8,2026-07-27T16:11:35.180755+00:00,IPFS,idap,canonical_request_payload,0.017875005141831934,SUCCESS
985f33ae-c2cd-462e-a475-340b90e8a6d8,2026-07-27T16:11:35.183714+00:00,IPFS,ipfs,ipns_resolve,2.1930840011918917,SUCCESS
985f33ae-c2cd-462e-a475-340b90e8a6d8,2026-07-27T16:11:35.185597+00:00,IPFS,ipfs,ipfs_cat_json,1.6646250005578622,SUCCESS
985f33ae-c2cd-462e-a475-340b90e8a6d8,2026-07-27T16:11:35.187553+00:00,IPFS,ipfs,ipns_resolve,1.3406660000327975,SUCCESS
985f33ae-c2cd-462e-a475-340b90e8a6d8,2026-07-27T16:11:35.188411+00:00,IPFS,ipfs,ipfs_cat_json,0.7571669993922114,SUCCESS
985f33ae-c2cd-462e-a475-340b90e8a6d8,2026-07-27T16:11:35.190203+00:00,IPFS,ipfs,ipns_resolve,1.2744999985443428,SUCCESS
985f33ae-c2cd-462e-a475-340b90e8a6d8,2026-07-27T16:11:35.191229+00:00,IPFS,ipfs,ipfs_cat_json,0.9251669980585575,SUCCESS
985f33ae-c2cd-462e-a475-340b90e8a6d8,2026-07-27T16:11:35.192807+00:00,IPFS,ipfs,ipns_resolve,1.0745830077212304,SUCCESS
985f33ae-c2cd-462e-a475-340b90e8a6d8,2026-07-27T16:11:35.193851+00:00,IPFS,ipfs,ipfs_cat_json,0.9260830120183527,SUCCESS
985f33ae-c2cd-462e-a475-340b90e8a6d8,2026-07-27T16:11:35.196476+00:00,IPFS,idap,idap_authorize,15.607875000569038,SUCCESS
985f33ae-c2cd-462e-a475-340b90e8a6d8,2026-07-27T16:11:35.198373+00:00,IPFS,ipfs,ipns_resolve,1.3387090002652258,SUCCESS
985f33ae-c2cd-462e-a475-340b90e8a6d8,2026-07-27T16:11:35.199235+00:00,IPFS,ipfs,ipfs_cat_json,0.7468339899787679,SUCCESS
985f33ae-c2cd-462e-a475-340b90e8a6d8,2026-07-27T16:11:35.200969+00:00,IPFS,ipfs,ipns_resolve,1.1605829931795597,SUCCESS
985f33ae-c2cd-462e-a475-340b90e8a6d8,2026-07-27T16:11:35.202018+00:00,IPFS,ipfs,ipfs_cat_json,0.9416670072823763,SUCCESS
985f33ae-c2cd-462e-a475-340b90e8a6d8,2026-07-27T16:11:35.203431+00:00,IPFS,ipfs,ipns_resolve,0.9198750049108639,SUCCESS
985f33ae-c2cd-462e-a475-340b90e8a6d8,2026-07-27T16:11:35.204850+00:00,IPFS,ipfs,ipfs_cat_json,1.3337920099729672,SUCCESS
985f33ae-c2cd-462e-a475-340b90e8a6d8,2026-07-27T16:11:35.206055+00:00,IPFS,ipfs,ipns_resolve,0.7694579981034622,SUCCESS
985f33ae-c2cd-462e-a475-340b90e8a6d8,2026-07-27T16:11:35.206695+00:00,IPFS,ipfs,ipfs_cat_json,0.5591249937424436,SUCCESS
985f33ae-c2cd-462e-a475-340b90e8a6d8,2026-07-27T16:11:35.208087+00:00,IPFS,idap,idap_replay_check,11.527499998919666,SUCCESS
985f33ae-c2cd-462e-a475-340b90e8a6d8,2026-07-27T16:11:35.208944+00:00,IPFS,ipfs,ipns_resolve,0.7773329998599365,SUCCESS
985f33ae-c2cd-462e-a475-340b90e8a6d8,2026-07-27T16:11:35.209542+00:00,IPFS,ipfs,ipfs_cat_json,0.5257919983705506,SUCCESS
985f33ae-c2cd-462e-a475-340b90e8a6d8,2026-07-27T16:11:35.209939+00:00,IPFS,idap,resolve_service_public_key,1.7766670061973855,SUCCESS
985f33ae-c2cd-462e-a475-340b90e8a6d8,2026-07-27T16:11:35.210020+00:00,IPFS,idap,compute_transcript,0.017290993127971888,SUCCESS
985f33ae-c2cd-462e-a475-340b90e8a6d8,2026-07-27T16:11:35.210387+00:00,IPFS,idap,transcript_verify,0.30833299388177693,SUCCESS
985f33ae-c2cd-462e-a475-340b90e8a6d8,2026-07-27T16:11:35.210688+00:00,IPFS,idap,client_shared_secret_derivation,0.2413749898551032,SUCCESS
985f33ae-c2cd-462e-a475-340b90e8a6d8,2026-07-27T16:11:35.210776+00:00,IPFS,idap,client_session_key_derivation,0.03287498839199543,SUCCESS
985f33ae-c2cd-462e-a475-340b90e8a6d8,2026-07-27T16:11:35.210899+00:00,IPFS,crypto,encrypt_message,0.049458001740276814,SUCCESS
985f33ae-c2cd-462e-a475-340b90e8a6d8,2026-07-27T16:11:35.210964+00:00,IPFS,crypto,decrypt_message,0.008249990059994161,SUCCESS
985f33ae-c2cd-462e-a475-340b90e8a6d8,2026-07-27T16:11:35.211326+00:00,IPFS,tampering,tampered_request_sign,0.2838750078808516,SUCCESS
985f33ae-c2cd-462e-a475-340b90e8a6d8,2026-07-27T16:11:35.212868+00:00,IPFS,ipfs,ipns_resolve,1.0749999928520992,SUCCESS
985f33ae-c2cd-462e-a475-340b90e8a6d8,2026-07-27T16:11:35.213547+00:00,IPFS,ipfs,ipfs_cat_json,0.6062920001568273,SUCCESS
985f33ae-c2cd-462e-a475-340b90e8a6d8,2026-07-27T16:11:35.214914+00:00,IPFS,ipfs,ipns_resolve,0.9444589959457517,SUCCESS
985f33ae-c2cd-462e-a475-340b90e8a6d8,2026-07-27T16:11:35.215577+00:00,IPFS,ipfs,ipfs_cat_json,0.5773750017397106,SUCCESS
985f33ae-c2cd-462e-a475-340b90e8a6d8,2026-07-27T16:11:35.216730+00:00,IPFS,ipfs,ipns_resolve,0.7066670077620074,SUCCESS
985f33ae-c2cd-462e-a475-340b90e8a6d8,2026-07-27T16:11:35.217315+00:00,IPFS,ipfs,ipfs_cat_json,0.518666987773031,SUCCESS
985f33ae-c2cd-462e-a475-340b90e8a6d8,2026-07-27T16:11:35.218364+00:00,IPFS,ipfs,ipns_resolve,0.69420799263753,SUCCESS
985f33ae-c2cd-462e-a475-340b90e8a6d8,2026-07-27T16:11:35.218900+00:00,IPFS,ipfs,ipfs_cat_json,0.47604199789930135,SUCCESS
985f33ae-c2cd-462e-a475-340b90e8a6d8,2026-07-27T16:11:35.220085+00:00,IPFS,tampering,tampering_check,8.69812500604894,SUCCESS
985f33ae-c2cd-462e-a475-340b90e8a6d8,2026-07-27T16:11:35.220163+00:00,IPFS,summary,total_flow,179363.612000001,SUCCESS
42e9fbf0-c948-4c79-822a-8dfa15ab3079,2026-07-27T16:11:35.438544+00:00,IPFS,startup,initialize_store,0.16433399287052453,SUCCESS
42e9fbf0-c948-4c79-822a-8dfa15ab3079,2026-07-27T16:11:35.444817+00:00,IPFS,startup,generate_identity_cp,5.942999996477738,SUCCESS
42e9fbf0-c948-4c79-822a-8dfa15ab3079,2026-07-27T16:11:35.445050+00:00,IPFS,startup,generate_identity_sp,0.1838750031311065,SUCCESS
42e9fbf0-c948-4c79-822a-8dfa15ab3079,2026-07-27T16:11:35.445257+00:00,IPFS,startup,generate_identity_c1,0.17254200065508485,SUCCESS
42e9fbf0-c948-4c79-822a-8dfa15ab3079,2026-07-27T16:11:35.445457+00:00,IPFS,startup,generate_identity_s1,0.16937500913627446,SUCCESS
42e9fbf0-c948-4c79-822a-8dfa15ab3079,2026-07-27T16:11:35.530720+00:00,IPFS,ipfs,ipfs_key_gen,0.9020829893415794,SUCCESS
42e9fbf0-c948-4c79-822a-8dfa15ab3079,2026-07-27T16:11:35.554520+00:00,IPFS,ipfs,ipfs_add_json,22.49337499961257,SUCCESS
42e9fbf0-c948-4c79-822a-8dfa15ab3079,2026-07-27T16:11:41.145546+00:00,IPFS,ipfs,ipns_publish,5590.5781670007855,SUCCESS
42e9fbf0-c948-4c79-822a-8dfa15ab3079,2026-07-27T16:11:41.148853+00:00,IPFS,publish,publish_identity_cp,5703.233041000203,SUCCESS
42e9fbf0-c948-4c79-822a-8dfa15ab3079,2026-07-27T16:11:41.220407+00:00,IPFS,ipfs,ipfs_key_gen,1.3953750021755695,SUCCESS
42e9fbf0-c948-4c79-822a-8dfa15ab3079,2026-07-27T16:11:41.244886+00:00,IPFS,ipfs,ipfs_add_json,22.796625009505078,SUCCESS
42e9fbf0-c948-4c79-822a-8dfa15ab3079,2026-07-27T16:11:53.504257+00:00,IPFS,ipfs,ipns_publish,12257.883124999353,SUCCESS
42e9fbf0-c948-4c79-822a-8dfa15ab3079,2026-07-27T16:11:53.511090+00:00,IPFS,publish,publish_identity_sp,12361.882124998374,SUCCESS
42e9fbf0-c948-4c79-822a-8dfa15ab3079,2026-07-27T16:11:53.589933+00:00,IPFS,ipfs,ipfs_key_gen,1.4178749988786876,SUCCESS
42e9fbf0-c948-4c79-822a-8dfa15ab3079,2026-07-27T16:11:53.616350+00:00,IPFS,ipfs,ipfs_add_json,22.942042007343844,SUCCESS
42e9fbf0-c948-4c79-822a-8dfa15ab3079,2026-07-27T16:12:01.321155+00:00,IPFS,ipfs,ipns_publish,7704.104667005595,SUCCESS
42e9fbf0-c948-4c79-822a-8dfa15ab3079,2026-07-27T16:12:01.328207+00:00,IPFS,publish,publish_identity_c1,7816.659374992014,SUCCESS
42e9fbf0-c948-4c79-822a-8dfa15ab3079,2026-07-27T16:12:01.401219+00:00,IPFS,ipfs,ipfs_key_gen,1.3555409968830645,SUCCESS
42e9fbf0-c948-4c79-822a-8dfa15ab3079,2026-07-27T16:12:01.420685+00:00,IPFS,ipfs,ipfs_add_json,16.70616600313224,SUCCESS
42e9fbf0-c948-4c79-822a-8dfa15ab3079,2026-07-27T16:12:14.946123+00:00,IPFS,ipfs,ipns_publish,13524.50550001231,SUCCESS
42e9fbf0-c948-4c79-822a-8dfa15ab3079,2026-07-27T16:12:14.952970+00:00,IPFS,publish,publish_identity_s1,13624.298208989785,SUCCESS
42e9fbf0-c948-4c79-822a-8dfa15ab3079,2026-07-27T16:12:15.039099+00:00,IPFS,ipfs,ipfs_key_gen,1.1992079962510616,SUCCESS
42e9fbf0-c948-4c79-822a-8dfa15ab3079,2026-07-27T16:12:15.062190+00:00,IPFS,ipfs,ipfs_add_json,20.959166999091394,SUCCESS
42e9fbf0-c948-4c79-822a-8dfa15ab3079,2026-07-27T16:12:18.622701+00:00,IPFS,ipfs,ipns_publish,3559.961666993331,SUCCESS
42e9fbf0-c948-4c79-822a-8dfa15ab3079,2026-07-27T16:12:18.629258+00:00,IPFS,publish,publish_service_metadata,3675.596500004758,SUCCESS
42e9fbf0-c948-4c79-822a-8dfa15ab3079,2026-07-27T16:12:18.658713+00:00,IPFS,ipfs,ipfs_key_gen,2.577417006250471,SUCCESS
42e9fbf0-c948-4c79-822a-8dfa15ab3079,2026-07-27T16:12:18.688858+00:00,IPFS,ipfs,ipfs_add_json,27.156415992067195,SUCCESS
42e9fbf0-c948-4c79-822a-8dfa15ab3079,2026-07-27T16:12:43.457122+00:00,IPFS,ipfs,ipns_publish,24765.68545799819,SUCCESS
42e9fbf0-c948-4c79-822a-8dfa15ab3079,2026-07-27T16:12:43.461100+00:00,IPFS,publish,publish_provider_registry,24831.301166006597,SUCCESS
42e9fbf0-c948-4c79-822a-8dfa15ab3079,2026-07-27T16:12:43.466852+00:00,IPFS,ipfs,ipns_resolve,5.466916001751088,SUCCESS
42e9fbf0-c948-4c79-822a-8dfa15ab3079,2026-07-27T16:12:43.472277+00:00,IPFS,ipfs,ipfs_cat_json,5.289042004733346,SUCCESS
42e9fbf0-c948-4c79-822a-8dfa15ab3079,2026-07-27T16:12:43.488469+00:00,IPFS,ipfs,ipns_resolve,1.1092089989688247,SUCCESS
42e9fbf0-c948-4c79-822a-8dfa15ab3079,2026-07-27T16:12:43.489345+00:00,IPFS,ipfs,ipfs_cat_json,0.7548330031568184,SUCCESS
42e9fbf0-c948-4c79-822a-8dfa15ab3079,2026-07-27T16:12:43.490721+00:00,IPFS,ipfs,ipns_resolve,0.9054580004885793,SUCCESS
42e9fbf0-c948-4c79-822a-8dfa15ab3079,2026-07-27T16:12:43.491530+00:00,IPFS,ipfs,ipfs_cat_json,0.7377500005532056,SUCCESS
42e9fbf0-c948-4c79-822a-8dfa15ab3079,2026-07-27T16:12:43.492275+00:00,IPFS,discovery,broker_discovery,31.009333994006738,SUCCESS
42e9fbf0-c948-4c79-822a-8dfa15ab3079,2026-07-27T16:12:43.493455+00:00,IPFS,dap,dap_create_capability,1.1053329944843426,SUCCESS
42e9fbf0-c948-4c79-822a-8dfa15ab3079,2026-07-27T16:12:43.502694+00:00,IPFS,dap,dap_encrypt_enc_cap,9.120667004026473,SUCCESS
42e9fbf0-c948-4c79-822a-8dfa15ab3079,2026-07-27T16:12:43.510577+00:00,IPFS,idap,client_session_init,0.15174999134615064,SUCCESS
42e9fbf0-c948-4c79-822a-8dfa15ab3079,2026-07-27T16:12:43.510647+00:00,IPFS,idap,client_ephemeral_public_key,0.010000003385357559,SUCCESS
42e9fbf0-c948-4c79-822a-8dfa15ab3079,2026-07-27T16:12:43.510983+00:00,IPFS,idap,client_request_sign,0.2813339960994199,SUCCESS
42e9fbf0-c948-4c79-822a-8dfa15ab3079,2026-07-27T16:12:43.511054+00:00,IPFS,idap,canonical_request_payload,0.014124991139397025,SUCCESS
42e9fbf0-c948-4c79-822a-8dfa15ab3079,2026-07-27T16:12:43.512802+00:00,IPFS,ipfs,ipns_resolve,1.2925839982926846,SUCCESS
42e9fbf0-c948-4c79-822a-8dfa15ab3079,2026-07-27T16:12:43.513655+00:00,IPFS,ipfs,ipfs_cat_json,0.7880420016590506,SUCCESS
42e9fbf0-c948-4c79-822a-8dfa15ab3079,2026-07-27T16:12:43.514801+00:00,IPFS,ipfs,ipns_resolve,0.7700829883106053,SUCCESS
42e9fbf0-c948-4c79-822a-8dfa15ab3079,2026-07-27T16:12:43.515430+00:00,IPFS,ipfs,ipfs_cat_json,0.5660419992636889,SUCCESS
42e9fbf0-c948-4c79-822a-8dfa15ab3079,2026-07-27T16:12:43.516619+00:00,IPFS,ipfs,ipns_resolve,0.8270839898614213,SUCCESS
42e9fbf0-c948-4c79-822a-8dfa15ab3079,2026-07-27T16:12:43.517411+00:00,IPFS,ipfs,ipfs_cat_json,0.731332998839207,SUCCESS
42e9fbf0-c948-4c79-822a-8dfa15ab3079,2026-07-27T16:12:43.518573+00:00,IPFS,ipfs,ipns_resolve,0.7748340140096843,SUCCESS
42e9fbf0-c948-4c79-822a-8dfa15ab3079,2026-07-27T16:12:43.519285+00:00,IPFS,ipfs,ipfs_cat_json,0.6422910082619637,SUCCESS
42e9fbf0-c948-4c79-822a-8dfa15ab3079,2026-07-27T16:12:43.521133+00:00,IPFS,idap,idap_authorize,10.018374989158474,SUCCESS
42e9fbf0-c948-4c79-822a-8dfa15ab3079,2026-07-27T16:12:43.522436+00:00,IPFS,ipfs,ipns_resolve,0.8974579977802932,SUCCESS
42e9fbf0-c948-4c79-822a-8dfa15ab3079,2026-07-27T16:12:43.523029+00:00,IPFS,ipfs,ipfs_cat_json,0.5401660018833354,SUCCESS
42e9fbf0-c948-4c79-822a-8dfa15ab3079,2026-07-27T16:12:43.524064+00:00,IPFS,ipfs,ipns_resolve,0.7031670102151111,SUCCESS
42e9fbf0-c948-4c79-822a-8dfa15ab3079,2026-07-27T16:12:43.524584+00:00,IPFS,ipfs,ipfs_cat_json,0.46991700946819037,SUCCESS
42e9fbf0-c948-4c79-822a-8dfa15ab3079,2026-07-27T16:12:43.525546+00:00,IPFS,ipfs,ipns_resolve,0.6277089996729046,SUCCESS
42e9fbf0-c948-4c79-822a-8dfa15ab3079,2026-07-27T16:12:43.526167+00:00,IPFS,ipfs,ipfs_cat_json,0.5557910044444725,SUCCESS
42e9fbf0-c948-4c79-822a-8dfa15ab3079,2026-07-27T16:12:43.527111+00:00,IPFS,ipfs,ipns_resolve,0.6101670005591586,SUCCESS
42e9fbf0-c948-4c79-822a-8dfa15ab3079,2026-07-27T16:12:43.527614+00:00,IPFS,ipfs,ipfs_cat_json,0.44491600419860333,SUCCESS
42e9fbf0-c948-4c79-822a-8dfa15ab3079,2026-07-27T16:12:43.528757+00:00,IPFS,idap,idap_replay_check,7.558582990895957,SUCCESS
42e9fbf0-c948-4c79-822a-8dfa15ab3079,2026-07-27T16:12:43.529515+00:00,IPFS,ipfs,ipns_resolve,0.6994590075919405,SUCCESS
42e9fbf0-c948-4c79-822a-8dfa15ab3079,2026-07-27T16:12:43.530180+00:00,IPFS,ipfs,ipfs_cat_json,0.6128749955678359,SUCCESS
42e9fbf0-c948-4c79-822a-8dfa15ab3079,2026-07-27T16:12:43.530507+00:00,IPFS,idap,resolve_service_public_key,1.6957089974312112,SUCCESS
42e9fbf0-c948-4c79-822a-8dfa15ab3079,2026-07-27T16:12:43.530565+00:00,IPFS,idap,compute_transcript,0.012417003745213151,SUCCESS
42e9fbf0-c948-4c79-822a-8dfa15ab3079,2026-07-27T16:12:43.530866+00:00,IPFS,idap,transcript_verify,0.257709005381912,SUCCESS
42e9fbf0-c948-4c79-822a-8dfa15ab3079,2026-07-27T16:12:43.531094+00:00,IPFS,idap,client_shared_secret_derivation,0.18483299936633557,SUCCESS
42e9fbf0-c948-4c79-822a-8dfa15ab3079,2026-07-27T16:12:43.531152+00:00,IPFS,idap,client_session_key_derivation,0.01937500201165676,SUCCESS
42e9fbf0-c948-4c79-822a-8dfa15ab3079,2026-07-27T16:12:43.531239+00:00,IPFS,crypto,encrypt_message,0.024917011614888906,SUCCESS
42e9fbf0-c948-4c79-822a-8dfa15ab3079,2026-07-27T16:12:43.531286+00:00,IPFS,crypto,decrypt_message,0.005374997272156179,SUCCESS
42e9fbf0-c948-4c79-822a-8dfa15ab3079,2026-07-27T16:12:43.531575+00:00,IPFS,tampering,tampered_request_sign,0.22895800066180527,SUCCESS
42e9fbf0-c948-4c79-822a-8dfa15ab3079,2026-07-27T16:12:43.532707+00:00,IPFS,ipfs,ipns_resolve,0.7803329935995862,SUCCESS
42e9fbf0-c948-4c79-822a-8dfa15ab3079,2026-07-27T16:12:43.533210+00:00,IPFS,ipfs,ipfs_cat_json,0.4547910066321492,SUCCESS
42e9fbf0-c948-4c79-822a-8dfa15ab3079,2026-07-27T16:12:43.534277+00:00,IPFS,ipfs,ipns_resolve,0.7522910018451512,SUCCESS
42e9fbf0-c948-4c79-822a-8dfa15ab3079,2026-07-27T16:12:43.534793+00:00,IPFS,ipfs,ipfs_cat_json,0.455000001238659,SUCCESS
42e9fbf0-c948-4c79-822a-8dfa15ab3079,2026-07-27T16:12:43.535823+00:00,IPFS,ipfs,ipns_resolve,0.7134999905247241,SUCCESS
42e9fbf0-c948-4c79-822a-8dfa15ab3079,2026-07-27T16:12:43.536326+00:00,IPFS,ipfs,ipfs_cat_json,0.4540830123005435,SUCCESS
42e9fbf0-c948-4c79-822a-8dfa15ab3079,2026-07-27T16:12:43.537299+00:00,IPFS,ipfs,ipns_resolve,0.662207996356301,SUCCESS
42e9fbf0-c948-4c79-822a-8dfa15ab3079,2026-07-27T16:12:43.537820+00:00,IPFS,ipfs,ipfs_cat_json,0.466583005618304,SUCCESS
42e9fbf0-c948-4c79-822a-8dfa15ab3079,2026-07-27T16:12:43.538895+00:00,IPFS,tampering,tampering_check,7.266458007507026,SUCCESS
42e9fbf0-c948-4c79-822a-8dfa15ab3079,2026-07-27T16:12:43.538949+00:00,IPFS,summary,total_flow,68100.93954100739,SUCCESS
19d7e736-0763-4eb6-a45c-5448725b7f38,2026-07-27T16:12:43.754380+00:00,IPFS,startup,initialize_store,0.20670800586231053,SUCCESS
19d7e736-0763-4eb6-a45c-5448725b7f38,2026-07-27T16:12:43.760672+00:00,IPFS,startup,generate_identity_cp,5.928583006607369,SUCCESS
19d7e736-0763-4eb6-a45c-5448725b7f38,2026-07-27T16:12:43.760911+00:00,IPFS,startup,generate_identity_sp,0.18716600607149303,SUCCESS
19d7e736-0763-4eb6-a45c-5448725b7f38,2026-07-27T16:12:43.761133+00:00,IPFS,startup,generate_identity_c1,0.17229100922122598,SUCCESS
19d7e736-0763-4eb6-a45c-5448725b7f38,2026-07-27T16:12:43.761357+00:00,IPFS,startup,generate_identity_s1,0.18862499564420432,SUCCESS
19d7e736-0763-4eb6-a45c-5448725b7f38,2026-07-27T16:12:43.817677+00:00,IPFS,ipfs,ipfs_key_gen,0.7164589915191755,SUCCESS
19d7e736-0763-4eb6-a45c-5448725b7f38,2026-07-27T16:12:43.846763+00:00,IPFS,ipfs,ipfs_add_json,27.436459000455216,SUCCESS
19d7e736-0763-4eb6-a45c-5448725b7f38,2026-07-27T16:12:48.364416+00:00,IPFS,ipfs,ipns_publish,4512.526833001175,SUCCESS
19d7e736-0763-4eb6-a45c-5448725b7f38,2026-07-27T16:12:48.371162+00:00,IPFS,publish,publish_identity_cp,4609.505792002892,SUCCESS
19d7e736-0763-4eb6-a45c-5448725b7f38,2026-07-27T16:12:48.438162+00:00,IPFS,ipfs,ipfs_key_gen,1.1426670098444447,SUCCESS
19d7e736-0763-4eb6-a45c-5448725b7f38,2026-07-27T16:12:48.460848+00:00,IPFS,ipfs,ipfs_add_json,20.998333013267256,SUCCESS
19d7e736-0763-4eb6-a45c-5448725b7f38,2026-07-27T16:13:00.945508+00:00,IPFS,ipfs,ipns_publish,12484.01458299486,SUCCESS
19d7e736-0763-4eb6-a45c-5448725b7f38,2026-07-27T16:13:00.950617+00:00,IPFS,publish,publish_identity_sp,12578.858666995075,SUCCESS
19d7e736-0763-4eb6-a45c-5448725b7f38,2026-07-27T16:13:01.027592+00:00,IPFS,ipfs,ipfs_key_gen,1.3703339936910197,SUCCESS
19d7e736-0763-4eb6-a45c-5448725b7f38,2026-07-27T16:13:01.046890+00:00,IPFS,ipfs,ipfs_add_json,17.547374998684973,SUCCESS
19d7e736-0763-4eb6-a45c-5448725b7f38,2026-07-27T16:13:42.799599+00:00,IPFS,ipfs,ipns_publish,41748.8232080068,SUCCESS
19d7e736-0763-4eb6-a45c-5448725b7f38,2026-07-27T16:13:42.804787+00:00,IPFS,publish,publish_identity_c1,41853.9345409954,SUCCESS
19d7e736-0763-4eb6-a45c-5448725b7f38,2026-07-27T16:13:42.889453+00:00,IPFS,ipfs,ipfs_key_gen,1.5886250039329752,SUCCESS
19d7e736-0763-4eb6-a45c-5448725b7f38,2026-07-27T16:13:42.946927+00:00,IPFS,ipfs,ipfs_add_json,42.375999997602776,SUCCESS
19d7e736-0763-4eb6-a45c-5448725b7f38,2026-07-27T16:14:05.830040+00:00,IPFS,ipfs,ipns_publish,22880.476666992763,SUCCESS
19d7e736-0763-4eb6-a45c-5448725b7f38,2026-07-27T16:14:05.838903+00:00,IPFS,publish,publish_identity_s1,23033.863666001707,SUCCESS
19d7e736-0763-4eb6-a45c-5448725b7f38,2026-07-27T16:14:05.922789+00:00,IPFS,ipfs,ipfs_key_gen,1.286291008000262,SUCCESS
19d7e736-0763-4eb6-a45c-5448725b7f38,2026-07-27T16:14:05.948767+00:00,IPFS,ipfs,ipfs_add_json,23.493500004406087,SUCCESS
19d7e736-0763-4eb6-a45c-5448725b7f38,2026-07-27T16:14:59.196382+00:00,IPFS,ipfs,ipns_publish,53246.538874998805,SUCCESS
19d7e736-0763-4eb6-a45c-5448725b7f38,2026-07-27T16:14:59.203826+00:00,IPFS,publish,publish_service_metadata,53364.5782500098,SUCCESS
19d7e736-0763-4eb6-a45c-5448725b7f38,2026-07-27T16:14:59.309360+00:00,IPFS,ipfs,ipfs_key_gen,1.1429580044932663,SUCCESS
19d7e736-0763-4eb6-a45c-5448725b7f38,2026-07-27T16:14:59.353345+00:00,IPFS,ipfs,ipfs_add_json,41.49537500052247,SUCCESS
19d7e736-0763-4eb6-a45c-5448725b7f38,2026-07-27T16:15:19.137640+00:00,IPFS,ipfs,ipns_publish,19782.65808300057,SUCCESS
19d7e736-0763-4eb6-a45c-5448725b7f38,2026-07-27T16:15:19.145080+00:00,IPFS,publish,publish_provider_registry,19940.710042006685,SUCCESS
19d7e736-0763-4eb6-a45c-5448725b7f38,2026-07-27T16:15:19.154115+00:00,IPFS,ipfs,ipns_resolve,8.277874992927536,SUCCESS
19d7e736-0763-4eb6-a45c-5448725b7f38,2026-07-27T16:15:19.157175+00:00,IPFS,ipfs,ipfs_cat_json,2.703374993870966,SUCCESS
19d7e736-0763-4eb6-a45c-5448725b7f38,2026-07-27T16:15:19.167368+00:00,IPFS,ipfs,ipns_resolve,1.2985409994143993,SUCCESS
19d7e736-0763-4eb6-a45c-5448725b7f38,2026-07-27T16:15:19.168336+00:00,IPFS,ipfs,ipfs_cat_json,0.8430419984506443,SUCCESS
19d7e736-0763-4eb6-a45c-5448725b7f38,2026-07-27T16:15:19.169580+00:00,IPFS,ipfs,ipns_resolve,0.8519999973941594,SUCCESS
19d7e736-0763-4eb6-a45c-5448725b7f38,2026-07-27T16:15:19.170595+00:00,IPFS,ipfs,ipfs_cat_json,0.9226249967468902,SUCCESS
19d7e736-0763-4eb6-a45c-5448725b7f38,2026-07-27T16:15:19.171141+00:00,IPFS,discovery,broker_discovery,25.575000006938353,SUCCESS
19d7e736-0763-4eb6-a45c-5448725b7f38,2026-07-27T16:15:19.171701+00:00,IPFS,dap,dap_create_capability,0.4562090034596622,SUCCESS
19d7e736-0763-4eb6-a45c-5448725b7f38,2026-07-27T16:15:19.185131+00:00,IPFS,dap,dap_encrypt_enc_cap,13.246957998489961,SUCCESS
19d7e736-0763-4eb6-a45c-5448725b7f38,2026-07-27T16:15:19.185603+00:00,IPFS,idap,client_session_init,0.3406670002732426,SUCCESS
19d7e736-0763-4eb6-a45c-5448725b7f38,2026-07-27T16:15:19.185795+00:00,IPFS,idap,client_ephemeral_public_key,0.1467080001020804,SUCCESS
19d7e736-0763-4eb6-a45c-5448725b7f38,2026-07-27T16:15:19.186095+00:00,IPFS,idap,client_request_sign,0.20249999943189323,SUCCESS
19d7e736-0763-4eb6-a45c-5448725b7f38,2026-07-27T16:15:19.186246+00:00,IPFS,idap,canonical_request_payload,0.009707990102469921,SUCCESS
19d7e736-0763-4eb6-a45c-5448725b7f38,2026-07-27T16:15:19.188205+00:00,IPFS,ipfs,ipns_resolve,1.4214580005500466,SUCCESS
19d7e736-0763-4eb6-a45c-5448725b7f38,2026-07-27T16:15:19.189157+00:00,IPFS,ipfs,ipfs_cat_json,0.8959999977378175,SUCCESS
19d7e736-0763-4eb6-a45c-5448725b7f38,2026-07-27T16:15:19.191292+00:00,IPFS,ipfs,ipns_resolve,1.8205000087618828,SUCCESS
19d7e736-0763-4eb6-a45c-5448725b7f38,2026-07-27T16:15:19.191915+00:00,IPFS,ipfs,ipfs_cat_json,0.5754169978899881,SUCCESS
19d7e736-0763-4eb6-a45c-5448725b7f38,2026-07-27T16:15:19.192910+00:00,IPFS,ipfs,ipns_resolve,0.7160829991335049,SUCCESS
19d7e736-0763-4eb6-a45c-5448725b7f38,2026-07-27T16:15:19.193866+00:00,IPFS,ipfs,ipfs_cat_json,0.8892920013749972,SUCCESS
19d7e736-0763-4eb6-a45c-5448725b7f38,2026-07-27T16:15:19.195567+00:00,IPFS,ipfs,ipns_resolve,1.179916987894103,SUCCESS
19d7e736-0763-4eb6-a45c-5448725b7f38,2026-07-27T16:15:19.196296+00:00,IPFS,ipfs,ipfs_cat_json,0.6739579985151067,SUCCESS
19d7e736-0763-4eb6-a45c-5448725b7f38,2026-07-27T16:15:19.197788+00:00,IPFS,idap,idap_authorize,11.495209007989615,SUCCESS
19d7e736-0763-4eb6-a45c-5448725b7f38,2026-07-27T16:15:19.199079+00:00,IPFS,ipfs,ipns_resolve,0.9776670049177483,SUCCESS
19d7e736-0763-4eb6-a45c-5448725b7f38,2026-07-27T16:15:19.201296+00:00,IPFS,ipfs,ipfs_cat_json,2.1657080069417134,SUCCESS
19d7e736-0763-4eb6-a45c-5448725b7f38,2026-07-27T16:15:19.202723+00:00,IPFS,ipfs,ipns_resolve,1.1406249977881089,SUCCESS
19d7e736-0763-4eb6-a45c-5448725b7f38,2026-07-27T16:15:19.204390+00:00,IPFS,ipfs,ipfs_cat_json,1.5809169999556616,SUCCESS
19d7e736-0763-4eb6-a45c-5448725b7f38,2026-07-27T16:15:19.206601+00:00,IPFS,ipfs,ipns_resolve,1.77070900099352,SUCCESS
19d7e736-0763-4eb6-a45c-5448725b7f38,2026-07-27T16:15:19.207393+00:00,IPFS,ipfs,ipfs_cat_json,0.7194999925559387,SUCCESS
19d7e736-0763-4eb6-a45c-5448725b7f38,2026-07-27T16:15:19.208441+00:00,IPFS,ipfs,ipns_resolve,0.7355419947998598,SUCCESS
19d7e736-0763-4eb6-a45c-5448725b7f38,2026-07-27T16:15:19.209555+00:00,IPFS,ipfs,ipfs_cat_json,0.4914579913020134,SUCCESS
19d7e736-0763-4eb6-a45c-5448725b7f38,2026-07-27T16:15:19.210467+00:00,IPFS,idap,idap_replay_check,12.62999999744352,SUCCESS
19d7e736-0763-4eb6-a45c-5448725b7f38,2026-07-27T16:15:19.211187+00:00,IPFS,ipfs,ipns_resolve,0.654207993648015,SUCCESS
19d7e736-0763-4eb6-a45c-5448725b7f38,2026-07-27T16:15:19.211888+00:00,IPFS,ipfs,ipfs_cat_json,0.650417001452297,SUCCESS
19d7e736-0763-4eb6-a45c-5448725b7f38,2026-07-27T16:15:19.212161+00:00,IPFS,idap,resolve_service_public_key,1.636041997699067,SUCCESS
19d7e736-0763-4eb6-a45c-5448725b7f38,2026-07-27T16:15:19.212218+00:00,IPFS,idap,compute_transcript,0.011209005606360734,SUCCESS
19d7e736-0763-4eb6-a45c-5448725b7f38,2026-07-27T16:15:19.212456+00:00,IPFS,idap,transcript_verify,0.2007910079555586,SUCCESS
19d7e736-0763-4eb6-a45c-5448725b7f38,2026-07-27T16:15:19.212653+00:00,IPFS,idap,client_shared_secret_derivation,0.15808299940545112,SUCCESS
19d7e736-0763-4eb6-a45c-5448725b7f38,2026-07-27T16:15:19.212714+00:00,IPFS,idap,client_session_key_derivation,0.022916996385902166,SUCCESS
19d7e736-0763-4eb6-a45c-5448725b7f38,2026-07-27T16:15:19.212779+00:00,IPFS,crypto,encrypt_message,0.021375002688728273,SUCCESS
19d7e736-0763-4eb6-a45c-5448725b7f38,2026-07-27T16:15:19.212823+00:00,IPFS,crypto,decrypt_message,0.00554099096916616,SUCCESS
19d7e736-0763-4eb6-a45c-5448725b7f38,2026-07-27T16:15:19.213147+00:00,IPFS,tampering,tampered_request_sign,0.2561250003054738,SUCCESS
19d7e736-0763-4eb6-a45c-5448725b7f38,2026-07-27T16:15:19.215760+00:00,IPFS,ipfs,ipns_resolve,2.096333002555184,SUCCESS
19d7e736-0763-4eb6-a45c-5448725b7f38,2026-07-27T16:15:19.216612+00:00,IPFS,ipfs,ipfs_cat_json,0.7648750033695251,SUCCESS
19d7e736-0763-4eb6-a45c-5448725b7f38,2026-07-27T16:15:19.218326+00:00,IPFS,ipfs,ipns_resolve,1.311291998717934,SUCCESS
19d7e736-0763-4eb6-a45c-5448725b7f38,2026-07-27T16:15:19.219279+00:00,IPFS,ipfs,ipfs_cat_json,0.8169590000761673,SUCCESS
19d7e736-0763-4eb6-a45c-5448725b7f38,2026-07-27T16:15:19.220509+00:00,IPFS,ipfs,ipns_resolve,0.8084589935606346,SUCCESS
19d7e736-0763-4eb6-a45c-5448725b7f38,2026-07-27T16:15:19.221087+00:00,IPFS,ipfs,ipfs_cat_json,0.5035000067437068,SUCCESS
19d7e736-0763-4eb6-a45c-5448725b7f38,2026-07-27T16:15:19.222185+00:00,IPFS,ipfs,ipns_resolve,0.7448750111507252,SUCCESS
19d7e736-0763-4eb6-a45c-5448725b7f38,2026-07-27T16:15:19.223045+00:00,IPFS,ipfs,ipfs_cat_json,0.7836669974494725,SUCCESS
19d7e736-0763-4eb6-a45c-5448725b7f38,2026-07-27T16:15:19.224257+00:00,IPFS,tampering,tampering_check,11.039000004529953,SUCCESS
19d7e736-0763-4eb6-a45c-5448725b7f38,2026-07-27T16:15:19.224315+00:00,IPFS,summary,total_flow,155470.97716700227,SUCCESS
